Analysis & Synthesis report for SMMA
Sat Oct 03 11:24:26 2026
Quartus Prime Version 20.1.0 Build 711 06/05/2020 SJ Lite Edition


---------------------
; Table of Contents ;
---------------------
  1. Legal Notice
  2. Analysis & Synthesis Summary
  3. Analysis & Synthesis Settings
  4. Parallel Compilation
  5. Analysis & Synthesis Source Files Read
  6. Analysis & Synthesis Resource Usage Summary
  7. Analysis & Synthesis Resource Utilization by Entity
  8. Analysis & Synthesis RAM Summary
  9. Analysis & Synthesis DSP Block Usage Summary
 10. State Machine - |SMMA_Top|Feature_Spectral:u_fs|state
 11. State Machine - |SMMA_Top|Frame_Builder:u_fb|state
 12. State Machine - |SMMA_Top|Spectrogram_Buffer:u_sb|state
 13. State Machine - |SMMA_Top|est
 14. State Machine - |SMMA_Top|CNN_Top:u_cnn|CNN_Control_FSM:u_ctrl|state
 15. State Machine - |SMMA_Top|FFT_Top:u_fft|FFT_Control_FSM:u_control|state
 16. State Machine - |SMMA_Top|ML_Tree_Classifier:u_tree|state
 17. State Machine - |SMMA_Top|Feature_Temporal:u_ft|state
 18. Registers Removed During Synthesis
 19. Removed Registers Triggering Further Register Optimizations
 20. General Register Statistics
 21. Registers Packed Into Inferred Megafunctions
 22. Registers Added for RAM Pass-Through Logic
 23. Multiplexer Restructuring Statistics (Restructuring Performed)
 24. Source assignments for ML_Tree_Classifier:u_tree|altsyncram:rom_rtl_0|altsyncram_m0e1:auto_generated
 25. Source assignments for Spectrogram_Buffer:u_sb|altsyncram:mem_rtl_0|altsyncram_ubn1:auto_generated
 26. Source assignments for Sample_Source:u_src|altsyncram:rom_rtl_0|altsyncram_6nf1:auto_generated
 27. Parameter Settings for User Entity Instance: Top-level Entity: |SMMA_Top
 28. Parameter Settings for User Entity Instance: Sample_Source:u_src
 29. Parameter Settings for User Entity Instance: FIR_Decimator:u_fir
 30. Parameter Settings for User Entity Instance: Frame_Builder:u_fb
 31. Parameter Settings for User Entity Instance: FFT_Top:u_fft
 32. Parameter Settings for User Entity Instance: FFT_Top:u_fft|FFT_Control_FSM:u_control
 33. Parameter Settings for User Entity Instance: FFT_Top:u_fft|FFT_Control_FSM:u_control|FFT_Addr_Gen:u_addr_gen
 34. Parameter Settings for User Entity Instance: FFT_Top:u_fft|FFT_Control_FSM:u_control|FFT_Bit_Reverse:u_bit_rev
 35. Parameter Settings for User Entity Instance: FFT_Top:u_fft|FFT_Memory:u_memory
 36. Parameter Settings for User Entity Instance: FFT_Top:u_fft|FFT_Twiddle_ROM:u_twiddle
 37. Parameter Settings for User Entity Instance: FFT_Top:u_fft|FFT_Butterfly:u_butterfly
 38. Parameter Settings for User Entity Instance: FFT_Top:u_fft|FFT_Butterfly:u_butterfly|FP_Mult_Unit:u_mult_rr
 39. Parameter Settings for User Entity Instance: FFT_Top:u_fft|FFT_Butterfly:u_butterfly|FP_Mult_Unit:u_mult_ii
 40. Parameter Settings for User Entity Instance: FFT_Top:u_fft|FFT_Butterfly:u_butterfly|FP_Mult_Unit:u_mult_ri
 41. Parameter Settings for User Entity Instance: FFT_Top:u_fft|FFT_Butterfly:u_butterfly|FP_Mult_Unit:u_mult_ir
 42. Parameter Settings for User Entity Instance: FFT_Top:u_fft|FFT_Magnitude:u_magnitude
 43. Parameter Settings for User Entity Instance: Feature_Spectral:u_fs
 44. Parameter Settings for User Entity Instance: Feature_Spectral:u_fs|Divider_Q15:u_div
 45. Parameter Settings for User Entity Instance: FFT_Log2_Compress:u_log2
 46. Parameter Settings for User Entity Instance: Spectrogram_Buffer:u_sb
 47. Parameter Settings for User Entity Instance: Feature_Temporal:u_ft
 48. Parameter Settings for User Entity Instance: Feature_Temporal:u_ft|Divider_Q15:u_div
 49. Parameter Settings for User Entity Instance: ML_Tree_Classifier:u_tree
 50. Parameter Settings for User Entity Instance: CNN_Top:u_cnn
 51. Parameter Settings for User Entity Instance: CNN_Top:u_cnn|CNN_Control_FSM:u_ctrl
 52. Parameter Settings for User Entity Instance: CNN_Top:u_cnn|CNN_Line_Buffer:u_linebuf
 53. Parameter Settings for User Entity Instance: CNN_Top:u_cnn|CNN_Conv_Layer:u_conv
 54. Parameter Settings for User Entity Instance: CNN_Top:u_cnn|CNN_Conv_Layer:u_conv|CNN_Weight_ROM:u_rom
 55. Parameter Settings for User Entity Instance: CNN_Top:u_cnn|CNN_Conv_Layer:u_conv|CNN_MAC_Unit:g_filter[0].u_mac
 56. Parameter Settings for User Entity Instance: CNN_Top:u_cnn|CNN_Conv_Layer:u_conv|CNN_ReLU:g_filter[0].u_relu
 57. Parameter Settings for User Entity Instance: CNN_Top:u_cnn|CNN_Conv_Layer:u_conv|CNN_MAC_Unit:g_filter[1].u_mac
 58. Parameter Settings for User Entity Instance: CNN_Top:u_cnn|CNN_Conv_Layer:u_conv|CNN_ReLU:g_filter[1].u_relu
 59. Parameter Settings for User Entity Instance: CNN_Top:u_cnn|CNN_Conv_Layer:u_conv|CNN_MAC_Unit:g_filter[2].u_mac
 60. Parameter Settings for User Entity Instance: CNN_Top:u_cnn|CNN_Conv_Layer:u_conv|CNN_ReLU:g_filter[2].u_relu
 61. Parameter Settings for User Entity Instance: CNN_Top:u_cnn|CNN_Conv_Layer:u_conv|CNN_MAC_Unit:g_filter[3].u_mac
 62. Parameter Settings for User Entity Instance: CNN_Top:u_cnn|CNN_Conv_Layer:u_conv|CNN_ReLU:g_filter[3].u_relu
 63. Parameter Settings for User Entity Instance: CNN_Top:u_cnn|CNN_Conv_Layer:u_conv|CNN_MAC_Unit:g_filter[4].u_mac
 64. Parameter Settings for User Entity Instance: CNN_Top:u_cnn|CNN_Conv_Layer:u_conv|CNN_ReLU:g_filter[4].u_relu
 65. Parameter Settings for User Entity Instance: CNN_Top:u_cnn|CNN_Conv_Layer:u_conv|CNN_MAC_Unit:g_filter[5].u_mac
 66. Parameter Settings for User Entity Instance: CNN_Top:u_cnn|CNN_Conv_Layer:u_conv|CNN_ReLU:g_filter[5].u_relu
 67. Parameter Settings for User Entity Instance: CNN_Top:u_cnn|CNN_Conv_Layer:u_conv|CNN_MAC_Unit:g_filter[6].u_mac
 68. Parameter Settings for User Entity Instance: CNN_Top:u_cnn|CNN_Conv_Layer:u_conv|CNN_ReLU:g_filter[6].u_relu
 69. Parameter Settings for User Entity Instance: CNN_Top:u_cnn|CNN_Conv_Layer:u_conv|CNN_MAC_Unit:g_filter[7].u_mac
 70. Parameter Settings for User Entity Instance: CNN_Top:u_cnn|CNN_Conv_Layer:u_conv|CNN_ReLU:g_filter[7].u_relu
 71. Parameter Settings for User Entity Instance: CNN_Top:u_cnn|CNN_MaxPool:u_pool
 72. Parameter Settings for User Entity Instance: CNN_Top:u_cnn|CNN_Dense_Classifier:u_dense
 73. Parameter Settings for User Entity Instance: CNN_Top:u_cnn|CNN_Dense_Classifier:u_dense|CNN_ReLU:g_gap[0].u_gap_scale
 74. Parameter Settings for User Entity Instance: CNN_Top:u_cnn|CNN_Dense_Classifier:u_dense|CNN_ReLU:g_gap[1].u_gap_scale
 75. Parameter Settings for User Entity Instance: CNN_Top:u_cnn|CNN_Dense_Classifier:u_dense|CNN_ReLU:g_gap[2].u_gap_scale
 76. Parameter Settings for User Entity Instance: CNN_Top:u_cnn|CNN_Dense_Classifier:u_dense|CNN_ReLU:g_gap[3].u_gap_scale
 77. Parameter Settings for User Entity Instance: CNN_Top:u_cnn|CNN_Dense_Classifier:u_dense|CNN_ReLU:g_gap[4].u_gap_scale
 78. Parameter Settings for User Entity Instance: CNN_Top:u_cnn|CNN_Dense_Classifier:u_dense|CNN_ReLU:g_gap[5].u_gap_scale
 79. Parameter Settings for User Entity Instance: CNN_Top:u_cnn|CNN_Dense_Classifier:u_dense|CNN_ReLU:g_gap[6].u_gap_scale
 80. Parameter Settings for User Entity Instance: CNN_Top:u_cnn|CNN_Dense_Classifier:u_dense|CNN_ReLU:g_gap[7].u_gap_scale
 81. Parameter Settings for User Entity Instance: CNN_Top:u_cnn|CNN_Dense_Classifier:u_dense|CNN_Weight_ROM:u_rom
 82. Parameter Settings for User Entity Instance: CNN_Top:u_cnn|CNN_Dense_Classifier:u_dense|CNN_MAC_Unit:u_dense_mac
 83. Parameter Settings for User Entity Instance: CNN_Top:u_cnn|CNN_Dense_Classifier:u_dense|CNN_ReLU:u_score_scale
 84. Parameter Settings for Inferred Entity Instance: ML_Tree_Classifier:u_tree|altsyncram:rom_rtl_0
 85. Parameter Settings for Inferred Entity Instance: Spectrogram_Buffer:u_sb|altsyncram:mem_rtl_0
 86. Parameter Settings for Inferred Entity Instance: Sample_Source:u_src|altsyncram:rom_rtl_0
 87. Parameter Settings for Inferred Entity Instance: lpm_divide:Mod0
 88. altsyncram Parameter Settings by Entity Instance
 89. Port Connectivity Checks: "CNN_Top:u_cnn|CNN_Dense_Classifier:u_dense|CNN_MAC_Unit:u_dense_mac"
 90. Port Connectivity Checks: "CNN_Top:u_cnn|CNN_Dense_Classifier:u_dense|CNN_Weight_ROM:u_rom"
 91. Port Connectivity Checks: "CNN_Top:u_cnn|CNN_Conv_Layer:u_conv|CNN_MAC_Unit:g_filter[7].u_mac"
 92. Port Connectivity Checks: "CNN_Top:u_cnn|CNN_Conv_Layer:u_conv|CNN_MAC_Unit:g_filter[6].u_mac"
 93. Port Connectivity Checks: "CNN_Top:u_cnn|CNN_Conv_Layer:u_conv|CNN_MAC_Unit:g_filter[5].u_mac"
 94. Port Connectivity Checks: "CNN_Top:u_cnn|CNN_Conv_Layer:u_conv|CNN_MAC_Unit:g_filter[4].u_mac"
 95. Port Connectivity Checks: "CNN_Top:u_cnn|CNN_Conv_Layer:u_conv|CNN_MAC_Unit:g_filter[3].u_mac"
 96. Port Connectivity Checks: "CNN_Top:u_cnn|CNN_Conv_Layer:u_conv|CNN_MAC_Unit:g_filter[2].u_mac"
 97. Port Connectivity Checks: "CNN_Top:u_cnn|CNN_Conv_Layer:u_conv|CNN_MAC_Unit:g_filter[1].u_mac"
 98. Port Connectivity Checks: "CNN_Top:u_cnn|CNN_Conv_Layer:u_conv|CNN_MAC_Unit:g_filter[0].u_mac"
 99. Port Connectivity Checks: "CNN_Top:u_cnn|CNN_Conv_Layer:u_conv|CNN_Weight_ROM:u_rom"
100. Port Connectivity Checks: "CNN_Top:u_cnn|CNN_Line_Buffer:u_linebuf"
101. Port Connectivity Checks: "CNN_Top:u_cnn"
102. Port Connectivity Checks: "ML_Tree_Classifier:u_tree"
103. Port Connectivity Checks: "Feature_Temporal:u_ft"
104. Port Connectivity Checks: "Spectrogram_Buffer:u_sb"
105. Port Connectivity Checks: "Feature_Spectral:u_fs|Divider_Q15:u_div"
106. Port Connectivity Checks: "Feature_Spectral:u_fs"
107. Port Connectivity Checks: "FFT_Top:u_fft|FFT_Butterfly:u_butterfly"
108. Port Connectivity Checks: "FFT_Top:u_fft|FFT_Control_FSM:u_control"
109. Port Connectivity Checks: "FFT_Top:u_fft"
110. Port Connectivity Checks: "Frame_Builder:u_fb"
111. Port Connectivity Checks: "Sample_Source:u_src"
112. Post-Synthesis Netlist Statistics for Top Partition
113. Elapsed Time Per Partition
114. Analysis & Synthesis Messages



----------------
; Legal Notice ;
----------------
Copyright (C) 2020  Intel Corporation. All rights reserved.
Your use of Intel Corporation's design tools, logic functions 
and other software and tools, and any partner logic 
functions, and any output files from any of the foregoing 
(including device programming or simulation files), and any 
associated documentation or information are expressly subject 
to the terms and conditions of the Intel Program License 
Subscription Agreement, the Intel Quartus Prime License Agreement,
the Intel FPGA IP License Agreement, or other applicable license
agreement, including, without limitation, that your use is for
the sole purpose of programming logic devices manufactured by
Intel and sold by Intel or its authorized distributors.  Please
refer to the applicable agreement for further details, at
https://fpgasoftware.intel.com/eula.



+-------------------------------------------------------------------------------+
; Analysis & Synthesis Summary                                                  ;
+---------------------------------+---------------------------------------------+
; Analysis & Synthesis Status     ; Successful - Sat Oct 03 11:24:26 2026       ;
; Quartus Prime Version           ; 20.1.0 Build 711 06/05/2020 SJ Lite Edition ;
; Revision Name                   ; SMMA                                        ;
; Top-level Entity Name           ; SMMA_Top                                    ;
; Family                          ; Cyclone V                                   ;
; Logic utilization (in ALMs)     ; N/A                                         ;
; Total registers                 ; 12689                                       ;
; Total pins                      ; 65                                          ;
; Total virtual pins              ; 0                                           ;
; Total block memory bits         ; 1,653,331                                   ;
; Total DSP Blocks                ; 18                                          ;
; Total HSSI RX PCSs              ; 0                                           ;
; Total HSSI PMA RX Deserializers ; 0                                           ;
; Total HSSI TX PCSs              ; 0                                           ;
; Total HSSI PMA TX Serializers   ; 0                                           ;
; Total PLLs                      ; 0                                           ;
; Total DLLs                      ; 0                                           ;
+---------------------------------+---------------------------------------------+


+---------------------------------------------------------------------------------------------------------------------------+
; Analysis & Synthesis Settings                                                                                             ;
+---------------------------------------------------------------------------------+--------------------+--------------------+
; Option                                                                          ; Setting            ; Default Value      ;
+---------------------------------------------------------------------------------+--------------------+--------------------+
; Device                                                                          ; 5CEBA4F23C7        ;                    ;
; Top-level entity name                                                           ; SMMA_Top           ; SMMA               ;
; Family name                                                                     ; Cyclone V          ; Cyclone V          ;
; Maximum processors allowed for parallel compilation                             ; All                ;                    ;
; Verilog Version                                                                 ; SystemVerilog_2005 ; Verilog_2001       ;
; Use smart compilation                                                           ; Off                ; Off                ;
; Enable parallel Assembler and Timing Analyzer during compilation                ; On                 ; On                 ;
; Enable compact report table                                                     ; Off                ; Off                ;
; Restructure Multiplexers                                                        ; Auto               ; Auto               ;
; MLAB Add Timing Constraints For Mixed-Port Feed-Through Mode Setting Don't Care ; Off                ; Off                ;
; Create Debugging Nodes for IP Cores                                             ; Off                ; Off                ;
; Preserve fewer node names                                                       ; On                 ; On                 ;
; Intel FPGA IP Evaluation Mode                                                   ; Enable             ; Enable             ;
; VHDL Version                                                                    ; VHDL_1993          ; VHDL_1993          ;
; State Machine Processing                                                        ; Auto               ; Auto               ;
; Safe State Machine                                                              ; Off                ; Off                ;
; Extract Verilog State Machines                                                  ; On                 ; On                 ;
; Extract VHDL State Machines                                                     ; On                 ; On                 ;
; Ignore Verilog initial constructs                                               ; Off                ; Off                ;
; Iteration limit for constant Verilog loops                                      ; 5000               ; 5000               ;
; Iteration limit for non-constant Verilog loops                                  ; 250                ; 250                ;
; Add Pass-Through Logic to Inferred RAMs                                         ; On                 ; On                 ;
; Infer RAMs from Raw Logic                                                       ; On                 ; On                 ;
; Parallel Synthesis                                                              ; On                 ; On                 ;
; DSP Block Balancing                                                             ; Auto               ; Auto               ;
; NOT Gate Push-Back                                                              ; On                 ; On                 ;
; Power-Up Don't Care                                                             ; On                 ; On                 ;
; Remove Redundant Logic Cells                                                    ; Off                ; Off                ;
; Remove Duplicate Registers                                                      ; On                 ; On                 ;
; Ignore CARRY Buffers                                                            ; Off                ; Off                ;
; Ignore CASCADE Buffers                                                          ; Off                ; Off                ;
; Ignore GLOBAL Buffers                                                           ; Off                ; Off                ;
; Ignore ROW GLOBAL Buffers                                                       ; Off                ; Off                ;
; Ignore LCELL Buffers                                                            ; Off                ; Off                ;
; Ignore SOFT Buffers                                                             ; On                 ; On                 ;
; Limit AHDL Integers to 32 Bits                                                  ; Off                ; Off                ;
; Optimization Technique                                                          ; Balanced           ; Balanced           ;
; Carry Chain Length                                                              ; 70                 ; 70                 ;
; Auto Carry Chains                                                               ; On                 ; On                 ;
; Auto Open-Drain Pins                                                            ; On                 ; On                 ;
; Perform WYSIWYG Primitive Resynthesis                                           ; Off                ; Off                ;
; Auto ROM Replacement                                                            ; On                 ; On                 ;
; Auto RAM Replacement                                                            ; On                 ; On                 ;
; Auto DSP Block Replacement                                                      ; On                 ; On                 ;
; Auto Shift Register Replacement                                                 ; Auto               ; Auto               ;
; Allow Shift Register Merging across Hierarchies                                 ; Auto               ; Auto               ;
; Auto Clock Enable Replacement                                                   ; On                 ; On                 ;
; Strict RAM Replacement                                                          ; Off                ; Off                ;
; Allow Synchronous Control Signals                                               ; On                 ; On                 ;
; Force Use of Synchronous Clear Signals                                          ; Off                ; Off                ;
; Auto Resource Sharing                                                           ; Off                ; Off                ;
; Allow Any RAM Size For Recognition                                              ; Off                ; Off                ;
; Allow Any ROM Size For Recognition                                              ; Off                ; Off                ;
; Allow Any Shift Register Size For Recognition                                   ; Off                ; Off                ;
; Use LogicLock Constraints during Resource Balancing                             ; On                 ; On                 ;
; Ignore translate_off and synthesis_off directives                               ; Off                ; Off                ;
; Timing-Driven Synthesis                                                         ; On                 ; On                 ;
; Report Parameter Settings                                                       ; On                 ; On                 ;
; Report Source Assignments                                                       ; On                 ; On                 ;
; Report Connectivity Checks                                                      ; On                 ; On                 ;
; Ignore Maximum Fan-Out Assignments                                              ; Off                ; Off                ;
; Synchronization Register Chain Length                                           ; 3                  ; 3                  ;
; Power Optimization During Synthesis                                             ; Normal compilation ; Normal compilation ;
; HDL message level                                                               ; Level2             ; Level2             ;
; Suppress Register Optimization Related Messages                                 ; Off                ; Off                ;
; Number of Removed Registers Reported in Synthesis Report                        ; 5000               ; 5000               ;
; Number of Swept Nodes Reported in Synthesis Report                              ; 5000               ; 5000               ;
; Number of Inverted Registers Reported in Synthesis Report                       ; 100                ; 100                ;
; Clock MUX Protection                                                            ; On                 ; On                 ;
; Auto Gated Clock Conversion                                                     ; Off                ; Off                ;
; Block Design Naming                                                             ; Auto               ; Auto               ;
; SDC constraint protection                                                       ; Off                ; Off                ;
; Synthesis Effort                                                                ; Auto               ; Auto               ;
; Shift Register Replacement - Allow Asynchronous Clear Signal                    ; On                 ; On                 ;
; Pre-Mapping Resynthesis Optimization                                            ; Off                ; Off                ;
; Analysis & Synthesis Message Level                                              ; Medium             ; Medium             ;
; Disable Register Merging Across Hierarchies                                     ; Auto               ; Auto               ;
; Resource Aware Inference For Block RAM                                          ; On                 ; On                 ;
; Automatic Parallel Synthesis                                                    ; On                 ; On                 ;
; Partial Reconfiguration Bitstream ID                                            ; Off                ; Off                ;
+---------------------------------------------------------------------------------+--------------------+--------------------+


+------------------------------------------+
; Parallel Compilation                     ;
+----------------------------+-------------+
; Processors                 ; Number      ;
+----------------------------+-------------+
; Number detected on machine ; 16          ;
; Maximum allowed            ; 10          ;
;                            ;             ;
; Average used               ; 1.23        ;
; Maximum used               ; 10          ;
;                            ;             ;
; Usage by Processor         ; % Time Used ;
;     Processor 1            ; 100.0%      ;
;     Processor 2            ;   3.2%      ;
;     Processor 3            ;   3.2%      ;
;     Processor 4            ;   3.2%      ;
;     Processor 5            ;   3.2%      ;
;     Processor 6            ;   2.0%      ;
;     Processor 7            ;   2.0%      ;
;     Processor 8            ;   2.0%      ;
;     Processor 9            ;   2.0%      ;
;     Processor 10           ;   2.0%      ;
+----------------------------+-------------+


+-----------------------------------------------------------------------------------------------------------------------------------------------------------------------------------------------------------------------------------------------------------------------------------------------------------+
; Analysis & Synthesis Source Files Read                                                                                                                                                                                                                                                                    ;
+--------------------------------------------------+-----------------+-------------------------------------------------------+--------------------------------------------------------------------------------------------------------------------------------------------------------------------+---------+
; File Name with User-Entered Path                 ; Used in Netlist ; File Type                                             ; File Name with Absolute Path                                                                                                                                       ; Library ;
+--------------------------------------------------+-----------------+-------------------------------------------------------+--------------------------------------------------------------------------------------------------------------------------------------------------------------------+---------+
; ../RTL/SMMA_Top.v                                ; yes             ; User Verilog HDL File                                 ; C:/Users/Sara/Desktop/CI DIGITAL - CEPEDI/PBL/CI-DIGITAL--SMMA-ACELERCADOR-FPGA-PARA-MANUTENCAO-PREDITIVA/RTL/SMMA_Top.v                                           ;         ;
; ../RTL/Sample_Source.v                           ; yes             ; User Verilog HDL File                                 ; C:/Users/Sara/Desktop/CI DIGITAL - CEPEDI/PBL/CI-DIGITAL--SMMA-ACELERCADOR-FPGA-PARA-MANUTENCAO-PREDITIVA/RTL/Sample_Source.v                                      ;         ;
; ../RTL/FIR_Decimator.v                           ; yes             ; User Verilog HDL File                                 ; C:/Users/Sara/Desktop/CI DIGITAL - CEPEDI/PBL/CI-DIGITAL--SMMA-ACELERCADOR-FPGA-PARA-MANUTENCAO-PREDITIVA/RTL/FIR_Decimator.v                                      ;         ;
; ../RTL/Frame_Builder.v                           ; yes             ; User Verilog HDL File                                 ; C:/Users/Sara/Desktop/CI DIGITAL - CEPEDI/PBL/CI-DIGITAL--SMMA-ACELERCADOR-FPGA-PARA-MANUTENCAO-PREDITIVA/RTL/Frame_Builder.v                                      ;         ;
; ../RTL/FFT_Top.v                                 ; yes             ; User Verilog HDL File                                 ; C:/Users/Sara/Desktop/CI DIGITAL - CEPEDI/PBL/CI-DIGITAL--SMMA-ACELERCADOR-FPGA-PARA-MANUTENCAO-PREDITIVA/RTL/FFT_Top.v                                            ;         ;
; ../RTL/FFT_Control_FSM.v                         ; yes             ; User Verilog HDL File                                 ; C:/Users/Sara/Desktop/CI DIGITAL - CEPEDI/PBL/CI-DIGITAL--SMMA-ACELERCADOR-FPGA-PARA-MANUTENCAO-PREDITIVA/RTL/FFT_Control_FSM.v                                    ;         ;
; ../RTL/FFT_Addr_Gen.v                            ; yes             ; User Verilog HDL File                                 ; C:/Users/Sara/Desktop/CI DIGITAL - CEPEDI/PBL/CI-DIGITAL--SMMA-ACELERCADOR-FPGA-PARA-MANUTENCAO-PREDITIVA/RTL/FFT_Addr_Gen.v                                       ;         ;
; ../RTL/FFT_Bit_Reverse.v                         ; yes             ; User Verilog HDL File                                 ; C:/Users/Sara/Desktop/CI DIGITAL - CEPEDI/PBL/CI-DIGITAL--SMMA-ACELERCADOR-FPGA-PARA-MANUTENCAO-PREDITIVA/RTL/FFT_Bit_Reverse.v                                    ;         ;
; ../RTL/FFT_Butterfly.v                           ; yes             ; User Verilog HDL File                                 ; C:/Users/Sara/Desktop/CI DIGITAL - CEPEDI/PBL/CI-DIGITAL--SMMA-ACELERCADOR-FPGA-PARA-MANUTENCAO-PREDITIVA/RTL/FFT_Butterfly.v                                      ;         ;
; ../RTL/FFT_Memory.v                              ; yes             ; User Verilog HDL File                                 ; C:/Users/Sara/Desktop/CI DIGITAL - CEPEDI/PBL/CI-DIGITAL--SMMA-ACELERCADOR-FPGA-PARA-MANUTENCAO-PREDITIVA/RTL/FFT_Memory.v                                         ;         ;
; ../RTL/FFT_Twiddle_ROM.v                         ; yes             ; User Verilog HDL File                                 ; C:/Users/Sara/Desktop/CI DIGITAL - CEPEDI/PBL/CI-DIGITAL--SMMA-ACELERCADOR-FPGA-PARA-MANUTENCAO-PREDITIVA/RTL/FFT_Twiddle_ROM.v                                    ;         ;
; ../RTL/FFT_Magnitude.v                           ; yes             ; User Verilog HDL File                                 ; C:/Users/Sara/Desktop/CI DIGITAL - CEPEDI/PBL/CI-DIGITAL--SMMA-ACELERCADOR-FPGA-PARA-MANUTENCAO-PREDITIVA/RTL/FFT_Magnitude.v                                      ;         ;
; ../RTL/FFT_Log2_Compress.v                       ; yes             ; User Verilog HDL File                                 ; C:/Users/Sara/Desktop/CI DIGITAL - CEPEDI/PBL/CI-DIGITAL--SMMA-ACELERCADOR-FPGA-PARA-MANUTENCAO-PREDITIVA/RTL/FFT_Log2_Compress.v                                  ;         ;
; ../RTL/FP_Mult_Unit.v                            ; yes             ; User Verilog HDL File                                 ; C:/Users/Sara/Desktop/CI DIGITAL - CEPEDI/PBL/CI-DIGITAL--SMMA-ACELERCADOR-FPGA-PARA-MANUTENCAO-PREDITIVA/RTL/FP_Mult_Unit.v                                       ;         ;
; ../RTL/Feature_Spectral.v                        ; yes             ; User Verilog HDL File                                 ; C:/Users/Sara/Desktop/CI DIGITAL - CEPEDI/PBL/CI-DIGITAL--SMMA-ACELERCADOR-FPGA-PARA-MANUTENCAO-PREDITIVA/RTL/Feature_Spectral.v                                   ;         ;
; ../RTL/Feature_Temporal.v                        ; yes             ; User Verilog HDL File                                 ; C:/Users/Sara/Desktop/CI DIGITAL - CEPEDI/PBL/CI-DIGITAL--SMMA-ACELERCADOR-FPGA-PARA-MANUTENCAO-PREDITIVA/RTL/Feature_Temporal.v                                   ;         ;
; ../RTL/Divider_Q15.v                             ; yes             ; User Verilog HDL File                                 ; C:/Users/Sara/Desktop/CI DIGITAL - CEPEDI/PBL/CI-DIGITAL--SMMA-ACELERCADOR-FPGA-PARA-MANUTENCAO-PREDITIVA/RTL/Divider_Q15.v                                        ;         ;
; ../RTL/ML_Tree_Classifier.v                      ; yes             ; User Verilog HDL File                                 ; C:/Users/Sara/Desktop/CI DIGITAL - CEPEDI/PBL/CI-DIGITAL--SMMA-ACELERCADOR-FPGA-PARA-MANUTENCAO-PREDITIVA/RTL/ML_Tree_Classifier.v                                 ;         ;
; ../RTL/Spectrogram_Buffer.v                      ; yes             ; User Verilog HDL File                                 ; C:/Users/Sara/Desktop/CI DIGITAL - CEPEDI/PBL/CI-DIGITAL--SMMA-ACELERCADOR-FPGA-PARA-MANUTENCAO-PREDITIVA/RTL/Spectrogram_Buffer.v                                 ;         ;
; ../RTL/CNN_Top.v                                 ; yes             ; User Verilog HDL File                                 ; C:/Users/Sara/Desktop/CI DIGITAL - CEPEDI/PBL/CI-DIGITAL--SMMA-ACELERCADOR-FPGA-PARA-MANUTENCAO-PREDITIVA/RTL/CNN_Top.v                                            ;         ;
; ../RTL/CNN_Control_FSM.v                         ; yes             ; User Verilog HDL File                                 ; C:/Users/Sara/Desktop/CI DIGITAL - CEPEDI/PBL/CI-DIGITAL--SMMA-ACELERCADOR-FPGA-PARA-MANUTENCAO-PREDITIVA/RTL/CNN_Control_FSM.v                                    ;         ;
; ../RTL/CNN_Line_Buffer.v                         ; yes             ; User Verilog HDL File                                 ; C:/Users/Sara/Desktop/CI DIGITAL - CEPEDI/PBL/CI-DIGITAL--SMMA-ACELERCADOR-FPGA-PARA-MANUTENCAO-PREDITIVA/RTL/CNN_Line_Buffer.v                                    ;         ;
; ../RTL/CNN_Conv_Layer.v                          ; yes             ; User Verilog HDL File                                 ; C:/Users/Sara/Desktop/CI DIGITAL - CEPEDI/PBL/CI-DIGITAL--SMMA-ACELERCADOR-FPGA-PARA-MANUTENCAO-PREDITIVA/RTL/CNN_Conv_Layer.v                                     ;         ;
; ../RTL/CNN_MAC_Unit.v                            ; yes             ; User Verilog HDL File                                 ; C:/Users/Sara/Desktop/CI DIGITAL - CEPEDI/PBL/CI-DIGITAL--SMMA-ACELERCADOR-FPGA-PARA-MANUTENCAO-PREDITIVA/RTL/CNN_MAC_Unit.v                                       ;         ;
; ../RTL/CNN_ReLU.v                                ; yes             ; User Verilog HDL File                                 ; C:/Users/Sara/Desktop/CI DIGITAL - CEPEDI/PBL/CI-DIGITAL--SMMA-ACELERCADOR-FPGA-PARA-MANUTENCAO-PREDITIVA/RTL/CNN_ReLU.v                                           ;         ;
; ../RTL/CNN_MaxPool.v                             ; yes             ; User Verilog HDL File                                 ; C:/Users/Sara/Desktop/CI DIGITAL - CEPEDI/PBL/CI-DIGITAL--SMMA-ACELERCADOR-FPGA-PARA-MANUTENCAO-PREDITIVA/RTL/CNN_MaxPool.v                                        ;         ;
; ../RTL/CNN_Dense_Classifier.v                    ; yes             ; User Verilog HDL File                                 ; C:/Users/Sara/Desktop/CI DIGITAL - CEPEDI/PBL/CI-DIGITAL--SMMA-ACELERCADOR-FPGA-PARA-MANUTENCAO-PREDITIVA/RTL/CNN_Dense_Classifier.v                               ;         ;
; ../RTL/CNN_Weight_ROM.v                          ; yes             ; User Verilog HDL File                                 ; C:/Users/Sara/Desktop/CI DIGITAL - CEPEDI/PBL/CI-DIGITAL--SMMA-ACELERCADOR-FPGA-PARA-MANUTENCAO-PREDITIVA/RTL/CNN_Weight_ROM.v                                     ;         ;
; altsyncram.tdf                                   ; yes             ; Megafunction                                          ; c:/intelfpga_lite/20.1/quartus/libraries/megafunctions/altsyncram.tdf                                                                                              ;         ;
; stratix_ram_block.inc                            ; yes             ; Megafunction                                          ; c:/intelfpga_lite/20.1/quartus/libraries/megafunctions/stratix_ram_block.inc                                                                                       ;         ;
; lpm_mux.inc                                      ; yes             ; Megafunction                                          ; c:/intelfpga_lite/20.1/quartus/libraries/megafunctions/lpm_mux.inc                                                                                                 ;         ;
; lpm_decode.inc                                   ; yes             ; Megafunction                                          ; c:/intelfpga_lite/20.1/quartus/libraries/megafunctions/lpm_decode.inc                                                                                              ;         ;
; aglobal201.inc                                   ; yes             ; Megafunction                                          ; c:/intelfpga_lite/20.1/quartus/libraries/megafunctions/aglobal201.inc                                                                                              ;         ;
; a_rdenreg.inc                                    ; yes             ; Megafunction                                          ; c:/intelfpga_lite/20.1/quartus/libraries/megafunctions/a_rdenreg.inc                                                                                               ;         ;
; altrom.inc                                       ; yes             ; Megafunction                                          ; c:/intelfpga_lite/20.1/quartus/libraries/megafunctions/altrom.inc                                                                                                  ;         ;
; altram.inc                                       ; yes             ; Megafunction                                          ; c:/intelfpga_lite/20.1/quartus/libraries/megafunctions/altram.inc                                                                                                  ;         ;
; altdpram.inc                                     ; yes             ; Megafunction                                          ; c:/intelfpga_lite/20.1/quartus/libraries/megafunctions/altdpram.inc                                                                                                ;         ;
; db/altsyncram_m0e1.tdf                           ; yes             ; Auto-Generated Megafunction                           ; C:/Users/Sara/Desktop/CI DIGITAL - CEPEDI/PBL/CI-DIGITAL--SMMA-ACELERCADOR-FPGA-PARA-MANUTENCAO-PREDITIVA/quartus/db/altsyncram_m0e1.tdf                           ;         ;
; db/smma.ram0_ml_tree_classifier_5868eaf9.hdl.mif ; yes             ; Auto-Generated Auto-Found Memory Initialization File  ; C:/Users/Sara/Desktop/CI DIGITAL - CEPEDI/PBL/CI-DIGITAL--SMMA-ACELERCADOR-FPGA-PARA-MANUTENCAO-PREDITIVA/quartus/db/smma.ram0_ml_tree_classifier_5868eaf9.hdl.mif ;         ;
; db/altsyncram_ubn1.tdf                           ; yes             ; Auto-Generated Megafunction                           ; C:/Users/Sara/Desktop/CI DIGITAL - CEPEDI/PBL/CI-DIGITAL--SMMA-ACELERCADOR-FPGA-PARA-MANUTENCAO-PREDITIVA/quartus/db/altsyncram_ubn1.tdf                           ;         ;
; db/altsyncram_6nf1.tdf                           ; yes             ; Auto-Generated Megafunction                           ; C:/Users/Sara/Desktop/CI DIGITAL - CEPEDI/PBL/CI-DIGITAL--SMMA-ACELERCADOR-FPGA-PARA-MANUTENCAO-PREDITIVA/quartus/db/altsyncram_6nf1.tdf                           ;         ;
; db/smma.ram0_sample_source_9fae9cf6.hdl.mif      ; yes             ; Auto-Generated Auto-Found Memory Initialization File  ; C:/Users/Sara/Desktop/CI DIGITAL - CEPEDI/PBL/CI-DIGITAL--SMMA-ACELERCADOR-FPGA-PARA-MANUTENCAO-PREDITIVA/quartus/db/smma.ram0_sample_source_9fae9cf6.hdl.mif      ;         ;
; db/decode_j2a.tdf                                ; yes             ; Auto-Generated Megafunction                           ; C:/Users/Sara/Desktop/CI DIGITAL - CEPEDI/PBL/CI-DIGITAL--SMMA-ACELERCADOR-FPGA-PARA-MANUTENCAO-PREDITIVA/quartus/db/decode_j2a.tdf                                ;         ;
; db/mux_pib.tdf                                   ; yes             ; Auto-Generated Megafunction                           ; C:/Users/Sara/Desktop/CI DIGITAL - CEPEDI/PBL/CI-DIGITAL--SMMA-ACELERCADOR-FPGA-PARA-MANUTENCAO-PREDITIVA/quartus/db/mux_pib.tdf                                   ;         ;
; lpm_divide.tdf                                   ; yes             ; Megafunction                                          ; c:/intelfpga_lite/20.1/quartus/libraries/megafunctions/lpm_divide.tdf                                                                                              ;         ;
; abs_divider.inc                                  ; yes             ; Megafunction                                          ; c:/intelfpga_lite/20.1/quartus/libraries/megafunctions/abs_divider.inc                                                                                             ;         ;
; sign_div_unsign.inc                              ; yes             ; Megafunction                                          ; c:/intelfpga_lite/20.1/quartus/libraries/megafunctions/sign_div_unsign.inc                                                                                         ;         ;
; db/lpm_divide_42m.tdf                            ; yes             ; Auto-Generated Megafunction                           ; C:/Users/Sara/Desktop/CI DIGITAL - CEPEDI/PBL/CI-DIGITAL--SMMA-ACELERCADOR-FPGA-PARA-MANUTENCAO-PREDITIVA/quartus/db/lpm_divide_42m.tdf                            ;         ;
; db/sign_div_unsign_7kh.tdf                       ; yes             ; Auto-Generated Megafunction                           ; C:/Users/Sara/Desktop/CI DIGITAL - CEPEDI/PBL/CI-DIGITAL--SMMA-ACELERCADOR-FPGA-PARA-MANUTENCAO-PREDITIVA/quartus/db/sign_div_unsign_7kh.tdf                       ;         ;
; db/alt_u_div_kse.tdf                             ; yes             ; Auto-Generated Megafunction                           ; C:/Users/Sara/Desktop/CI DIGITAL - CEPEDI/PBL/CI-DIGITAL--SMMA-ACELERCADOR-FPGA-PARA-MANUTENCAO-PREDITIVA/quartus/db/alt_u_div_kse.tdf                             ;         ;
+--------------------------------------------------+-----------------+-------------------------------------------------------+--------------------------------------------------------------------------------------------------------------------------------------------------------------------+---------+


+--------------------------------------------------------------+
; Analysis & Synthesis Resource Usage Summary                  ;
+---------------------------------------------+----------------+
; Resource                                    ; Usage          ;
+---------------------------------------------+----------------+
; Estimate of Logic utilization (ALMs needed) ; 9179           ;
;                                             ;                ;
; Combinational ALUT usage for logic          ; 11878          ;
;     -- 7 input functions                    ; 21             ;
;     -- 6 input functions                    ; 5430           ;
;     -- 5 input functions                    ; 1719           ;
;     -- 4 input functions                    ; 667            ;
;     -- <=3 input functions                  ; 4041           ;
;                                             ;                ;
; Dedicated logic registers                   ; 12689          ;
;                                             ;                ;
; I/O pins                                    ; 65             ;
; Total MLAB memory bits                      ; 0              ;
; Total block memory bits                     ; 1653331        ;
;                                             ;                ;
; Total DSP Blocks                            ; 18             ;
;                                             ;                ;
; Maximum fan-out node                        ; CLOCK_50~input ;
; Maximum fan-out                             ; 12944          ;
; Total fan-out                               ; 104282         ;
; Average fan-out                             ; 4.18           ;
+---------------------------------------------+----------------+


+------------------------------------------------------------------------------------------------------------------------------------------------------------------------------------------------------------------------------------------------------------------------------------------------------+
; Analysis & Synthesis Resource Utilization by Entity                                                                                                                                                                                                                                                  ;
+-------------------------------------------+---------------------+---------------------------+-------------------+------------+------+--------------+-----------------------------------------------------------------------------------------------------------+----------------------+--------------+
; Compilation Hierarchy Node                ; Combinational ALUTs ; Dedicated Logic Registers ; Block Memory Bits ; DSP Blocks ; Pins ; Virtual Pins ; Full Hierarchy Name                                                                                       ; Entity Name          ; Library Name ;
+-------------------------------------------+---------------------+---------------------------+-------------------+------------+------+--------------+-----------------------------------------------------------------------------------------------------------+----------------------+--------------+
; |SMMA_Top                                 ; 11878 (274)         ; 12689 (38)                ; 1653331           ; 18         ; 65   ; 0            ; |SMMA_Top                                                                                                 ; SMMA_Top             ; work         ;
;    |CNN_Top:u_cnn|                        ; 3633 (0)            ; 4969 (0)                  ; 0                 ; 9          ; 0    ; 0            ; |SMMA_Top|CNN_Top:u_cnn                                                                                   ; CNN_Top              ; work         ;
;       |CNN_Control_FSM:u_ctrl|            ; 34 (34)             ; 25 (25)                   ; 0                 ; 0          ; 0    ; 0            ; |SMMA_Top|CNN_Top:u_cnn|CNN_Control_FSM:u_ctrl                                                            ; CNN_Control_FSM      ; work         ;
;       |CNN_Conv_Layer:u_conv|             ; 1271 (147)          ; 972 (270)                 ; 0                 ; 8          ; 0    ; 0            ; |SMMA_Top|CNN_Top:u_cnn|CNN_Conv_Layer:u_conv                                                             ; CNN_Conv_Layer       ; work         ;
;          |CNN_MAC_Unit:g_filter[0].u_mac| ; 148 (148)           ; 112 (112)                 ; 0                 ; 1          ; 0    ; 0            ; |SMMA_Top|CNN_Top:u_cnn|CNN_Conv_Layer:u_conv|CNN_MAC_Unit:g_filter[0].u_mac                              ; CNN_MAC_Unit         ; work         ;
;          |CNN_MAC_Unit:g_filter[1].u_mac| ; 97 (97)             ; 87 (87)                   ; 0                 ; 1          ; 0    ; 0            ; |SMMA_Top|CNN_Top:u_cnn|CNN_Conv_Layer:u_conv|CNN_MAC_Unit:g_filter[1].u_mac                              ; CNN_MAC_Unit         ; work         ;
;          |CNN_MAC_Unit:g_filter[2].u_mac| ; 93 (93)             ; 86 (86)                   ; 0                 ; 1          ; 0    ; 0            ; |SMMA_Top|CNN_Top:u_cnn|CNN_Conv_Layer:u_conv|CNN_MAC_Unit:g_filter[2].u_mac                              ; CNN_MAC_Unit         ; work         ;
;          |CNN_MAC_Unit:g_filter[3].u_mac| ; 94 (94)             ; 84 (84)                   ; 0                 ; 1          ; 0    ; 0            ; |SMMA_Top|CNN_Top:u_cnn|CNN_Conv_Layer:u_conv|CNN_MAC_Unit:g_filter[3].u_mac                              ; CNN_MAC_Unit         ; work         ;
;          |CNN_MAC_Unit:g_filter[4].u_mac| ; 94 (94)             ; 84 (84)                   ; 0                 ; 1          ; 0    ; 0            ; |SMMA_Top|CNN_Top:u_cnn|CNN_Conv_Layer:u_conv|CNN_MAC_Unit:g_filter[4].u_mac                              ; CNN_MAC_Unit         ; work         ;
;          |CNN_MAC_Unit:g_filter[5].u_mac| ; 94 (94)             ; 86 (86)                   ; 0                 ; 1          ; 0    ; 0            ; |SMMA_Top|CNN_Top:u_cnn|CNN_Conv_Layer:u_conv|CNN_MAC_Unit:g_filter[5].u_mac                              ; CNN_MAC_Unit         ; work         ;
;          |CNN_MAC_Unit:g_filter[6].u_mac| ; 96 (96)             ; 84 (84)                   ; 0                 ; 1          ; 0    ; 0            ; |SMMA_Top|CNN_Top:u_cnn|CNN_Conv_Layer:u_conv|CNN_MAC_Unit:g_filter[6].u_mac                              ; CNN_MAC_Unit         ; work         ;
;          |CNN_MAC_Unit:g_filter[7].u_mac| ; 98 (98)             ; 79 (79)                   ; 0                 ; 1          ; 0    ; 0            ; |SMMA_Top|CNN_Top:u_cnn|CNN_Conv_Layer:u_conv|CNN_MAC_Unit:g_filter[7].u_mac                              ; CNN_MAC_Unit         ; work         ;
;          |CNN_ReLU:g_filter[0].u_relu|    ; 26 (26)             ; 0 (0)                     ; 0                 ; 0          ; 0    ; 0            ; |SMMA_Top|CNN_Top:u_cnn|CNN_Conv_Layer:u_conv|CNN_ReLU:g_filter[0].u_relu                                 ; CNN_ReLU             ; work         ;
;          |CNN_ReLU:g_filter[1].u_relu|    ; 26 (26)             ; 0 (0)                     ; 0                 ; 0          ; 0    ; 0            ; |SMMA_Top|CNN_Top:u_cnn|CNN_Conv_Layer:u_conv|CNN_ReLU:g_filter[1].u_relu                                 ; CNN_ReLU             ; work         ;
;          |CNN_ReLU:g_filter[2].u_relu|    ; 26 (26)             ; 0 (0)                     ; 0                 ; 0          ; 0    ; 0            ; |SMMA_Top|CNN_Top:u_cnn|CNN_Conv_Layer:u_conv|CNN_ReLU:g_filter[2].u_relu                                 ; CNN_ReLU             ; work         ;
;          |CNN_ReLU:g_filter[3].u_relu|    ; 26 (26)             ; 0 (0)                     ; 0                 ; 0          ; 0    ; 0            ; |SMMA_Top|CNN_Top:u_cnn|CNN_Conv_Layer:u_conv|CNN_ReLU:g_filter[3].u_relu                                 ; CNN_ReLU             ; work         ;
;          |CNN_ReLU:g_filter[4].u_relu|    ; 26 (26)             ; 0 (0)                     ; 0                 ; 0          ; 0    ; 0            ; |SMMA_Top|CNN_Top:u_cnn|CNN_Conv_Layer:u_conv|CNN_ReLU:g_filter[4].u_relu                                 ; CNN_ReLU             ; work         ;
;          |CNN_ReLU:g_filter[5].u_relu|    ; 26 (26)             ; 0 (0)                     ; 0                 ; 0          ; 0    ; 0            ; |SMMA_Top|CNN_Top:u_cnn|CNN_Conv_Layer:u_conv|CNN_ReLU:g_filter[5].u_relu                                 ; CNN_ReLU             ; work         ;
;          |CNN_ReLU:g_filter[6].u_relu|    ; 26 (26)             ; 0 (0)                     ; 0                 ; 0          ; 0    ; 0            ; |SMMA_Top|CNN_Top:u_cnn|CNN_Conv_Layer:u_conv|CNN_ReLU:g_filter[6].u_relu                                 ; CNN_ReLU             ; work         ;
;          |CNN_ReLU:g_filter[7].u_relu|    ; 26 (26)             ; 0 (0)                     ; 0                 ; 0          ; 0    ; 0            ; |SMMA_Top|CNN_Top:u_cnn|CNN_Conv_Layer:u_conv|CNN_ReLU:g_filter[7].u_relu                                 ; CNN_ReLU             ; work         ;
;          |CNN_Weight_ROM:u_rom|           ; 102 (102)           ; 0 (0)                     ; 0                 ; 0          ; 0    ; 0            ; |SMMA_Top|CNN_Top:u_cnn|CNN_Conv_Layer:u_conv|CNN_Weight_ROM:u_rom                                        ; CNN_Weight_ROM       ; work         ;
;       |CNN_Dense_Classifier:u_dense|      ; 902 (488)           ; 586 (453)                 ; 0                 ; 1          ; 0    ; 0            ; |SMMA_Top|CNN_Top:u_cnn|CNN_Dense_Classifier:u_dense                                                      ; CNN_Dense_Classifier ; work         ;
;          |CNN_MAC_Unit:u_dense_mac|       ; 146 (146)           ; 133 (133)                 ; 0                 ; 1          ; 0    ; 0            ; |SMMA_Top|CNN_Top:u_cnn|CNN_Dense_Classifier:u_dense|CNN_MAC_Unit:u_dense_mac                             ; CNN_MAC_Unit         ; work         ;
;          |CNN_ReLU:g_gap[0].u_gap_scale|  ; 25 (25)             ; 0 (0)                     ; 0                 ; 0          ; 0    ; 0            ; |SMMA_Top|CNN_Top:u_cnn|CNN_Dense_Classifier:u_dense|CNN_ReLU:g_gap[0].u_gap_scale                        ; CNN_ReLU             ; work         ;
;          |CNN_ReLU:g_gap[1].u_gap_scale|  ; 25 (25)             ; 0 (0)                     ; 0                 ; 0          ; 0    ; 0            ; |SMMA_Top|CNN_Top:u_cnn|CNN_Dense_Classifier:u_dense|CNN_ReLU:g_gap[1].u_gap_scale                        ; CNN_ReLU             ; work         ;
;          |CNN_ReLU:g_gap[2].u_gap_scale|  ; 25 (25)             ; 0 (0)                     ; 0                 ; 0          ; 0    ; 0            ; |SMMA_Top|CNN_Top:u_cnn|CNN_Dense_Classifier:u_dense|CNN_ReLU:g_gap[2].u_gap_scale                        ; CNN_ReLU             ; work         ;
;          |CNN_ReLU:g_gap[3].u_gap_scale|  ; 25 (25)             ; 0 (0)                     ; 0                 ; 0          ; 0    ; 0            ; |SMMA_Top|CNN_Top:u_cnn|CNN_Dense_Classifier:u_dense|CNN_ReLU:g_gap[3].u_gap_scale                        ; CNN_ReLU             ; work         ;
;          |CNN_ReLU:g_gap[4].u_gap_scale|  ; 25 (25)             ; 0 (0)                     ; 0                 ; 0          ; 0    ; 0            ; |SMMA_Top|CNN_Top:u_cnn|CNN_Dense_Classifier:u_dense|CNN_ReLU:g_gap[4].u_gap_scale                        ; CNN_ReLU             ; work         ;
;          |CNN_ReLU:g_gap[5].u_gap_scale|  ; 25 (25)             ; 0 (0)                     ; 0                 ; 0          ; 0    ; 0            ; |SMMA_Top|CNN_Top:u_cnn|CNN_Dense_Classifier:u_dense|CNN_ReLU:g_gap[5].u_gap_scale                        ; CNN_ReLU             ; work         ;
;          |CNN_ReLU:g_gap[6].u_gap_scale|  ; 25 (25)             ; 0 (0)                     ; 0                 ; 0          ; 0    ; 0            ; |SMMA_Top|CNN_Top:u_cnn|CNN_Dense_Classifier:u_dense|CNN_ReLU:g_gap[6].u_gap_scale                        ; CNN_ReLU             ; work         ;
;          |CNN_ReLU:g_gap[7].u_gap_scale|  ; 25 (25)             ; 0 (0)                     ; 0                 ; 0          ; 0    ; 0            ; |SMMA_Top|CNN_Top:u_cnn|CNN_Dense_Classifier:u_dense|CNN_ReLU:g_gap[7].u_gap_scale                        ; CNN_ReLU             ; work         ;
;          |CNN_ReLU:u_score_scale|         ; 44 (44)             ; 0 (0)                     ; 0                 ; 0          ; 0    ; 0            ; |SMMA_Top|CNN_Top:u_cnn|CNN_Dense_Classifier:u_dense|CNN_ReLU:u_score_scale                               ; CNN_ReLU             ; work         ;
;          |CNN_Weight_ROM:u_rom|           ; 24 (24)             ; 0 (0)                     ; 0                 ; 0          ; 0    ; 0            ; |SMMA_Top|CNN_Top:u_cnn|CNN_Dense_Classifier:u_dense|CNN_Weight_ROM:u_rom                                 ; CNN_Weight_ROM       ; work         ;
;       |CNN_Line_Buffer:u_linebuf|         ; 438 (438)           ; 1213 (1213)               ; 0                 ; 0          ; 0    ; 0            ; |SMMA_Top|CNN_Top:u_cnn|CNN_Line_Buffer:u_linebuf                                                         ; CNN_Line_Buffer      ; work         ;
;       |CNN_MaxPool:u_pool|                ; 988 (988)           ; 2173 (2173)               ; 0                 ; 0          ; 0    ; 0            ; |SMMA_Top|CNN_Top:u_cnn|CNN_MaxPool:u_pool                                                                ; CNN_MaxPool          ; work         ;
;    |FFT_Log2_Compress:u_log2|             ; 181 (181)           ; 16 (16)                   ; 0                 ; 0          ; 0    ; 0            ; |SMMA_Top|FFT_Log2_Compress:u_log2                                                                        ; FFT_Log2_Compress    ; work         ;
;    |FFT_Top:u_fft|                        ; 4566 (382)          ; 2853 (26)                 ; 0                 ; 4          ; 0    ; 0            ; |SMMA_Top|FFT_Top:u_fft                                                                                   ; FFT_Top              ; work         ;
;       |FFT_Butterfly:u_butterfly|         ; 374 (246)           ; 503 (303)                 ; 0                 ; 4          ; 0    ; 0            ; |SMMA_Top|FFT_Top:u_fft|FFT_Butterfly:u_butterfly                                                         ; FFT_Butterfly        ; work         ;
;          |FP_Mult_Unit:u_mult_ii|         ; 32 (32)             ; 66 (66)                   ; 0                 ; 1          ; 0    ; 0            ; |SMMA_Top|FFT_Top:u_fft|FFT_Butterfly:u_butterfly|FP_Mult_Unit:u_mult_ii                                  ; FP_Mult_Unit         ; work         ;
;          |FP_Mult_Unit:u_mult_ir|         ; 32 (32)             ; 50 (50)                   ; 0                 ; 1          ; 0    ; 0            ; |SMMA_Top|FFT_Top:u_fft|FFT_Butterfly:u_butterfly|FP_Mult_Unit:u_mult_ir                                  ; FP_Mult_Unit         ; work         ;
;          |FP_Mult_Unit:u_mult_ri|         ; 32 (32)             ; 50 (50)                   ; 0                 ; 1          ; 0    ; 0            ; |SMMA_Top|FFT_Top:u_fft|FFT_Butterfly:u_butterfly|FP_Mult_Unit:u_mult_ri                                  ; FP_Mult_Unit         ; work         ;
;          |FP_Mult_Unit:u_mult_rr|         ; 32 (32)             ; 34 (34)                   ; 0                 ; 1          ; 0    ; 0            ; |SMMA_Top|FFT_Top:u_fft|FFT_Butterfly:u_butterfly|FP_Mult_Unit:u_mult_rr                                  ; FP_Mult_Unit         ; work         ;
;       |FFT_Control_FSM:u_control|         ; 138 (108)           ; 130 (130)                 ; 0                 ; 0          ; 0    ; 0            ; |SMMA_Top|FFT_Top:u_fft|FFT_Control_FSM:u_control                                                         ; FFT_Control_FSM      ; work         ;
;          |FFT_Addr_Gen:u_addr_gen|        ; 30 (30)             ; 0 (0)                     ; 0                 ; 0          ; 0    ; 0            ; |SMMA_Top|FFT_Top:u_fft|FFT_Control_FSM:u_control|FFT_Addr_Gen:u_addr_gen                                 ; FFT_Addr_Gen         ; work         ;
;       |FFT_Magnitude:u_magnitude|         ; 119 (119)           ; 50 (50)                   ; 0                 ; 0          ; 0    ; 0            ; |SMMA_Top|FFT_Top:u_fft|FFT_Magnitude:u_magnitude                                                         ; FFT_Magnitude        ; work         ;
;       |FFT_Memory:u_memory|               ; 3520 (3520)         ; 2112 (2112)               ; 0                 ; 0          ; 0    ; 0            ; |SMMA_Top|FFT_Top:u_fft|FFT_Memory:u_memory                                                               ; FFT_Memory           ; work         ;
;       |FFT_Twiddle_ROM:u_twiddle|         ; 33 (33)             ; 32 (32)                   ; 0                 ; 0          ; 0    ; 0            ; |SMMA_Top|FFT_Top:u_fft|FFT_Twiddle_ROM:u_twiddle                                                         ; FFT_Twiddle_ROM      ; work         ;
;    |FIR_Decimator:u_fir|                  ; 523 (523)           ; 1085 (1085)               ; 0                 ; 2          ; 0    ; 0            ; |SMMA_Top|FIR_Decimator:u_fir                                                                             ; FIR_Decimator        ; work         ;
;    |Feature_Spectral:u_fs|                ; 1115 (955)          ; 1288 (1172)               ; 0                 ; 1          ; 0    ; 0            ; |SMMA_Top|Feature_Spectral:u_fs                                                                           ; Feature_Spectral     ; work         ;
;       |Divider_Q15:u_div|                 ; 160 (160)           ; 116 (116)                 ; 0                 ; 0          ; 0    ; 0            ; |SMMA_Top|Feature_Spectral:u_fs|Divider_Q15:u_div                                                         ; Divider_Q15          ; work         ;
;    |Feature_Temporal:u_ft|                ; 1021 (819)          ; 1015 (866)                ; 0                 ; 1          ; 0    ; 0            ; |SMMA_Top|Feature_Temporal:u_ft                                                                           ; Feature_Temporal     ; work         ;
;       |Divider_Q15:u_div|                 ; 202 (202)           ; 149 (149)                 ; 0                 ; 0          ; 0    ; 0            ; |SMMA_Top|Feature_Temporal:u_ft|Divider_Q15:u_div                                                         ; Divider_Q15          ; work         ;
;    |Frame_Builder:u_fb|                   ; 141 (141)           ; 1053 (1053)               ; 0                 ; 0          ; 0    ; 0            ; |SMMA_Top|Frame_Builder:u_fb                                                                              ; Frame_Builder        ; work         ;
;    |ML_Tree_Classifier:u_tree|            ; 131 (131)           ; 224 (224)                 ; 4371              ; 0          ; 0    ; 0            ; |SMMA_Top|ML_Tree_Classifier:u_tree                                                                       ; ML_Tree_Classifier   ; work         ;
;       |altsyncram:rom_rtl_0|              ; 0 (0)               ; 0 (0)                     ; 4371              ; 0          ; 0    ; 0            ; |SMMA_Top|ML_Tree_Classifier:u_tree|altsyncram:rom_rtl_0                                                  ; altsyncram           ; work         ;
;          |altsyncram_m0e1:auto_generated| ; 0 (0)               ; 0 (0)                     ; 4371              ; 0          ; 0    ; 0            ; |SMMA_Top|ML_Tree_Classifier:u_tree|altsyncram:rom_rtl_0|altsyncram_m0e1:auto_generated                   ; altsyncram_m0e1      ; work         ;
;    |Sample_Source:u_src|                  ; 218 (125)           ; 70 (66)                   ; 1632576           ; 1          ; 0    ; 0            ; |SMMA_Top|Sample_Source:u_src                                                                             ; Sample_Source        ; work         ;
;       |altsyncram:rom_rtl_0|              ; 93 (0)              ; 4 (0)                     ; 1632576           ; 0          ; 0    ; 0            ; |SMMA_Top|Sample_Source:u_src|altsyncram:rom_rtl_0                                                        ; altsyncram           ; work         ;
;          |altsyncram_6nf1:auto_generated| ; 93 (0)              ; 4 (4)                     ; 1632576           ; 0          ; 0    ; 0            ; |SMMA_Top|Sample_Source:u_src|altsyncram:rom_rtl_0|altsyncram_6nf1:auto_generated                         ; altsyncram_6nf1      ; work         ;
;             |decode_j2a:rden_decode|      ; 13 (13)             ; 0 (0)                     ; 0                 ; 0          ; 0    ; 0            ; |SMMA_Top|Sample_Source:u_src|altsyncram:rom_rtl_0|altsyncram_6nf1:auto_generated|decode_j2a:rden_decode  ; decode_j2a           ; work         ;
;             |mux_pib:mux2|                ; 80 (80)             ; 0 (0)                     ; 0                 ; 0          ; 0    ; 0            ; |SMMA_Top|Sample_Source:u_src|altsyncram:rom_rtl_0|altsyncram_6nf1:auto_generated|mux_pib:mux2            ; mux_pib              ; work         ;
;    |Spectrogram_Buffer:u_sb|              ; 66 (66)             ; 78 (78)                   ; 16384             ; 0          ; 0    ; 0            ; |SMMA_Top|Spectrogram_Buffer:u_sb                                                                         ; Spectrogram_Buffer   ; work         ;
;       |altsyncram:mem_rtl_0|              ; 0 (0)               ; 0 (0)                     ; 16384             ; 0          ; 0    ; 0            ; |SMMA_Top|Spectrogram_Buffer:u_sb|altsyncram:mem_rtl_0                                                    ; altsyncram           ; work         ;
;          |altsyncram_ubn1:auto_generated| ; 0 (0)               ; 0 (0)                     ; 16384             ; 0          ; 0    ; 0            ; |SMMA_Top|Spectrogram_Buffer:u_sb|altsyncram:mem_rtl_0|altsyncram_ubn1:auto_generated                     ; altsyncram_ubn1      ; work         ;
;    |lpm_divide:Mod0|                      ; 9 (0)               ; 0 (0)                     ; 0                 ; 0          ; 0    ; 0            ; |SMMA_Top|lpm_divide:Mod0                                                                                 ; lpm_divide           ; work         ;
;       |lpm_divide_42m:auto_generated|     ; 9 (0)               ; 0 (0)                     ; 0                 ; 0          ; 0    ; 0            ; |SMMA_Top|lpm_divide:Mod0|lpm_divide_42m:auto_generated                                                   ; lpm_divide_42m       ; work         ;
;          |sign_div_unsign_7kh:divider|    ; 9 (0)               ; 0 (0)                     ; 0                 ; 0          ; 0    ; 0            ; |SMMA_Top|lpm_divide:Mod0|lpm_divide_42m:auto_generated|sign_div_unsign_7kh:divider                       ; sign_div_unsign_7kh  ; work         ;
;             |alt_u_div_kse:divider|       ; 9 (9)               ; 0 (0)                     ; 0                 ; 0          ; 0    ; 0            ; |SMMA_Top|lpm_divide:Mod0|lpm_divide_42m:auto_generated|sign_div_unsign_7kh:divider|alt_u_div_kse:divider ; alt_u_div_kse        ; work         ;
+-------------------------------------------+---------------------+---------------------------+-------------------+------------+------+--------------+-----------------------------------------------------------------------------------------------------------+----------------------+--------------+
Note: For table entries with two numbers listed, the numbers in parentheses indicate the number of resources of the given type used by the specific entity alone. The numbers listed outside of parentheses indicate the total resources of the given type used by the specific entity and all of its sub-entities in the hierarchy.


+---------------------------------------------------------------------------------------------------------------------------------------------------------------------------------------------------------------------------------------------------+
; Analysis & Synthesis RAM Summary                                                                                                                                                                                                                  ;
+------------------------------------------------------------------------------------------+------------+------------------+--------------+--------------+--------------+--------------+---------+--------------------------------------------------+
; Name                                                                                     ; Type       ; Mode             ; Port A Depth ; Port A Width ; Port B Depth ; Port B Width ; Size    ; MIF                                              ;
+------------------------------------------------------------------------------------------+------------+------------------+--------------+--------------+--------------+--------------+---------+--------------------------------------------------+
; ML_Tree_Classifier:u_tree|altsyncram:rom_rtl_0|altsyncram_m0e1:auto_generated|ALTSYNCRAM ; AUTO       ; ROM              ; 141          ; 32           ; --           ; --           ; 4512    ; db/SMMA.ram0_ML_Tree_Classifier_5868eaf9.hdl.mif ;
; Sample_Source:u_src|altsyncram:rom_rtl_0|altsyncram_6nf1:auto_generated|ALTSYNCRAM       ; M10K block ; ROM              ; 102036       ; 16           ; --           ; --           ; 1632576 ; db/SMMA.ram0_Sample_Source_9fae9cf6.hdl.mif      ;
; Spectrogram_Buffer:u_sb|altsyncram:mem_rtl_0|altsyncram_ubn1:auto_generated|ALTSYNCRAM   ; AUTO       ; Simple Dual Port ; 1024         ; 16           ; 1024         ; 16           ; 16384   ; None                                             ;
+------------------------------------------------------------------------------------------+------------+------------------+--------------+--------------+--------------+--------------+---------+--------------------------------------------------+


+-----------------------------------------------+
; Analysis & Synthesis DSP Block Usage Summary  ;
+---------------------------------+-------------+
; Statistic                       ; Number Used ;
+---------------------------------+-------------+
; Two Independent 18x18           ; 17          ;
; Independent 27x27               ; 1           ;
; Total number of DSP blocks      ; 18          ;
;                                 ;             ;
; Fixed Point Signed Multiplier   ; 16          ;
; Fixed Point Unsigned Multiplier ; 2           ;
+---------------------------------+-------------+


Encoding Type:  One-Hot
+--------------------------------------------------------------------------------------+
; State Machine - |SMMA_Top|Feature_Spectral:u_fs|state                                ;
+--------------+-------------+--------------+-------------+--------------+-------------+
; Name         ; state.S_DIV ; state.S_SOMA ; state.S_ACC ; state.S_IDLE ; state.S_OUT ;
+--------------+-------------+--------------+-------------+--------------+-------------+
; state.S_IDLE ; 0           ; 0            ; 0           ; 0            ; 0           ;
; state.S_ACC  ; 0           ; 0            ; 1           ; 1            ; 0           ;
; state.S_SOMA ; 0           ; 1            ; 0           ; 1            ; 0           ;
; state.S_DIV  ; 1           ; 0            ; 0           ; 1            ; 0           ;
; state.S_OUT  ; 0           ; 0            ; 0           ; 1            ; 1           ;
+--------------+-------------+--------------+-------------+--------------+-------------+


Encoding Type:  One-Hot
+------------------------------------------------------------------+
; State Machine - |SMMA_Top|Frame_Builder:u_fb|state               ;
+-----------------+--------------+-----------------+---------------+
; Name            ; state.S_IDLE ; state.S_DESPEJA ; state.S_ENCHE ;
+-----------------+--------------+-----------------+---------------+
; state.S_IDLE    ; 0            ; 0               ; 0             ;
; state.S_ENCHE   ; 1            ; 0               ; 1             ;
; state.S_DESPEJA ; 1            ; 1               ; 0             ;
+-----------------+--------------+-----------------+---------------+


Encoding Type:  One-Hot
+-----------------------------------------------------------+
; State Machine - |SMMA_Top|Spectrogram_Buffer:u_sb|state   ;
+---------------+--------------+------------+---------------+
; Name          ; state.S_IDLE ; state.S_LE ; state.S_ENCHE ;
+---------------+--------------+------------+---------------+
; state.S_IDLE  ; 0            ; 0          ; 0             ;
; state.S_ENCHE ; 1            ; 0          ; 1             ;
; state.S_LE    ; 1            ; 1          ; 0             ;
+---------------+--------------+------------+---------------+


Encoding Type:  One-Hot
+--------------------------------------------------------------------------------------------+
; State Machine - |SMMA_Top|est                                                              ;
+---------------+--------------+---------------+---------------+--------------+--------------+
; Name          ; est.E_DECIDE ; est.E_ADQUIRE ; est.E_ARRANCA ; est.E_PARADO ; est.E_PRONTO ;
+---------------+--------------+---------------+---------------+--------------+--------------+
; est.E_PARADO  ; 0            ; 0             ; 0             ; 0            ; 0            ;
; est.E_ARRANCA ; 0            ; 0             ; 1             ; 1            ; 0            ;
; est.E_ADQUIRE ; 0            ; 1             ; 0             ; 1            ; 0            ;
; est.E_DECIDE  ; 1            ; 0             ; 0             ; 1            ; 0            ;
; est.E_PRONTO  ; 0            ; 0             ; 0             ; 1            ; 1            ;
+---------------+--------------+---------------+---------------+--------------+--------------+


Encoding Type:  One-Hot
+-------------------------------------------------------------------------------------------------------+
; State Machine - |SMMA_Top|CNN_Top:u_cnn|CNN_Control_FSM:u_ctrl|state                                  ;
+-----------------+----------------+----------------+-----------------+---------------+-----------------+
; Name            ; state.ST_DENSE ; state.ST_DRAIN ; state.ST_STREAM ; state.ST_IDLE ; state.ST_FINISH ;
+-----------------+----------------+----------------+-----------------+---------------+-----------------+
; state.ST_IDLE   ; 0              ; 0              ; 0               ; 0             ; 0               ;
; state.ST_STREAM ; 0              ; 0              ; 1               ; 1             ; 0               ;
; state.ST_DRAIN  ; 0              ; 1              ; 0               ; 1             ; 0               ;
; state.ST_DENSE  ; 1              ; 0              ; 0               ; 1             ; 0               ;
; state.ST_FINISH ; 0              ; 0              ; 0               ; 1             ; 1               ;
+-----------------+----------------+----------------+-----------------+---------------+-----------------+


Encoding Type:  One-Hot
+---------------------------------------------------------------------------------------------------------------------------------+
; State Machine - |SMMA_Top|FFT_Top:u_fft|FFT_Control_FSM:u_control|state                                                         ;
+-----------------+--------------+---------------+----------------+---------------+-----------------+--------------+--------------+
; Name            ; state.S_DONE ; state.S_FLUSH ; state.S_UNLOAD ; state.S_DRAIN ; state.S_COMPUTE ; state.S_LOAD ; state.S_IDLE ;
+-----------------+--------------+---------------+----------------+---------------+-----------------+--------------+--------------+
; state.S_IDLE    ; 0            ; 0             ; 0              ; 0             ; 0               ; 0            ; 0            ;
; state.S_LOAD    ; 0            ; 0             ; 0              ; 0             ; 0               ; 1            ; 1            ;
; state.S_COMPUTE ; 0            ; 0             ; 0              ; 0             ; 1               ; 0            ; 1            ;
; state.S_DRAIN   ; 0            ; 0             ; 0              ; 1             ; 0               ; 0            ; 1            ;
; state.S_UNLOAD  ; 0            ; 0             ; 1              ; 0             ; 0               ; 0            ; 1            ;
; state.S_FLUSH   ; 0            ; 1             ; 0              ; 0             ; 0               ; 0            ; 1            ;
; state.S_DONE    ; 1            ; 0             ; 0              ; 0             ; 0               ; 0            ; 1            ;
+-----------------+--------------+---------------+----------------+---------------+-----------------+--------------+--------------+


Encoding Type:  One-Hot
+------------------------------------------------------------------------------------------+
; State Machine - |SMMA_Top|ML_Tree_Classifier:u_tree|state                                ;
+---------------+--------------+---------------+--------------+--------------+-------------+
; Name          ; state.S_WALK ; state.S_FETCH ; state.S_LOAD ; state.S_IDLE ; state.S_OUT ;
+---------------+--------------+---------------+--------------+--------------+-------------+
; state.S_IDLE  ; 0            ; 0             ; 0            ; 0            ; 0           ;
; state.S_LOAD  ; 0            ; 0             ; 1            ; 1            ; 0           ;
; state.S_FETCH ; 0            ; 1             ; 0            ; 1            ; 0           ;
; state.S_WALK  ; 1            ; 0             ; 0            ; 1            ; 0           ;
; state.S_OUT   ; 0            ; 0             ; 0            ; 1            ; 1           ;
+---------------+--------------+---------------+--------------+--------------+-------------+


Encoding Type:  One-Hot
+---------------------------------------------------------------------------------------------------------------------------------------------------------------------+
; State Machine - |SMMA_Top|Feature_Temporal:u_ft|state                                                                                                               ;
+--------------+-------------+-------------+--------------+------------+-----------+-------------+-------------+-------------+-----------+-------------+--------------+
; Name         ; state.S_OUT ; state.S_DIV ; state.S_DESL ; state.S_AC ; state.S_W ; state.S_SD2 ; state.S_SE2 ; state.S_ERR ; state.S_Y ; state.S_ESP ; state.S_IDLE ;
+--------------+-------------+-------------+--------------+------------+-----------+-------------+-------------+-------------+-----------+-------------+--------------+
; state.S_IDLE ; 0           ; 0           ; 0            ; 0          ; 0         ; 0           ; 0           ; 0           ; 0         ; 0           ; 0            ;
; state.S_ESP  ; 0           ; 0           ; 0            ; 0          ; 0         ; 0           ; 0           ; 0           ; 0         ; 1           ; 1            ;
; state.S_Y    ; 0           ; 0           ; 0            ; 0          ; 0         ; 0           ; 0           ; 0           ; 1         ; 0           ; 1            ;
; state.S_ERR  ; 0           ; 0           ; 0            ; 0          ; 0         ; 0           ; 0           ; 1           ; 0         ; 0           ; 1            ;
; state.S_SE2  ; 0           ; 0           ; 0            ; 0          ; 0         ; 0           ; 1           ; 0           ; 0         ; 0           ; 1            ;
; state.S_SD2  ; 0           ; 0           ; 0            ; 0          ; 0         ; 1           ; 0           ; 0           ; 0         ; 0           ; 1            ;
; state.S_W    ; 0           ; 0           ; 0            ; 0          ; 1         ; 0           ; 0           ; 0           ; 0         ; 0           ; 1            ;
; state.S_AC   ; 0           ; 0           ; 0            ; 1          ; 0         ; 0           ; 0           ; 0           ; 0         ; 0           ; 1            ;
; state.S_DESL ; 0           ; 0           ; 1            ; 0          ; 0         ; 0           ; 0           ; 0           ; 0         ; 0           ; 1            ;
; state.S_DIV  ; 0           ; 1           ; 0            ; 0          ; 0         ; 0           ; 0           ; 0           ; 0         ; 0           ; 1            ;
; state.S_OUT  ; 1           ; 0           ; 0            ; 0          ; 0         ; 0           ; 0           ; 0           ; 0         ; 0           ; 1            ;
+--------------+-------------+-------------+--------------+------------+-----------+-------------+-------------+-------------+-----------+-------------+--------------+


+--------------------------------------------------------------------------------------------------------------------------------------------------------------------------------------------------+
; Registers Removed During Synthesis                                                                                                                                                               ;
+----------------------------------------------------------------------------------------------------+---------------------------------------------------------------------------------------------+
; Register name                                                                                      ; Reason for Removal                                                                          ;
+----------------------------------------------------------------------------------------------------+---------------------------------------------------------------------------------------------+
; CNN_Top:u_cnn|CNN_Dense_Classifier:u_dense|CNN_MAC_Unit:u_dense_mac|s1_init[0..14]                 ; Stuck at GND due to stuck port data_in                                                      ;
; CNN_Top:u_cnn|CNN_Conv_Layer:u_conv|CNN_MAC_Unit:g_filter[7].u_mac|s1_init[0..14,18..24,27,28]     ; Stuck at GND due to stuck port data_in                                                      ;
; CNN_Top:u_cnn|CNN_Conv_Layer:u_conv|CNN_MAC_Unit:g_filter[6].u_mac|s1_init[0..16,19,21,26]         ; Stuck at GND due to stuck port data_in                                                      ;
; CNN_Top:u_cnn|CNN_Conv_Layer:u_conv|CNN_MAC_Unit:g_filter[5].u_mac|s1_init[0..18,20..23,26]        ; Stuck at GND due to stuck port data_in                                                      ;
; CNN_Top:u_cnn|CNN_Conv_Layer:u_conv|CNN_MAC_Unit:g_filter[4].u_mac|s1_init[0..18,30..39]           ; Stuck at GND due to stuck port data_in                                                      ;
; CNN_Top:u_cnn|CNN_Conv_Layer:u_conv|CNN_MAC_Unit:g_filter[4].u_mac|s1_b[14]                        ; Stuck at GND due to stuck port data_in                                                      ;
; CNN_Top:u_cnn|CNN_Conv_Layer:u_conv|CNN_MAC_Unit:g_filter[3].u_mac|s1_init[0..19,25,27..39]        ; Stuck at GND due to stuck port data_in                                                      ;
; CNN_Top:u_cnn|CNN_Conv_Layer:u_conv|CNN_MAC_Unit:g_filter[2].u_mac|s1_init[0..19,21,23,25,30..39]  ; Stuck at GND due to stuck port data_in                                                      ;
; CNN_Top:u_cnn|CNN_Conv_Layer:u_conv|CNN_MAC_Unit:g_filter[1].u_mac|s1_init[0..15,17..29]           ; Stuck at GND due to stuck port data_in                                                      ;
; CNN_Top:u_cnn|CNN_Conv_Layer:u_conv|CNN_MAC_Unit:g_filter[0].u_mac|s1_init[0..14,17..19,21,22,26]  ; Stuck at GND due to stuck port data_in                                                      ;
; CNN_Top:u_cnn|CNN_Dense_Classifier:u_dense|CNN_MAC_Unit:u_dense_mac|s2_init[0..14]                 ; Stuck at GND due to stuck port data_in                                                      ;
; CNN_Top:u_cnn|CNN_Conv_Layer:u_conv|CNN_MAC_Unit:g_filter[7].u_mac|s2_init[0..14,18..24,27,28]     ; Stuck at GND due to stuck port data_in                                                      ;
; CNN_Top:u_cnn|CNN_Conv_Layer:u_conv|CNN_MAC_Unit:g_filter[6].u_mac|s2_init[0..16,19,21,26]         ; Stuck at GND due to stuck port data_in                                                      ;
; CNN_Top:u_cnn|CNN_Conv_Layer:u_conv|CNN_MAC_Unit:g_filter[5].u_mac|s2_init[0..18,20..23,26]        ; Stuck at GND due to stuck port data_in                                                      ;
; CNN_Top:u_cnn|CNN_Conv_Layer:u_conv|CNN_MAC_Unit:g_filter[4].u_mac|s2_init[0..18,30..39]           ; Stuck at GND due to stuck port data_in                                                      ;
; CNN_Top:u_cnn|CNN_Conv_Layer:u_conv|CNN_MAC_Unit:g_filter[3].u_mac|s2_init[0..19,25,27..39]        ; Stuck at GND due to stuck port data_in                                                      ;
; CNN_Top:u_cnn|CNN_Conv_Layer:u_conv|CNN_MAC_Unit:g_filter[2].u_mac|s2_init[0..19,21,23,25,30..39]  ; Stuck at GND due to stuck port data_in                                                      ;
; CNN_Top:u_cnn|CNN_Conv_Layer:u_conv|CNN_MAC_Unit:g_filter[1].u_mac|s2_init[0..15,17..29]           ; Stuck at GND due to stuck port data_in                                                      ;
; CNN_Top:u_cnn|CNN_Conv_Layer:u_conv|CNN_MAC_Unit:g_filter[0].u_mac|s2_init[0..14,17..19,21,22,26]  ; Stuck at GND due to stuck port data_in                                                      ;
; Feature_Spectral:u_fs|div_num[29..31]                                                              ; Stuck at GND due to stuck port data_in                                                      ;
; CNN_Top:u_cnn|CNN_Dense_Classifier:u_dense|feat_reg[127]                                           ; Merged with CNN_Top:u_cnn|CNN_Dense_Classifier:u_dense|feat_reg[15]                         ;
; CNN_Top:u_cnn|CNN_Conv_Layer:u_conv|CNN_MAC_Unit:g_filter[7].u_mac|s1_init[15..17,25,26,29..39]    ; Merged with CNN_Top:u_cnn|CNN_Dense_Classifier:u_dense|CNN_MAC_Unit:u_dense_mac|s1_init[19] ;
; CNN_Top:u_cnn|CNN_Conv_Layer:u_conv|CNN_MAC_Unit:g_filter[6].u_mac|s1_init[17,18,20,22..25,27..39] ; Merged with CNN_Top:u_cnn|CNN_Dense_Classifier:u_dense|CNN_MAC_Unit:u_dense_mac|s1_init[19] ;
; CNN_Top:u_cnn|CNN_Conv_Layer:u_conv|CNN_MAC_Unit:g_filter[5].u_mac|s1_init[19,24,25,27..39]        ; Merged with CNN_Top:u_cnn|CNN_Dense_Classifier:u_dense|CNN_MAC_Unit:u_dense_mac|s1_init[19] ;
; CNN_Top:u_cnn|CNN_Conv_Layer:u_conv|CNN_MAC_Unit:g_filter[4].u_mac|s1_init[19..29]                 ; Merged with CNN_Top:u_cnn|CNN_Dense_Classifier:u_dense|CNN_MAC_Unit:u_dense_mac|s1_init[19] ;
; CNN_Top:u_cnn|CNN_Conv_Layer:u_conv|CNN_MAC_Unit:g_filter[3].u_mac|s1_init[20..24,26]              ; Merged with CNN_Top:u_cnn|CNN_Dense_Classifier:u_dense|CNN_MAC_Unit:u_dense_mac|s1_init[19] ;
; CNN_Top:u_cnn|CNN_Conv_Layer:u_conv|CNN_MAC_Unit:g_filter[2].u_mac|s1_init[20,22,24,26..29]        ; Merged with CNN_Top:u_cnn|CNN_Dense_Classifier:u_dense|CNN_MAC_Unit:u_dense_mac|s1_init[19] ;
; CNN_Top:u_cnn|CNN_Conv_Layer:u_conv|CNN_MAC_Unit:g_filter[1].u_mac|s1_init[16,30..39]              ; Merged with CNN_Top:u_cnn|CNN_Dense_Classifier:u_dense|CNN_MAC_Unit:u_dense_mac|s1_init[19] ;
; CNN_Top:u_cnn|CNN_Conv_Layer:u_conv|CNN_MAC_Unit:g_filter[0].u_mac|s1_init[15,16,20,23..25,27..39] ; Merged with CNN_Top:u_cnn|CNN_Dense_Classifier:u_dense|CNN_MAC_Unit:u_dense_mac|s1_init[19] ;
; CNN_Top:u_cnn|CNN_Conv_Layer:u_conv|out_data[31,47,63,79,95,111,127]                               ; Merged with CNN_Top:u_cnn|CNN_Conv_Layer:u_conv|out_data[15]                                ;
; Feature_Temporal:u_ft|es_reg[14]                                                                   ; Merged with Feature_Temporal:u_ft|es_reg[12]                                                ;
; Feature_Spectral:u_fs|s3[21,23]                                                                    ; Merged with Feature_Spectral:u_fs|s3[19]                                                    ;
; Feature_Spectral:u_fs|s2[21,23]                                                                    ; Merged with Feature_Spectral:u_fs|s2[19]                                                    ;
; Feature_Spectral:u_fs|s1[21,23]                                                                    ; Merged with Feature_Spectral:u_fs|s1[19]                                                    ;
; CNN_Top:u_cnn|CNN_MaxPool:u_pool|prev_data[31,47,63,79,95,111]                                     ; Merged with CNN_Top:u_cnn|CNN_MaxPool:u_pool|prev_data[15]                                  ;
; Feature_Temporal:u_ft|es_reg[15]                                                                   ; Merged with Feature_Temporal:u_ft|es_reg[12]                                                ;
; Feature_Spectral:u_fs|s3[22]                                                                       ; Merged with Feature_Spectral:u_fs|s3[19]                                                    ;
; Feature_Spectral:u_fs|s2[22]                                                                       ; Merged with Feature_Spectral:u_fs|s2[19]                                                    ;
; Feature_Spectral:u_fs|s1[22]                                                                       ; Merged with Feature_Spectral:u_fs|s1[19]                                                    ;
; CNN_Top:u_cnn|CNN_Dense_Classifier:u_dense|CNN_MAC_Unit:u_dense_mac|s2_init[30..39]                ; Merged with CNN_Top:u_cnn|CNN_Dense_Classifier:u_dense|CNN_MAC_Unit:u_dense_mac|s2_init[15] ;
; CNN_Top:u_cnn|CNN_Dense_Classifier:u_dense|CNN_MAC_Unit:u_dense_mac|s2_init[29]                    ; Merged with CNN_Top:u_cnn|CNN_Dense_Classifier:u_dense|CNN_MAC_Unit:u_dense_mac|s2_init[18] ;
; CNN_Top:u_cnn|CNN_Dense_Classifier:u_dense|CNN_MAC_Unit:u_dense_mac|s2_init[26]                    ; Merged with CNN_Top:u_cnn|CNN_Dense_Classifier:u_dense|CNN_MAC_Unit:u_dense_mac|s2_init[16] ;
; CNN_Top:u_cnn|CNN_Dense_Classifier:u_dense|CNN_MAC_Unit:u_dense_mac|s2_init[21]                    ; Merged with CNN_Top:u_cnn|CNN_Dense_Classifier:u_dense|CNN_MAC_Unit:u_dense_mac|s2_init[17] ;
; CNN_Top:u_cnn|CNN_Conv_Layer:u_conv|CNN_MAC_Unit:g_filter[0].u_mac|s2_init[16,20,23..25,27..39]    ; Merged with CNN_Top:u_cnn|CNN_Conv_Layer:u_conv|CNN_MAC_Unit:g_filter[0].u_mac|s2_init[15]  ;
; CNN_Top:u_cnn|CNN_Conv_Layer:u_conv|CNN_MAC_Unit:g_filter[1].u_mac|s2_init[16,30..39]              ; Merged with CNN_Top:u_cnn|CNN_Conv_Layer:u_conv|CNN_MAC_Unit:g_filter[0].u_mac|s2_init[15]  ;
; CNN_Top:u_cnn|CNN_Conv_Layer:u_conv|CNN_MAC_Unit:g_filter[2].u_mac|s2_init[20,22,24,26..29]        ; Merged with CNN_Top:u_cnn|CNN_Conv_Layer:u_conv|CNN_MAC_Unit:g_filter[0].u_mac|s2_init[15]  ;
; CNN_Top:u_cnn|CNN_Conv_Layer:u_conv|CNN_MAC_Unit:g_filter[3].u_mac|s2_init[20..24,26]              ; Merged with CNN_Top:u_cnn|CNN_Conv_Layer:u_conv|CNN_MAC_Unit:g_filter[0].u_mac|s2_init[15]  ;
; CNN_Top:u_cnn|CNN_Conv_Layer:u_conv|CNN_MAC_Unit:g_filter[4].u_mac|s2_init[19..29]                 ; Merged with CNN_Top:u_cnn|CNN_Conv_Layer:u_conv|CNN_MAC_Unit:g_filter[0].u_mac|s2_init[15]  ;
; CNN_Top:u_cnn|CNN_Conv_Layer:u_conv|CNN_MAC_Unit:g_filter[5].u_mac|s2_init[19,24,25,27..39]        ; Merged with CNN_Top:u_cnn|CNN_Conv_Layer:u_conv|CNN_MAC_Unit:g_filter[0].u_mac|s2_init[15]  ;
; CNN_Top:u_cnn|CNN_Conv_Layer:u_conv|CNN_MAC_Unit:g_filter[6].u_mac|s2_init[17,18,20,22..25,27..39] ; Merged with CNN_Top:u_cnn|CNN_Conv_Layer:u_conv|CNN_MAC_Unit:g_filter[0].u_mac|s2_init[15]  ;
; CNN_Top:u_cnn|CNN_Conv_Layer:u_conv|CNN_MAC_Unit:g_filter[7].u_mac|s2_init[15..17,25,26,29..39]    ; Merged with CNN_Top:u_cnn|CNN_Conv_Layer:u_conv|CNN_MAC_Unit:g_filter[0].u_mac|s2_init[15]  ;
; CNN_Top:u_cnn|CNN_Dense_Classifier:u_dense|CNN_MAC_Unit:u_dense_mac|s2_init[19]                    ; Merged with CNN_Top:u_cnn|CNN_Conv_Layer:u_conv|CNN_MAC_Unit:g_filter[0].u_mac|s2_init[15]  ;
; Feature_Spectral:u_fs|s1[20]                                                                       ; Merged with Feature_Spectral:u_fs|s1[19]                                                    ;
; Feature_Spectral:u_fs|s3[20]                                                                       ; Merged with Feature_Spectral:u_fs|s3[19]                                                    ;
; CNN_Top:u_cnn|CNN_Dense_Classifier:u_dense|CNN_MAC_Unit:u_dense_mac|s1_init[30..39]                ; Merged with CNN_Top:u_cnn|CNN_Dense_Classifier:u_dense|CNN_MAC_Unit:u_dense_mac|s1_init[15] ;
; CNN_Top:u_cnn|CNN_Dense_Classifier:u_dense|CNN_MAC_Unit:u_dense_mac|s1_init[29]                    ; Merged with CNN_Top:u_cnn|CNN_Dense_Classifier:u_dense|CNN_MAC_Unit:u_dense_mac|s1_init[18] ;
; CNN_Top:u_cnn|CNN_Dense_Classifier:u_dense|CNN_MAC_Unit:u_dense_mac|s1_init[26]                    ; Merged with CNN_Top:u_cnn|CNN_Dense_Classifier:u_dense|CNN_MAC_Unit:u_dense_mac|s1_init[16] ;
; CNN_Top:u_cnn|CNN_Dense_Classifier:u_dense|CNN_MAC_Unit:u_dense_mac|s1_init[21]                    ; Merged with CNN_Top:u_cnn|CNN_Dense_Classifier:u_dense|CNN_MAC_Unit:u_dense_mac|s1_init[17] ;
; CNN_Top:u_cnn|CNN_Conv_Layer:u_conv|CNN_MAC_Unit:g_filter[1].u_mac|s2_en                           ; Merged with CNN_Top:u_cnn|CNN_Conv_Layer:u_conv|CNN_MAC_Unit:g_filter[0].u_mac|s2_en        ;
; CNN_Top:u_cnn|CNN_Conv_Layer:u_conv|CNN_MAC_Unit:g_filter[2].u_mac|s2_en                           ; Merged with CNN_Top:u_cnn|CNN_Conv_Layer:u_conv|CNN_MAC_Unit:g_filter[0].u_mac|s2_en        ;
; CNN_Top:u_cnn|CNN_Conv_Layer:u_conv|CNN_MAC_Unit:g_filter[3].u_mac|s2_en                           ; Merged with CNN_Top:u_cnn|CNN_Conv_Layer:u_conv|CNN_MAC_Unit:g_filter[0].u_mac|s2_en        ;
; CNN_Top:u_cnn|CNN_Conv_Layer:u_conv|CNN_MAC_Unit:g_filter[4].u_mac|s2_en                           ; Merged with CNN_Top:u_cnn|CNN_Conv_Layer:u_conv|CNN_MAC_Unit:g_filter[0].u_mac|s2_en        ;
; CNN_Top:u_cnn|CNN_Conv_Layer:u_conv|CNN_MAC_Unit:g_filter[5].u_mac|s2_en                           ; Merged with CNN_Top:u_cnn|CNN_Conv_Layer:u_conv|CNN_MAC_Unit:g_filter[0].u_mac|s2_en        ;
; CNN_Top:u_cnn|CNN_Conv_Layer:u_conv|CNN_MAC_Unit:g_filter[6].u_mac|s2_en                           ; Merged with CNN_Top:u_cnn|CNN_Conv_Layer:u_conv|CNN_MAC_Unit:g_filter[0].u_mac|s2_en        ;
; CNN_Top:u_cnn|CNN_Conv_Layer:u_conv|CNN_MAC_Unit:g_filter[7].u_mac|s2_en                           ; Merged with CNN_Top:u_cnn|CNN_Conv_Layer:u_conv|CNN_MAC_Unit:g_filter[0].u_mac|s2_en        ;
; CNN_Top:u_cnn|CNN_Dense_Classifier:u_dense|feat_reg[15,31,47,63,79,95]                             ; Merged with CNN_Top:u_cnn|CNN_Dense_Classifier:u_dense|feat_reg[111]                        ;
; CNN_Top:u_cnn|CNN_Conv_Layer:u_conv|CNN_MAC_Unit:g_filter[1].u_mac|s1_en                           ; Merged with CNN_Top:u_cnn|CNN_Conv_Layer:u_conv|CNN_MAC_Unit:g_filter[0].u_mac|s1_en        ;
; CNN_Top:u_cnn|CNN_Conv_Layer:u_conv|CNN_MAC_Unit:g_filter[2].u_mac|s1_en                           ; Merged with CNN_Top:u_cnn|CNN_Conv_Layer:u_conv|CNN_MAC_Unit:g_filter[0].u_mac|s1_en        ;
; CNN_Top:u_cnn|CNN_Conv_Layer:u_conv|CNN_MAC_Unit:g_filter[3].u_mac|s1_en                           ; Merged with CNN_Top:u_cnn|CNN_Conv_Layer:u_conv|CNN_MAC_Unit:g_filter[0].u_mac|s1_en        ;
; CNN_Top:u_cnn|CNN_Conv_Layer:u_conv|CNN_MAC_Unit:g_filter[4].u_mac|s1_en                           ; Merged with CNN_Top:u_cnn|CNN_Conv_Layer:u_conv|CNN_MAC_Unit:g_filter[0].u_mac|s1_en        ;
; CNN_Top:u_cnn|CNN_Conv_Layer:u_conv|CNN_MAC_Unit:g_filter[5].u_mac|s1_en                           ; Merged with CNN_Top:u_cnn|CNN_Conv_Layer:u_conv|CNN_MAC_Unit:g_filter[0].u_mac|s1_en        ;
; CNN_Top:u_cnn|CNN_Conv_Layer:u_conv|CNN_MAC_Unit:g_filter[6].u_mac|s1_en                           ; Merged with CNN_Top:u_cnn|CNN_Conv_Layer:u_conv|CNN_MAC_Unit:g_filter[0].u_mac|s1_en        ;
; CNN_Top:u_cnn|CNN_Conv_Layer:u_conv|CNN_MAC_Unit:g_filter[7].u_mac|s1_en                           ; Merged with CNN_Top:u_cnn|CNN_Conv_Layer:u_conv|CNN_MAC_Unit:g_filter[0].u_mac|s1_en        ;
; Feature_Temporal:u_ft|es_reg[13]                                                                   ; Merged with Feature_Temporal:u_ft|es_reg[12]                                                ;
; CNN_Top:u_cnn|CNN_MaxPool:u_pool|prev_data[15]                                                     ; Merged with CNN_Top:u_cnn|CNN_MaxPool:u_pool|prev_data[127]                                 ;
; CNN_Top:u_cnn|CNN_Conv_Layer:u_conv|CNN_MAC_Unit:g_filter[1].u_mac|s2_first                        ; Merged with CNN_Top:u_cnn|CNN_Conv_Layer:u_conv|CNN_MAC_Unit:g_filter[0].u_mac|s2_first     ;
; CNN_Top:u_cnn|CNN_Conv_Layer:u_conv|CNN_MAC_Unit:g_filter[2].u_mac|s2_first                        ; Merged with CNN_Top:u_cnn|CNN_Conv_Layer:u_conv|CNN_MAC_Unit:g_filter[0].u_mac|s2_first     ;
; CNN_Top:u_cnn|CNN_Conv_Layer:u_conv|CNN_MAC_Unit:g_filter[3].u_mac|s2_first                        ; Merged with CNN_Top:u_cnn|CNN_Conv_Layer:u_conv|CNN_MAC_Unit:g_filter[0].u_mac|s2_first     ;
; CNN_Top:u_cnn|CNN_Conv_Layer:u_conv|CNN_MAC_Unit:g_filter[4].u_mac|s2_first                        ; Merged with CNN_Top:u_cnn|CNN_Conv_Layer:u_conv|CNN_MAC_Unit:g_filter[0].u_mac|s2_first     ;
; CNN_Top:u_cnn|CNN_Conv_Layer:u_conv|CNN_MAC_Unit:g_filter[5].u_mac|s2_first                        ; Merged with CNN_Top:u_cnn|CNN_Conv_Layer:u_conv|CNN_MAC_Unit:g_filter[0].u_mac|s2_first     ;
; CNN_Top:u_cnn|CNN_Conv_Layer:u_conv|CNN_MAC_Unit:g_filter[6].u_mac|s2_first                        ; Merged with CNN_Top:u_cnn|CNN_Conv_Layer:u_conv|CNN_MAC_Unit:g_filter[0].u_mac|s2_first     ;
; CNN_Top:u_cnn|CNN_Conv_Layer:u_conv|CNN_MAC_Unit:g_filter[7].u_mac|s2_first                        ; Merged with CNN_Top:u_cnn|CNN_Conv_Layer:u_conv|CNN_MAC_Unit:g_filter[0].u_mac|s2_first     ;
; CNN_Top:u_cnn|CNN_Conv_Layer:u_conv|CNN_MAC_Unit:g_filter[1].u_mac|s1_first                        ; Merged with CNN_Top:u_cnn|CNN_Conv_Layer:u_conv|CNN_MAC_Unit:g_filter[0].u_mac|s1_first     ;
; CNN_Top:u_cnn|CNN_Conv_Layer:u_conv|CNN_MAC_Unit:g_filter[2].u_mac|s1_first                        ; Merged with CNN_Top:u_cnn|CNN_Conv_Layer:u_conv|CNN_MAC_Unit:g_filter[0].u_mac|s1_first     ;
; CNN_Top:u_cnn|CNN_Conv_Layer:u_conv|CNN_MAC_Unit:g_filter[3].u_mac|s1_first                        ; Merged with CNN_Top:u_cnn|CNN_Conv_Layer:u_conv|CNN_MAC_Unit:g_filter[0].u_mac|s1_first     ;
; CNN_Top:u_cnn|CNN_Conv_Layer:u_conv|CNN_MAC_Unit:g_filter[4].u_mac|s1_first                        ; Merged with CNN_Top:u_cnn|CNN_Conv_Layer:u_conv|CNN_MAC_Unit:g_filter[0].u_mac|s1_first     ;
; CNN_Top:u_cnn|CNN_Conv_Layer:u_conv|CNN_MAC_Unit:g_filter[5].u_mac|s1_first                        ; Merged with CNN_Top:u_cnn|CNN_Conv_Layer:u_conv|CNN_MAC_Unit:g_filter[0].u_mac|s1_first     ;
; CNN_Top:u_cnn|CNN_Conv_Layer:u_conv|CNN_MAC_Unit:g_filter[6].u_mac|s1_first                        ; Merged with CNN_Top:u_cnn|CNN_Conv_Layer:u_conv|CNN_MAC_Unit:g_filter[0].u_mac|s1_first     ;
; CNN_Top:u_cnn|CNN_Conv_Layer:u_conv|CNN_MAC_Unit:g_filter[7].u_mac|s1_first                        ; Merged with CNN_Top:u_cnn|CNN_Conv_Layer:u_conv|CNN_MAC_Unit:g_filter[0].u_mac|s1_first     ;
; CNN_Top:u_cnn|CNN_Conv_Layer:u_conv|CNN_MAC_Unit:g_filter[6].u_mac|s1_b[3,11]                      ; Merged with CNN_Top:u_cnn|CNN_Conv_Layer:u_conv|CNN_MAC_Unit:g_filter[1].u_mac|s1_b[8]      ;
; CNN_Top:u_cnn|CNN_Conv_Layer:u_conv|CNN_MAC_Unit:g_filter[7].u_mac|s1_b[5]                         ; Merged with CNN_Top:u_cnn|CNN_Conv_Layer:u_conv|CNN_MAC_Unit:g_filter[1].u_mac|s1_b[8]      ;
; CNN_Top:u_cnn|CNN_Conv_Layer:u_conv|CNN_MAC_Unit:g_filter[7].u_mac|s1_b[6,7]                       ; Merged with CNN_Top:u_cnn|CNN_Conv_Layer:u_conv|CNN_MAC_Unit:g_filter[5].u_mac|s1_b[14]     ;
; CNN_Top:u_cnn|CNN_Conv_Layer:u_conv|CNN_MAC_Unit:g_filter[7].u_mac|s1_b[8]                         ; Merged with CNN_Top:u_cnn|CNN_Conv_Layer:u_conv|CNN_MAC_Unit:g_filter[7].u_mac|s1_b[14]     ;
; CNN_Top:u_cnn|CNN_Conv_Layer:u_conv|CNN_MAC_Unit:g_filter[7].u_mac|s1_b[9]                         ; Merged with CNN_Top:u_cnn|CNN_Conv_Layer:u_conv|CNN_MAC_Unit:g_filter[5].u_mac|s1_b[15]     ;
; CNN_Top:u_cnn|CNN_Conv_Layer:u_conv|CNN_MAC_Unit:g_filter[7].u_mac|s1_b[10]                        ; Merged with CNN_Top:u_cnn|CNN_Conv_Layer:u_conv|CNN_MAC_Unit:g_filter[6].u_mac|s1_b[6]      ;
; CNN_Top:u_cnn|CNN_Conv_Layer:u_conv|CNN_MAC_Unit:g_filter[7].u_mac|s1_b[12,13]                     ; Merged with CNN_Top:u_cnn|CNN_Conv_Layer:u_conv|CNN_MAC_Unit:g_filter[7].u_mac|s1_b[11]     ;
; CNN_Top:u_cnn|CNN_Conv_Layer:u_conv|CNN_MAC_Unit:g_filter[7].u_mac|s1_b[15]                        ; Merged with CNN_Top:u_cnn|CNN_Conv_Layer:u_conv|CNN_MAC_Unit:g_filter[1].u_mac|s1_b[11]     ;
; CNN_Top:u_cnn|CNN_Conv_Layer:u_conv|CNN_MAC_Unit:g_filter[1].u_mac|s1_a[0]                         ; Merged with CNN_Top:u_cnn|CNN_Conv_Layer:u_conv|CNN_MAC_Unit:g_filter[0].u_mac|s1_a[0]      ;
; CNN_Top:u_cnn|CNN_Conv_Layer:u_conv|CNN_MAC_Unit:g_filter[2].u_mac|s1_a[0]                         ; Merged with CNN_Top:u_cnn|CNN_Conv_Layer:u_conv|CNN_MAC_Unit:g_filter[0].u_mac|s1_a[0]      ;
; CNN_Top:u_cnn|CNN_Conv_Layer:u_conv|CNN_MAC_Unit:g_filter[3].u_mac|s1_a[0]                         ; Merged with CNN_Top:u_cnn|CNN_Conv_Layer:u_conv|CNN_MAC_Unit:g_filter[0].u_mac|s1_a[0]      ;
; CNN_Top:u_cnn|CNN_Conv_Layer:u_conv|CNN_MAC_Unit:g_filter[4].u_mac|s1_a[0]                         ; Merged with CNN_Top:u_cnn|CNN_Conv_Layer:u_conv|CNN_MAC_Unit:g_filter[0].u_mac|s1_a[0]      ;
; CNN_Top:u_cnn|CNN_Conv_Layer:u_conv|CNN_MAC_Unit:g_filter[5].u_mac|s1_a[0]                         ; Merged with CNN_Top:u_cnn|CNN_Conv_Layer:u_conv|CNN_MAC_Unit:g_filter[0].u_mac|s1_a[0]      ;
; CNN_Top:u_cnn|CNN_Conv_Layer:u_conv|CNN_MAC_Unit:g_filter[6].u_mac|s1_a[0]                         ; Merged with CNN_Top:u_cnn|CNN_Conv_Layer:u_conv|CNN_MAC_Unit:g_filter[0].u_mac|s1_a[0]      ;
; CNN_Top:u_cnn|CNN_Conv_Layer:u_conv|CNN_MAC_Unit:g_filter[7].u_mac|s1_a[0]                         ; Merged with CNN_Top:u_cnn|CNN_Conv_Layer:u_conv|CNN_MAC_Unit:g_filter[0].u_mac|s1_a[0]      ;
; CNN_Top:u_cnn|CNN_Conv_Layer:u_conv|CNN_MAC_Unit:g_filter[1].u_mac|s1_a[1]                         ; Merged with CNN_Top:u_cnn|CNN_Conv_Layer:u_conv|CNN_MAC_Unit:g_filter[0].u_mac|s1_a[1]      ;
; CNN_Top:u_cnn|CNN_Conv_Layer:u_conv|CNN_MAC_Unit:g_filter[2].u_mac|s1_a[1]                         ; Merged with CNN_Top:u_cnn|CNN_Conv_Layer:u_conv|CNN_MAC_Unit:g_filter[0].u_mac|s1_a[1]      ;
; CNN_Top:u_cnn|CNN_Conv_Layer:u_conv|CNN_MAC_Unit:g_filter[3].u_mac|s1_a[1]                         ; Merged with CNN_Top:u_cnn|CNN_Conv_Layer:u_conv|CNN_MAC_Unit:g_filter[0].u_mac|s1_a[1]      ;
; CNN_Top:u_cnn|CNN_Conv_Layer:u_conv|CNN_MAC_Unit:g_filter[4].u_mac|s1_a[1]                         ; Merged with CNN_Top:u_cnn|CNN_Conv_Layer:u_conv|CNN_MAC_Unit:g_filter[0].u_mac|s1_a[1]      ;
; CNN_Top:u_cnn|CNN_Conv_Layer:u_conv|CNN_MAC_Unit:g_filter[5].u_mac|s1_a[1]                         ; Merged with CNN_Top:u_cnn|CNN_Conv_Layer:u_conv|CNN_MAC_Unit:g_filter[0].u_mac|s1_a[1]      ;
; CNN_Top:u_cnn|CNN_Conv_Layer:u_conv|CNN_MAC_Unit:g_filter[6].u_mac|s1_a[1]                         ; Merged with CNN_Top:u_cnn|CNN_Conv_Layer:u_conv|CNN_MAC_Unit:g_filter[0].u_mac|s1_a[1]      ;
; CNN_Top:u_cnn|CNN_Conv_Layer:u_conv|CNN_MAC_Unit:g_filter[7].u_mac|s1_a[1]                         ; Merged with CNN_Top:u_cnn|CNN_Conv_Layer:u_conv|CNN_MAC_Unit:g_filter[0].u_mac|s1_a[1]      ;
; CNN_Top:u_cnn|CNN_Conv_Layer:u_conv|CNN_MAC_Unit:g_filter[1].u_mac|s1_a[2]                         ; Merged with CNN_Top:u_cnn|CNN_Conv_Layer:u_conv|CNN_MAC_Unit:g_filter[0].u_mac|s1_a[2]      ;
; CNN_Top:u_cnn|CNN_Conv_Layer:u_conv|CNN_MAC_Unit:g_filter[2].u_mac|s1_a[2]                         ; Merged with CNN_Top:u_cnn|CNN_Conv_Layer:u_conv|CNN_MAC_Unit:g_filter[0].u_mac|s1_a[2]      ;
; CNN_Top:u_cnn|CNN_Conv_Layer:u_conv|CNN_MAC_Unit:g_filter[3].u_mac|s1_a[2]                         ; Merged with CNN_Top:u_cnn|CNN_Conv_Layer:u_conv|CNN_MAC_Unit:g_filter[0].u_mac|s1_a[2]      ;
; CNN_Top:u_cnn|CNN_Conv_Layer:u_conv|CNN_MAC_Unit:g_filter[4].u_mac|s1_a[2]                         ; Merged with CNN_Top:u_cnn|CNN_Conv_Layer:u_conv|CNN_MAC_Unit:g_filter[0].u_mac|s1_a[2]      ;
; CNN_Top:u_cnn|CNN_Conv_Layer:u_conv|CNN_MAC_Unit:g_filter[5].u_mac|s1_a[2]                         ; Merged with CNN_Top:u_cnn|CNN_Conv_Layer:u_conv|CNN_MAC_Unit:g_filter[0].u_mac|s1_a[2]      ;
; CNN_Top:u_cnn|CNN_Conv_Layer:u_conv|CNN_MAC_Unit:g_filter[6].u_mac|s1_a[2]                         ; Merged with CNN_Top:u_cnn|CNN_Conv_Layer:u_conv|CNN_MAC_Unit:g_filter[0].u_mac|s1_a[2]      ;
; CNN_Top:u_cnn|CNN_Conv_Layer:u_conv|CNN_MAC_Unit:g_filter[7].u_mac|s1_a[2]                         ; Merged with CNN_Top:u_cnn|CNN_Conv_Layer:u_conv|CNN_MAC_Unit:g_filter[0].u_mac|s1_a[2]      ;
; CNN_Top:u_cnn|CNN_Conv_Layer:u_conv|CNN_MAC_Unit:g_filter[1].u_mac|s1_a[3]                         ; Merged with CNN_Top:u_cnn|CNN_Conv_Layer:u_conv|CNN_MAC_Unit:g_filter[0].u_mac|s1_a[3]      ;
; CNN_Top:u_cnn|CNN_Conv_Layer:u_conv|CNN_MAC_Unit:g_filter[2].u_mac|s1_a[3]                         ; Merged with CNN_Top:u_cnn|CNN_Conv_Layer:u_conv|CNN_MAC_Unit:g_filter[0].u_mac|s1_a[3]      ;
; CNN_Top:u_cnn|CNN_Conv_Layer:u_conv|CNN_MAC_Unit:g_filter[3].u_mac|s1_a[3]                         ; Merged with CNN_Top:u_cnn|CNN_Conv_Layer:u_conv|CNN_MAC_Unit:g_filter[0].u_mac|s1_a[3]      ;
; CNN_Top:u_cnn|CNN_Conv_Layer:u_conv|CNN_MAC_Unit:g_filter[4].u_mac|s1_a[3]                         ; Merged with CNN_Top:u_cnn|CNN_Conv_Layer:u_conv|CNN_MAC_Unit:g_filter[0].u_mac|s1_a[3]      ;
; CNN_Top:u_cnn|CNN_Conv_Layer:u_conv|CNN_MAC_Unit:g_filter[5].u_mac|s1_a[3]                         ; Merged with CNN_Top:u_cnn|CNN_Conv_Layer:u_conv|CNN_MAC_Unit:g_filter[0].u_mac|s1_a[3]      ;
; CNN_Top:u_cnn|CNN_Conv_Layer:u_conv|CNN_MAC_Unit:g_filter[6].u_mac|s1_a[3]                         ; Merged with CNN_Top:u_cnn|CNN_Conv_Layer:u_conv|CNN_MAC_Unit:g_filter[0].u_mac|s1_a[3]      ;
; CNN_Top:u_cnn|CNN_Conv_Layer:u_conv|CNN_MAC_Unit:g_filter[7].u_mac|s1_a[3]                         ; Merged with CNN_Top:u_cnn|CNN_Conv_Layer:u_conv|CNN_MAC_Unit:g_filter[0].u_mac|s1_a[3]      ;
; CNN_Top:u_cnn|CNN_Conv_Layer:u_conv|CNN_MAC_Unit:g_filter[1].u_mac|s1_a[4]                         ; Merged with CNN_Top:u_cnn|CNN_Conv_Layer:u_conv|CNN_MAC_Unit:g_filter[0].u_mac|s1_a[4]      ;
; CNN_Top:u_cnn|CNN_Conv_Layer:u_conv|CNN_MAC_Unit:g_filter[2].u_mac|s1_a[4]                         ; Merged with CNN_Top:u_cnn|CNN_Conv_Layer:u_conv|CNN_MAC_Unit:g_filter[0].u_mac|s1_a[4]      ;
; CNN_Top:u_cnn|CNN_Conv_Layer:u_conv|CNN_MAC_Unit:g_filter[3].u_mac|s1_a[4]                         ; Merged with CNN_Top:u_cnn|CNN_Conv_Layer:u_conv|CNN_MAC_Unit:g_filter[0].u_mac|s1_a[4]      ;
; CNN_Top:u_cnn|CNN_Conv_Layer:u_conv|CNN_MAC_Unit:g_filter[4].u_mac|s1_a[4]                         ; Merged with CNN_Top:u_cnn|CNN_Conv_Layer:u_conv|CNN_MAC_Unit:g_filter[0].u_mac|s1_a[4]      ;
; CNN_Top:u_cnn|CNN_Conv_Layer:u_conv|CNN_MAC_Unit:g_filter[5].u_mac|s1_a[4]                         ; Merged with CNN_Top:u_cnn|CNN_Conv_Layer:u_conv|CNN_MAC_Unit:g_filter[0].u_mac|s1_a[4]      ;
; CNN_Top:u_cnn|CNN_Conv_Layer:u_conv|CNN_MAC_Unit:g_filter[6].u_mac|s1_a[4]                         ; Merged with CNN_Top:u_cnn|CNN_Conv_Layer:u_conv|CNN_MAC_Unit:g_filter[0].u_mac|s1_a[4]      ;
; CNN_Top:u_cnn|CNN_Conv_Layer:u_conv|CNN_MAC_Unit:g_filter[7].u_mac|s1_a[4]                         ; Merged with CNN_Top:u_cnn|CNN_Conv_Layer:u_conv|CNN_MAC_Unit:g_filter[0].u_mac|s1_a[4]      ;
; CNN_Top:u_cnn|CNN_Conv_Layer:u_conv|CNN_MAC_Unit:g_filter[1].u_mac|s1_a[5]                         ; Merged with CNN_Top:u_cnn|CNN_Conv_Layer:u_conv|CNN_MAC_Unit:g_filter[0].u_mac|s1_a[5]      ;
; CNN_Top:u_cnn|CNN_Conv_Layer:u_conv|CNN_MAC_Unit:g_filter[2].u_mac|s1_a[5]                         ; Merged with CNN_Top:u_cnn|CNN_Conv_Layer:u_conv|CNN_MAC_Unit:g_filter[0].u_mac|s1_a[5]      ;
; CNN_Top:u_cnn|CNN_Conv_Layer:u_conv|CNN_MAC_Unit:g_filter[3].u_mac|s1_a[5]                         ; Merged with CNN_Top:u_cnn|CNN_Conv_Layer:u_conv|CNN_MAC_Unit:g_filter[0].u_mac|s1_a[5]      ;
; CNN_Top:u_cnn|CNN_Conv_Layer:u_conv|CNN_MAC_Unit:g_filter[4].u_mac|s1_a[5]                         ; Merged with CNN_Top:u_cnn|CNN_Conv_Layer:u_conv|CNN_MAC_Unit:g_filter[0].u_mac|s1_a[5]      ;
; CNN_Top:u_cnn|CNN_Conv_Layer:u_conv|CNN_MAC_Unit:g_filter[5].u_mac|s1_a[5]                         ; Merged with CNN_Top:u_cnn|CNN_Conv_Layer:u_conv|CNN_MAC_Unit:g_filter[0].u_mac|s1_a[5]      ;
; CNN_Top:u_cnn|CNN_Conv_Layer:u_conv|CNN_MAC_Unit:g_filter[6].u_mac|s1_a[5]                         ; Merged with CNN_Top:u_cnn|CNN_Conv_Layer:u_conv|CNN_MAC_Unit:g_filter[0].u_mac|s1_a[5]      ;
; CNN_Top:u_cnn|CNN_Conv_Layer:u_conv|CNN_MAC_Unit:g_filter[7].u_mac|s1_a[5]                         ; Merged with CNN_Top:u_cnn|CNN_Conv_Layer:u_conv|CNN_MAC_Unit:g_filter[0].u_mac|s1_a[5]      ;
; CNN_Top:u_cnn|CNN_Conv_Layer:u_conv|CNN_MAC_Unit:g_filter[1].u_mac|s1_a[6]                         ; Merged with CNN_Top:u_cnn|CNN_Conv_Layer:u_conv|CNN_MAC_Unit:g_filter[0].u_mac|s1_a[6]      ;
; CNN_Top:u_cnn|CNN_Conv_Layer:u_conv|CNN_MAC_Unit:g_filter[2].u_mac|s1_a[6]                         ; Merged with CNN_Top:u_cnn|CNN_Conv_Layer:u_conv|CNN_MAC_Unit:g_filter[0].u_mac|s1_a[6]      ;
; CNN_Top:u_cnn|CNN_Conv_Layer:u_conv|CNN_MAC_Unit:g_filter[3].u_mac|s1_a[6]                         ; Merged with CNN_Top:u_cnn|CNN_Conv_Layer:u_conv|CNN_MAC_Unit:g_filter[0].u_mac|s1_a[6]      ;
; CNN_Top:u_cnn|CNN_Conv_Layer:u_conv|CNN_MAC_Unit:g_filter[4].u_mac|s1_a[6]                         ; Merged with CNN_Top:u_cnn|CNN_Conv_Layer:u_conv|CNN_MAC_Unit:g_filter[0].u_mac|s1_a[6]      ;
; CNN_Top:u_cnn|CNN_Conv_Layer:u_conv|CNN_MAC_Unit:g_filter[5].u_mac|s1_a[6]                         ; Merged with CNN_Top:u_cnn|CNN_Conv_Layer:u_conv|CNN_MAC_Unit:g_filter[0].u_mac|s1_a[6]      ;
; CNN_Top:u_cnn|CNN_Conv_Layer:u_conv|CNN_MAC_Unit:g_filter[6].u_mac|s1_a[6]                         ; Merged with CNN_Top:u_cnn|CNN_Conv_Layer:u_conv|CNN_MAC_Unit:g_filter[0].u_mac|s1_a[6]      ;
; CNN_Top:u_cnn|CNN_Conv_Layer:u_conv|CNN_MAC_Unit:g_filter[7].u_mac|s1_a[6]                         ; Merged with CNN_Top:u_cnn|CNN_Conv_Layer:u_conv|CNN_MAC_Unit:g_filter[0].u_mac|s1_a[6]      ;
; CNN_Top:u_cnn|CNN_Conv_Layer:u_conv|CNN_MAC_Unit:g_filter[1].u_mac|s1_a[7]                         ; Merged with CNN_Top:u_cnn|CNN_Conv_Layer:u_conv|CNN_MAC_Unit:g_filter[0].u_mac|s1_a[7]      ;
; CNN_Top:u_cnn|CNN_Conv_Layer:u_conv|CNN_MAC_Unit:g_filter[2].u_mac|s1_a[7]                         ; Merged with CNN_Top:u_cnn|CNN_Conv_Layer:u_conv|CNN_MAC_Unit:g_filter[0].u_mac|s1_a[7]      ;
; CNN_Top:u_cnn|CNN_Conv_Layer:u_conv|CNN_MAC_Unit:g_filter[3].u_mac|s1_a[7]                         ; Merged with CNN_Top:u_cnn|CNN_Conv_Layer:u_conv|CNN_MAC_Unit:g_filter[0].u_mac|s1_a[7]      ;
; CNN_Top:u_cnn|CNN_Conv_Layer:u_conv|CNN_MAC_Unit:g_filter[4].u_mac|s1_a[7]                         ; Merged with CNN_Top:u_cnn|CNN_Conv_Layer:u_conv|CNN_MAC_Unit:g_filter[0].u_mac|s1_a[7]      ;
; CNN_Top:u_cnn|CNN_Conv_Layer:u_conv|CNN_MAC_Unit:g_filter[5].u_mac|s1_a[7]                         ; Merged with CNN_Top:u_cnn|CNN_Conv_Layer:u_conv|CNN_MAC_Unit:g_filter[0].u_mac|s1_a[7]      ;
; CNN_Top:u_cnn|CNN_Conv_Layer:u_conv|CNN_MAC_Unit:g_filter[6].u_mac|s1_a[7]                         ; Merged with CNN_Top:u_cnn|CNN_Conv_Layer:u_conv|CNN_MAC_Unit:g_filter[0].u_mac|s1_a[7]      ;
; CNN_Top:u_cnn|CNN_Conv_Layer:u_conv|CNN_MAC_Unit:g_filter[7].u_mac|s1_a[7]                         ; Merged with CNN_Top:u_cnn|CNN_Conv_Layer:u_conv|CNN_MAC_Unit:g_filter[0].u_mac|s1_a[7]      ;
; CNN_Top:u_cnn|CNN_Conv_Layer:u_conv|CNN_MAC_Unit:g_filter[1].u_mac|s1_a[8]                         ; Merged with CNN_Top:u_cnn|CNN_Conv_Layer:u_conv|CNN_MAC_Unit:g_filter[0].u_mac|s1_a[8]      ;
; CNN_Top:u_cnn|CNN_Conv_Layer:u_conv|CNN_MAC_Unit:g_filter[2].u_mac|s1_a[8]                         ; Merged with CNN_Top:u_cnn|CNN_Conv_Layer:u_conv|CNN_MAC_Unit:g_filter[0].u_mac|s1_a[8]      ;
; CNN_Top:u_cnn|CNN_Conv_Layer:u_conv|CNN_MAC_Unit:g_filter[3].u_mac|s1_a[8]                         ; Merged with CNN_Top:u_cnn|CNN_Conv_Layer:u_conv|CNN_MAC_Unit:g_filter[0].u_mac|s1_a[8]      ;
; CNN_Top:u_cnn|CNN_Conv_Layer:u_conv|CNN_MAC_Unit:g_filter[4].u_mac|s1_a[8]                         ; Merged with CNN_Top:u_cnn|CNN_Conv_Layer:u_conv|CNN_MAC_Unit:g_filter[0].u_mac|s1_a[8]      ;
; CNN_Top:u_cnn|CNN_Conv_Layer:u_conv|CNN_MAC_Unit:g_filter[5].u_mac|s1_a[8]                         ; Merged with CNN_Top:u_cnn|CNN_Conv_Layer:u_conv|CNN_MAC_Unit:g_filter[0].u_mac|s1_a[8]      ;
; CNN_Top:u_cnn|CNN_Conv_Layer:u_conv|CNN_MAC_Unit:g_filter[6].u_mac|s1_a[8]                         ; Merged with CNN_Top:u_cnn|CNN_Conv_Layer:u_conv|CNN_MAC_Unit:g_filter[0].u_mac|s1_a[8]      ;
; CNN_Top:u_cnn|CNN_Conv_Layer:u_conv|CNN_MAC_Unit:g_filter[7].u_mac|s1_a[8]                         ; Merged with CNN_Top:u_cnn|CNN_Conv_Layer:u_conv|CNN_MAC_Unit:g_filter[0].u_mac|s1_a[8]      ;
; CNN_Top:u_cnn|CNN_Conv_Layer:u_conv|CNN_MAC_Unit:g_filter[1].u_mac|s1_a[9]                         ; Merged with CNN_Top:u_cnn|CNN_Conv_Layer:u_conv|CNN_MAC_Unit:g_filter[0].u_mac|s1_a[9]      ;
; CNN_Top:u_cnn|CNN_Conv_Layer:u_conv|CNN_MAC_Unit:g_filter[2].u_mac|s1_a[9]                         ; Merged with CNN_Top:u_cnn|CNN_Conv_Layer:u_conv|CNN_MAC_Unit:g_filter[0].u_mac|s1_a[9]      ;
; CNN_Top:u_cnn|CNN_Conv_Layer:u_conv|CNN_MAC_Unit:g_filter[3].u_mac|s1_a[9]                         ; Merged with CNN_Top:u_cnn|CNN_Conv_Layer:u_conv|CNN_MAC_Unit:g_filter[0].u_mac|s1_a[9]      ;
; CNN_Top:u_cnn|CNN_Conv_Layer:u_conv|CNN_MAC_Unit:g_filter[4].u_mac|s1_a[9]                         ; Merged with CNN_Top:u_cnn|CNN_Conv_Layer:u_conv|CNN_MAC_Unit:g_filter[0].u_mac|s1_a[9]      ;
; CNN_Top:u_cnn|CNN_Conv_Layer:u_conv|CNN_MAC_Unit:g_filter[5].u_mac|s1_a[9]                         ; Merged with CNN_Top:u_cnn|CNN_Conv_Layer:u_conv|CNN_MAC_Unit:g_filter[0].u_mac|s1_a[9]      ;
; CNN_Top:u_cnn|CNN_Conv_Layer:u_conv|CNN_MAC_Unit:g_filter[6].u_mac|s1_a[9]                         ; Merged with CNN_Top:u_cnn|CNN_Conv_Layer:u_conv|CNN_MAC_Unit:g_filter[0].u_mac|s1_a[9]      ;
; CNN_Top:u_cnn|CNN_Conv_Layer:u_conv|CNN_MAC_Unit:g_filter[7].u_mac|s1_a[9]                         ; Merged with CNN_Top:u_cnn|CNN_Conv_Layer:u_conv|CNN_MAC_Unit:g_filter[0].u_mac|s1_a[9]      ;
; CNN_Top:u_cnn|CNN_Conv_Layer:u_conv|CNN_MAC_Unit:g_filter[1].u_mac|s1_a[10]                        ; Merged with CNN_Top:u_cnn|CNN_Conv_Layer:u_conv|CNN_MAC_Unit:g_filter[0].u_mac|s1_a[10]     ;
; CNN_Top:u_cnn|CNN_Conv_Layer:u_conv|CNN_MAC_Unit:g_filter[2].u_mac|s1_a[10]                        ; Merged with CNN_Top:u_cnn|CNN_Conv_Layer:u_conv|CNN_MAC_Unit:g_filter[0].u_mac|s1_a[10]     ;
; CNN_Top:u_cnn|CNN_Conv_Layer:u_conv|CNN_MAC_Unit:g_filter[3].u_mac|s1_a[10]                        ; Merged with CNN_Top:u_cnn|CNN_Conv_Layer:u_conv|CNN_MAC_Unit:g_filter[0].u_mac|s1_a[10]     ;
; CNN_Top:u_cnn|CNN_Conv_Layer:u_conv|CNN_MAC_Unit:g_filter[4].u_mac|s1_a[10]                        ; Merged with CNN_Top:u_cnn|CNN_Conv_Layer:u_conv|CNN_MAC_Unit:g_filter[0].u_mac|s1_a[10]     ;
; CNN_Top:u_cnn|CNN_Conv_Layer:u_conv|CNN_MAC_Unit:g_filter[5].u_mac|s1_a[10]                        ; Merged with CNN_Top:u_cnn|CNN_Conv_Layer:u_conv|CNN_MAC_Unit:g_filter[0].u_mac|s1_a[10]     ;
; CNN_Top:u_cnn|CNN_Conv_Layer:u_conv|CNN_MAC_Unit:g_filter[6].u_mac|s1_a[10]                        ; Merged with CNN_Top:u_cnn|CNN_Conv_Layer:u_conv|CNN_MAC_Unit:g_filter[0].u_mac|s1_a[10]     ;
; CNN_Top:u_cnn|CNN_Conv_Layer:u_conv|CNN_MAC_Unit:g_filter[7].u_mac|s1_a[10]                        ; Merged with CNN_Top:u_cnn|CNN_Conv_Layer:u_conv|CNN_MAC_Unit:g_filter[0].u_mac|s1_a[10]     ;
; CNN_Top:u_cnn|CNN_Conv_Layer:u_conv|CNN_MAC_Unit:g_filter[1].u_mac|s1_a[11]                        ; Merged with CNN_Top:u_cnn|CNN_Conv_Layer:u_conv|CNN_MAC_Unit:g_filter[0].u_mac|s1_a[11]     ;
; CNN_Top:u_cnn|CNN_Conv_Layer:u_conv|CNN_MAC_Unit:g_filter[2].u_mac|s1_a[11]                        ; Merged with CNN_Top:u_cnn|CNN_Conv_Layer:u_conv|CNN_MAC_Unit:g_filter[0].u_mac|s1_a[11]     ;
; CNN_Top:u_cnn|CNN_Conv_Layer:u_conv|CNN_MAC_Unit:g_filter[3].u_mac|s1_a[11]                        ; Merged with CNN_Top:u_cnn|CNN_Conv_Layer:u_conv|CNN_MAC_Unit:g_filter[0].u_mac|s1_a[11]     ;
; CNN_Top:u_cnn|CNN_Conv_Layer:u_conv|CNN_MAC_Unit:g_filter[4].u_mac|s1_a[11]                        ; Merged with CNN_Top:u_cnn|CNN_Conv_Layer:u_conv|CNN_MAC_Unit:g_filter[0].u_mac|s1_a[11]     ;
; CNN_Top:u_cnn|CNN_Conv_Layer:u_conv|CNN_MAC_Unit:g_filter[5].u_mac|s1_a[11]                        ; Merged with CNN_Top:u_cnn|CNN_Conv_Layer:u_conv|CNN_MAC_Unit:g_filter[0].u_mac|s1_a[11]     ;
; CNN_Top:u_cnn|CNN_Conv_Layer:u_conv|CNN_MAC_Unit:g_filter[6].u_mac|s1_a[11]                        ; Merged with CNN_Top:u_cnn|CNN_Conv_Layer:u_conv|CNN_MAC_Unit:g_filter[0].u_mac|s1_a[11]     ;
; CNN_Top:u_cnn|CNN_Conv_Layer:u_conv|CNN_MAC_Unit:g_filter[7].u_mac|s1_a[11]                        ; Merged with CNN_Top:u_cnn|CNN_Conv_Layer:u_conv|CNN_MAC_Unit:g_filter[0].u_mac|s1_a[11]     ;
; CNN_Top:u_cnn|CNN_Conv_Layer:u_conv|CNN_MAC_Unit:g_filter[1].u_mac|s1_a[12]                        ; Merged with CNN_Top:u_cnn|CNN_Conv_Layer:u_conv|CNN_MAC_Unit:g_filter[0].u_mac|s1_a[12]     ;
; CNN_Top:u_cnn|CNN_Conv_Layer:u_conv|CNN_MAC_Unit:g_filter[2].u_mac|s1_a[12]                        ; Merged with CNN_Top:u_cnn|CNN_Conv_Layer:u_conv|CNN_MAC_Unit:g_filter[0].u_mac|s1_a[12]     ;
; CNN_Top:u_cnn|CNN_Conv_Layer:u_conv|CNN_MAC_Unit:g_filter[3].u_mac|s1_a[12]                        ; Merged with CNN_Top:u_cnn|CNN_Conv_Layer:u_conv|CNN_MAC_Unit:g_filter[0].u_mac|s1_a[12]     ;
; CNN_Top:u_cnn|CNN_Conv_Layer:u_conv|CNN_MAC_Unit:g_filter[4].u_mac|s1_a[12]                        ; Merged with CNN_Top:u_cnn|CNN_Conv_Layer:u_conv|CNN_MAC_Unit:g_filter[0].u_mac|s1_a[12]     ;
; CNN_Top:u_cnn|CNN_Conv_Layer:u_conv|CNN_MAC_Unit:g_filter[5].u_mac|s1_a[12]                        ; Merged with CNN_Top:u_cnn|CNN_Conv_Layer:u_conv|CNN_MAC_Unit:g_filter[0].u_mac|s1_a[12]     ;
; CNN_Top:u_cnn|CNN_Conv_Layer:u_conv|CNN_MAC_Unit:g_filter[6].u_mac|s1_a[12]                        ; Merged with CNN_Top:u_cnn|CNN_Conv_Layer:u_conv|CNN_MAC_Unit:g_filter[0].u_mac|s1_a[12]     ;
; CNN_Top:u_cnn|CNN_Conv_Layer:u_conv|CNN_MAC_Unit:g_filter[7].u_mac|s1_a[12]                        ; Merged with CNN_Top:u_cnn|CNN_Conv_Layer:u_conv|CNN_MAC_Unit:g_filter[0].u_mac|s1_a[12]     ;
; CNN_Top:u_cnn|CNN_Conv_Layer:u_conv|CNN_MAC_Unit:g_filter[1].u_mac|s1_a[13]                        ; Merged with CNN_Top:u_cnn|CNN_Conv_Layer:u_conv|CNN_MAC_Unit:g_filter[0].u_mac|s1_a[13]     ;
; CNN_Top:u_cnn|CNN_Conv_Layer:u_conv|CNN_MAC_Unit:g_filter[2].u_mac|s1_a[13]                        ; Merged with CNN_Top:u_cnn|CNN_Conv_Layer:u_conv|CNN_MAC_Unit:g_filter[0].u_mac|s1_a[13]     ;
; CNN_Top:u_cnn|CNN_Conv_Layer:u_conv|CNN_MAC_Unit:g_filter[3].u_mac|s1_a[13]                        ; Merged with CNN_Top:u_cnn|CNN_Conv_Layer:u_conv|CNN_MAC_Unit:g_filter[0].u_mac|s1_a[13]     ;
; CNN_Top:u_cnn|CNN_Conv_Layer:u_conv|CNN_MAC_Unit:g_filter[4].u_mac|s1_a[13]                        ; Merged with CNN_Top:u_cnn|CNN_Conv_Layer:u_conv|CNN_MAC_Unit:g_filter[0].u_mac|s1_a[13]     ;
; CNN_Top:u_cnn|CNN_Conv_Layer:u_conv|CNN_MAC_Unit:g_filter[5].u_mac|s1_a[13]                        ; Merged with CNN_Top:u_cnn|CNN_Conv_Layer:u_conv|CNN_MAC_Unit:g_filter[0].u_mac|s1_a[13]     ;
; CNN_Top:u_cnn|CNN_Conv_Layer:u_conv|CNN_MAC_Unit:g_filter[6].u_mac|s1_a[13]                        ; Merged with CNN_Top:u_cnn|CNN_Conv_Layer:u_conv|CNN_MAC_Unit:g_filter[0].u_mac|s1_a[13]     ;
; CNN_Top:u_cnn|CNN_Conv_Layer:u_conv|CNN_MAC_Unit:g_filter[7].u_mac|s1_a[13]                        ; Merged with CNN_Top:u_cnn|CNN_Conv_Layer:u_conv|CNN_MAC_Unit:g_filter[0].u_mac|s1_a[13]     ;
; CNN_Top:u_cnn|CNN_Conv_Layer:u_conv|CNN_MAC_Unit:g_filter[1].u_mac|s1_a[14]                        ; Merged with CNN_Top:u_cnn|CNN_Conv_Layer:u_conv|CNN_MAC_Unit:g_filter[0].u_mac|s1_a[14]     ;
; CNN_Top:u_cnn|CNN_Conv_Layer:u_conv|CNN_MAC_Unit:g_filter[2].u_mac|s1_a[14]                        ; Merged with CNN_Top:u_cnn|CNN_Conv_Layer:u_conv|CNN_MAC_Unit:g_filter[0].u_mac|s1_a[14]     ;
; CNN_Top:u_cnn|CNN_Conv_Layer:u_conv|CNN_MAC_Unit:g_filter[3].u_mac|s1_a[14]                        ; Merged with CNN_Top:u_cnn|CNN_Conv_Layer:u_conv|CNN_MAC_Unit:g_filter[0].u_mac|s1_a[14]     ;
; CNN_Top:u_cnn|CNN_Conv_Layer:u_conv|CNN_MAC_Unit:g_filter[4].u_mac|s1_a[14]                        ; Merged with CNN_Top:u_cnn|CNN_Conv_Layer:u_conv|CNN_MAC_Unit:g_filter[0].u_mac|s1_a[14]     ;
; CNN_Top:u_cnn|CNN_Conv_Layer:u_conv|CNN_MAC_Unit:g_filter[5].u_mac|s1_a[14]                        ; Merged with CNN_Top:u_cnn|CNN_Conv_Layer:u_conv|CNN_MAC_Unit:g_filter[0].u_mac|s1_a[14]     ;
; CNN_Top:u_cnn|CNN_Conv_Layer:u_conv|CNN_MAC_Unit:g_filter[6].u_mac|s1_a[14]                        ; Merged with CNN_Top:u_cnn|CNN_Conv_Layer:u_conv|CNN_MAC_Unit:g_filter[0].u_mac|s1_a[14]     ;
; CNN_Top:u_cnn|CNN_Conv_Layer:u_conv|CNN_MAC_Unit:g_filter[7].u_mac|s1_a[14]                        ; Merged with CNN_Top:u_cnn|CNN_Conv_Layer:u_conv|CNN_MAC_Unit:g_filter[0].u_mac|s1_a[14]     ;
; CNN_Top:u_cnn|CNN_Conv_Layer:u_conv|CNN_MAC_Unit:g_filter[1].u_mac|s1_a[15]                        ; Merged with CNN_Top:u_cnn|CNN_Conv_Layer:u_conv|CNN_MAC_Unit:g_filter[0].u_mac|s1_a[15]     ;
; CNN_Top:u_cnn|CNN_Conv_Layer:u_conv|CNN_MAC_Unit:g_filter[2].u_mac|s1_a[15]                        ; Merged with CNN_Top:u_cnn|CNN_Conv_Layer:u_conv|CNN_MAC_Unit:g_filter[0].u_mac|s1_a[15]     ;
; CNN_Top:u_cnn|CNN_Conv_Layer:u_conv|CNN_MAC_Unit:g_filter[3].u_mac|s1_a[15]                        ; Merged with CNN_Top:u_cnn|CNN_Conv_Layer:u_conv|CNN_MAC_Unit:g_filter[0].u_mac|s1_a[15]     ;
; CNN_Top:u_cnn|CNN_Conv_Layer:u_conv|CNN_MAC_Unit:g_filter[4].u_mac|s1_a[15]                        ; Merged with CNN_Top:u_cnn|CNN_Conv_Layer:u_conv|CNN_MAC_Unit:g_filter[0].u_mac|s1_a[15]     ;
; CNN_Top:u_cnn|CNN_Conv_Layer:u_conv|CNN_MAC_Unit:g_filter[5].u_mac|s1_a[15]                        ; Merged with CNN_Top:u_cnn|CNN_Conv_Layer:u_conv|CNN_MAC_Unit:g_filter[0].u_mac|s1_a[15]     ;
; CNN_Top:u_cnn|CNN_Conv_Layer:u_conv|CNN_MAC_Unit:g_filter[6].u_mac|s1_a[15]                        ; Merged with CNN_Top:u_cnn|CNN_Conv_Layer:u_conv|CNN_MAC_Unit:g_filter[0].u_mac|s1_a[15]     ;
; CNN_Top:u_cnn|CNN_Conv_Layer:u_conv|CNN_MAC_Unit:g_filter[7].u_mac|s1_a[15]                        ; Merged with CNN_Top:u_cnn|CNN_Conv_Layer:u_conv|CNN_MAC_Unit:g_filter[0].u_mac|s1_a[15]     ;
; CNN_Top:u_cnn|CNN_Conv_Layer:u_conv|CNN_MAC_Unit:g_filter[6].u_mac|s1_b[0]                         ; Merged with CNN_Top:u_cnn|CNN_Conv_Layer:u_conv|CNN_MAC_Unit:g_filter[0].u_mac|s1_b[10]     ;
; CNN_Top:u_cnn|CNN_Conv_Layer:u_conv|CNN_MAC_Unit:g_filter[4].u_mac|s1_b[10]                        ; Merged with CNN_Top:u_cnn|CNN_Conv_Layer:u_conv|CNN_MAC_Unit:g_filter[2].u_mac|s1_b[6]      ;
; CNN_Top:u_cnn|CNN_Conv_Layer:u_conv|CNN_MAC_Unit:g_filter[6].u_mac|s1_b[7]                         ; Merged with CNN_Top:u_cnn|CNN_Conv_Layer:u_conv|CNN_MAC_Unit:g_filter[2].u_mac|s1_b[6]      ;
; CNN_Top:u_cnn|CNN_Conv_Layer:u_conv|CNN_MAC_Unit:g_filter[5].u_mac|s1_b[4]                         ; Merged with CNN_Top:u_cnn|CNN_Conv_Layer:u_conv|CNN_MAC_Unit:g_filter[3].u_mac|s1_b[11]     ;
; CNN_Top:u_cnn|CNN_Conv_Layer:u_conv|CNN_MAC_Unit:g_filter[3].u_mac|s1_b[7]                         ; Merged with CNN_Top:u_cnn|CNN_Conv_Layer:u_conv|CNN_MAC_Unit:g_filter[0].u_mac|s1_b[12]     ;
; CNN_Top:u_cnn|CNN_Conv_Layer:u_conv|CNN_MAC_Unit:g_filter[5].u_mac|s1_b[13]                        ; Merged with CNN_Top:u_cnn|CNN_Conv_Layer:u_conv|CNN_MAC_Unit:g_filter[0].u_mac|s1_b[12]     ;
; CNN_Top:u_cnn|CNN_Conv_Layer:u_conv|CNN_MAC_Unit:g_filter[4].u_mac|s1_b[6,13]                      ; Merged with CNN_Top:u_cnn|CNN_Conv_Layer:u_conv|CNN_MAC_Unit:g_filter[4].u_mac|s1_b[12]     ;
; CNN_Top:u_cnn|CNN_Conv_Layer:u_conv|CNN_MAC_Unit:g_filter[3].u_mac|s1_b[4]                         ; Merged with CNN_Top:u_cnn|CNN_Conv_Layer:u_conv|CNN_MAC_Unit:g_filter[3].u_mac|s1_b[13]     ;
; CNN_Top:u_cnn|CNN_Conv_Layer:u_conv|CNN_MAC_Unit:g_filter[3].u_mac|s1_b[6]                         ; Merged with CNN_Top:u_cnn|CNN_Conv_Layer:u_conv|CNN_MAC_Unit:g_filter[0].u_mac|s1_b[13]     ;
; CNN_Top:u_cnn|CNN_Conv_Layer:u_conv|CNN_MAC_Unit:g_filter[3].u_mac|s1_b[15]                        ; Merged with CNN_Top:u_cnn|CNN_Conv_Layer:u_conv|CNN_MAC_Unit:g_filter[0].u_mac|s1_b[15]     ;
; CNN_Top:u_cnn|CNN_Conv_Layer:u_conv|CNN_MAC_Unit:g_filter[2].u_mac|s1_b[9]                         ; Merged with CNN_Top:u_cnn|CNN_Conv_Layer:u_conv|CNN_MAC_Unit:g_filter[2].u_mac|s1_b[11]     ;
; CNN_Top:u_cnn|CNN_Conv_Layer:u_conv|CNN_MAC_Unit:g_filter[2].u_mac|s1_b[14]                        ; Merged with CNN_Top:u_cnn|CNN_Conv_Layer:u_conv|CNN_MAC_Unit:g_filter[1].u_mac|s1_b[7]      ;
; CNN_Top:u_cnn|CNN_Conv_Layer:u_conv|CNN_MAC_Unit:g_filter[1].u_mac|s1_b[5]                         ; Merged with CNN_Top:u_cnn|CNN_Conv_Layer:u_conv|CNN_MAC_Unit:g_filter[1].u_mac|s1_b[14]     ;
; FFT_Top:u_fft|FFT_Butterfly:u_butterfly|FP_Mult_Unit:u_mult_rr|r_B[0]                              ; Merged with FFT_Top:u_fft|FFT_Butterfly:u_butterfly|FP_Mult_Unit:u_mult_ir|r_B[0]           ;
; FFT_Top:u_fft|FFT_Butterfly:u_butterfly|FP_Mult_Unit:u_mult_rr|r_B[1]                              ; Merged with FFT_Top:u_fft|FFT_Butterfly:u_butterfly|FP_Mult_Unit:u_mult_ir|r_B[1]           ;
; FFT_Top:u_fft|FFT_Butterfly:u_butterfly|FP_Mult_Unit:u_mult_rr|r_B[2]                              ; Merged with FFT_Top:u_fft|FFT_Butterfly:u_butterfly|FP_Mult_Unit:u_mult_ir|r_B[2]           ;
; FFT_Top:u_fft|FFT_Butterfly:u_butterfly|FP_Mult_Unit:u_mult_rr|r_B[3]                              ; Merged with FFT_Top:u_fft|FFT_Butterfly:u_butterfly|FP_Mult_Unit:u_mult_ir|r_B[3]           ;
; FFT_Top:u_fft|FFT_Butterfly:u_butterfly|FP_Mult_Unit:u_mult_rr|r_B[4]                              ; Merged with FFT_Top:u_fft|FFT_Butterfly:u_butterfly|FP_Mult_Unit:u_mult_ir|r_B[4]           ;
; FFT_Top:u_fft|FFT_Butterfly:u_butterfly|FP_Mult_Unit:u_mult_rr|r_B[5]                              ; Merged with FFT_Top:u_fft|FFT_Butterfly:u_butterfly|FP_Mult_Unit:u_mult_ir|r_B[5]           ;
; FFT_Top:u_fft|FFT_Butterfly:u_butterfly|FP_Mult_Unit:u_mult_rr|r_B[6]                              ; Merged with FFT_Top:u_fft|FFT_Butterfly:u_butterfly|FP_Mult_Unit:u_mult_ir|r_B[6]           ;
; FFT_Top:u_fft|FFT_Butterfly:u_butterfly|FP_Mult_Unit:u_mult_rr|r_B[7]                              ; Merged with FFT_Top:u_fft|FFT_Butterfly:u_butterfly|FP_Mult_Unit:u_mult_ir|r_B[7]           ;
; FFT_Top:u_fft|FFT_Butterfly:u_butterfly|FP_Mult_Unit:u_mult_rr|r_B[8]                              ; Merged with FFT_Top:u_fft|FFT_Butterfly:u_butterfly|FP_Mult_Unit:u_mult_ir|r_B[8]           ;
; FFT_Top:u_fft|FFT_Butterfly:u_butterfly|FP_Mult_Unit:u_mult_rr|r_B[9]                              ; Merged with FFT_Top:u_fft|FFT_Butterfly:u_butterfly|FP_Mult_Unit:u_mult_ir|r_B[9]           ;
; FFT_Top:u_fft|FFT_Butterfly:u_butterfly|FP_Mult_Unit:u_mult_rr|r_B[10]                             ; Merged with FFT_Top:u_fft|FFT_Butterfly:u_butterfly|FP_Mult_Unit:u_mult_ir|r_B[10]          ;
; FFT_Top:u_fft|FFT_Butterfly:u_butterfly|FP_Mult_Unit:u_mult_rr|r_B[11]                             ; Merged with FFT_Top:u_fft|FFT_Butterfly:u_butterfly|FP_Mult_Unit:u_mult_ir|r_B[11]          ;
; FFT_Top:u_fft|FFT_Butterfly:u_butterfly|FP_Mult_Unit:u_mult_rr|r_B[12]                             ; Merged with FFT_Top:u_fft|FFT_Butterfly:u_butterfly|FP_Mult_Unit:u_mult_ir|r_B[12]          ;
; FFT_Top:u_fft|FFT_Butterfly:u_butterfly|FP_Mult_Unit:u_mult_rr|r_B[13]                             ; Merged with FFT_Top:u_fft|FFT_Butterfly:u_butterfly|FP_Mult_Unit:u_mult_ir|r_B[13]          ;
; FFT_Top:u_fft|FFT_Butterfly:u_butterfly|FP_Mult_Unit:u_mult_rr|r_B[14]                             ; Merged with FFT_Top:u_fft|FFT_Butterfly:u_butterfly|FP_Mult_Unit:u_mult_ir|r_B[14]          ;
; FFT_Top:u_fft|FFT_Butterfly:u_butterfly|FP_Mult_Unit:u_mult_rr|r_B[15]                             ; Merged with FFT_Top:u_fft|FFT_Butterfly:u_butterfly|FP_Mult_Unit:u_mult_ir|r_B[15]          ;
; FFT_Top:u_fft|FFT_Butterfly:u_butterfly|FP_Mult_Unit:u_mult_rr|r_A[0]                              ; Merged with FFT_Top:u_fft|FFT_Butterfly:u_butterfly|FP_Mult_Unit:u_mult_ri|r_A[0]           ;
; FFT_Top:u_fft|FFT_Butterfly:u_butterfly|FP_Mult_Unit:u_mult_rr|r_A[1]                              ; Merged with FFT_Top:u_fft|FFT_Butterfly:u_butterfly|FP_Mult_Unit:u_mult_ri|r_A[1]           ;
; FFT_Top:u_fft|FFT_Butterfly:u_butterfly|FP_Mult_Unit:u_mult_rr|r_A[2]                              ; Merged with FFT_Top:u_fft|FFT_Butterfly:u_butterfly|FP_Mult_Unit:u_mult_ri|r_A[2]           ;
; FFT_Top:u_fft|FFT_Butterfly:u_butterfly|FP_Mult_Unit:u_mult_rr|r_A[3]                              ; Merged with FFT_Top:u_fft|FFT_Butterfly:u_butterfly|FP_Mult_Unit:u_mult_ri|r_A[3]           ;
; FFT_Top:u_fft|FFT_Butterfly:u_butterfly|FP_Mult_Unit:u_mult_rr|r_A[4]                              ; Merged with FFT_Top:u_fft|FFT_Butterfly:u_butterfly|FP_Mult_Unit:u_mult_ri|r_A[4]           ;
; FFT_Top:u_fft|FFT_Butterfly:u_butterfly|FP_Mult_Unit:u_mult_rr|r_A[5]                              ; Merged with FFT_Top:u_fft|FFT_Butterfly:u_butterfly|FP_Mult_Unit:u_mult_ri|r_A[5]           ;
; FFT_Top:u_fft|FFT_Butterfly:u_butterfly|FP_Mult_Unit:u_mult_rr|r_A[6]                              ; Merged with FFT_Top:u_fft|FFT_Butterfly:u_butterfly|FP_Mult_Unit:u_mult_ri|r_A[6]           ;
; FFT_Top:u_fft|FFT_Butterfly:u_butterfly|FP_Mult_Unit:u_mult_rr|r_A[7]                              ; Merged with FFT_Top:u_fft|FFT_Butterfly:u_butterfly|FP_Mult_Unit:u_mult_ri|r_A[7]           ;
; FFT_Top:u_fft|FFT_Butterfly:u_butterfly|FP_Mult_Unit:u_mult_rr|r_A[8]                              ; Merged with FFT_Top:u_fft|FFT_Butterfly:u_butterfly|FP_Mult_Unit:u_mult_ri|r_A[8]           ;
; FFT_Top:u_fft|FFT_Butterfly:u_butterfly|FP_Mult_Unit:u_mult_rr|r_A[9]                              ; Merged with FFT_Top:u_fft|FFT_Butterfly:u_butterfly|FP_Mult_Unit:u_mult_ri|r_A[9]           ;
; FFT_Top:u_fft|FFT_Butterfly:u_butterfly|FP_Mult_Unit:u_mult_rr|r_A[10]                             ; Merged with FFT_Top:u_fft|FFT_Butterfly:u_butterfly|FP_Mult_Unit:u_mult_ri|r_A[10]          ;
; FFT_Top:u_fft|FFT_Butterfly:u_butterfly|FP_Mult_Unit:u_mult_rr|r_A[11]                             ; Merged with FFT_Top:u_fft|FFT_Butterfly:u_butterfly|FP_Mult_Unit:u_mult_ri|r_A[11]          ;
; FFT_Top:u_fft|FFT_Butterfly:u_butterfly|FP_Mult_Unit:u_mult_rr|r_A[12]                             ; Merged with FFT_Top:u_fft|FFT_Butterfly:u_butterfly|FP_Mult_Unit:u_mult_ri|r_A[12]          ;
; FFT_Top:u_fft|FFT_Butterfly:u_butterfly|FP_Mult_Unit:u_mult_rr|r_A[13]                             ; Merged with FFT_Top:u_fft|FFT_Butterfly:u_butterfly|FP_Mult_Unit:u_mult_ri|r_A[13]          ;
; FFT_Top:u_fft|FFT_Butterfly:u_butterfly|FP_Mult_Unit:u_mult_rr|r_A[14]                             ; Merged with FFT_Top:u_fft|FFT_Butterfly:u_butterfly|FP_Mult_Unit:u_mult_ri|r_A[14]          ;
; FFT_Top:u_fft|FFT_Butterfly:u_butterfly|FP_Mult_Unit:u_mult_rr|r_A[15]                             ; Merged with FFT_Top:u_fft|FFT_Butterfly:u_butterfly|FP_Mult_Unit:u_mult_ri|r_A[15]          ;
; FFT_Top:u_fft|FFT_Butterfly:u_butterfly|FP_Mult_Unit:u_mult_ri|r_B[0]                              ; Merged with FFT_Top:u_fft|FFT_Butterfly:u_butterfly|FP_Mult_Unit:u_mult_ii|r_B[0]           ;
; FFT_Top:u_fft|FFT_Butterfly:u_butterfly|FP_Mult_Unit:u_mult_ri|r_B[1]                              ; Merged with FFT_Top:u_fft|FFT_Butterfly:u_butterfly|FP_Mult_Unit:u_mult_ii|r_B[1]           ;
; FFT_Top:u_fft|FFT_Butterfly:u_butterfly|FP_Mult_Unit:u_mult_ri|r_B[2]                              ; Merged with FFT_Top:u_fft|FFT_Butterfly:u_butterfly|FP_Mult_Unit:u_mult_ii|r_B[2]           ;
; FFT_Top:u_fft|FFT_Butterfly:u_butterfly|FP_Mult_Unit:u_mult_ri|r_B[3]                              ; Merged with FFT_Top:u_fft|FFT_Butterfly:u_butterfly|FP_Mult_Unit:u_mult_ii|r_B[3]           ;
; FFT_Top:u_fft|FFT_Butterfly:u_butterfly|FP_Mult_Unit:u_mult_ri|r_B[4]                              ; Merged with FFT_Top:u_fft|FFT_Butterfly:u_butterfly|FP_Mult_Unit:u_mult_ii|r_B[4]           ;
; FFT_Top:u_fft|FFT_Butterfly:u_butterfly|FP_Mult_Unit:u_mult_ri|r_B[5]                              ; Merged with FFT_Top:u_fft|FFT_Butterfly:u_butterfly|FP_Mult_Unit:u_mult_ii|r_B[5]           ;
; FFT_Top:u_fft|FFT_Butterfly:u_butterfly|FP_Mult_Unit:u_mult_ri|r_B[6]                              ; Merged with FFT_Top:u_fft|FFT_Butterfly:u_butterfly|FP_Mult_Unit:u_mult_ii|r_B[6]           ;
; FFT_Top:u_fft|FFT_Butterfly:u_butterfly|FP_Mult_Unit:u_mult_ri|r_B[7]                              ; Merged with FFT_Top:u_fft|FFT_Butterfly:u_butterfly|FP_Mult_Unit:u_mult_ii|r_B[7]           ;
; FFT_Top:u_fft|FFT_Butterfly:u_butterfly|FP_Mult_Unit:u_mult_ri|r_B[8]                              ; Merged with FFT_Top:u_fft|FFT_Butterfly:u_butterfly|FP_Mult_Unit:u_mult_ii|r_B[8]           ;
; FFT_Top:u_fft|FFT_Butterfly:u_butterfly|FP_Mult_Unit:u_mult_ri|r_B[9]                              ; Merged with FFT_Top:u_fft|FFT_Butterfly:u_butterfly|FP_Mult_Unit:u_mult_ii|r_B[9]           ;
; FFT_Top:u_fft|FFT_Butterfly:u_butterfly|FP_Mult_Unit:u_mult_ri|r_B[10]                             ; Merged with FFT_Top:u_fft|FFT_Butterfly:u_butterfly|FP_Mult_Unit:u_mult_ii|r_B[10]          ;
; FFT_Top:u_fft|FFT_Butterfly:u_butterfly|FP_Mult_Unit:u_mult_ri|r_B[11]                             ; Merged with FFT_Top:u_fft|FFT_Butterfly:u_butterfly|FP_Mult_Unit:u_mult_ii|r_B[11]          ;
; FFT_Top:u_fft|FFT_Butterfly:u_butterfly|FP_Mult_Unit:u_mult_ri|r_B[12]                             ; Merged with FFT_Top:u_fft|FFT_Butterfly:u_butterfly|FP_Mult_Unit:u_mult_ii|r_B[12]          ;
; FFT_Top:u_fft|FFT_Butterfly:u_butterfly|FP_Mult_Unit:u_mult_ri|r_B[13]                             ; Merged with FFT_Top:u_fft|FFT_Butterfly:u_butterfly|FP_Mult_Unit:u_mult_ii|r_B[13]          ;
; FFT_Top:u_fft|FFT_Butterfly:u_butterfly|FP_Mult_Unit:u_mult_ri|r_B[14]                             ; Merged with FFT_Top:u_fft|FFT_Butterfly:u_butterfly|FP_Mult_Unit:u_mult_ii|r_B[14]          ;
; FFT_Top:u_fft|FFT_Butterfly:u_butterfly|FP_Mult_Unit:u_mult_ri|r_B[15]                             ; Merged with FFT_Top:u_fft|FFT_Butterfly:u_butterfly|FP_Mult_Unit:u_mult_ii|r_B[15]          ;
; FFT_Top:u_fft|FFT_Butterfly:u_butterfly|FP_Mult_Unit:u_mult_ir|r_A[0]                              ; Merged with FFT_Top:u_fft|FFT_Butterfly:u_butterfly|FP_Mult_Unit:u_mult_ii|r_A[0]           ;
; FFT_Top:u_fft|FFT_Butterfly:u_butterfly|FP_Mult_Unit:u_mult_ir|r_A[1]                              ; Merged with FFT_Top:u_fft|FFT_Butterfly:u_butterfly|FP_Mult_Unit:u_mult_ii|r_A[1]           ;
; FFT_Top:u_fft|FFT_Butterfly:u_butterfly|FP_Mult_Unit:u_mult_ir|r_A[2]                              ; Merged with FFT_Top:u_fft|FFT_Butterfly:u_butterfly|FP_Mult_Unit:u_mult_ii|r_A[2]           ;
; FFT_Top:u_fft|FFT_Butterfly:u_butterfly|FP_Mult_Unit:u_mult_ir|r_A[3]                              ; Merged with FFT_Top:u_fft|FFT_Butterfly:u_butterfly|FP_Mult_Unit:u_mult_ii|r_A[3]           ;
; FFT_Top:u_fft|FFT_Butterfly:u_butterfly|FP_Mult_Unit:u_mult_ir|r_A[4]                              ; Merged with FFT_Top:u_fft|FFT_Butterfly:u_butterfly|FP_Mult_Unit:u_mult_ii|r_A[4]           ;
; FFT_Top:u_fft|FFT_Butterfly:u_butterfly|FP_Mult_Unit:u_mult_ir|r_A[5]                              ; Merged with FFT_Top:u_fft|FFT_Butterfly:u_butterfly|FP_Mult_Unit:u_mult_ii|r_A[5]           ;
; FFT_Top:u_fft|FFT_Butterfly:u_butterfly|FP_Mult_Unit:u_mult_ir|r_A[6]                              ; Merged with FFT_Top:u_fft|FFT_Butterfly:u_butterfly|FP_Mult_Unit:u_mult_ii|r_A[6]           ;
; FFT_Top:u_fft|FFT_Butterfly:u_butterfly|FP_Mult_Unit:u_mult_ir|r_A[7]                              ; Merged with FFT_Top:u_fft|FFT_Butterfly:u_butterfly|FP_Mult_Unit:u_mult_ii|r_A[7]           ;
; FFT_Top:u_fft|FFT_Butterfly:u_butterfly|FP_Mult_Unit:u_mult_ir|r_A[8]                              ; Merged with FFT_Top:u_fft|FFT_Butterfly:u_butterfly|FP_Mult_Unit:u_mult_ii|r_A[8]           ;
; FFT_Top:u_fft|FFT_Butterfly:u_butterfly|FP_Mult_Unit:u_mult_ir|r_A[9]                              ; Merged with FFT_Top:u_fft|FFT_Butterfly:u_butterfly|FP_Mult_Unit:u_mult_ii|r_A[9]           ;
; FFT_Top:u_fft|FFT_Butterfly:u_butterfly|FP_Mult_Unit:u_mult_ir|r_A[10]                             ; Merged with FFT_Top:u_fft|FFT_Butterfly:u_butterfly|FP_Mult_Unit:u_mult_ii|r_A[10]          ;
; FFT_Top:u_fft|FFT_Butterfly:u_butterfly|FP_Mult_Unit:u_mult_ir|r_A[11]                             ; Merged with FFT_Top:u_fft|FFT_Butterfly:u_butterfly|FP_Mult_Unit:u_mult_ii|r_A[11]          ;
; FFT_Top:u_fft|FFT_Butterfly:u_butterfly|FP_Mult_Unit:u_mult_ir|r_A[12]                             ; Merged with FFT_Top:u_fft|FFT_Butterfly:u_butterfly|FP_Mult_Unit:u_mult_ii|r_A[12]          ;
; FFT_Top:u_fft|FFT_Butterfly:u_butterfly|FP_Mult_Unit:u_mult_ir|r_A[13]                             ; Merged with FFT_Top:u_fft|FFT_Butterfly:u_butterfly|FP_Mult_Unit:u_mult_ii|r_A[13]          ;
; FFT_Top:u_fft|FFT_Butterfly:u_butterfly|FP_Mult_Unit:u_mult_ir|r_A[14]                             ; Merged with FFT_Top:u_fft|FFT_Butterfly:u_butterfly|FP_Mult_Unit:u_mult_ii|r_A[14]          ;
; FFT_Top:u_fft|FFT_Butterfly:u_butterfly|FP_Mult_Unit:u_mult_ir|r_A[15]                             ; Merged with FFT_Top:u_fft|FFT_Butterfly:u_butterfly|FP_Mult_Unit:u_mult_ii|r_A[15]          ;
; Feature_Spectral:u_fs|s2[20]                                                                       ; Merged with Feature_Spectral:u_fs|s2[19]                                                    ;
; Frame_Builder:u_fb|novas[6]                                                                        ; Stuck at GND due to stuck port data_in                                                      ;
; FFT_Log2_Compress:u_log2|out_pixel[15]                                                             ; Stuck at GND due to stuck port data_in                                                      ;
; Spectrogram_Buffer:u_sb|mem_rtl_0_bypass[36]                                                       ; Stuck at GND due to stuck port data_in                                                      ;
; Sample_Source:u_src|addr[17..19]                                                                   ; Lost fanout                                                                                 ;
; Feature_Spectral:u_fs|s3[19]                                                                       ; Stuck at GND due to stuck port data_in                                                      ;
; Feature_Spectral:u_fs|s2[19]                                                                       ; Stuck at GND due to stuck port data_in                                                      ;
; Feature_Spectral:u_fs|s1[19]                                                                       ; Stuck at GND due to stuck port data_in                                                      ;
; CNN_Top:u_cnn|CNN_Dense_Classifier:u_dense|feat_reg[111]                                           ; Stuck at GND due to stuck port data_in                                                      ;
; CNN_Top:u_cnn|CNN_Dense_Classifier:u_dense|CNN_MAC_Unit:u_dense_mac|s1_a[15]                       ; Stuck at GND due to stuck port data_in                                                      ;
; CNN_Top:u_cnn|CNN_Conv_Layer:u_conv|out_data[15]                                                   ; Stuck at GND due to stuck port data_in                                                      ;
; Feature_Spectral:u_fs|Divider_Q15:u_div|quociente[15]                                              ; Stuck at GND due to stuck port data_in                                                      ;
; Feature_Temporal:u_ft|Divider_Q15:u_div|quociente[15]                                              ; Stuck at GND due to stuck port data_in                                                      ;
; FFT_Top:u_fft|FFT_Twiddle_ROM:u_twiddle|ROM~0                                                      ; Lost fanout                                                                                 ;
; FFT_Top:u_fft|FFT_Twiddle_ROM:u_twiddle|ROM~1                                                      ; Lost fanout                                                                                 ;
; FFT_Top:u_fft|FFT_Twiddle_ROM:u_twiddle|ROM~2                                                      ; Lost fanout                                                                                 ;
; FFT_Top:u_fft|FFT_Twiddle_ROM:u_twiddle|ROM~3                                                      ; Lost fanout                                                                                 ;
; FFT_Top:u_fft|FFT_Twiddle_ROM:u_twiddle|ROM~4                                                      ; Lost fanout                                                                                 ;
; FFT_Top:u_fft|FFT_Twiddle_ROM:u_twiddle|ROM~5                                                      ; Lost fanout                                                                                 ;
; FFT_Top:u_fft|FFT_Twiddle_ROM:u_twiddle|ROM~6                                                      ; Lost fanout                                                                                 ;
; FFT_Top:u_fft|FFT_Twiddle_ROM:u_twiddle|ROM~7                                                      ; Lost fanout                                                                                 ;
; FFT_Top:u_fft|FFT_Twiddle_ROM:u_twiddle|ROM~8                                                      ; Lost fanout                                                                                 ;
; FFT_Top:u_fft|FFT_Twiddle_ROM:u_twiddle|ROM~9                                                      ; Lost fanout                                                                                 ;
; FFT_Top:u_fft|FFT_Twiddle_ROM:u_twiddle|ROM~10                                                     ; Lost fanout                                                                                 ;
; FFT_Top:u_fft|FFT_Twiddle_ROM:u_twiddle|ROM~11                                                     ; Lost fanout                                                                                 ;
; FFT_Top:u_fft|FFT_Twiddle_ROM:u_twiddle|ROM~12                                                     ; Lost fanout                                                                                 ;
; FFT_Top:u_fft|FFT_Twiddle_ROM:u_twiddle|ROM~13                                                     ; Lost fanout                                                                                 ;
; FFT_Top:u_fft|FFT_Twiddle_ROM:u_twiddle|ROM~14                                                     ; Lost fanout                                                                                 ;
; FFT_Top:u_fft|FFT_Twiddle_ROM:u_twiddle|ROM~15                                                     ; Lost fanout                                                                                 ;
; FFT_Top:u_fft|FFT_Twiddle_ROM:u_twiddle|ROM~16                                                     ; Lost fanout                                                                                 ;
; FFT_Top:u_fft|FFT_Twiddle_ROM:u_twiddle|ROM~17                                                     ; Lost fanout                                                                                 ;
; FFT_Top:u_fft|FFT_Twiddle_ROM:u_twiddle|ROM~18                                                     ; Lost fanout                                                                                 ;
; FFT_Top:u_fft|FFT_Twiddle_ROM:u_twiddle|ROM~19                                                     ; Lost fanout                                                                                 ;
; FFT_Top:u_fft|FFT_Twiddle_ROM:u_twiddle|ROM~20                                                     ; Lost fanout                                                                                 ;
; FFT_Top:u_fft|FFT_Twiddle_ROM:u_twiddle|ROM~21                                                     ; Lost fanout                                                                                 ;
; FFT_Top:u_fft|FFT_Twiddle_ROM:u_twiddle|ROM~22                                                     ; Lost fanout                                                                                 ;
; FFT_Top:u_fft|FFT_Twiddle_ROM:u_twiddle|ROM~23                                                     ; Lost fanout                                                                                 ;
; FFT_Top:u_fft|FFT_Twiddle_ROM:u_twiddle|ROM~24                                                     ; Lost fanout                                                                                 ;
; FFT_Top:u_fft|FFT_Twiddle_ROM:u_twiddle|ROM~25                                                     ; Lost fanout                                                                                 ;
; FFT_Top:u_fft|FFT_Twiddle_ROM:u_twiddle|ROM~26                                                     ; Lost fanout                                                                                 ;
; FFT_Top:u_fft|FFT_Twiddle_ROM:u_twiddle|ROM~27                                                     ; Lost fanout                                                                                 ;
; FFT_Top:u_fft|FFT_Twiddle_ROM:u_twiddle|ROM~28                                                     ; Lost fanout                                                                                 ;
; FFT_Top:u_fft|FFT_Twiddle_ROM:u_twiddle|ROM~29                                                     ; Lost fanout                                                                                 ;
; FFT_Top:u_fft|FFT_Twiddle_ROM:u_twiddle|ROM~30                                                     ; Lost fanout                                                                                 ;
; FFT_Top:u_fft|FFT_Twiddle_ROM:u_twiddle|ROM~31                                                     ; Lost fanout                                                                                 ;
; FFT_Top:u_fft|FFT_Twiddle_ROM:u_twiddle|ROM~32                                                     ; Lost fanout                                                                                 ;
; FFT_Top:u_fft|FFT_Twiddle_ROM:u_twiddle|ROM~33                                                     ; Lost fanout                                                                                 ;
; FFT_Top:u_fft|FFT_Twiddle_ROM:u_twiddle|ROM~34                                                     ; Lost fanout                                                                                 ;
; FFT_Top:u_fft|FFT_Twiddle_ROM:u_twiddle|ROM~35                                                     ; Lost fanout                                                                                 ;
; FFT_Top:u_fft|FFT_Twiddle_ROM:u_twiddle|ROM~36                                                     ; Lost fanout                                                                                 ;
; FFT_Top:u_fft|FFT_Twiddle_ROM:u_twiddle|ROM~37                                                     ; Lost fanout                                                                                 ;
; FFT_Top:u_fft|FFT_Twiddle_ROM:u_twiddle|ROM~38                                                     ; Lost fanout                                                                                 ;
; FFT_Top:u_fft|FFT_Twiddle_ROM:u_twiddle|ROM~39                                                     ; Lost fanout                                                                                 ;
; FFT_Top:u_fft|FFT_Twiddle_ROM:u_twiddle|ROM~40                                                     ; Lost fanout                                                                                 ;
; FFT_Top:u_fft|FFT_Twiddle_ROM:u_twiddle|ROM~41                                                     ; Lost fanout                                                                                 ;
; FFT_Top:u_fft|FFT_Twiddle_ROM:u_twiddle|ROM~42                                                     ; Lost fanout                                                                                 ;
; FFT_Top:u_fft|FFT_Twiddle_ROM:u_twiddle|ROM~43                                                     ; Lost fanout                                                                                 ;
; FFT_Top:u_fft|FFT_Twiddle_ROM:u_twiddle|ROM~44                                                     ; Lost fanout                                                                                 ;
; FFT_Top:u_fft|FFT_Twiddle_ROM:u_twiddle|ROM~45                                                     ; Lost fanout                                                                                 ;
; FFT_Top:u_fft|FFT_Twiddle_ROM:u_twiddle|ROM~46                                                     ; Lost fanout                                                                                 ;
; FFT_Top:u_fft|FFT_Twiddle_ROM:u_twiddle|ROM~47                                                     ; Lost fanout                                                                                 ;
; FFT_Top:u_fft|FFT_Twiddle_ROM:u_twiddle|ROM~48                                                     ; Lost fanout                                                                                 ;
; FFT_Top:u_fft|FFT_Twiddle_ROM:u_twiddle|ROM~49                                                     ; Lost fanout                                                                                 ;
; FFT_Top:u_fft|FFT_Twiddle_ROM:u_twiddle|ROM~50                                                     ; Lost fanout                                                                                 ;
; FFT_Top:u_fft|FFT_Twiddle_ROM:u_twiddle|ROM~51                                                     ; Lost fanout                                                                                 ;
; FFT_Top:u_fft|FFT_Twiddle_ROM:u_twiddle|ROM~52                                                     ; Lost fanout                                                                                 ;
; FFT_Top:u_fft|FFT_Twiddle_ROM:u_twiddle|ROM~53                                                     ; Lost fanout                                                                                 ;
; FFT_Top:u_fft|FFT_Twiddle_ROM:u_twiddle|ROM~54                                                     ; Lost fanout                                                                                 ;
; FFT_Top:u_fft|FFT_Twiddle_ROM:u_twiddle|ROM~55                                                     ; Lost fanout                                                                                 ;
; FFT_Top:u_fft|FFT_Twiddle_ROM:u_twiddle|ROM~56                                                     ; Lost fanout                                                                                 ;
; FFT_Top:u_fft|FFT_Twiddle_ROM:u_twiddle|ROM~57                                                     ; Lost fanout                                                                                 ;
; FFT_Top:u_fft|FFT_Twiddle_ROM:u_twiddle|ROM~58                                                     ; Lost fanout                                                                                 ;
; FFT_Top:u_fft|FFT_Twiddle_ROM:u_twiddle|ROM~59                                                     ; Lost fanout                                                                                 ;
; FFT_Top:u_fft|FFT_Twiddle_ROM:u_twiddle|ROM~60                                                     ; Lost fanout                                                                                 ;
; FFT_Top:u_fft|FFT_Twiddle_ROM:u_twiddle|ROM~61                                                     ; Lost fanout                                                                                 ;
; FFT_Top:u_fft|FFT_Twiddle_ROM:u_twiddle|ROM~62                                                     ; Lost fanout                                                                                 ;
; FFT_Top:u_fft|FFT_Twiddle_ROM:u_twiddle|ROM~63                                                     ; Lost fanout                                                                                 ;
; FFT_Top:u_fft|FFT_Twiddle_ROM:u_twiddle|ROM~64                                                     ; Lost fanout                                                                                 ;
; FFT_Top:u_fft|FFT_Twiddle_ROM:u_twiddle|ROM~65                                                     ; Lost fanout                                                                                 ;
; FFT_Top:u_fft|FFT_Twiddle_ROM:u_twiddle|ROM~66                                                     ; Lost fanout                                                                                 ;
; FFT_Top:u_fft|FFT_Twiddle_ROM:u_twiddle|ROM~67                                                     ; Lost fanout                                                                                 ;
; FFT_Top:u_fft|FFT_Twiddle_ROM:u_twiddle|ROM~68                                                     ; Lost fanout                                                                                 ;
; FFT_Top:u_fft|FFT_Twiddle_ROM:u_twiddle|ROM~69                                                     ; Lost fanout                                                                                 ;
; FFT_Top:u_fft|FFT_Twiddle_ROM:u_twiddle|ROM~70                                                     ; Lost fanout                                                                                 ;
; FFT_Top:u_fft|FFT_Twiddle_ROM:u_twiddle|ROM~71                                                     ; Lost fanout                                                                                 ;
; FFT_Top:u_fft|FFT_Twiddle_ROM:u_twiddle|ROM~72                                                     ; Lost fanout                                                                                 ;
; FFT_Top:u_fft|FFT_Twiddle_ROM:u_twiddle|ROM~73                                                     ; Lost fanout                                                                                 ;
; FFT_Top:u_fft|FFT_Twiddle_ROM:u_twiddle|ROM~74                                                     ; Lost fanout                                                                                 ;
; FFT_Top:u_fft|FFT_Twiddle_ROM:u_twiddle|ROM~75                                                     ; Lost fanout                                                                                 ;
; FFT_Top:u_fft|FFT_Twiddle_ROM:u_twiddle|ROM~76                                                     ; Lost fanout                                                                                 ;
; FFT_Top:u_fft|FFT_Twiddle_ROM:u_twiddle|ROM~77                                                     ; Lost fanout                                                                                 ;
; FFT_Top:u_fft|FFT_Twiddle_ROM:u_twiddle|ROM~78                                                     ; Lost fanout                                                                                 ;
; FFT_Top:u_fft|FFT_Twiddle_ROM:u_twiddle|ROM~79                                                     ; Lost fanout                                                                                 ;
; FFT_Top:u_fft|FFT_Twiddle_ROM:u_twiddle|ROM~80                                                     ; Lost fanout                                                                                 ;
; FFT_Top:u_fft|FFT_Twiddle_ROM:u_twiddle|ROM~81                                                     ; Lost fanout                                                                                 ;
; FFT_Top:u_fft|FFT_Twiddle_ROM:u_twiddle|ROM~82                                                     ; Lost fanout                                                                                 ;
; FFT_Top:u_fft|FFT_Twiddle_ROM:u_twiddle|ROM~83                                                     ; Lost fanout                                                                                 ;
; FFT_Top:u_fft|FFT_Twiddle_ROM:u_twiddle|ROM~84                                                     ; Lost fanout                                                                                 ;
; FFT_Top:u_fft|FFT_Twiddle_ROM:u_twiddle|ROM~85                                                     ; Lost fanout                                                                                 ;
; FFT_Top:u_fft|FFT_Twiddle_ROM:u_twiddle|ROM~86                                                     ; Lost fanout                                                                                 ;
; FFT_Top:u_fft|FFT_Twiddle_ROM:u_twiddle|ROM~87                                                     ; Lost fanout                                                                                 ;
; FFT_Top:u_fft|FFT_Twiddle_ROM:u_twiddle|ROM~88                                                     ; Lost fanout                                                                                 ;
; FFT_Top:u_fft|FFT_Twiddle_ROM:u_twiddle|ROM~89                                                     ; Lost fanout                                                                                 ;
; FFT_Top:u_fft|FFT_Twiddle_ROM:u_twiddle|ROM~90                                                     ; Lost fanout                                                                                 ;
; FFT_Top:u_fft|FFT_Twiddle_ROM:u_twiddle|ROM~91                                                     ; Lost fanout                                                                                 ;
; FFT_Top:u_fft|FFT_Twiddle_ROM:u_twiddle|ROM~92                                                     ; Lost fanout                                                                                 ;
; FFT_Top:u_fft|FFT_Twiddle_ROM:u_twiddle|ROM~93                                                     ; Lost fanout                                                                                 ;
; FFT_Top:u_fft|FFT_Twiddle_ROM:u_twiddle|ROM~94                                                     ; Lost fanout                                                                                 ;
; FFT_Top:u_fft|FFT_Twiddle_ROM:u_twiddle|ROM~95                                                     ; Lost fanout                                                                                 ;
; FFT_Top:u_fft|FFT_Twiddle_ROM:u_twiddle|ROM~96                                                     ; Lost fanout                                                                                 ;
; FFT_Top:u_fft|FFT_Twiddle_ROM:u_twiddle|ROM~97                                                     ; Lost fanout                                                                                 ;
; FFT_Top:u_fft|FFT_Twiddle_ROM:u_twiddle|ROM~98                                                     ; Lost fanout                                                                                 ;
; FFT_Top:u_fft|FFT_Twiddle_ROM:u_twiddle|ROM~99                                                     ; Lost fanout                                                                                 ;
; FFT_Top:u_fft|FFT_Twiddle_ROM:u_twiddle|ROM~100                                                    ; Lost fanout                                                                                 ;
; FFT_Top:u_fft|FFT_Twiddle_ROM:u_twiddle|ROM~101                                                    ; Lost fanout                                                                                 ;
; FFT_Top:u_fft|FFT_Twiddle_ROM:u_twiddle|ROM~102                                                    ; Lost fanout                                                                                 ;
; FFT_Top:u_fft|FFT_Twiddle_ROM:u_twiddle|ROM~103                                                    ; Lost fanout                                                                                 ;
; FFT_Top:u_fft|FFT_Twiddle_ROM:u_twiddle|ROM~104                                                    ; Lost fanout                                                                                 ;
; FFT_Top:u_fft|FFT_Twiddle_ROM:u_twiddle|ROM~105                                                    ; Lost fanout                                                                                 ;
; FFT_Top:u_fft|FFT_Twiddle_ROM:u_twiddle|ROM~106                                                    ; Lost fanout                                                                                 ;
; FFT_Top:u_fft|FFT_Twiddle_ROM:u_twiddle|ROM~107                                                    ; Lost fanout                                                                                 ;
; FFT_Top:u_fft|FFT_Twiddle_ROM:u_twiddle|ROM~108                                                    ; Lost fanout                                                                                 ;
; FFT_Top:u_fft|FFT_Twiddle_ROM:u_twiddle|ROM~109                                                    ; Lost fanout                                                                                 ;
; FFT_Top:u_fft|FFT_Twiddle_ROM:u_twiddle|ROM~110                                                    ; Lost fanout                                                                                 ;
; FFT_Top:u_fft|FFT_Twiddle_ROM:u_twiddle|ROM~111                                                    ; Lost fanout                                                                                 ;
; FFT_Top:u_fft|FFT_Twiddle_ROM:u_twiddle|ROM~112                                                    ; Lost fanout                                                                                 ;
; FFT_Top:u_fft|FFT_Twiddle_ROM:u_twiddle|ROM~113                                                    ; Lost fanout                                                                                 ;
; FFT_Top:u_fft|FFT_Twiddle_ROM:u_twiddle|ROM~114                                                    ; Lost fanout                                                                                 ;
; FFT_Top:u_fft|FFT_Twiddle_ROM:u_twiddle|ROM~115                                                    ; Lost fanout                                                                                 ;
; FFT_Top:u_fft|FFT_Twiddle_ROM:u_twiddle|ROM~116                                                    ; Lost fanout                                                                                 ;
; FFT_Top:u_fft|FFT_Twiddle_ROM:u_twiddle|ROM~117                                                    ; Lost fanout                                                                                 ;
; FFT_Top:u_fft|FFT_Twiddle_ROM:u_twiddle|ROM~118                                                    ; Lost fanout                                                                                 ;
; FFT_Top:u_fft|FFT_Twiddle_ROM:u_twiddle|ROM~119                                                    ; Lost fanout                                                                                 ;
; FFT_Top:u_fft|FFT_Twiddle_ROM:u_twiddle|ROM~120                                                    ; Lost fanout                                                                                 ;
; FFT_Top:u_fft|FFT_Twiddle_ROM:u_twiddle|ROM~121                                                    ; Lost fanout                                                                                 ;
; FFT_Top:u_fft|FFT_Twiddle_ROM:u_twiddle|ROM~122                                                    ; Lost fanout                                                                                 ;
; FFT_Top:u_fft|FFT_Twiddle_ROM:u_twiddle|ROM~123                                                    ; Lost fanout                                                                                 ;
; FFT_Top:u_fft|FFT_Twiddle_ROM:u_twiddle|ROM~124                                                    ; Lost fanout                                                                                 ;
; FFT_Top:u_fft|FFT_Twiddle_ROM:u_twiddle|ROM~125                                                    ; Lost fanout                                                                                 ;
; FFT_Top:u_fft|FFT_Twiddle_ROM:u_twiddle|ROM~126                                                    ; Lost fanout                                                                                 ;
; FFT_Top:u_fft|FFT_Twiddle_ROM:u_twiddle|ROM~127                                                    ; Lost fanout                                                                                 ;
; FFT_Top:u_fft|FFT_Twiddle_ROM:u_twiddle|ROM~128                                                    ; Lost fanout                                                                                 ;
; FFT_Top:u_fft|FFT_Twiddle_ROM:u_twiddle|ROM~129                                                    ; Lost fanout                                                                                 ;
; FFT_Top:u_fft|FFT_Twiddle_ROM:u_twiddle|ROM~130                                                    ; Lost fanout                                                                                 ;
; FFT_Top:u_fft|FFT_Twiddle_ROM:u_twiddle|ROM~131                                                    ; Lost fanout                                                                                 ;
; FFT_Top:u_fft|FFT_Twiddle_ROM:u_twiddle|ROM~132                                                    ; Lost fanout                                                                                 ;
; FFT_Top:u_fft|FFT_Twiddle_ROM:u_twiddle|ROM~133                                                    ; Lost fanout                                                                                 ;
; FFT_Top:u_fft|FFT_Twiddle_ROM:u_twiddle|ROM~134                                                    ; Lost fanout                                                                                 ;
; FFT_Top:u_fft|FFT_Twiddle_ROM:u_twiddle|ROM~135                                                    ; Lost fanout                                                                                 ;
; FFT_Top:u_fft|FFT_Twiddle_ROM:u_twiddle|ROM~136                                                    ; Lost fanout                                                                                 ;
; FFT_Top:u_fft|FFT_Twiddle_ROM:u_twiddle|ROM~137                                                    ; Lost fanout                                                                                 ;
; FFT_Top:u_fft|FFT_Twiddle_ROM:u_twiddle|ROM~138                                                    ; Lost fanout                                                                                 ;
; FFT_Top:u_fft|FFT_Twiddle_ROM:u_twiddle|ROM~139                                                    ; Lost fanout                                                                                 ;
; FFT_Top:u_fft|FFT_Twiddle_ROM:u_twiddle|ROM~140                                                    ; Lost fanout                                                                                 ;
; FFT_Top:u_fft|FFT_Twiddle_ROM:u_twiddle|ROM~141                                                    ; Lost fanout                                                                                 ;
; FFT_Top:u_fft|FFT_Twiddle_ROM:u_twiddle|ROM~142                                                    ; Lost fanout                                                                                 ;
; FFT_Top:u_fft|FFT_Twiddle_ROM:u_twiddle|ROM~143                                                    ; Lost fanout                                                                                 ;
; FFT_Top:u_fft|FFT_Twiddle_ROM:u_twiddle|ROM~144                                                    ; Lost fanout                                                                                 ;
; FFT_Top:u_fft|FFT_Twiddle_ROM:u_twiddle|ROM~145                                                    ; Lost fanout                                                                                 ;
; FFT_Top:u_fft|FFT_Twiddle_ROM:u_twiddle|ROM~146                                                    ; Lost fanout                                                                                 ;
; FFT_Top:u_fft|FFT_Twiddle_ROM:u_twiddle|ROM~147                                                    ; Lost fanout                                                                                 ;
; FFT_Top:u_fft|FFT_Twiddle_ROM:u_twiddle|ROM~148                                                    ; Lost fanout                                                                                 ;
; FFT_Top:u_fft|FFT_Twiddle_ROM:u_twiddle|ROM~149                                                    ; Lost fanout                                                                                 ;
; FFT_Top:u_fft|FFT_Twiddle_ROM:u_twiddle|ROM~150                                                    ; Lost fanout                                                                                 ;
; FFT_Top:u_fft|FFT_Twiddle_ROM:u_twiddle|ROM~151                                                    ; Lost fanout                                                                                 ;
; FFT_Top:u_fft|FFT_Twiddle_ROM:u_twiddle|ROM~152                                                    ; Lost fanout                                                                                 ;
; FFT_Top:u_fft|FFT_Twiddle_ROM:u_twiddle|ROM~153                                                    ; Lost fanout                                                                                 ;
; FFT_Top:u_fft|FFT_Twiddle_ROM:u_twiddle|ROM~154                                                    ; Lost fanout                                                                                 ;
; FFT_Top:u_fft|FFT_Twiddle_ROM:u_twiddle|ROM~155                                                    ; Lost fanout                                                                                 ;
; FFT_Top:u_fft|FFT_Twiddle_ROM:u_twiddle|ROM~156                                                    ; Lost fanout                                                                                 ;
; FFT_Top:u_fft|FFT_Twiddle_ROM:u_twiddle|ROM~157                                                    ; Lost fanout                                                                                 ;
; FFT_Top:u_fft|FFT_Twiddle_ROM:u_twiddle|ROM~158                                                    ; Lost fanout                                                                                 ;
; FFT_Top:u_fft|FFT_Twiddle_ROM:u_twiddle|ROM~159                                                    ; Lost fanout                                                                                 ;
; FFT_Top:u_fft|FFT_Twiddle_ROM:u_twiddle|ROM~160                                                    ; Lost fanout                                                                                 ;
; FFT_Top:u_fft|FFT_Twiddle_ROM:u_twiddle|ROM~161                                                    ; Lost fanout                                                                                 ;
; FFT_Top:u_fft|FFT_Twiddle_ROM:u_twiddle|ROM~162                                                    ; Lost fanout                                                                                 ;
; FFT_Top:u_fft|FFT_Twiddle_ROM:u_twiddle|ROM~163                                                    ; Lost fanout                                                                                 ;
; FFT_Top:u_fft|FFT_Twiddle_ROM:u_twiddle|ROM~164                                                    ; Lost fanout                                                                                 ;
; FFT_Top:u_fft|FFT_Twiddle_ROM:u_twiddle|ROM~165                                                    ; Lost fanout                                                                                 ;
; FFT_Top:u_fft|FFT_Twiddle_ROM:u_twiddle|ROM~166                                                    ; Lost fanout                                                                                 ;
; FFT_Top:u_fft|FFT_Twiddle_ROM:u_twiddle|ROM~167                                                    ; Lost fanout                                                                                 ;
; FFT_Top:u_fft|FFT_Twiddle_ROM:u_twiddle|ROM~168                                                    ; Lost fanout                                                                                 ;
; FFT_Top:u_fft|FFT_Twiddle_ROM:u_twiddle|ROM~169                                                    ; Lost fanout                                                                                 ;
; FFT_Top:u_fft|FFT_Twiddle_ROM:u_twiddle|ROM~170                                                    ; Lost fanout                                                                                 ;
; FFT_Top:u_fft|FFT_Twiddle_ROM:u_twiddle|ROM~171                                                    ; Lost fanout                                                                                 ;
; FFT_Top:u_fft|FFT_Twiddle_ROM:u_twiddle|ROM~172                                                    ; Lost fanout                                                                                 ;
; FFT_Top:u_fft|FFT_Twiddle_ROM:u_twiddle|ROM~173                                                    ; Lost fanout                                                                                 ;
; FFT_Top:u_fft|FFT_Twiddle_ROM:u_twiddle|ROM~174                                                    ; Lost fanout                                                                                 ;
; FFT_Top:u_fft|FFT_Twiddle_ROM:u_twiddle|ROM~175                                                    ; Lost fanout                                                                                 ;
; FFT_Top:u_fft|FFT_Twiddle_ROM:u_twiddle|ROM~176                                                    ; Lost fanout                                                                                 ;
; FFT_Top:u_fft|FFT_Twiddle_ROM:u_twiddle|ROM~177                                                    ; Lost fanout                                                                                 ;
; FFT_Top:u_fft|FFT_Twiddle_ROM:u_twiddle|ROM~178                                                    ; Lost fanout                                                                                 ;
; FFT_Top:u_fft|FFT_Twiddle_ROM:u_twiddle|ROM~179                                                    ; Lost fanout                                                                                 ;
; FFT_Top:u_fft|FFT_Twiddle_ROM:u_twiddle|ROM~180                                                    ; Lost fanout                                                                                 ;
; FFT_Top:u_fft|FFT_Twiddle_ROM:u_twiddle|ROM~181                                                    ; Lost fanout                                                                                 ;
; FFT_Top:u_fft|FFT_Twiddle_ROM:u_twiddle|ROM~182                                                    ; Lost fanout                                                                                 ;
; FFT_Top:u_fft|FFT_Twiddle_ROM:u_twiddle|ROM~183                                                    ; Lost fanout                                                                                 ;
; FFT_Top:u_fft|FFT_Twiddle_ROM:u_twiddle|ROM~184                                                    ; Lost fanout                                                                                 ;
; FFT_Top:u_fft|FFT_Twiddle_ROM:u_twiddle|ROM~185                                                    ; Lost fanout                                                                                 ;
; FFT_Top:u_fft|FFT_Twiddle_ROM:u_twiddle|ROM~186                                                    ; Lost fanout                                                                                 ;
; FFT_Top:u_fft|FFT_Twiddle_ROM:u_twiddle|ROM~187                                                    ; Lost fanout                                                                                 ;
; FFT_Top:u_fft|FFT_Twiddle_ROM:u_twiddle|ROM~188                                                    ; Lost fanout                                                                                 ;
; FFT_Top:u_fft|FFT_Twiddle_ROM:u_twiddle|ROM~189                                                    ; Lost fanout                                                                                 ;
; FFT_Top:u_fft|FFT_Twiddle_ROM:u_twiddle|ROM~190                                                    ; Lost fanout                                                                                 ;
; FFT_Top:u_fft|FFT_Twiddle_ROM:u_twiddle|ROM~191                                                    ; Lost fanout                                                                                 ;
; FFT_Top:u_fft|FFT_Twiddle_ROM:u_twiddle|ROM~192                                                    ; Lost fanout                                                                                 ;
; FFT_Top:u_fft|FFT_Twiddle_ROM:u_twiddle|ROM~193                                                    ; Lost fanout                                                                                 ;
; FFT_Top:u_fft|FFT_Twiddle_ROM:u_twiddle|ROM~194                                                    ; Lost fanout                                                                                 ;
; FFT_Top:u_fft|FFT_Twiddle_ROM:u_twiddle|ROM~195                                                    ; Lost fanout                                                                                 ;
; FFT_Top:u_fft|FFT_Twiddle_ROM:u_twiddle|ROM~196                                                    ; Lost fanout                                                                                 ;
; FFT_Top:u_fft|FFT_Twiddle_ROM:u_twiddle|ROM~197                                                    ; Lost fanout                                                                                 ;
; FFT_Top:u_fft|FFT_Twiddle_ROM:u_twiddle|ROM~198                                                    ; Lost fanout                                                                                 ;
; FFT_Top:u_fft|FFT_Twiddle_ROM:u_twiddle|ROM~199                                                    ; Lost fanout                                                                                 ;
; FFT_Top:u_fft|FFT_Twiddle_ROM:u_twiddle|ROM~200                                                    ; Lost fanout                                                                                 ;
; FFT_Top:u_fft|FFT_Twiddle_ROM:u_twiddle|ROM~201                                                    ; Lost fanout                                                                                 ;
; FFT_Top:u_fft|FFT_Twiddle_ROM:u_twiddle|ROM~202                                                    ; Lost fanout                                                                                 ;
; FFT_Top:u_fft|FFT_Twiddle_ROM:u_twiddle|ROM~203                                                    ; Lost fanout                                                                                 ;
; FFT_Top:u_fft|FFT_Twiddle_ROM:u_twiddle|ROM~204                                                    ; Lost fanout                                                                                 ;
; FFT_Top:u_fft|FFT_Twiddle_ROM:u_twiddle|ROM~205                                                    ; Lost fanout                                                                                 ;
; FFT_Top:u_fft|FFT_Twiddle_ROM:u_twiddle|ROM~206                                                    ; Lost fanout                                                                                 ;
; FFT_Top:u_fft|FFT_Twiddle_ROM:u_twiddle|ROM~207                                                    ; Lost fanout                                                                                 ;
; FFT_Top:u_fft|FFT_Twiddle_ROM:u_twiddle|ROM~208                                                    ; Lost fanout                                                                                 ;
; FFT_Top:u_fft|FFT_Twiddle_ROM:u_twiddle|ROM~209                                                    ; Lost fanout                                                                                 ;
; FFT_Top:u_fft|FFT_Twiddle_ROM:u_twiddle|ROM~210                                                    ; Lost fanout                                                                                 ;
; FFT_Top:u_fft|FFT_Twiddle_ROM:u_twiddle|ROM~211                                                    ; Lost fanout                                                                                 ;
; FFT_Top:u_fft|FFT_Twiddle_ROM:u_twiddle|ROM~212                                                    ; Lost fanout                                                                                 ;
; FFT_Top:u_fft|FFT_Twiddle_ROM:u_twiddle|ROM~213                                                    ; Lost fanout                                                                                 ;
; FFT_Top:u_fft|FFT_Twiddle_ROM:u_twiddle|ROM~214                                                    ; Lost fanout                                                                                 ;
; FFT_Top:u_fft|FFT_Twiddle_ROM:u_twiddle|ROM~215                                                    ; Lost fanout                                                                                 ;
; FFT_Top:u_fft|FFT_Twiddle_ROM:u_twiddle|ROM~216                                                    ; Lost fanout                                                                                 ;
; FFT_Top:u_fft|FFT_Twiddle_ROM:u_twiddle|ROM~217                                                    ; Lost fanout                                                                                 ;
; FFT_Top:u_fft|FFT_Twiddle_ROM:u_twiddle|ROM~218                                                    ; Lost fanout                                                                                 ;
; FFT_Top:u_fft|FFT_Twiddle_ROM:u_twiddle|ROM~219                                                    ; Lost fanout                                                                                 ;
; FFT_Top:u_fft|FFT_Twiddle_ROM:u_twiddle|ROM~220                                                    ; Lost fanout                                                                                 ;
; FFT_Top:u_fft|FFT_Twiddle_ROM:u_twiddle|ROM~221                                                    ; Lost fanout                                                                                 ;
; FFT_Top:u_fft|FFT_Twiddle_ROM:u_twiddle|ROM~222                                                    ; Lost fanout                                                                                 ;
; FFT_Top:u_fft|FFT_Twiddle_ROM:u_twiddle|ROM~223                                                    ; Lost fanout                                                                                 ;
; FFT_Top:u_fft|FFT_Twiddle_ROM:u_twiddle|ROM~224                                                    ; Lost fanout                                                                                 ;
; FFT_Top:u_fft|FFT_Twiddle_ROM:u_twiddle|ROM~225                                                    ; Lost fanout                                                                                 ;
; FFT_Top:u_fft|FFT_Twiddle_ROM:u_twiddle|ROM~226                                                    ; Lost fanout                                                                                 ;
; FFT_Top:u_fft|FFT_Twiddle_ROM:u_twiddle|ROM~227                                                    ; Lost fanout                                                                                 ;
; FFT_Top:u_fft|FFT_Twiddle_ROM:u_twiddle|ROM~228                                                    ; Lost fanout                                                                                 ;
; FFT_Top:u_fft|FFT_Twiddle_ROM:u_twiddle|ROM~229                                                    ; Lost fanout                                                                                 ;
; FFT_Top:u_fft|FFT_Twiddle_ROM:u_twiddle|ROM~230                                                    ; Lost fanout                                                                                 ;
; FFT_Top:u_fft|FFT_Twiddle_ROM:u_twiddle|ROM~231                                                    ; Lost fanout                                                                                 ;
; FFT_Top:u_fft|FFT_Twiddle_ROM:u_twiddle|ROM~232                                                    ; Lost fanout                                                                                 ;
; FFT_Top:u_fft|FFT_Twiddle_ROM:u_twiddle|ROM~233                                                    ; Lost fanout                                                                                 ;
; FFT_Top:u_fft|FFT_Twiddle_ROM:u_twiddle|ROM~234                                                    ; Lost fanout                                                                                 ;
; FFT_Top:u_fft|FFT_Twiddle_ROM:u_twiddle|ROM~235                                                    ; Lost fanout                                                                                 ;
; FFT_Top:u_fft|FFT_Twiddle_ROM:u_twiddle|ROM~236                                                    ; Lost fanout                                                                                 ;
; FFT_Top:u_fft|FFT_Twiddle_ROM:u_twiddle|ROM~237                                                    ; Lost fanout                                                                                 ;
; FFT_Top:u_fft|FFT_Twiddle_ROM:u_twiddle|ROM~238                                                    ; Lost fanout                                                                                 ;
; FFT_Top:u_fft|FFT_Twiddle_ROM:u_twiddle|ROM~239                                                    ; Lost fanout                                                                                 ;
; FFT_Top:u_fft|FFT_Twiddle_ROM:u_twiddle|ROM~240                                                    ; Lost fanout                                                                                 ;
; FFT_Top:u_fft|FFT_Twiddle_ROM:u_twiddle|ROM~241                                                    ; Lost fanout                                                                                 ;
; FFT_Top:u_fft|FFT_Twiddle_ROM:u_twiddle|ROM~242                                                    ; Lost fanout                                                                                 ;
; FFT_Top:u_fft|FFT_Twiddle_ROM:u_twiddle|ROM~243                                                    ; Lost fanout                                                                                 ;
; FFT_Top:u_fft|FFT_Twiddle_ROM:u_twiddle|ROM~244                                                    ; Lost fanout                                                                                 ;
; FFT_Top:u_fft|FFT_Twiddle_ROM:u_twiddle|ROM~245                                                    ; Lost fanout                                                                                 ;
; FFT_Top:u_fft|FFT_Twiddle_ROM:u_twiddle|ROM~246                                                    ; Lost fanout                                                                                 ;
; FFT_Top:u_fft|FFT_Twiddle_ROM:u_twiddle|ROM~247                                                    ; Lost fanout                                                                                 ;
; FFT_Top:u_fft|FFT_Twiddle_ROM:u_twiddle|ROM~248                                                    ; Lost fanout                                                                                 ;
; FFT_Top:u_fft|FFT_Twiddle_ROM:u_twiddle|ROM~249                                                    ; Lost fanout                                                                                 ;
; FFT_Top:u_fft|FFT_Twiddle_ROM:u_twiddle|ROM~250                                                    ; Lost fanout                                                                                 ;
; FFT_Top:u_fft|FFT_Twiddle_ROM:u_twiddle|ROM~251                                                    ; Lost fanout                                                                                 ;
; FFT_Top:u_fft|FFT_Twiddle_ROM:u_twiddle|ROM~252                                                    ; Lost fanout                                                                                 ;
; FFT_Top:u_fft|FFT_Twiddle_ROM:u_twiddle|ROM~253                                                    ; Lost fanout                                                                                 ;
; FFT_Top:u_fft|FFT_Twiddle_ROM:u_twiddle|ROM~254                                                    ; Lost fanout                                                                                 ;
; FFT_Top:u_fft|FFT_Twiddle_ROM:u_twiddle|ROM~255                                                    ; Lost fanout                                                                                 ;
; FFT_Top:u_fft|FFT_Twiddle_ROM:u_twiddle|ROM~256                                                    ; Lost fanout                                                                                 ;
; FFT_Top:u_fft|FFT_Twiddle_ROM:u_twiddle|ROM~257                                                    ; Lost fanout                                                                                 ;
; FFT_Top:u_fft|FFT_Twiddle_ROM:u_twiddle|ROM~258                                                    ; Lost fanout                                                                                 ;
; FFT_Top:u_fft|FFT_Twiddle_ROM:u_twiddle|ROM~259                                                    ; Lost fanout                                                                                 ;
; FFT_Top:u_fft|FFT_Twiddle_ROM:u_twiddle|ROM~260                                                    ; Lost fanout                                                                                 ;
; FFT_Top:u_fft|FFT_Twiddle_ROM:u_twiddle|ROM~261                                                    ; Lost fanout                                                                                 ;
; FFT_Top:u_fft|FFT_Twiddle_ROM:u_twiddle|ROM~262                                                    ; Lost fanout                                                                                 ;
; FFT_Top:u_fft|FFT_Twiddle_ROM:u_twiddle|ROM~263                                                    ; Lost fanout                                                                                 ;
; FFT_Top:u_fft|FFT_Twiddle_ROM:u_twiddle|ROM~264                                                    ; Lost fanout                                                                                 ;
; FFT_Top:u_fft|FFT_Twiddle_ROM:u_twiddle|ROM~265                                                    ; Lost fanout                                                                                 ;
; FFT_Top:u_fft|FFT_Twiddle_ROM:u_twiddle|ROM~266                                                    ; Lost fanout                                                                                 ;
; FFT_Top:u_fft|FFT_Twiddle_ROM:u_twiddle|ROM~267                                                    ; Lost fanout                                                                                 ;
; FFT_Top:u_fft|FFT_Twiddle_ROM:u_twiddle|ROM~268                                                    ; Lost fanout                                                                                 ;
; FFT_Top:u_fft|FFT_Twiddle_ROM:u_twiddle|ROM~269                                                    ; Lost fanout                                                                                 ;
; FFT_Top:u_fft|FFT_Twiddle_ROM:u_twiddle|ROM~270                                                    ; Lost fanout                                                                                 ;
; FFT_Top:u_fft|FFT_Twiddle_ROM:u_twiddle|ROM~271                                                    ; Lost fanout                                                                                 ;
; FFT_Top:u_fft|FFT_Twiddle_ROM:u_twiddle|ROM~272                                                    ; Lost fanout                                                                                 ;
; FFT_Top:u_fft|FFT_Twiddle_ROM:u_twiddle|ROM~273                                                    ; Lost fanout                                                                                 ;
; FFT_Top:u_fft|FFT_Twiddle_ROM:u_twiddle|ROM~274                                                    ; Lost fanout                                                                                 ;
; FFT_Top:u_fft|FFT_Twiddle_ROM:u_twiddle|ROM~275                                                    ; Lost fanout                                                                                 ;
; FFT_Top:u_fft|FFT_Twiddle_ROM:u_twiddle|ROM~276                                                    ; Lost fanout                                                                                 ;
; FFT_Top:u_fft|FFT_Twiddle_ROM:u_twiddle|ROM~277                                                    ; Lost fanout                                                                                 ;
; FFT_Top:u_fft|FFT_Twiddle_ROM:u_twiddle|ROM~278                                                    ; Lost fanout                                                                                 ;
; FFT_Top:u_fft|FFT_Twiddle_ROM:u_twiddle|ROM~279                                                    ; Lost fanout                                                                                 ;
; FFT_Top:u_fft|FFT_Twiddle_ROM:u_twiddle|ROM~280                                                    ; Lost fanout                                                                                 ;
; FFT_Top:u_fft|FFT_Twiddle_ROM:u_twiddle|ROM~281                                                    ; Lost fanout                                                                                 ;
; FFT_Top:u_fft|FFT_Twiddle_ROM:u_twiddle|ROM~282                                                    ; Lost fanout                                                                                 ;
; FFT_Top:u_fft|FFT_Twiddle_ROM:u_twiddle|ROM~283                                                    ; Lost fanout                                                                                 ;
; FFT_Top:u_fft|FFT_Twiddle_ROM:u_twiddle|ROM~284                                                    ; Lost fanout                                                                                 ;
; FFT_Top:u_fft|FFT_Twiddle_ROM:u_twiddle|ROM~285                                                    ; Lost fanout                                                                                 ;
; FFT_Top:u_fft|FFT_Twiddle_ROM:u_twiddle|ROM~286                                                    ; Lost fanout                                                                                 ;
; FFT_Top:u_fft|FFT_Twiddle_ROM:u_twiddle|ROM~287                                                    ; Lost fanout                                                                                 ;
; FFT_Top:u_fft|FFT_Twiddle_ROM:u_twiddle|ROM~288                                                    ; Lost fanout                                                                                 ;
; FFT_Top:u_fft|FFT_Twiddle_ROM:u_twiddle|ROM~289                                                    ; Lost fanout                                                                                 ;
; FFT_Top:u_fft|FFT_Twiddle_ROM:u_twiddle|ROM~290                                                    ; Lost fanout                                                                                 ;
; FFT_Top:u_fft|FFT_Twiddle_ROM:u_twiddle|ROM~291                                                    ; Lost fanout                                                                                 ;
; FFT_Top:u_fft|FFT_Twiddle_ROM:u_twiddle|ROM~292                                                    ; Lost fanout                                                                                 ;
; FFT_Top:u_fft|FFT_Twiddle_ROM:u_twiddle|ROM~293                                                    ; Lost fanout                                                                                 ;
; FFT_Top:u_fft|FFT_Twiddle_ROM:u_twiddle|ROM~294                                                    ; Lost fanout                                                                                 ;
; FFT_Top:u_fft|FFT_Twiddle_ROM:u_twiddle|ROM~295                                                    ; Lost fanout                                                                                 ;
; FFT_Top:u_fft|FFT_Twiddle_ROM:u_twiddle|ROM~296                                                    ; Lost fanout                                                                                 ;
; FFT_Top:u_fft|FFT_Twiddle_ROM:u_twiddle|ROM~297                                                    ; Lost fanout                                                                                 ;
; FFT_Top:u_fft|FFT_Twiddle_ROM:u_twiddle|ROM~298                                                    ; Lost fanout                                                                                 ;
; FFT_Top:u_fft|FFT_Twiddle_ROM:u_twiddle|ROM~299                                                    ; Lost fanout                                                                                 ;
; FFT_Top:u_fft|FFT_Twiddle_ROM:u_twiddle|ROM~300                                                    ; Lost fanout                                                                                 ;
; FFT_Top:u_fft|FFT_Twiddle_ROM:u_twiddle|ROM~301                                                    ; Lost fanout                                                                                 ;
; FFT_Top:u_fft|FFT_Twiddle_ROM:u_twiddle|ROM~302                                                    ; Lost fanout                                                                                 ;
; FFT_Top:u_fft|FFT_Twiddle_ROM:u_twiddle|ROM~303                                                    ; Lost fanout                                                                                 ;
; FFT_Top:u_fft|FFT_Twiddle_ROM:u_twiddle|ROM~304                                                    ; Lost fanout                                                                                 ;
; FFT_Top:u_fft|FFT_Twiddle_ROM:u_twiddle|ROM~305                                                    ; Lost fanout                                                                                 ;
; FFT_Top:u_fft|FFT_Twiddle_ROM:u_twiddle|ROM~306                                                    ; Lost fanout                                                                                 ;
; FFT_Top:u_fft|FFT_Twiddle_ROM:u_twiddle|ROM~307                                                    ; Lost fanout                                                                                 ;
; FFT_Top:u_fft|FFT_Twiddle_ROM:u_twiddle|ROM~308                                                    ; Lost fanout                                                                                 ;
; FFT_Top:u_fft|FFT_Twiddle_ROM:u_twiddle|ROM~309                                                    ; Lost fanout                                                                                 ;
; FFT_Top:u_fft|FFT_Twiddle_ROM:u_twiddle|ROM~310                                                    ; Lost fanout                                                                                 ;
; FFT_Top:u_fft|FFT_Twiddle_ROM:u_twiddle|ROM~311                                                    ; Lost fanout                                                                                 ;
; FFT_Top:u_fft|FFT_Twiddle_ROM:u_twiddle|ROM~312                                                    ; Lost fanout                                                                                 ;
; FFT_Top:u_fft|FFT_Twiddle_ROM:u_twiddle|ROM~313                                                    ; Lost fanout                                                                                 ;
; FFT_Top:u_fft|FFT_Twiddle_ROM:u_twiddle|ROM~314                                                    ; Lost fanout                                                                                 ;
; FFT_Top:u_fft|FFT_Twiddle_ROM:u_twiddle|ROM~315                                                    ; Lost fanout                                                                                 ;
; FFT_Top:u_fft|FFT_Twiddle_ROM:u_twiddle|ROM~316                                                    ; Lost fanout                                                                                 ;
; FFT_Top:u_fft|FFT_Twiddle_ROM:u_twiddle|ROM~317                                                    ; Lost fanout                                                                                 ;
; FFT_Top:u_fft|FFT_Twiddle_ROM:u_twiddle|ROM~318                                                    ; Lost fanout                                                                                 ;
; FFT_Top:u_fft|FFT_Twiddle_ROM:u_twiddle|ROM~319                                                    ; Lost fanout                                                                                 ;
; FFT_Top:u_fft|FFT_Twiddle_ROM:u_twiddle|ROM~320                                                    ; Lost fanout                                                                                 ;
; FFT_Top:u_fft|FFT_Twiddle_ROM:u_twiddle|ROM~321                                                    ; Lost fanout                                                                                 ;
; FFT_Top:u_fft|FFT_Twiddle_ROM:u_twiddle|ROM~322                                                    ; Lost fanout                                                                                 ;
; FFT_Top:u_fft|FFT_Twiddle_ROM:u_twiddle|ROM~323                                                    ; Lost fanout                                                                                 ;
; FFT_Top:u_fft|FFT_Twiddle_ROM:u_twiddle|ROM~324                                                    ; Lost fanout                                                                                 ;
; FFT_Top:u_fft|FFT_Twiddle_ROM:u_twiddle|ROM~325                                                    ; Lost fanout                                                                                 ;
; FFT_Top:u_fft|FFT_Twiddle_ROM:u_twiddle|ROM~326                                                    ; Lost fanout                                                                                 ;
; FFT_Top:u_fft|FFT_Twiddle_ROM:u_twiddle|ROM~327                                                    ; Lost fanout                                                                                 ;
; FFT_Top:u_fft|FFT_Twiddle_ROM:u_twiddle|ROM~328                                                    ; Lost fanout                                                                                 ;
; FFT_Top:u_fft|FFT_Twiddle_ROM:u_twiddle|ROM~329                                                    ; Lost fanout                                                                                 ;
; FFT_Top:u_fft|FFT_Twiddle_ROM:u_twiddle|ROM~330                                                    ; Lost fanout                                                                                 ;
; FFT_Top:u_fft|FFT_Twiddle_ROM:u_twiddle|ROM~331                                                    ; Lost fanout                                                                                 ;
; FFT_Top:u_fft|FFT_Twiddle_ROM:u_twiddle|ROM~332                                                    ; Lost fanout                                                                                 ;
; FFT_Top:u_fft|FFT_Twiddle_ROM:u_twiddle|ROM~333                                                    ; Lost fanout                                                                                 ;
; FFT_Top:u_fft|FFT_Twiddle_ROM:u_twiddle|ROM~334                                                    ; Lost fanout                                                                                 ;
; FFT_Top:u_fft|FFT_Twiddle_ROM:u_twiddle|ROM~335                                                    ; Lost fanout                                                                                 ;
; FFT_Top:u_fft|FFT_Twiddle_ROM:u_twiddle|ROM~336                                                    ; Lost fanout                                                                                 ;
; FFT_Top:u_fft|FFT_Twiddle_ROM:u_twiddle|ROM~337                                                    ; Lost fanout                                                                                 ;
; FFT_Top:u_fft|FFT_Twiddle_ROM:u_twiddle|ROM~338                                                    ; Lost fanout                                                                                 ;
; FFT_Top:u_fft|FFT_Twiddle_ROM:u_twiddle|ROM~339                                                    ; Lost fanout                                                                                 ;
; FFT_Top:u_fft|FFT_Twiddle_ROM:u_twiddle|ROM~340                                                    ; Lost fanout                                                                                 ;
; FFT_Top:u_fft|FFT_Twiddle_ROM:u_twiddle|ROM~341                                                    ; Lost fanout                                                                                 ;
; FFT_Top:u_fft|FFT_Twiddle_ROM:u_twiddle|ROM~342                                                    ; Lost fanout                                                                                 ;
; FFT_Top:u_fft|FFT_Twiddle_ROM:u_twiddle|ROM~343                                                    ; Lost fanout                                                                                 ;
; FFT_Top:u_fft|FFT_Twiddle_ROM:u_twiddle|ROM~344                                                    ; Lost fanout                                                                                 ;
; FFT_Top:u_fft|FFT_Twiddle_ROM:u_twiddle|ROM~345                                                    ; Lost fanout                                                                                 ;
; FFT_Top:u_fft|FFT_Twiddle_ROM:u_twiddle|ROM~346                                                    ; Lost fanout                                                                                 ;
; FFT_Top:u_fft|FFT_Twiddle_ROM:u_twiddle|ROM~347                                                    ; Lost fanout                                                                                 ;
; FFT_Top:u_fft|FFT_Twiddle_ROM:u_twiddle|ROM~348                                                    ; Lost fanout                                                                                 ;
; FFT_Top:u_fft|FFT_Twiddle_ROM:u_twiddle|ROM~349                                                    ; Lost fanout                                                                                 ;
; FFT_Top:u_fft|FFT_Twiddle_ROM:u_twiddle|ROM~350                                                    ; Lost fanout                                                                                 ;
; FFT_Top:u_fft|FFT_Twiddle_ROM:u_twiddle|ROM~351                                                    ; Lost fanout                                                                                 ;
; FFT_Top:u_fft|FFT_Twiddle_ROM:u_twiddle|ROM~352                                                    ; Lost fanout                                                                                 ;
; FFT_Top:u_fft|FFT_Twiddle_ROM:u_twiddle|ROM~353                                                    ; Lost fanout                                                                                 ;
; FFT_Top:u_fft|FFT_Twiddle_ROM:u_twiddle|ROM~354                                                    ; Lost fanout                                                                                 ;
; FFT_Top:u_fft|FFT_Twiddle_ROM:u_twiddle|ROM~355                                                    ; Lost fanout                                                                                 ;
; FFT_Top:u_fft|FFT_Twiddle_ROM:u_twiddle|ROM~356                                                    ; Lost fanout                                                                                 ;
; FFT_Top:u_fft|FFT_Twiddle_ROM:u_twiddle|ROM~357                                                    ; Lost fanout                                                                                 ;
; FFT_Top:u_fft|FFT_Twiddle_ROM:u_twiddle|ROM~358                                                    ; Lost fanout                                                                                 ;
; FFT_Top:u_fft|FFT_Twiddle_ROM:u_twiddle|ROM~359                                                    ; Lost fanout                                                                                 ;
; FFT_Top:u_fft|FFT_Twiddle_ROM:u_twiddle|ROM~360                                                    ; Lost fanout                                                                                 ;
; FFT_Top:u_fft|FFT_Twiddle_ROM:u_twiddle|ROM~361                                                    ; Lost fanout                                                                                 ;
; FFT_Top:u_fft|FFT_Twiddle_ROM:u_twiddle|ROM~362                                                    ; Lost fanout                                                                                 ;
; FFT_Top:u_fft|FFT_Twiddle_ROM:u_twiddle|ROM~363                                                    ; Lost fanout                                                                                 ;
; FFT_Top:u_fft|FFT_Twiddle_ROM:u_twiddle|ROM~364                                                    ; Lost fanout                                                                                 ;
; FFT_Top:u_fft|FFT_Twiddle_ROM:u_twiddle|ROM~365                                                    ; Lost fanout                                                                                 ;
; FFT_Top:u_fft|FFT_Twiddle_ROM:u_twiddle|ROM~366                                                    ; Lost fanout                                                                                 ;
; FFT_Top:u_fft|FFT_Twiddle_ROM:u_twiddle|ROM~367                                                    ; Lost fanout                                                                                 ;
; FFT_Top:u_fft|FFT_Twiddle_ROM:u_twiddle|ROM~368                                                    ; Lost fanout                                                                                 ;
; FFT_Top:u_fft|FFT_Twiddle_ROM:u_twiddle|ROM~369                                                    ; Lost fanout                                                                                 ;
; FFT_Top:u_fft|FFT_Twiddle_ROM:u_twiddle|ROM~370                                                    ; Lost fanout                                                                                 ;
; FFT_Top:u_fft|FFT_Twiddle_ROM:u_twiddle|ROM~371                                                    ; Lost fanout                                                                                 ;
; FFT_Top:u_fft|FFT_Twiddle_ROM:u_twiddle|ROM~372                                                    ; Lost fanout                                                                                 ;
; FFT_Top:u_fft|FFT_Twiddle_ROM:u_twiddle|ROM~373                                                    ; Lost fanout                                                                                 ;
; FFT_Top:u_fft|FFT_Twiddle_ROM:u_twiddle|ROM~374                                                    ; Lost fanout                                                                                 ;
; FFT_Top:u_fft|FFT_Twiddle_ROM:u_twiddle|ROM~375                                                    ; Lost fanout                                                                                 ;
; FFT_Top:u_fft|FFT_Twiddle_ROM:u_twiddle|ROM~376                                                    ; Lost fanout                                                                                 ;
; FFT_Top:u_fft|FFT_Twiddle_ROM:u_twiddle|ROM~377                                                    ; Lost fanout                                                                                 ;
; FFT_Top:u_fft|FFT_Twiddle_ROM:u_twiddle|ROM~378                                                    ; Lost fanout                                                                                 ;
; FFT_Top:u_fft|FFT_Twiddle_ROM:u_twiddle|ROM~379                                                    ; Lost fanout                                                                                 ;
; FFT_Top:u_fft|FFT_Twiddle_ROM:u_twiddle|ROM~380                                                    ; Lost fanout                                                                                 ;
; FFT_Top:u_fft|FFT_Twiddle_ROM:u_twiddle|ROM~381                                                    ; Lost fanout                                                                                 ;
; FFT_Top:u_fft|FFT_Twiddle_ROM:u_twiddle|ROM~382                                                    ; Lost fanout                                                                                 ;
; FFT_Top:u_fft|FFT_Twiddle_ROM:u_twiddle|ROM~383                                                    ; Lost fanout                                                                                 ;
; FFT_Top:u_fft|FFT_Twiddle_ROM:u_twiddle|ROM~384                                                    ; Lost fanout                                                                                 ;
; FFT_Top:u_fft|FFT_Twiddle_ROM:u_twiddle|ROM~385                                                    ; Lost fanout                                                                                 ;
; FFT_Top:u_fft|FFT_Twiddle_ROM:u_twiddle|ROM~386                                                    ; Lost fanout                                                                                 ;
; FFT_Top:u_fft|FFT_Twiddle_ROM:u_twiddle|ROM~387                                                    ; Lost fanout                                                                                 ;
; FFT_Top:u_fft|FFT_Twiddle_ROM:u_twiddle|ROM~388                                                    ; Lost fanout                                                                                 ;
; FFT_Top:u_fft|FFT_Twiddle_ROM:u_twiddle|ROM~389                                                    ; Lost fanout                                                                                 ;
; FFT_Top:u_fft|FFT_Twiddle_ROM:u_twiddle|ROM~390                                                    ; Lost fanout                                                                                 ;
; FFT_Top:u_fft|FFT_Twiddle_ROM:u_twiddle|ROM~391                                                    ; Lost fanout                                                                                 ;
; FFT_Top:u_fft|FFT_Twiddle_ROM:u_twiddle|ROM~392                                                    ; Lost fanout                                                                                 ;
; FFT_Top:u_fft|FFT_Twiddle_ROM:u_twiddle|ROM~393                                                    ; Lost fanout                                                                                 ;
; FFT_Top:u_fft|FFT_Twiddle_ROM:u_twiddle|ROM~394                                                    ; Lost fanout                                                                                 ;
; FFT_Top:u_fft|FFT_Twiddle_ROM:u_twiddle|ROM~395                                                    ; Lost fanout                                                                                 ;
; FFT_Top:u_fft|FFT_Twiddle_ROM:u_twiddle|ROM~396                                                    ; Lost fanout                                                                                 ;
; FFT_Top:u_fft|FFT_Twiddle_ROM:u_twiddle|ROM~397                                                    ; Lost fanout                                                                                 ;
; FFT_Top:u_fft|FFT_Twiddle_ROM:u_twiddle|ROM~398                                                    ; Lost fanout                                                                                 ;
; FFT_Top:u_fft|FFT_Twiddle_ROM:u_twiddle|ROM~399                                                    ; Lost fanout                                                                                 ;
; FFT_Top:u_fft|FFT_Twiddle_ROM:u_twiddle|ROM~400                                                    ; Lost fanout                                                                                 ;
; FFT_Top:u_fft|FFT_Twiddle_ROM:u_twiddle|ROM~401                                                    ; Lost fanout                                                                                 ;
; FFT_Top:u_fft|FFT_Twiddle_ROM:u_twiddle|ROM~402                                                    ; Lost fanout                                                                                 ;
; FFT_Top:u_fft|FFT_Twiddle_ROM:u_twiddle|ROM~403                                                    ; Lost fanout                                                                                 ;
; FFT_Top:u_fft|FFT_Twiddle_ROM:u_twiddle|ROM~404                                                    ; Lost fanout                                                                                 ;
; FFT_Top:u_fft|FFT_Twiddle_ROM:u_twiddle|ROM~405                                                    ; Lost fanout                                                                                 ;
; FFT_Top:u_fft|FFT_Twiddle_ROM:u_twiddle|ROM~406                                                    ; Lost fanout                                                                                 ;
; FFT_Top:u_fft|FFT_Twiddle_ROM:u_twiddle|ROM~407                                                    ; Lost fanout                                                                                 ;
; FFT_Top:u_fft|FFT_Twiddle_ROM:u_twiddle|ROM~408                                                    ; Lost fanout                                                                                 ;
; FFT_Top:u_fft|FFT_Twiddle_ROM:u_twiddle|ROM~409                                                    ; Lost fanout                                                                                 ;
; FFT_Top:u_fft|FFT_Twiddle_ROM:u_twiddle|ROM~410                                                    ; Lost fanout                                                                                 ;
; FFT_Top:u_fft|FFT_Twiddle_ROM:u_twiddle|ROM~411                                                    ; Lost fanout                                                                                 ;
; FFT_Top:u_fft|FFT_Twiddle_ROM:u_twiddle|ROM~412                                                    ; Lost fanout                                                                                 ;
; FFT_Top:u_fft|FFT_Twiddle_ROM:u_twiddle|ROM~413                                                    ; Lost fanout                                                                                 ;
; FFT_Top:u_fft|FFT_Twiddle_ROM:u_twiddle|ROM~414                                                    ; Lost fanout                                                                                 ;
; FFT_Top:u_fft|FFT_Twiddle_ROM:u_twiddle|ROM~415                                                    ; Lost fanout                                                                                 ;
; FFT_Top:u_fft|FFT_Twiddle_ROM:u_twiddle|ROM~416                                                    ; Lost fanout                                                                                 ;
; FFT_Top:u_fft|FFT_Twiddle_ROM:u_twiddle|ROM~417                                                    ; Lost fanout                                                                                 ;
; FFT_Top:u_fft|FFT_Twiddle_ROM:u_twiddle|ROM~418                                                    ; Lost fanout                                                                                 ;
; FFT_Top:u_fft|FFT_Twiddle_ROM:u_twiddle|ROM~419                                                    ; Lost fanout                                                                                 ;
; FFT_Top:u_fft|FFT_Twiddle_ROM:u_twiddle|ROM~420                                                    ; Lost fanout                                                                                 ;
; FFT_Top:u_fft|FFT_Twiddle_ROM:u_twiddle|ROM~421                                                    ; Lost fanout                                                                                 ;
; FFT_Top:u_fft|FFT_Twiddle_ROM:u_twiddle|ROM~422                                                    ; Lost fanout                                                                                 ;
; FFT_Top:u_fft|FFT_Twiddle_ROM:u_twiddle|ROM~423                                                    ; Lost fanout                                                                                 ;
; FFT_Top:u_fft|FFT_Twiddle_ROM:u_twiddle|ROM~424                                                    ; Lost fanout                                                                                 ;
; FFT_Top:u_fft|FFT_Twiddle_ROM:u_twiddle|ROM~425                                                    ; Lost fanout                                                                                 ;
; FFT_Top:u_fft|FFT_Twiddle_ROM:u_twiddle|ROM~426                                                    ; Lost fanout                                                                                 ;
; FFT_Top:u_fft|FFT_Twiddle_ROM:u_twiddle|ROM~427                                                    ; Lost fanout                                                                                 ;
; FFT_Top:u_fft|FFT_Twiddle_ROM:u_twiddle|ROM~428                                                    ; Lost fanout                                                                                 ;
; FFT_Top:u_fft|FFT_Twiddle_ROM:u_twiddle|ROM~429                                                    ; Lost fanout                                                                                 ;
; FFT_Top:u_fft|FFT_Twiddle_ROM:u_twiddle|ROM~430                                                    ; Lost fanout                                                                                 ;
; FFT_Top:u_fft|FFT_Twiddle_ROM:u_twiddle|ROM~431                                                    ; Lost fanout                                                                                 ;
; FFT_Top:u_fft|FFT_Twiddle_ROM:u_twiddle|ROM~432                                                    ; Lost fanout                                                                                 ;
; FFT_Top:u_fft|FFT_Twiddle_ROM:u_twiddle|ROM~433                                                    ; Lost fanout                                                                                 ;
; FFT_Top:u_fft|FFT_Twiddle_ROM:u_twiddle|ROM~434                                                    ; Lost fanout                                                                                 ;
; FFT_Top:u_fft|FFT_Twiddle_ROM:u_twiddle|ROM~435                                                    ; Lost fanout                                                                                 ;
; FFT_Top:u_fft|FFT_Twiddle_ROM:u_twiddle|ROM~436                                                    ; Lost fanout                                                                                 ;
; FFT_Top:u_fft|FFT_Twiddle_ROM:u_twiddle|ROM~437                                                    ; Lost fanout                                                                                 ;
; FFT_Top:u_fft|FFT_Twiddle_ROM:u_twiddle|ROM~438                                                    ; Lost fanout                                                                                 ;
; FFT_Top:u_fft|FFT_Twiddle_ROM:u_twiddle|ROM~439                                                    ; Lost fanout                                                                                 ;
; FFT_Top:u_fft|FFT_Twiddle_ROM:u_twiddle|ROM~440                                                    ; Lost fanout                                                                                 ;
; FFT_Top:u_fft|FFT_Twiddle_ROM:u_twiddle|ROM~441                                                    ; Lost fanout                                                                                 ;
; FFT_Top:u_fft|FFT_Twiddle_ROM:u_twiddle|ROM~442                                                    ; Lost fanout                                                                                 ;
; FFT_Top:u_fft|FFT_Twiddle_ROM:u_twiddle|ROM~443                                                    ; Lost fanout                                                                                 ;
; FFT_Top:u_fft|FFT_Twiddle_ROM:u_twiddle|ROM~444                                                    ; Lost fanout                                                                                 ;
; FFT_Top:u_fft|FFT_Twiddle_ROM:u_twiddle|ROM~445                                                    ; Lost fanout                                                                                 ;
; FFT_Top:u_fft|FFT_Twiddle_ROM:u_twiddle|ROM~446                                                    ; Lost fanout                                                                                 ;
; FFT_Top:u_fft|FFT_Twiddle_ROM:u_twiddle|ROM~447                                                    ; Lost fanout                                                                                 ;
; FFT_Top:u_fft|FFT_Twiddle_ROM:u_twiddle|ROM~448                                                    ; Lost fanout                                                                                 ;
; FFT_Top:u_fft|FFT_Twiddle_ROM:u_twiddle|ROM~449                                                    ; Lost fanout                                                                                 ;
; FFT_Top:u_fft|FFT_Twiddle_ROM:u_twiddle|ROM~450                                                    ; Lost fanout                                                                                 ;
; FFT_Top:u_fft|FFT_Twiddle_ROM:u_twiddle|ROM~451                                                    ; Lost fanout                                                                                 ;
; FFT_Top:u_fft|FFT_Twiddle_ROM:u_twiddle|ROM~452                                                    ; Lost fanout                                                                                 ;
; FFT_Top:u_fft|FFT_Twiddle_ROM:u_twiddle|ROM~453                                                    ; Lost fanout                                                                                 ;
; FFT_Top:u_fft|FFT_Twiddle_ROM:u_twiddle|ROM~454                                                    ; Lost fanout                                                                                 ;
; FFT_Top:u_fft|FFT_Twiddle_ROM:u_twiddle|ROM~455                                                    ; Lost fanout                                                                                 ;
; FFT_Top:u_fft|FFT_Twiddle_ROM:u_twiddle|ROM~456                                                    ; Lost fanout                                                                                 ;
; FFT_Top:u_fft|FFT_Twiddle_ROM:u_twiddle|ROM~457                                                    ; Lost fanout                                                                                 ;
; FFT_Top:u_fft|FFT_Twiddle_ROM:u_twiddle|ROM~458                                                    ; Lost fanout                                                                                 ;
; FFT_Top:u_fft|FFT_Twiddle_ROM:u_twiddle|ROM~459                                                    ; Lost fanout                                                                                 ;
; FFT_Top:u_fft|FFT_Twiddle_ROM:u_twiddle|ROM~460                                                    ; Lost fanout                                                                                 ;
; FFT_Top:u_fft|FFT_Twiddle_ROM:u_twiddle|ROM~461                                                    ; Lost fanout                                                                                 ;
; FFT_Top:u_fft|FFT_Twiddle_ROM:u_twiddle|ROM~462                                                    ; Lost fanout                                                                                 ;
; FFT_Top:u_fft|FFT_Twiddle_ROM:u_twiddle|ROM~463                                                    ; Lost fanout                                                                                 ;
; FFT_Top:u_fft|FFT_Twiddle_ROM:u_twiddle|ROM~464                                                    ; Lost fanout                                                                                 ;
; FFT_Top:u_fft|FFT_Twiddle_ROM:u_twiddle|ROM~465                                                    ; Lost fanout                                                                                 ;
; FFT_Top:u_fft|FFT_Twiddle_ROM:u_twiddle|ROM~466                                                    ; Lost fanout                                                                                 ;
; FFT_Top:u_fft|FFT_Twiddle_ROM:u_twiddle|ROM~467                                                    ; Lost fanout                                                                                 ;
; FFT_Top:u_fft|FFT_Twiddle_ROM:u_twiddle|ROM~468                                                    ; Lost fanout                                                                                 ;
; FFT_Top:u_fft|FFT_Twiddle_ROM:u_twiddle|ROM~469                                                    ; Lost fanout                                                                                 ;
; FFT_Top:u_fft|FFT_Twiddle_ROM:u_twiddle|ROM~470                                                    ; Lost fanout                                                                                 ;
; FFT_Top:u_fft|FFT_Twiddle_ROM:u_twiddle|ROM~471                                                    ; Lost fanout                                                                                 ;
; FFT_Top:u_fft|FFT_Twiddle_ROM:u_twiddle|ROM~472                                                    ; Lost fanout                                                                                 ;
; FFT_Top:u_fft|FFT_Twiddle_ROM:u_twiddle|ROM~473                                                    ; Lost fanout                                                                                 ;
; FFT_Top:u_fft|FFT_Twiddle_ROM:u_twiddle|ROM~474                                                    ; Lost fanout                                                                                 ;
; FFT_Top:u_fft|FFT_Twiddle_ROM:u_twiddle|ROM~475                                                    ; Lost fanout                                                                                 ;
; FFT_Top:u_fft|FFT_Twiddle_ROM:u_twiddle|ROM~476                                                    ; Lost fanout                                                                                 ;
; FFT_Top:u_fft|FFT_Twiddle_ROM:u_twiddle|ROM~477                                                    ; Lost fanout                                                                                 ;
; FFT_Top:u_fft|FFT_Twiddle_ROM:u_twiddle|ROM~478                                                    ; Lost fanout                                                                                 ;
; FFT_Top:u_fft|FFT_Twiddle_ROM:u_twiddle|ROM~479                                                    ; Lost fanout                                                                                 ;
; FFT_Top:u_fft|FFT_Twiddle_ROM:u_twiddle|ROM~480                                                    ; Lost fanout                                                                                 ;
; FFT_Top:u_fft|FFT_Twiddle_ROM:u_twiddle|ROM~481                                                    ; Lost fanout                                                                                 ;
; FFT_Top:u_fft|FFT_Twiddle_ROM:u_twiddle|ROM~482                                                    ; Lost fanout                                                                                 ;
; FFT_Top:u_fft|FFT_Twiddle_ROM:u_twiddle|ROM~483                                                    ; Lost fanout                                                                                 ;
; FFT_Top:u_fft|FFT_Twiddle_ROM:u_twiddle|ROM~484                                                    ; Lost fanout                                                                                 ;
; FFT_Top:u_fft|FFT_Twiddle_ROM:u_twiddle|ROM~485                                                    ; Lost fanout                                                                                 ;
; FFT_Top:u_fft|FFT_Twiddle_ROM:u_twiddle|ROM~486                                                    ; Lost fanout                                                                                 ;
; FFT_Top:u_fft|FFT_Twiddle_ROM:u_twiddle|ROM~487                                                    ; Lost fanout                                                                                 ;
; FFT_Top:u_fft|FFT_Twiddle_ROM:u_twiddle|ROM~488                                                    ; Lost fanout                                                                                 ;
; FFT_Top:u_fft|FFT_Twiddle_ROM:u_twiddle|ROM~489                                                    ; Lost fanout                                                                                 ;
; FFT_Top:u_fft|FFT_Twiddle_ROM:u_twiddle|ROM~490                                                    ; Lost fanout                                                                                 ;
; FFT_Top:u_fft|FFT_Twiddle_ROM:u_twiddle|ROM~491                                                    ; Lost fanout                                                                                 ;
; FFT_Top:u_fft|FFT_Twiddle_ROM:u_twiddle|ROM~492                                                    ; Lost fanout                                                                                 ;
; FFT_Top:u_fft|FFT_Twiddle_ROM:u_twiddle|ROM~493                                                    ; Lost fanout                                                                                 ;
; FFT_Top:u_fft|FFT_Twiddle_ROM:u_twiddle|ROM~494                                                    ; Lost fanout                                                                                 ;
; FFT_Top:u_fft|FFT_Twiddle_ROM:u_twiddle|ROM~495                                                    ; Lost fanout                                                                                 ;
; FFT_Top:u_fft|FFT_Twiddle_ROM:u_twiddle|ROM~496                                                    ; Lost fanout                                                                                 ;
; FFT_Top:u_fft|FFT_Twiddle_ROM:u_twiddle|ROM~497                                                    ; Lost fanout                                                                                 ;
; FFT_Top:u_fft|FFT_Twiddle_ROM:u_twiddle|ROM~498                                                    ; Lost fanout                                                                                 ;
; FFT_Top:u_fft|FFT_Twiddle_ROM:u_twiddle|ROM~499                                                    ; Lost fanout                                                                                 ;
; FFT_Top:u_fft|FFT_Twiddle_ROM:u_twiddle|ROM~500                                                    ; Lost fanout                                                                                 ;
; FFT_Top:u_fft|FFT_Twiddle_ROM:u_twiddle|ROM~501                                                    ; Lost fanout                                                                                 ;
; FFT_Top:u_fft|FFT_Twiddle_ROM:u_twiddle|ROM~502                                                    ; Lost fanout                                                                                 ;
; FFT_Top:u_fft|FFT_Twiddle_ROM:u_twiddle|ROM~503                                                    ; Lost fanout                                                                                 ;
; FFT_Top:u_fft|FFT_Twiddle_ROM:u_twiddle|ROM~504                                                    ; Lost fanout                                                                                 ;
; FFT_Top:u_fft|FFT_Twiddle_ROM:u_twiddle|ROM~505                                                    ; Lost fanout                                                                                 ;
; FFT_Top:u_fft|FFT_Twiddle_ROM:u_twiddle|ROM~506                                                    ; Lost fanout                                                                                 ;
; FFT_Top:u_fft|FFT_Twiddle_ROM:u_twiddle|ROM~507                                                    ; Lost fanout                                                                                 ;
; FFT_Top:u_fft|FFT_Twiddle_ROM:u_twiddle|ROM~508                                                    ; Lost fanout                                                                                 ;
; FFT_Top:u_fft|FFT_Twiddle_ROM:u_twiddle|ROM~509                                                    ; Lost fanout                                                                                 ;
; FFT_Top:u_fft|FFT_Twiddle_ROM:u_twiddle|ROM~510                                                    ; Lost fanout                                                                                 ;
; FFT_Top:u_fft|FFT_Twiddle_ROM:u_twiddle|ROM~511                                                    ; Lost fanout                                                                                 ;
; FFT_Top:u_fft|FFT_Twiddle_ROM:u_twiddle|ROM~512                                                    ; Lost fanout                                                                                 ;
; FFT_Top:u_fft|FFT_Twiddle_ROM:u_twiddle|ROM~513                                                    ; Lost fanout                                                                                 ;
; FFT_Top:u_fft|FFT_Twiddle_ROM:u_twiddle|ROM~514                                                    ; Lost fanout                                                                                 ;
; FFT_Top:u_fft|FFT_Twiddle_ROM:u_twiddle|ROM~515                                                    ; Lost fanout                                                                                 ;
; FFT_Top:u_fft|FFT_Twiddle_ROM:u_twiddle|ROM~516                                                    ; Lost fanout                                                                                 ;
; FFT_Top:u_fft|FFT_Twiddle_ROM:u_twiddle|ROM~517                                                    ; Lost fanout                                                                                 ;
; FFT_Top:u_fft|FFT_Twiddle_ROM:u_twiddle|ROM~518                                                    ; Lost fanout                                                                                 ;
; FFT_Top:u_fft|FFT_Twiddle_ROM:u_twiddle|ROM~519                                                    ; Lost fanout                                                                                 ;
; FFT_Top:u_fft|FFT_Twiddle_ROM:u_twiddle|ROM~520                                                    ; Lost fanout                                                                                 ;
; FFT_Top:u_fft|FFT_Twiddle_ROM:u_twiddle|ROM~521                                                    ; Lost fanout                                                                                 ;
; FFT_Top:u_fft|FFT_Twiddle_ROM:u_twiddle|ROM~522                                                    ; Lost fanout                                                                                 ;
; FFT_Top:u_fft|FFT_Twiddle_ROM:u_twiddle|ROM~523                                                    ; Lost fanout                                                                                 ;
; FFT_Top:u_fft|FFT_Twiddle_ROM:u_twiddle|ROM~524                                                    ; Lost fanout                                                                                 ;
; FFT_Top:u_fft|FFT_Twiddle_ROM:u_twiddle|ROM~525                                                    ; Lost fanout                                                                                 ;
; FFT_Top:u_fft|FFT_Twiddle_ROM:u_twiddle|ROM~526                                                    ; Lost fanout                                                                                 ;
; FFT_Top:u_fft|FFT_Twiddle_ROM:u_twiddle|ROM~527                                                    ; Lost fanout                                                                                 ;
; FFT_Top:u_fft|FFT_Twiddle_ROM:u_twiddle|ROM~528                                                    ; Lost fanout                                                                                 ;
; FFT_Top:u_fft|FFT_Twiddle_ROM:u_twiddle|ROM~529                                                    ; Lost fanout                                                                                 ;
; FFT_Top:u_fft|FFT_Twiddle_ROM:u_twiddle|ROM~530                                                    ; Lost fanout                                                                                 ;
; FFT_Top:u_fft|FFT_Twiddle_ROM:u_twiddle|ROM~531                                                    ; Lost fanout                                                                                 ;
; FFT_Top:u_fft|FFT_Twiddle_ROM:u_twiddle|ROM~532                                                    ; Lost fanout                                                                                 ;
; FFT_Top:u_fft|FFT_Twiddle_ROM:u_twiddle|ROM~533                                                    ; Lost fanout                                                                                 ;
; FFT_Top:u_fft|FFT_Twiddle_ROM:u_twiddle|ROM~534                                                    ; Lost fanout                                                                                 ;
; FFT_Top:u_fft|FFT_Twiddle_ROM:u_twiddle|ROM~535                                                    ; Lost fanout                                                                                 ;
; FFT_Top:u_fft|FFT_Twiddle_ROM:u_twiddle|ROM~536                                                    ; Lost fanout                                                                                 ;
; FFT_Top:u_fft|FFT_Twiddle_ROM:u_twiddle|ROM~537                                                    ; Lost fanout                                                                                 ;
; FFT_Top:u_fft|FFT_Twiddle_ROM:u_twiddle|ROM~538                                                    ; Lost fanout                                                                                 ;
; FFT_Top:u_fft|FFT_Twiddle_ROM:u_twiddle|ROM~539                                                    ; Lost fanout                                                                                 ;
; FFT_Top:u_fft|FFT_Twiddle_ROM:u_twiddle|ROM~540                                                    ; Lost fanout                                                                                 ;
; FFT_Top:u_fft|FFT_Twiddle_ROM:u_twiddle|ROM~541                                                    ; Lost fanout                                                                                 ;
; FFT_Top:u_fft|FFT_Twiddle_ROM:u_twiddle|ROM~542                                                    ; Lost fanout                                                                                 ;
; FFT_Top:u_fft|FFT_Twiddle_ROM:u_twiddle|ROM~543                                                    ; Lost fanout                                                                                 ;
; FFT_Top:u_fft|FFT_Twiddle_ROM:u_twiddle|ROM~544                                                    ; Lost fanout                                                                                 ;
; FFT_Top:u_fft|FFT_Twiddle_ROM:u_twiddle|ROM~545                                                    ; Lost fanout                                                                                 ;
; FFT_Top:u_fft|FFT_Twiddle_ROM:u_twiddle|ROM~546                                                    ; Lost fanout                                                                                 ;
; FFT_Top:u_fft|FFT_Twiddle_ROM:u_twiddle|ROM~547                                                    ; Lost fanout                                                                                 ;
; FFT_Top:u_fft|FFT_Twiddle_ROM:u_twiddle|ROM~548                                                    ; Lost fanout                                                                                 ;
; FFT_Top:u_fft|FFT_Twiddle_ROM:u_twiddle|ROM~549                                                    ; Lost fanout                                                                                 ;
; FFT_Top:u_fft|FFT_Twiddle_ROM:u_twiddle|ROM~550                                                    ; Lost fanout                                                                                 ;
; FFT_Top:u_fft|FFT_Twiddle_ROM:u_twiddle|ROM~551                                                    ; Lost fanout                                                                                 ;
; FFT_Top:u_fft|FFT_Twiddle_ROM:u_twiddle|ROM~552                                                    ; Lost fanout                                                                                 ;
; FFT_Top:u_fft|FFT_Twiddle_ROM:u_twiddle|ROM~553                                                    ; Lost fanout                                                                                 ;
; FFT_Top:u_fft|FFT_Twiddle_ROM:u_twiddle|ROM~554                                                    ; Lost fanout                                                                                 ;
; FFT_Top:u_fft|FFT_Twiddle_ROM:u_twiddle|ROM~555                                                    ; Lost fanout                                                                                 ;
; FFT_Top:u_fft|FFT_Twiddle_ROM:u_twiddle|ROM~556                                                    ; Lost fanout                                                                                 ;
; FFT_Top:u_fft|FFT_Twiddle_ROM:u_twiddle|ROM~557                                                    ; Lost fanout                                                                                 ;
; FFT_Top:u_fft|FFT_Twiddle_ROM:u_twiddle|ROM~558                                                    ; Lost fanout                                                                                 ;
; FFT_Top:u_fft|FFT_Twiddle_ROM:u_twiddle|ROM~559                                                    ; Lost fanout                                                                                 ;
; FFT_Top:u_fft|FFT_Twiddle_ROM:u_twiddle|ROM~560                                                    ; Lost fanout                                                                                 ;
; FFT_Top:u_fft|FFT_Twiddle_ROM:u_twiddle|ROM~561                                                    ; Lost fanout                                                                                 ;
; FFT_Top:u_fft|FFT_Twiddle_ROM:u_twiddle|ROM~562                                                    ; Lost fanout                                                                                 ;
; FFT_Top:u_fft|FFT_Twiddle_ROM:u_twiddle|ROM~563                                                    ; Lost fanout                                                                                 ;
; FFT_Top:u_fft|FFT_Twiddle_ROM:u_twiddle|ROM~564                                                    ; Lost fanout                                                                                 ;
; FFT_Top:u_fft|FFT_Twiddle_ROM:u_twiddle|ROM~565                                                    ; Lost fanout                                                                                 ;
; FFT_Top:u_fft|FFT_Twiddle_ROM:u_twiddle|ROM~566                                                    ; Lost fanout                                                                                 ;
; FFT_Top:u_fft|FFT_Twiddle_ROM:u_twiddle|ROM~567                                                    ; Lost fanout                                                                                 ;
; FFT_Top:u_fft|FFT_Twiddle_ROM:u_twiddle|ROM~568                                                    ; Lost fanout                                                                                 ;
; FFT_Top:u_fft|FFT_Twiddle_ROM:u_twiddle|ROM~569                                                    ; Lost fanout                                                                                 ;
; FFT_Top:u_fft|FFT_Twiddle_ROM:u_twiddle|ROM~570                                                    ; Lost fanout                                                                                 ;
; FFT_Top:u_fft|FFT_Twiddle_ROM:u_twiddle|ROM~571                                                    ; Lost fanout                                                                                 ;
; FFT_Top:u_fft|FFT_Twiddle_ROM:u_twiddle|ROM~572                                                    ; Lost fanout                                                                                 ;
; FFT_Top:u_fft|FFT_Twiddle_ROM:u_twiddle|ROM~573                                                    ; Lost fanout                                                                                 ;
; FFT_Top:u_fft|FFT_Twiddle_ROM:u_twiddle|ROM~574                                                    ; Lost fanout                                                                                 ;
; FFT_Top:u_fft|FFT_Twiddle_ROM:u_twiddle|ROM~575                                                    ; Lost fanout                                                                                 ;
; FFT_Top:u_fft|FFT_Twiddle_ROM:u_twiddle|ROM~576                                                    ; Lost fanout                                                                                 ;
; FFT_Top:u_fft|FFT_Twiddle_ROM:u_twiddle|ROM~577                                                    ; Lost fanout                                                                                 ;
; FFT_Top:u_fft|FFT_Twiddle_ROM:u_twiddle|ROM~578                                                    ; Lost fanout                                                                                 ;
; FFT_Top:u_fft|FFT_Twiddle_ROM:u_twiddle|ROM~579                                                    ; Lost fanout                                                                                 ;
; FFT_Top:u_fft|FFT_Twiddle_ROM:u_twiddle|ROM~580                                                    ; Lost fanout                                                                                 ;
; FFT_Top:u_fft|FFT_Twiddle_ROM:u_twiddle|ROM~581                                                    ; Lost fanout                                                                                 ;
; FFT_Top:u_fft|FFT_Twiddle_ROM:u_twiddle|ROM~582                                                    ; Lost fanout                                                                                 ;
; FFT_Top:u_fft|FFT_Twiddle_ROM:u_twiddle|ROM~583                                                    ; Lost fanout                                                                                 ;
; FFT_Top:u_fft|FFT_Twiddle_ROM:u_twiddle|ROM~584                                                    ; Lost fanout                                                                                 ;
; FFT_Top:u_fft|FFT_Twiddle_ROM:u_twiddle|ROM~585                                                    ; Lost fanout                                                                                 ;
; FFT_Top:u_fft|FFT_Twiddle_ROM:u_twiddle|ROM~586                                                    ; Lost fanout                                                                                 ;
; FFT_Top:u_fft|FFT_Twiddle_ROM:u_twiddle|ROM~587                                                    ; Lost fanout                                                                                 ;
; FFT_Top:u_fft|FFT_Twiddle_ROM:u_twiddle|ROM~588                                                    ; Lost fanout                                                                                 ;
; FFT_Top:u_fft|FFT_Twiddle_ROM:u_twiddle|ROM~589                                                    ; Lost fanout                                                                                 ;
; FFT_Top:u_fft|FFT_Twiddle_ROM:u_twiddle|ROM~590                                                    ; Lost fanout                                                                                 ;
; FFT_Top:u_fft|FFT_Twiddle_ROM:u_twiddle|ROM~591                                                    ; Lost fanout                                                                                 ;
; FFT_Top:u_fft|FFT_Twiddle_ROM:u_twiddle|ROM~592                                                    ; Lost fanout                                                                                 ;
; FFT_Top:u_fft|FFT_Twiddle_ROM:u_twiddle|ROM~593                                                    ; Lost fanout                                                                                 ;
; FFT_Top:u_fft|FFT_Twiddle_ROM:u_twiddle|ROM~594                                                    ; Lost fanout                                                                                 ;
; FFT_Top:u_fft|FFT_Twiddle_ROM:u_twiddle|ROM~595                                                    ; Lost fanout                                                                                 ;
; FFT_Top:u_fft|FFT_Twiddle_ROM:u_twiddle|ROM~596                                                    ; Lost fanout                                                                                 ;
; FFT_Top:u_fft|FFT_Twiddle_ROM:u_twiddle|ROM~597                                                    ; Lost fanout                                                                                 ;
; FFT_Top:u_fft|FFT_Twiddle_ROM:u_twiddle|ROM~598                                                    ; Lost fanout                                                                                 ;
; FFT_Top:u_fft|FFT_Twiddle_ROM:u_twiddle|ROM~599                                                    ; Lost fanout                                                                                 ;
; FFT_Top:u_fft|FFT_Twiddle_ROM:u_twiddle|ROM~600                                                    ; Lost fanout                                                                                 ;
; FFT_Top:u_fft|FFT_Twiddle_ROM:u_twiddle|ROM~601                                                    ; Lost fanout                                                                                 ;
; FFT_Top:u_fft|FFT_Twiddle_ROM:u_twiddle|ROM~602                                                    ; Lost fanout                                                                                 ;
; FFT_Top:u_fft|FFT_Twiddle_ROM:u_twiddle|ROM~603                                                    ; Lost fanout                                                                                 ;
; FFT_Top:u_fft|FFT_Twiddle_ROM:u_twiddle|ROM~604                                                    ; Lost fanout                                                                                 ;
; FFT_Top:u_fft|FFT_Twiddle_ROM:u_twiddle|ROM~605                                                    ; Lost fanout                                                                                 ;
; FFT_Top:u_fft|FFT_Twiddle_ROM:u_twiddle|ROM~606                                                    ; Lost fanout                                                                                 ;
; FFT_Top:u_fft|FFT_Twiddle_ROM:u_twiddle|ROM~607                                                    ; Lost fanout                                                                                 ;
; FFT_Top:u_fft|FFT_Twiddle_ROM:u_twiddle|ROM~608                                                    ; Lost fanout                                                                                 ;
; FFT_Top:u_fft|FFT_Twiddle_ROM:u_twiddle|ROM~609                                                    ; Lost fanout                                                                                 ;
; FFT_Top:u_fft|FFT_Twiddle_ROM:u_twiddle|ROM~610                                                    ; Lost fanout                                                                                 ;
; FFT_Top:u_fft|FFT_Twiddle_ROM:u_twiddle|ROM~611                                                    ; Lost fanout                                                                                 ;
; FFT_Top:u_fft|FFT_Twiddle_ROM:u_twiddle|ROM~612                                                    ; Lost fanout                                                                                 ;
; FFT_Top:u_fft|FFT_Twiddle_ROM:u_twiddle|ROM~613                                                    ; Lost fanout                                                                                 ;
; FFT_Top:u_fft|FFT_Twiddle_ROM:u_twiddle|ROM~614                                                    ; Lost fanout                                                                                 ;
; FFT_Top:u_fft|FFT_Twiddle_ROM:u_twiddle|ROM~615                                                    ; Lost fanout                                                                                 ;
; FFT_Top:u_fft|FFT_Twiddle_ROM:u_twiddle|ROM~616                                                    ; Lost fanout                                                                                 ;
; FFT_Top:u_fft|FFT_Twiddle_ROM:u_twiddle|ROM~617                                                    ; Lost fanout                                                                                 ;
; FFT_Top:u_fft|FFT_Twiddle_ROM:u_twiddle|ROM~618                                                    ; Lost fanout                                                                                 ;
; FFT_Top:u_fft|FFT_Twiddle_ROM:u_twiddle|ROM~619                                                    ; Lost fanout                                                                                 ;
; FFT_Top:u_fft|FFT_Twiddle_ROM:u_twiddle|ROM~620                                                    ; Lost fanout                                                                                 ;
; FFT_Top:u_fft|FFT_Twiddle_ROM:u_twiddle|ROM~621                                                    ; Lost fanout                                                                                 ;
; FFT_Top:u_fft|FFT_Twiddle_ROM:u_twiddle|ROM~622                                                    ; Lost fanout                                                                                 ;
; FFT_Top:u_fft|FFT_Twiddle_ROM:u_twiddle|ROM~623                                                    ; Lost fanout                                                                                 ;
; FFT_Top:u_fft|FFT_Twiddle_ROM:u_twiddle|ROM~624                                                    ; Lost fanout                                                                                 ;
; FFT_Top:u_fft|FFT_Twiddle_ROM:u_twiddle|ROM~625                                                    ; Lost fanout                                                                                 ;
; FFT_Top:u_fft|FFT_Twiddle_ROM:u_twiddle|ROM~626                                                    ; Lost fanout                                                                                 ;
; FFT_Top:u_fft|FFT_Twiddle_ROM:u_twiddle|ROM~627                                                    ; Lost fanout                                                                                 ;
; FFT_Top:u_fft|FFT_Twiddle_ROM:u_twiddle|ROM~628                                                    ; Lost fanout                                                                                 ;
; FFT_Top:u_fft|FFT_Twiddle_ROM:u_twiddle|ROM~629                                                    ; Lost fanout                                                                                 ;
; FFT_Top:u_fft|FFT_Twiddle_ROM:u_twiddle|ROM~630                                                    ; Lost fanout                                                                                 ;
; FFT_Top:u_fft|FFT_Twiddle_ROM:u_twiddle|ROM~631                                                    ; Lost fanout                                                                                 ;
; FFT_Top:u_fft|FFT_Twiddle_ROM:u_twiddle|ROM~632                                                    ; Lost fanout                                                                                 ;
; FFT_Top:u_fft|FFT_Twiddle_ROM:u_twiddle|ROM~633                                                    ; Lost fanout                                                                                 ;
; FFT_Top:u_fft|FFT_Twiddle_ROM:u_twiddle|ROM~634                                                    ; Lost fanout                                                                                 ;
; FFT_Top:u_fft|FFT_Twiddle_ROM:u_twiddle|ROM~635                                                    ; Lost fanout                                                                                 ;
; FFT_Top:u_fft|FFT_Twiddle_ROM:u_twiddle|ROM~636                                                    ; Lost fanout                                                                                 ;
; FFT_Top:u_fft|FFT_Twiddle_ROM:u_twiddle|ROM~637                                                    ; Lost fanout                                                                                 ;
; FFT_Top:u_fft|FFT_Twiddle_ROM:u_twiddle|ROM~638                                                    ; Lost fanout                                                                                 ;
; FFT_Top:u_fft|FFT_Twiddle_ROM:u_twiddle|ROM~639                                                    ; Lost fanout                                                                                 ;
; FFT_Top:u_fft|FFT_Twiddle_ROM:u_twiddle|ROM~640                                                    ; Lost fanout                                                                                 ;
; FFT_Top:u_fft|FFT_Twiddle_ROM:u_twiddle|ROM~641                                                    ; Lost fanout                                                                                 ;
; FFT_Top:u_fft|FFT_Twiddle_ROM:u_twiddle|ROM~642                                                    ; Lost fanout                                                                                 ;
; FFT_Top:u_fft|FFT_Twiddle_ROM:u_twiddle|ROM~643                                                    ; Lost fanout                                                                                 ;
; FFT_Top:u_fft|FFT_Twiddle_ROM:u_twiddle|ROM~644                                                    ; Lost fanout                                                                                 ;
; FFT_Top:u_fft|FFT_Twiddle_ROM:u_twiddle|ROM~645                                                    ; Lost fanout                                                                                 ;
; FFT_Top:u_fft|FFT_Twiddle_ROM:u_twiddle|ROM~646                                                    ; Lost fanout                                                                                 ;
; FFT_Top:u_fft|FFT_Twiddle_ROM:u_twiddle|ROM~647                                                    ; Lost fanout                                                                                 ;
; FFT_Top:u_fft|FFT_Twiddle_ROM:u_twiddle|ROM~648                                                    ; Lost fanout                                                                                 ;
; FFT_Top:u_fft|FFT_Twiddle_ROM:u_twiddle|ROM~649                                                    ; Lost fanout                                                                                 ;
; FFT_Top:u_fft|FFT_Twiddle_ROM:u_twiddle|ROM~650                                                    ; Lost fanout                                                                                 ;
; FFT_Top:u_fft|FFT_Twiddle_ROM:u_twiddle|ROM~651                                                    ; Lost fanout                                                                                 ;
; FFT_Top:u_fft|FFT_Twiddle_ROM:u_twiddle|ROM~652                                                    ; Lost fanout                                                                                 ;
; FFT_Top:u_fft|FFT_Twiddle_ROM:u_twiddle|ROM~653                                                    ; Lost fanout                                                                                 ;
; FFT_Top:u_fft|FFT_Twiddle_ROM:u_twiddle|ROM~654                                                    ; Lost fanout                                                                                 ;
; FFT_Top:u_fft|FFT_Twiddle_ROM:u_twiddle|ROM~655                                                    ; Lost fanout                                                                                 ;
; FFT_Top:u_fft|FFT_Twiddle_ROM:u_twiddle|ROM~656                                                    ; Lost fanout                                                                                 ;
; FFT_Top:u_fft|FFT_Twiddle_ROM:u_twiddle|ROM~657                                                    ; Lost fanout                                                                                 ;
; FFT_Top:u_fft|FFT_Twiddle_ROM:u_twiddle|ROM~658                                                    ; Lost fanout                                                                                 ;
; FFT_Top:u_fft|FFT_Twiddle_ROM:u_twiddle|ROM~659                                                    ; Lost fanout                                                                                 ;
; FFT_Top:u_fft|FFT_Twiddle_ROM:u_twiddle|ROM~660                                                    ; Lost fanout                                                                                 ;
; FFT_Top:u_fft|FFT_Twiddle_ROM:u_twiddle|ROM~661                                                    ; Lost fanout                                                                                 ;
; FFT_Top:u_fft|FFT_Twiddle_ROM:u_twiddle|ROM~662                                                    ; Lost fanout                                                                                 ;
; FFT_Top:u_fft|FFT_Twiddle_ROM:u_twiddle|ROM~663                                                    ; Lost fanout                                                                                 ;
; FFT_Top:u_fft|FFT_Twiddle_ROM:u_twiddle|ROM~664                                                    ; Lost fanout                                                                                 ;
; FFT_Top:u_fft|FFT_Twiddle_ROM:u_twiddle|ROM~665                                                    ; Lost fanout                                                                                 ;
; FFT_Top:u_fft|FFT_Twiddle_ROM:u_twiddle|ROM~666                                                    ; Lost fanout                                                                                 ;
; FFT_Top:u_fft|FFT_Twiddle_ROM:u_twiddle|ROM~667                                                    ; Lost fanout                                                                                 ;
; FFT_Top:u_fft|FFT_Twiddle_ROM:u_twiddle|ROM~668                                                    ; Lost fanout                                                                                 ;
; FFT_Top:u_fft|FFT_Twiddle_ROM:u_twiddle|ROM~669                                                    ; Lost fanout                                                                                 ;
; FFT_Top:u_fft|FFT_Twiddle_ROM:u_twiddle|ROM~670                                                    ; Lost fanout                                                                                 ;
; FFT_Top:u_fft|FFT_Twiddle_ROM:u_twiddle|ROM~671                                                    ; Lost fanout                                                                                 ;
; FFT_Top:u_fft|FFT_Twiddle_ROM:u_twiddle|ROM~672                                                    ; Lost fanout                                                                                 ;
; FFT_Top:u_fft|FFT_Twiddle_ROM:u_twiddle|ROM~673                                                    ; Lost fanout                                                                                 ;
; FFT_Top:u_fft|FFT_Twiddle_ROM:u_twiddle|ROM~674                                                    ; Lost fanout                                                                                 ;
; FFT_Top:u_fft|FFT_Twiddle_ROM:u_twiddle|ROM~675                                                    ; Lost fanout                                                                                 ;
; FFT_Top:u_fft|FFT_Twiddle_ROM:u_twiddle|ROM~676                                                    ; Lost fanout                                                                                 ;
; FFT_Top:u_fft|FFT_Twiddle_ROM:u_twiddle|ROM~677                                                    ; Lost fanout                                                                                 ;
; FFT_Top:u_fft|FFT_Twiddle_ROM:u_twiddle|ROM~678                                                    ; Lost fanout                                                                                 ;
; FFT_Top:u_fft|FFT_Twiddle_ROM:u_twiddle|ROM~679                                                    ; Lost fanout                                                                                 ;
; FFT_Top:u_fft|FFT_Twiddle_ROM:u_twiddle|ROM~680                                                    ; Lost fanout                                                                                 ;
; FFT_Top:u_fft|FFT_Twiddle_ROM:u_twiddle|ROM~681                                                    ; Lost fanout                                                                                 ;
; FFT_Top:u_fft|FFT_Twiddle_ROM:u_twiddle|ROM~682                                                    ; Lost fanout                                                                                 ;
; FFT_Top:u_fft|FFT_Twiddle_ROM:u_twiddle|ROM~683                                                    ; Lost fanout                                                                                 ;
; FFT_Top:u_fft|FFT_Twiddle_ROM:u_twiddle|ROM~684                                                    ; Lost fanout                                                                                 ;
; FFT_Top:u_fft|FFT_Twiddle_ROM:u_twiddle|ROM~685                                                    ; Lost fanout                                                                                 ;
; FFT_Top:u_fft|FFT_Twiddle_ROM:u_twiddle|ROM~686                                                    ; Lost fanout                                                                                 ;
; FFT_Top:u_fft|FFT_Twiddle_ROM:u_twiddle|ROM~687                                                    ; Lost fanout                                                                                 ;
; FFT_Top:u_fft|FFT_Twiddle_ROM:u_twiddle|ROM~688                                                    ; Lost fanout                                                                                 ;
; FFT_Top:u_fft|FFT_Twiddle_ROM:u_twiddle|ROM~689                                                    ; Lost fanout                                                                                 ;
; FFT_Top:u_fft|FFT_Twiddle_ROM:u_twiddle|ROM~690                                                    ; Lost fanout                                                                                 ;
; FFT_Top:u_fft|FFT_Twiddle_ROM:u_twiddle|ROM~691                                                    ; Lost fanout                                                                                 ;
; FFT_Top:u_fft|FFT_Twiddle_ROM:u_twiddle|ROM~692                                                    ; Lost fanout                                                                                 ;
; FFT_Top:u_fft|FFT_Twiddle_ROM:u_twiddle|ROM~693                                                    ; Lost fanout                                                                                 ;
; FFT_Top:u_fft|FFT_Twiddle_ROM:u_twiddle|ROM~694                                                    ; Lost fanout                                                                                 ;
; FFT_Top:u_fft|FFT_Twiddle_ROM:u_twiddle|ROM~695                                                    ; Lost fanout                                                                                 ;
; FFT_Top:u_fft|FFT_Twiddle_ROM:u_twiddle|ROM~696                                                    ; Lost fanout                                                                                 ;
; FFT_Top:u_fft|FFT_Twiddle_ROM:u_twiddle|ROM~697                                                    ; Lost fanout                                                                                 ;
; FFT_Top:u_fft|FFT_Twiddle_ROM:u_twiddle|ROM~698                                                    ; Lost fanout                                                                                 ;
; FFT_Top:u_fft|FFT_Twiddle_ROM:u_twiddle|ROM~699                                                    ; Lost fanout                                                                                 ;
; FFT_Top:u_fft|FFT_Twiddle_ROM:u_twiddle|ROM~700                                                    ; Lost fanout                                                                                 ;
; FFT_Top:u_fft|FFT_Twiddle_ROM:u_twiddle|ROM~701                                                    ; Lost fanout                                                                                 ;
; FFT_Top:u_fft|FFT_Twiddle_ROM:u_twiddle|ROM~702                                                    ; Lost fanout                                                                                 ;
; FFT_Top:u_fft|FFT_Twiddle_ROM:u_twiddle|ROM~703                                                    ; Lost fanout                                                                                 ;
; FFT_Top:u_fft|FFT_Twiddle_ROM:u_twiddle|ROM~704                                                    ; Lost fanout                                                                                 ;
; FFT_Top:u_fft|FFT_Twiddle_ROM:u_twiddle|ROM~705                                                    ; Lost fanout                                                                                 ;
; FFT_Top:u_fft|FFT_Twiddle_ROM:u_twiddle|ROM~706                                                    ; Lost fanout                                                                                 ;
; FFT_Top:u_fft|FFT_Twiddle_ROM:u_twiddle|ROM~707                                                    ; Lost fanout                                                                                 ;
; FFT_Top:u_fft|FFT_Twiddle_ROM:u_twiddle|ROM~708                                                    ; Lost fanout                                                                                 ;
; FFT_Top:u_fft|FFT_Twiddle_ROM:u_twiddle|ROM~709                                                    ; Lost fanout                                                                                 ;
; FFT_Top:u_fft|FFT_Twiddle_ROM:u_twiddle|ROM~710                                                    ; Lost fanout                                                                                 ;
; FFT_Top:u_fft|FFT_Twiddle_ROM:u_twiddle|ROM~711                                                    ; Lost fanout                                                                                 ;
; FFT_Top:u_fft|FFT_Twiddle_ROM:u_twiddle|ROM~712                                                    ; Lost fanout                                                                                 ;
; FFT_Top:u_fft|FFT_Twiddle_ROM:u_twiddle|ROM~713                                                    ; Lost fanout                                                                                 ;
; FFT_Top:u_fft|FFT_Twiddle_ROM:u_twiddle|ROM~714                                                    ; Lost fanout                                                                                 ;
; FFT_Top:u_fft|FFT_Twiddle_ROM:u_twiddle|ROM~715                                                    ; Lost fanout                                                                                 ;
; FFT_Top:u_fft|FFT_Twiddle_ROM:u_twiddle|ROM~716                                                    ; Lost fanout                                                                                 ;
; FFT_Top:u_fft|FFT_Twiddle_ROM:u_twiddle|ROM~717                                                    ; Lost fanout                                                                                 ;
; FFT_Top:u_fft|FFT_Twiddle_ROM:u_twiddle|ROM~718                                                    ; Lost fanout                                                                                 ;
; FFT_Top:u_fft|FFT_Twiddle_ROM:u_twiddle|ROM~719                                                    ; Lost fanout                                                                                 ;
; FFT_Top:u_fft|FFT_Twiddle_ROM:u_twiddle|ROM~720                                                    ; Lost fanout                                                                                 ;
; FFT_Top:u_fft|FFT_Twiddle_ROM:u_twiddle|ROM~721                                                    ; Lost fanout                                                                                 ;
; FFT_Top:u_fft|FFT_Twiddle_ROM:u_twiddle|ROM~722                                                    ; Lost fanout                                                                                 ;
; FFT_Top:u_fft|FFT_Twiddle_ROM:u_twiddle|ROM~723                                                    ; Lost fanout                                                                                 ;
; FFT_Top:u_fft|FFT_Twiddle_ROM:u_twiddle|ROM~724                                                    ; Lost fanout                                                                                 ;
; FFT_Top:u_fft|FFT_Twiddle_ROM:u_twiddle|ROM~725                                                    ; Lost fanout                                                                                 ;
; FFT_Top:u_fft|FFT_Twiddle_ROM:u_twiddle|ROM~726                                                    ; Lost fanout                                                                                 ;
; FFT_Top:u_fft|FFT_Twiddle_ROM:u_twiddle|ROM~727                                                    ; Lost fanout                                                                                 ;
; FFT_Top:u_fft|FFT_Twiddle_ROM:u_twiddle|ROM~728                                                    ; Lost fanout                                                                                 ;
; FFT_Top:u_fft|FFT_Twiddle_ROM:u_twiddle|ROM~729                                                    ; Lost fanout                                                                                 ;
; FFT_Top:u_fft|FFT_Twiddle_ROM:u_twiddle|ROM~730                                                    ; Lost fanout                                                                                 ;
; FFT_Top:u_fft|FFT_Twiddle_ROM:u_twiddle|ROM~731                                                    ; Lost fanout                                                                                 ;
; FFT_Top:u_fft|FFT_Twiddle_ROM:u_twiddle|ROM~732                                                    ; Lost fanout                                                                                 ;
; FFT_Top:u_fft|FFT_Twiddle_ROM:u_twiddle|ROM~733                                                    ; Lost fanout                                                                                 ;
; FFT_Top:u_fft|FFT_Twiddle_ROM:u_twiddle|ROM~734                                                    ; Lost fanout                                                                                 ;
; FFT_Top:u_fft|FFT_Twiddle_ROM:u_twiddle|ROM~735                                                    ; Lost fanout                                                                                 ;
; FFT_Top:u_fft|FFT_Twiddle_ROM:u_twiddle|ROM~736                                                    ; Lost fanout                                                                                 ;
; FFT_Top:u_fft|FFT_Twiddle_ROM:u_twiddle|ROM~737                                                    ; Lost fanout                                                                                 ;
; FFT_Top:u_fft|FFT_Twiddle_ROM:u_twiddle|ROM~738                                                    ; Lost fanout                                                                                 ;
; FFT_Top:u_fft|FFT_Twiddle_ROM:u_twiddle|ROM~739                                                    ; Lost fanout                                                                                 ;
; FFT_Top:u_fft|FFT_Twiddle_ROM:u_twiddle|ROM~740                                                    ; Lost fanout                                                                                 ;
; FFT_Top:u_fft|FFT_Twiddle_ROM:u_twiddle|ROM~741                                                    ; Lost fanout                                                                                 ;
; FFT_Top:u_fft|FFT_Twiddle_ROM:u_twiddle|ROM~742                                                    ; Lost fanout                                                                                 ;
; FFT_Top:u_fft|FFT_Twiddle_ROM:u_twiddle|ROM~743                                                    ; Lost fanout                                                                                 ;
; FFT_Top:u_fft|FFT_Twiddle_ROM:u_twiddle|ROM~744                                                    ; Lost fanout                                                                                 ;
; FFT_Top:u_fft|FFT_Twiddle_ROM:u_twiddle|ROM~745                                                    ; Lost fanout                                                                                 ;
; FFT_Top:u_fft|FFT_Twiddle_ROM:u_twiddle|ROM~746                                                    ; Lost fanout                                                                                 ;
; FFT_Top:u_fft|FFT_Twiddle_ROM:u_twiddle|ROM~747                                                    ; Lost fanout                                                                                 ;
; FFT_Top:u_fft|FFT_Twiddle_ROM:u_twiddle|ROM~748                                                    ; Lost fanout                                                                                 ;
; FFT_Top:u_fft|FFT_Twiddle_ROM:u_twiddle|ROM~749                                                    ; Lost fanout                                                                                 ;
; FFT_Top:u_fft|FFT_Twiddle_ROM:u_twiddle|ROM~750                                                    ; Lost fanout                                                                                 ;
; FFT_Top:u_fft|FFT_Twiddle_ROM:u_twiddle|ROM~751                                                    ; Lost fanout                                                                                 ;
; FFT_Top:u_fft|FFT_Twiddle_ROM:u_twiddle|ROM~752                                                    ; Lost fanout                                                                                 ;
; FFT_Top:u_fft|FFT_Twiddle_ROM:u_twiddle|ROM~753                                                    ; Lost fanout                                                                                 ;
; FFT_Top:u_fft|FFT_Twiddle_ROM:u_twiddle|ROM~754                                                    ; Lost fanout                                                                                 ;
; FFT_Top:u_fft|FFT_Twiddle_ROM:u_twiddle|ROM~755                                                    ; Lost fanout                                                                                 ;
; FFT_Top:u_fft|FFT_Twiddle_ROM:u_twiddle|ROM~756                                                    ; Lost fanout                                                                                 ;
; FFT_Top:u_fft|FFT_Twiddle_ROM:u_twiddle|ROM~757                                                    ; Lost fanout                                                                                 ;
; FFT_Top:u_fft|FFT_Twiddle_ROM:u_twiddle|ROM~758                                                    ; Lost fanout                                                                                 ;
; FFT_Top:u_fft|FFT_Twiddle_ROM:u_twiddle|ROM~759                                                    ; Lost fanout                                                                                 ;
; FFT_Top:u_fft|FFT_Twiddle_ROM:u_twiddle|ROM~760                                                    ; Lost fanout                                                                                 ;
; FFT_Top:u_fft|FFT_Twiddle_ROM:u_twiddle|ROM~761                                                    ; Lost fanout                                                                                 ;
; FFT_Top:u_fft|FFT_Twiddle_ROM:u_twiddle|ROM~762                                                    ; Lost fanout                                                                                 ;
; FFT_Top:u_fft|FFT_Twiddle_ROM:u_twiddle|ROM~763                                                    ; Lost fanout                                                                                 ;
; FFT_Top:u_fft|FFT_Twiddle_ROM:u_twiddle|ROM~764                                                    ; Lost fanout                                                                                 ;
; FFT_Top:u_fft|FFT_Twiddle_ROM:u_twiddle|ROM~765                                                    ; Lost fanout                                                                                 ;
; FFT_Top:u_fft|FFT_Twiddle_ROM:u_twiddle|ROM~766                                                    ; Lost fanout                                                                                 ;
; FFT_Top:u_fft|FFT_Twiddle_ROM:u_twiddle|ROM~767                                                    ; Lost fanout                                                                                 ;
; FFT_Top:u_fft|FFT_Twiddle_ROM:u_twiddle|ROM~768                                                    ; Lost fanout                                                                                 ;
; FFT_Top:u_fft|FFT_Twiddle_ROM:u_twiddle|ROM~769                                                    ; Lost fanout                                                                                 ;
; FFT_Top:u_fft|FFT_Twiddle_ROM:u_twiddle|ROM~770                                                    ; Lost fanout                                                                                 ;
; FFT_Top:u_fft|FFT_Twiddle_ROM:u_twiddle|ROM~771                                                    ; Lost fanout                                                                                 ;
; FFT_Top:u_fft|FFT_Twiddle_ROM:u_twiddle|ROM~772                                                    ; Lost fanout                                                                                 ;
; FFT_Top:u_fft|FFT_Twiddle_ROM:u_twiddle|ROM~773                                                    ; Lost fanout                                                                                 ;
; FFT_Top:u_fft|FFT_Twiddle_ROM:u_twiddle|ROM~774                                                    ; Lost fanout                                                                                 ;
; FFT_Top:u_fft|FFT_Twiddle_ROM:u_twiddle|ROM~775                                                    ; Lost fanout                                                                                 ;
; FFT_Top:u_fft|FFT_Twiddle_ROM:u_twiddle|ROM~776                                                    ; Lost fanout                                                                                 ;
; FFT_Top:u_fft|FFT_Twiddle_ROM:u_twiddle|ROM~777                                                    ; Lost fanout                                                                                 ;
; FFT_Top:u_fft|FFT_Twiddle_ROM:u_twiddle|ROM~778                                                    ; Lost fanout                                                                                 ;
; FFT_Top:u_fft|FFT_Twiddle_ROM:u_twiddle|ROM~779                                                    ; Lost fanout                                                                                 ;
; FFT_Top:u_fft|FFT_Twiddle_ROM:u_twiddle|ROM~780                                                    ; Lost fanout                                                                                 ;
; FFT_Top:u_fft|FFT_Twiddle_ROM:u_twiddle|ROM~781                                                    ; Lost fanout                                                                                 ;
; FFT_Top:u_fft|FFT_Twiddle_ROM:u_twiddle|ROM~782                                                    ; Lost fanout                                                                                 ;
; FFT_Top:u_fft|FFT_Twiddle_ROM:u_twiddle|ROM~783                                                    ; Lost fanout                                                                                 ;
; FFT_Top:u_fft|FFT_Twiddle_ROM:u_twiddle|ROM~784                                                    ; Lost fanout                                                                                 ;
; FFT_Top:u_fft|FFT_Twiddle_ROM:u_twiddle|ROM~785                                                    ; Lost fanout                                                                                 ;
; FFT_Top:u_fft|FFT_Twiddle_ROM:u_twiddle|ROM~786                                                    ; Lost fanout                                                                                 ;
; FFT_Top:u_fft|FFT_Twiddle_ROM:u_twiddle|ROM~787                                                    ; Lost fanout                                                                                 ;
; FFT_Top:u_fft|FFT_Twiddle_ROM:u_twiddle|ROM~788                                                    ; Lost fanout                                                                                 ;
; FFT_Top:u_fft|FFT_Twiddle_ROM:u_twiddle|ROM~789                                                    ; Lost fanout                                                                                 ;
; FFT_Top:u_fft|FFT_Twiddle_ROM:u_twiddle|ROM~790                                                    ; Lost fanout                                                                                 ;
; FFT_Top:u_fft|FFT_Twiddle_ROM:u_twiddle|ROM~791                                                    ; Lost fanout                                                                                 ;
; FFT_Top:u_fft|FFT_Twiddle_ROM:u_twiddle|ROM~792                                                    ; Lost fanout                                                                                 ;
; FFT_Top:u_fft|FFT_Twiddle_ROM:u_twiddle|ROM~793                                                    ; Lost fanout                                                                                 ;
; FFT_Top:u_fft|FFT_Twiddle_ROM:u_twiddle|ROM~794                                                    ; Lost fanout                                                                                 ;
; FFT_Top:u_fft|FFT_Twiddle_ROM:u_twiddle|ROM~795                                                    ; Lost fanout                                                                                 ;
; FFT_Top:u_fft|FFT_Twiddle_ROM:u_twiddle|ROM~796                                                    ; Lost fanout                                                                                 ;
; FFT_Top:u_fft|FFT_Twiddle_ROM:u_twiddle|ROM~797                                                    ; Lost fanout                                                                                 ;
; FFT_Top:u_fft|FFT_Twiddle_ROM:u_twiddle|ROM~798                                                    ; Lost fanout                                                                                 ;
; FFT_Top:u_fft|FFT_Twiddle_ROM:u_twiddle|ROM~799                                                    ; Lost fanout                                                                                 ;
; FFT_Top:u_fft|FFT_Twiddle_ROM:u_twiddle|ROM~800                                                    ; Lost fanout                                                                                 ;
; FFT_Top:u_fft|FFT_Twiddle_ROM:u_twiddle|ROM~801                                                    ; Lost fanout                                                                                 ;
; FFT_Top:u_fft|FFT_Twiddle_ROM:u_twiddle|ROM~802                                                    ; Lost fanout                                                                                 ;
; FFT_Top:u_fft|FFT_Twiddle_ROM:u_twiddle|ROM~803                                                    ; Lost fanout                                                                                 ;
; FFT_Top:u_fft|FFT_Twiddle_ROM:u_twiddle|ROM~804                                                    ; Lost fanout                                                                                 ;
; FFT_Top:u_fft|FFT_Twiddle_ROM:u_twiddle|ROM~805                                                    ; Lost fanout                                                                                 ;
; FFT_Top:u_fft|FFT_Twiddle_ROM:u_twiddle|ROM~806                                                    ; Lost fanout                                                                                 ;
; FFT_Top:u_fft|FFT_Twiddle_ROM:u_twiddle|ROM~807                                                    ; Lost fanout                                                                                 ;
; FFT_Top:u_fft|FFT_Twiddle_ROM:u_twiddle|ROM~808                                                    ; Lost fanout                                                                                 ;
; FFT_Top:u_fft|FFT_Twiddle_ROM:u_twiddle|ROM~809                                                    ; Lost fanout                                                                                 ;
; FFT_Top:u_fft|FFT_Twiddle_ROM:u_twiddle|ROM~810                                                    ; Lost fanout                                                                                 ;
; FFT_Top:u_fft|FFT_Twiddle_ROM:u_twiddle|ROM~811                                                    ; Lost fanout                                                                                 ;
; FFT_Top:u_fft|FFT_Twiddle_ROM:u_twiddle|ROM~812                                                    ; Lost fanout                                                                                 ;
; FFT_Top:u_fft|FFT_Twiddle_ROM:u_twiddle|ROM~813                                                    ; Lost fanout                                                                                 ;
; FFT_Top:u_fft|FFT_Twiddle_ROM:u_twiddle|ROM~814                                                    ; Lost fanout                                                                                 ;
; FFT_Top:u_fft|FFT_Twiddle_ROM:u_twiddle|ROM~815                                                    ; Lost fanout                                                                                 ;
; FFT_Top:u_fft|FFT_Twiddle_ROM:u_twiddle|ROM~816                                                    ; Lost fanout                                                                                 ;
; FFT_Top:u_fft|FFT_Twiddle_ROM:u_twiddle|ROM~817                                                    ; Lost fanout                                                                                 ;
; FFT_Top:u_fft|FFT_Twiddle_ROM:u_twiddle|ROM~818                                                    ; Lost fanout                                                                                 ;
; FFT_Top:u_fft|FFT_Twiddle_ROM:u_twiddle|ROM~819                                                    ; Lost fanout                                                                                 ;
; FFT_Top:u_fft|FFT_Twiddle_ROM:u_twiddle|ROM~820                                                    ; Lost fanout                                                                                 ;
; FFT_Top:u_fft|FFT_Twiddle_ROM:u_twiddle|ROM~821                                                    ; Lost fanout                                                                                 ;
; FFT_Top:u_fft|FFT_Twiddle_ROM:u_twiddle|ROM~822                                                    ; Lost fanout                                                                                 ;
; FFT_Top:u_fft|FFT_Twiddle_ROM:u_twiddle|ROM~823                                                    ; Lost fanout                                                                                 ;
; FFT_Top:u_fft|FFT_Twiddle_ROM:u_twiddle|ROM~824                                                    ; Lost fanout                                                                                 ;
; FFT_Top:u_fft|FFT_Twiddle_ROM:u_twiddle|ROM~825                                                    ; Lost fanout                                                                                 ;
; FFT_Top:u_fft|FFT_Twiddle_ROM:u_twiddle|ROM~826                                                    ; Lost fanout                                                                                 ;
; FFT_Top:u_fft|FFT_Twiddle_ROM:u_twiddle|ROM~827                                                    ; Lost fanout                                                                                 ;
; FFT_Top:u_fft|FFT_Twiddle_ROM:u_twiddle|ROM~828                                                    ; Lost fanout                                                                                 ;
; FFT_Top:u_fft|FFT_Twiddle_ROM:u_twiddle|ROM~829                                                    ; Lost fanout                                                                                 ;
; FFT_Top:u_fft|FFT_Twiddle_ROM:u_twiddle|ROM~830                                                    ; Lost fanout                                                                                 ;
; FFT_Top:u_fft|FFT_Twiddle_ROM:u_twiddle|ROM~831                                                    ; Lost fanout                                                                                 ;
; FFT_Top:u_fft|FFT_Twiddle_ROM:u_twiddle|ROM~832                                                    ; Lost fanout                                                                                 ;
; FFT_Top:u_fft|FFT_Twiddle_ROM:u_twiddle|ROM~833                                                    ; Lost fanout                                                                                 ;
; FFT_Top:u_fft|FFT_Twiddle_ROM:u_twiddle|ROM~834                                                    ; Lost fanout                                                                                 ;
; FFT_Top:u_fft|FFT_Twiddle_ROM:u_twiddle|ROM~835                                                    ; Lost fanout                                                                                 ;
; FFT_Top:u_fft|FFT_Twiddle_ROM:u_twiddle|ROM~836                                                    ; Lost fanout                                                                                 ;
; FFT_Top:u_fft|FFT_Twiddle_ROM:u_twiddle|ROM~837                                                    ; Lost fanout                                                                                 ;
; FFT_Top:u_fft|FFT_Twiddle_ROM:u_twiddle|ROM~838                                                    ; Lost fanout                                                                                 ;
; FFT_Top:u_fft|FFT_Twiddle_ROM:u_twiddle|ROM~839                                                    ; Lost fanout                                                                                 ;
; FFT_Top:u_fft|FFT_Twiddle_ROM:u_twiddle|ROM~840                                                    ; Lost fanout                                                                                 ;
; FFT_Top:u_fft|FFT_Twiddle_ROM:u_twiddle|ROM~841                                                    ; Lost fanout                                                                                 ;
; FFT_Top:u_fft|FFT_Twiddle_ROM:u_twiddle|ROM~842                                                    ; Lost fanout                                                                                 ;
; FFT_Top:u_fft|FFT_Twiddle_ROM:u_twiddle|ROM~843                                                    ; Lost fanout                                                                                 ;
; FFT_Top:u_fft|FFT_Twiddle_ROM:u_twiddle|ROM~844                                                    ; Lost fanout                                                                                 ;
; FFT_Top:u_fft|FFT_Twiddle_ROM:u_twiddle|ROM~845                                                    ; Lost fanout                                                                                 ;
; FFT_Top:u_fft|FFT_Twiddle_ROM:u_twiddle|ROM~846                                                    ; Lost fanout                                                                                 ;
; FFT_Top:u_fft|FFT_Twiddle_ROM:u_twiddle|ROM~847                                                    ; Lost fanout                                                                                 ;
; FFT_Top:u_fft|FFT_Twiddle_ROM:u_twiddle|ROM~848                                                    ; Lost fanout                                                                                 ;
; FFT_Top:u_fft|FFT_Twiddle_ROM:u_twiddle|ROM~849                                                    ; Lost fanout                                                                                 ;
; FFT_Top:u_fft|FFT_Twiddle_ROM:u_twiddle|ROM~850                                                    ; Lost fanout                                                                                 ;
; FFT_Top:u_fft|FFT_Twiddle_ROM:u_twiddle|ROM~851                                                    ; Lost fanout                                                                                 ;
; FFT_Top:u_fft|FFT_Twiddle_ROM:u_twiddle|ROM~852                                                    ; Lost fanout                                                                                 ;
; FFT_Top:u_fft|FFT_Twiddle_ROM:u_twiddle|ROM~853                                                    ; Lost fanout                                                                                 ;
; FFT_Top:u_fft|FFT_Twiddle_ROM:u_twiddle|ROM~854                                                    ; Lost fanout                                                                                 ;
; FFT_Top:u_fft|FFT_Twiddle_ROM:u_twiddle|ROM~855                                                    ; Lost fanout                                                                                 ;
; FFT_Top:u_fft|FFT_Twiddle_ROM:u_twiddle|ROM~856                                                    ; Lost fanout                                                                                 ;
; FFT_Top:u_fft|FFT_Twiddle_ROM:u_twiddle|ROM~857                                                    ; Lost fanout                                                                                 ;
; FFT_Top:u_fft|FFT_Twiddle_ROM:u_twiddle|ROM~858                                                    ; Lost fanout                                                                                 ;
; FFT_Top:u_fft|FFT_Twiddle_ROM:u_twiddle|ROM~859                                                    ; Lost fanout                                                                                 ;
; FFT_Top:u_fft|FFT_Twiddle_ROM:u_twiddle|ROM~860                                                    ; Lost fanout                                                                                 ;
; FFT_Top:u_fft|FFT_Twiddle_ROM:u_twiddle|ROM~861                                                    ; Lost fanout                                                                                 ;
; FFT_Top:u_fft|FFT_Twiddle_ROM:u_twiddle|ROM~862                                                    ; Lost fanout                                                                                 ;
; FFT_Top:u_fft|FFT_Twiddle_ROM:u_twiddle|ROM~863                                                    ; Lost fanout                                                                                 ;
; FFT_Top:u_fft|FFT_Twiddle_ROM:u_twiddle|ROM~864                                                    ; Lost fanout                                                                                 ;
; FFT_Top:u_fft|FFT_Twiddle_ROM:u_twiddle|ROM~865                                                    ; Lost fanout                                                                                 ;
; FFT_Top:u_fft|FFT_Twiddle_ROM:u_twiddle|ROM~866                                                    ; Lost fanout                                                                                 ;
; FFT_Top:u_fft|FFT_Twiddle_ROM:u_twiddle|ROM~867                                                    ; Lost fanout                                                                                 ;
; FFT_Top:u_fft|FFT_Twiddle_ROM:u_twiddle|ROM~868                                                    ; Lost fanout                                                                                 ;
; FFT_Top:u_fft|FFT_Twiddle_ROM:u_twiddle|ROM~869                                                    ; Lost fanout                                                                                 ;
; FFT_Top:u_fft|FFT_Twiddle_ROM:u_twiddle|ROM~870                                                    ; Lost fanout                                                                                 ;
; FFT_Top:u_fft|FFT_Twiddle_ROM:u_twiddle|ROM~871                                                    ; Lost fanout                                                                                 ;
; FFT_Top:u_fft|FFT_Twiddle_ROM:u_twiddle|ROM~872                                                    ; Lost fanout                                                                                 ;
; FFT_Top:u_fft|FFT_Twiddle_ROM:u_twiddle|ROM~873                                                    ; Lost fanout                                                                                 ;
; FFT_Top:u_fft|FFT_Twiddle_ROM:u_twiddle|ROM~874                                                    ; Lost fanout                                                                                 ;
; FFT_Top:u_fft|FFT_Twiddle_ROM:u_twiddle|ROM~875                                                    ; Lost fanout                                                                                 ;
; FFT_Top:u_fft|FFT_Twiddle_ROM:u_twiddle|ROM~876                                                    ; Lost fanout                                                                                 ;
; FFT_Top:u_fft|FFT_Twiddle_ROM:u_twiddle|ROM~877                                                    ; Lost fanout                                                                                 ;
; FFT_Top:u_fft|FFT_Twiddle_ROM:u_twiddle|ROM~878                                                    ; Lost fanout                                                                                 ;
; FFT_Top:u_fft|FFT_Twiddle_ROM:u_twiddle|ROM~879                                                    ; Lost fanout                                                                                 ;
; FFT_Top:u_fft|FFT_Twiddle_ROM:u_twiddle|ROM~880                                                    ; Lost fanout                                                                                 ;
; FFT_Top:u_fft|FFT_Twiddle_ROM:u_twiddle|ROM~881                                                    ; Lost fanout                                                                                 ;
; FFT_Top:u_fft|FFT_Twiddle_ROM:u_twiddle|ROM~882                                                    ; Lost fanout                                                                                 ;
; FFT_Top:u_fft|FFT_Twiddle_ROM:u_twiddle|ROM~883                                                    ; Lost fanout                                                                                 ;
; FFT_Top:u_fft|FFT_Twiddle_ROM:u_twiddle|ROM~884                                                    ; Lost fanout                                                                                 ;
; FFT_Top:u_fft|FFT_Twiddle_ROM:u_twiddle|ROM~885                                                    ; Lost fanout                                                                                 ;
; FFT_Top:u_fft|FFT_Twiddle_ROM:u_twiddle|ROM~886                                                    ; Lost fanout                                                                                 ;
; FFT_Top:u_fft|FFT_Twiddle_ROM:u_twiddle|ROM~887                                                    ; Lost fanout                                                                                 ;
; FFT_Top:u_fft|FFT_Twiddle_ROM:u_twiddle|ROM~888                                                    ; Lost fanout                                                                                 ;
; FFT_Top:u_fft|FFT_Twiddle_ROM:u_twiddle|ROM~889                                                    ; Lost fanout                                                                                 ;
; FFT_Top:u_fft|FFT_Twiddle_ROM:u_twiddle|ROM~890                                                    ; Lost fanout                                                                                 ;
; FFT_Top:u_fft|FFT_Twiddle_ROM:u_twiddle|ROM~891                                                    ; Lost fanout                                                                                 ;
; FFT_Top:u_fft|FFT_Twiddle_ROM:u_twiddle|ROM~892                                                    ; Lost fanout                                                                                 ;
; FFT_Top:u_fft|FFT_Twiddle_ROM:u_twiddle|ROM~893                                                    ; Lost fanout                                                                                 ;
; FFT_Top:u_fft|FFT_Twiddle_ROM:u_twiddle|ROM~894                                                    ; Lost fanout                                                                                 ;
; FFT_Top:u_fft|FFT_Twiddle_ROM:u_twiddle|ROM~895                                                    ; Lost fanout                                                                                 ;
; FFT_Top:u_fft|FFT_Twiddle_ROM:u_twiddle|ROM~896                                                    ; Lost fanout                                                                                 ;
; FFT_Top:u_fft|FFT_Twiddle_ROM:u_twiddle|ROM~897                                                    ; Lost fanout                                                                                 ;
; FFT_Top:u_fft|FFT_Twiddle_ROM:u_twiddle|ROM~898                                                    ; Lost fanout                                                                                 ;
; FFT_Top:u_fft|FFT_Twiddle_ROM:u_twiddle|ROM~899                                                    ; Lost fanout                                                                                 ;
; FFT_Top:u_fft|FFT_Twiddle_ROM:u_twiddle|ROM~900                                                    ; Lost fanout                                                                                 ;
; FFT_Top:u_fft|FFT_Twiddle_ROM:u_twiddle|ROM~901                                                    ; Lost fanout                                                                                 ;
; FFT_Top:u_fft|FFT_Twiddle_ROM:u_twiddle|ROM~902                                                    ; Lost fanout                                                                                 ;
; FFT_Top:u_fft|FFT_Twiddle_ROM:u_twiddle|ROM~903                                                    ; Lost fanout                                                                                 ;
; FFT_Top:u_fft|FFT_Twiddle_ROM:u_twiddle|ROM~904                                                    ; Lost fanout                                                                                 ;
; FFT_Top:u_fft|FFT_Twiddle_ROM:u_twiddle|ROM~905                                                    ; Lost fanout                                                                                 ;
; FFT_Top:u_fft|FFT_Twiddle_ROM:u_twiddle|ROM~906                                                    ; Lost fanout                                                                                 ;
; FFT_Top:u_fft|FFT_Twiddle_ROM:u_twiddle|ROM~907                                                    ; Lost fanout                                                                                 ;
; FFT_Top:u_fft|FFT_Twiddle_ROM:u_twiddle|ROM~908                                                    ; Lost fanout                                                                                 ;
; FFT_Top:u_fft|FFT_Twiddle_ROM:u_twiddle|ROM~909                                                    ; Lost fanout                                                                                 ;
; FFT_Top:u_fft|FFT_Twiddle_ROM:u_twiddle|ROM~910                                                    ; Lost fanout                                                                                 ;
; FFT_Top:u_fft|FFT_Twiddle_ROM:u_twiddle|ROM~911                                                    ; Lost fanout                                                                                 ;
; FFT_Top:u_fft|FFT_Twiddle_ROM:u_twiddle|ROM~912                                                    ; Lost fanout                                                                                 ;
; FFT_Top:u_fft|FFT_Twiddle_ROM:u_twiddle|ROM~913                                                    ; Lost fanout                                                                                 ;
; FFT_Top:u_fft|FFT_Twiddle_ROM:u_twiddle|ROM~914                                                    ; Lost fanout                                                                                 ;
; FFT_Top:u_fft|FFT_Twiddle_ROM:u_twiddle|ROM~915                                                    ; Lost fanout                                                                                 ;
; FFT_Top:u_fft|FFT_Twiddle_ROM:u_twiddle|ROM~916                                                    ; Lost fanout                                                                                 ;
; FFT_Top:u_fft|FFT_Twiddle_ROM:u_twiddle|ROM~917                                                    ; Lost fanout                                                                                 ;
; FFT_Top:u_fft|FFT_Twiddle_ROM:u_twiddle|ROM~918                                                    ; Lost fanout                                                                                 ;
; FFT_Top:u_fft|FFT_Twiddle_ROM:u_twiddle|ROM~919                                                    ; Lost fanout                                                                                 ;
; FFT_Top:u_fft|FFT_Twiddle_ROM:u_twiddle|ROM~920                                                    ; Lost fanout                                                                                 ;
; FFT_Top:u_fft|FFT_Twiddle_ROM:u_twiddle|ROM~921                                                    ; Lost fanout                                                                                 ;
; FFT_Top:u_fft|FFT_Twiddle_ROM:u_twiddle|ROM~922                                                    ; Lost fanout                                                                                 ;
; FFT_Top:u_fft|FFT_Twiddle_ROM:u_twiddle|ROM~923                                                    ; Lost fanout                                                                                 ;
; FFT_Top:u_fft|FFT_Twiddle_ROM:u_twiddle|ROM~924                                                    ; Lost fanout                                                                                 ;
; FFT_Top:u_fft|FFT_Twiddle_ROM:u_twiddle|ROM~925                                                    ; Lost fanout                                                                                 ;
; FFT_Top:u_fft|FFT_Twiddle_ROM:u_twiddle|ROM~926                                                    ; Lost fanout                                                                                 ;
; FFT_Top:u_fft|FFT_Twiddle_ROM:u_twiddle|ROM~927                                                    ; Lost fanout                                                                                 ;
; FFT_Top:u_fft|FFT_Twiddle_ROM:u_twiddle|ROM~928                                                    ; Lost fanout                                                                                 ;
; FFT_Top:u_fft|FFT_Twiddle_ROM:u_twiddle|ROM~929                                                    ; Lost fanout                                                                                 ;
; FFT_Top:u_fft|FFT_Twiddle_ROM:u_twiddle|ROM~930                                                    ; Lost fanout                                                                                 ;
; FFT_Top:u_fft|FFT_Twiddle_ROM:u_twiddle|ROM~931                                                    ; Lost fanout                                                                                 ;
; FFT_Top:u_fft|FFT_Twiddle_ROM:u_twiddle|ROM~932                                                    ; Lost fanout                                                                                 ;
; FFT_Top:u_fft|FFT_Twiddle_ROM:u_twiddle|ROM~933                                                    ; Lost fanout                                                                                 ;
; FFT_Top:u_fft|FFT_Twiddle_ROM:u_twiddle|ROM~934                                                    ; Lost fanout                                                                                 ;
; FFT_Top:u_fft|FFT_Twiddle_ROM:u_twiddle|ROM~935                                                    ; Lost fanout                                                                                 ;
; FFT_Top:u_fft|FFT_Twiddle_ROM:u_twiddle|ROM~936                                                    ; Lost fanout                                                                                 ;
; FFT_Top:u_fft|FFT_Twiddle_ROM:u_twiddle|ROM~937                                                    ; Lost fanout                                                                                 ;
; FFT_Top:u_fft|FFT_Twiddle_ROM:u_twiddle|ROM~938                                                    ; Lost fanout                                                                                 ;
; FFT_Top:u_fft|FFT_Twiddle_ROM:u_twiddle|ROM~939                                                    ; Lost fanout                                                                                 ;
; FFT_Top:u_fft|FFT_Twiddle_ROM:u_twiddle|ROM~940                                                    ; Lost fanout                                                                                 ;
; FFT_Top:u_fft|FFT_Twiddle_ROM:u_twiddle|ROM~941                                                    ; Lost fanout                                                                                 ;
; FFT_Top:u_fft|FFT_Twiddle_ROM:u_twiddle|ROM~942                                                    ; Lost fanout                                                                                 ;
; FFT_Top:u_fft|FFT_Twiddle_ROM:u_twiddle|ROM~943                                                    ; Lost fanout                                                                                 ;
; FFT_Top:u_fft|FFT_Twiddle_ROM:u_twiddle|ROM~944                                                    ; Lost fanout                                                                                 ;
; FFT_Top:u_fft|FFT_Twiddle_ROM:u_twiddle|ROM~945                                                    ; Lost fanout                                                                                 ;
; FFT_Top:u_fft|FFT_Twiddle_ROM:u_twiddle|ROM~946                                                    ; Lost fanout                                                                                 ;
; FFT_Top:u_fft|FFT_Twiddle_ROM:u_twiddle|ROM~947                                                    ; Lost fanout                                                                                 ;
; FFT_Top:u_fft|FFT_Twiddle_ROM:u_twiddle|ROM~948                                                    ; Lost fanout                                                                                 ;
; FFT_Top:u_fft|FFT_Twiddle_ROM:u_twiddle|ROM~949                                                    ; Lost fanout                                                                                 ;
; FFT_Top:u_fft|FFT_Twiddle_ROM:u_twiddle|ROM~950                                                    ; Lost fanout                                                                                 ;
; FFT_Top:u_fft|FFT_Twiddle_ROM:u_twiddle|ROM~951                                                    ; Lost fanout                                                                                 ;
; FFT_Top:u_fft|FFT_Twiddle_ROM:u_twiddle|ROM~952                                                    ; Lost fanout                                                                                 ;
; FFT_Top:u_fft|FFT_Twiddle_ROM:u_twiddle|ROM~953                                                    ; Lost fanout                                                                                 ;
; FFT_Top:u_fft|FFT_Twiddle_ROM:u_twiddle|ROM~954                                                    ; Lost fanout                                                                                 ;
; FFT_Top:u_fft|FFT_Twiddle_ROM:u_twiddle|ROM~955                                                    ; Lost fanout                                                                                 ;
; FFT_Top:u_fft|FFT_Twiddle_ROM:u_twiddle|ROM~956                                                    ; Lost fanout                                                                                 ;
; FFT_Top:u_fft|FFT_Twiddle_ROM:u_twiddle|ROM~957                                                    ; Lost fanout                                                                                 ;
; FFT_Top:u_fft|FFT_Twiddle_ROM:u_twiddle|ROM~958                                                    ; Lost fanout                                                                                 ;
; FFT_Top:u_fft|FFT_Twiddle_ROM:u_twiddle|ROM~959                                                    ; Lost fanout                                                                                 ;
; FFT_Top:u_fft|FFT_Twiddle_ROM:u_twiddle|ROM~960                                                    ; Lost fanout                                                                                 ;
; FFT_Top:u_fft|FFT_Twiddle_ROM:u_twiddle|ROM~961                                                    ; Lost fanout                                                                                 ;
; FFT_Top:u_fft|FFT_Twiddle_ROM:u_twiddle|ROM~962                                                    ; Lost fanout                                                                                 ;
; FFT_Top:u_fft|FFT_Twiddle_ROM:u_twiddle|ROM~963                                                    ; Lost fanout                                                                                 ;
; FFT_Top:u_fft|FFT_Twiddle_ROM:u_twiddle|ROM~964                                                    ; Lost fanout                                                                                 ;
; FFT_Top:u_fft|FFT_Twiddle_ROM:u_twiddle|ROM~965                                                    ; Lost fanout                                                                                 ;
; FFT_Top:u_fft|FFT_Twiddle_ROM:u_twiddle|ROM~966                                                    ; Lost fanout                                                                                 ;
; FFT_Top:u_fft|FFT_Twiddle_ROM:u_twiddle|ROM~967                                                    ; Lost fanout                                                                                 ;
; FFT_Top:u_fft|FFT_Twiddle_ROM:u_twiddle|ROM~968                                                    ; Lost fanout                                                                                 ;
; FFT_Top:u_fft|FFT_Twiddle_ROM:u_twiddle|ROM~969                                                    ; Lost fanout                                                                                 ;
; FFT_Top:u_fft|FFT_Twiddle_ROM:u_twiddle|ROM~970                                                    ; Lost fanout                                                                                 ;
; FFT_Top:u_fft|FFT_Twiddle_ROM:u_twiddle|ROM~971                                                    ; Lost fanout                                                                                 ;
; FFT_Top:u_fft|FFT_Twiddle_ROM:u_twiddle|ROM~972                                                    ; Lost fanout                                                                                 ;
; FFT_Top:u_fft|FFT_Twiddle_ROM:u_twiddle|ROM~973                                                    ; Lost fanout                                                                                 ;
; FFT_Top:u_fft|FFT_Twiddle_ROM:u_twiddle|ROM~974                                                    ; Lost fanout                                                                                 ;
; FFT_Top:u_fft|FFT_Twiddle_ROM:u_twiddle|ROM~975                                                    ; Lost fanout                                                                                 ;
; FFT_Top:u_fft|FFT_Twiddle_ROM:u_twiddle|ROM~976                                                    ; Lost fanout                                                                                 ;
; FFT_Top:u_fft|FFT_Twiddle_ROM:u_twiddle|ROM~977                                                    ; Lost fanout                                                                                 ;
; FFT_Top:u_fft|FFT_Twiddle_ROM:u_twiddle|ROM~978                                                    ; Lost fanout                                                                                 ;
; FFT_Top:u_fft|FFT_Twiddle_ROM:u_twiddle|ROM~979                                                    ; Lost fanout                                                                                 ;
; FFT_Top:u_fft|FFT_Twiddle_ROM:u_twiddle|ROM~980                                                    ; Lost fanout                                                                                 ;
; FFT_Top:u_fft|FFT_Twiddle_ROM:u_twiddle|ROM~981                                                    ; Lost fanout                                                                                 ;
; FFT_Top:u_fft|FFT_Twiddle_ROM:u_twiddle|ROM~982                                                    ; Lost fanout                                                                                 ;
; FFT_Top:u_fft|FFT_Twiddle_ROM:u_twiddle|ROM~983                                                    ; Lost fanout                                                                                 ;
; FFT_Top:u_fft|FFT_Twiddle_ROM:u_twiddle|ROM~984                                                    ; Lost fanout                                                                                 ;
; FFT_Top:u_fft|FFT_Twiddle_ROM:u_twiddle|ROM~985                                                    ; Lost fanout                                                                                 ;
; FFT_Top:u_fft|FFT_Twiddle_ROM:u_twiddle|ROM~986                                                    ; Lost fanout                                                                                 ;
; FFT_Top:u_fft|FFT_Twiddle_ROM:u_twiddle|ROM~987                                                    ; Lost fanout                                                                                 ;
; FFT_Top:u_fft|FFT_Twiddle_ROM:u_twiddle|ROM~988                                                    ; Lost fanout                                                                                 ;
; FFT_Top:u_fft|FFT_Twiddle_ROM:u_twiddle|ROM~989                                                    ; Lost fanout                                                                                 ;
; FFT_Top:u_fft|FFT_Twiddle_ROM:u_twiddle|ROM~990                                                    ; Lost fanout                                                                                 ;
; FFT_Top:u_fft|FFT_Twiddle_ROM:u_twiddle|ROM~991                                                    ; Lost fanout                                                                                 ;
; FFT_Top:u_fft|FFT_Twiddle_ROM:u_twiddle|ROM~992                                                    ; Lost fanout                                                                                 ;
; FFT_Top:u_fft|FFT_Twiddle_ROM:u_twiddle|ROM~993                                                    ; Lost fanout                                                                                 ;
; FFT_Top:u_fft|FFT_Twiddle_ROM:u_twiddle|ROM~994                                                    ; Lost fanout                                                                                 ;
; FFT_Top:u_fft|FFT_Twiddle_ROM:u_twiddle|ROM~995                                                    ; Lost fanout                                                                                 ;
; FFT_Top:u_fft|FFT_Twiddle_ROM:u_twiddle|ROM~996                                                    ; Lost fanout                                                                                 ;
; FFT_Top:u_fft|FFT_Twiddle_ROM:u_twiddle|ROM~997                                                    ; Lost fanout                                                                                 ;
; FFT_Top:u_fft|FFT_Twiddle_ROM:u_twiddle|ROM~998                                                    ; Lost fanout                                                                                 ;
; FFT_Top:u_fft|FFT_Twiddle_ROM:u_twiddle|ROM~999                                                    ; Lost fanout                                                                                 ;
; FFT_Top:u_fft|FFT_Twiddle_ROM:u_twiddle|ROM~1000                                                   ; Lost fanout                                                                                 ;
; FFT_Top:u_fft|FFT_Twiddle_ROM:u_twiddle|ROM~1001                                                   ; Lost fanout                                                                                 ;
; FFT_Top:u_fft|FFT_Twiddle_ROM:u_twiddle|ROM~1002                                                   ; Lost fanout                                                                                 ;
; FFT_Top:u_fft|FFT_Twiddle_ROM:u_twiddle|ROM~1003                                                   ; Lost fanout                                                                                 ;
; FFT_Top:u_fft|FFT_Twiddle_ROM:u_twiddle|ROM~1004                                                   ; Lost fanout                                                                                 ;
; FFT_Top:u_fft|FFT_Twiddle_ROM:u_twiddle|ROM~1005                                                   ; Lost fanout                                                                                 ;
; FFT_Top:u_fft|FFT_Twiddle_ROM:u_twiddle|ROM~1006                                                   ; Lost fanout                                                                                 ;
; FFT_Top:u_fft|FFT_Twiddle_ROM:u_twiddle|ROM~1007                                                   ; Lost fanout                                                                                 ;
; FFT_Top:u_fft|FFT_Twiddle_ROM:u_twiddle|ROM~1008                                                   ; Lost fanout                                                                                 ;
; FFT_Top:u_fft|FFT_Twiddle_ROM:u_twiddle|ROM~1009                                                   ; Lost fanout                                                                                 ;
; FFT_Top:u_fft|FFT_Twiddle_ROM:u_twiddle|ROM~1010                                                   ; Lost fanout                                                                                 ;
; FFT_Top:u_fft|FFT_Twiddle_ROM:u_twiddle|ROM~1011                                                   ; Lost fanout                                                                                 ;
; FFT_Top:u_fft|FFT_Twiddle_ROM:u_twiddle|ROM~1012                                                   ; Lost fanout                                                                                 ;
; FFT_Top:u_fft|FFT_Twiddle_ROM:u_twiddle|ROM~1013                                                   ; Lost fanout                                                                                 ;
; FFT_Top:u_fft|FFT_Twiddle_ROM:u_twiddle|ROM~1014                                                   ; Lost fanout                                                                                 ;
; FFT_Top:u_fft|FFT_Twiddle_ROM:u_twiddle|ROM~1015                                                   ; Lost fanout                                                                                 ;
; FFT_Top:u_fft|FFT_Twiddle_ROM:u_twiddle|ROM~1016                                                   ; Lost fanout                                                                                 ;
; FFT_Top:u_fft|FFT_Twiddle_ROM:u_twiddle|ROM~1017                                                   ; Lost fanout                                                                                 ;
; FFT_Top:u_fft|FFT_Twiddle_ROM:u_twiddle|ROM~1018                                                   ; Lost fanout                                                                                 ;
; FFT_Top:u_fft|FFT_Twiddle_ROM:u_twiddle|ROM~1019                                                   ; Lost fanout                                                                                 ;
; FFT_Top:u_fft|FFT_Twiddle_ROM:u_twiddle|ROM~1020                                                   ; Lost fanout                                                                                 ;
; FFT_Top:u_fft|FFT_Twiddle_ROM:u_twiddle|ROM~1021                                                   ; Lost fanout                                                                                 ;
; FFT_Top:u_fft|FFT_Twiddle_ROM:u_twiddle|ROM~1022                                                   ; Lost fanout                                                                                 ;
; FFT_Top:u_fft|FFT_Twiddle_ROM:u_twiddle|ROM~1023                                                   ; Lost fanout                                                                                 ;
; CNN_Top:u_cnn|CNN_MaxPool:u_pool|prev_data[127]                                                    ; Stuck at GND due to stuck port data_in                                                      ;
; CNN_Top:u_cnn|CNN_MaxPool:u_pool|row_buf[0][15]                                                    ; Stuck at GND due to stuck port data_in                                                      ;
; CNN_Top:u_cnn|CNN_MaxPool:u_pool|row_buf[4][15]                                                    ; Stuck at GND due to stuck port data_in                                                      ;
; CNN_Top:u_cnn|CNN_MaxPool:u_pool|row_buf[8][15]                                                    ; Stuck at GND due to stuck port data_in                                                      ;
; CNN_Top:u_cnn|CNN_MaxPool:u_pool|row_buf[12][15]                                                   ; Stuck at GND due to stuck port data_in                                                      ;
; CNN_Top:u_cnn|CNN_MaxPool:u_pool|row_buf[1][15]                                                    ; Stuck at GND due to stuck port data_in                                                      ;
; CNN_Top:u_cnn|CNN_MaxPool:u_pool|row_buf[5][15]                                                    ; Stuck at GND due to stuck port data_in                                                      ;
; CNN_Top:u_cnn|CNN_MaxPool:u_pool|row_buf[9][15]                                                    ; Stuck at GND due to stuck port data_in                                                      ;
; CNN_Top:u_cnn|CNN_MaxPool:u_pool|row_buf[13][15]                                                   ; Stuck at GND due to stuck port data_in                                                      ;
; CNN_Top:u_cnn|CNN_MaxPool:u_pool|row_buf[2][15]                                                    ; Stuck at GND due to stuck port data_in                                                      ;
; CNN_Top:u_cnn|CNN_MaxPool:u_pool|row_buf[6][15]                                                    ; Stuck at GND due to stuck port data_in                                                      ;
; CNN_Top:u_cnn|CNN_MaxPool:u_pool|row_buf[10][15]                                                   ; Stuck at GND due to stuck port data_in                                                      ;
; CNN_Top:u_cnn|CNN_MaxPool:u_pool|row_buf[14][15]                                                   ; Stuck at GND due to stuck port data_in                                                      ;
; CNN_Top:u_cnn|CNN_MaxPool:u_pool|row_buf[3][15]                                                    ; Stuck at GND due to stuck port data_in                                                      ;
; CNN_Top:u_cnn|CNN_MaxPool:u_pool|row_buf[7][15]                                                    ; Stuck at GND due to stuck port data_in                                                      ;
; CNN_Top:u_cnn|CNN_MaxPool:u_pool|row_buf[11][15]                                                   ; Stuck at GND due to stuck port data_in                                                      ;
; CNN_Top:u_cnn|CNN_MaxPool:u_pool|row_buf[15][15]                                                   ; Stuck at GND due to stuck port data_in                                                      ;
; CNN_Top:u_cnn|CNN_MaxPool:u_pool|row_buf[0][31]                                                    ; Stuck at GND due to stuck port data_in                                                      ;
; CNN_Top:u_cnn|CNN_MaxPool:u_pool|row_buf[4][31]                                                    ; Stuck at GND due to stuck port data_in                                                      ;
; CNN_Top:u_cnn|CNN_MaxPool:u_pool|row_buf[8][31]                                                    ; Stuck at GND due to stuck port data_in                                                      ;
; CNN_Top:u_cnn|CNN_MaxPool:u_pool|row_buf[12][31]                                                   ; Stuck at GND due to stuck port data_in                                                      ;
; CNN_Top:u_cnn|CNN_MaxPool:u_pool|row_buf[1][31]                                                    ; Stuck at GND due to stuck port data_in                                                      ;
; CNN_Top:u_cnn|CNN_MaxPool:u_pool|row_buf[5][31]                                                    ; Stuck at GND due to stuck port data_in                                                      ;
; CNN_Top:u_cnn|CNN_MaxPool:u_pool|row_buf[9][31]                                                    ; Stuck at GND due to stuck port data_in                                                      ;
; CNN_Top:u_cnn|CNN_MaxPool:u_pool|row_buf[13][31]                                                   ; Stuck at GND due to stuck port data_in                                                      ;
; CNN_Top:u_cnn|CNN_MaxPool:u_pool|row_buf[2][31]                                                    ; Stuck at GND due to stuck port data_in                                                      ;
; CNN_Top:u_cnn|CNN_MaxPool:u_pool|row_buf[6][31]                                                    ; Stuck at GND due to stuck port data_in                                                      ;
; CNN_Top:u_cnn|CNN_MaxPool:u_pool|row_buf[10][31]                                                   ; Stuck at GND due to stuck port data_in                                                      ;
; CNN_Top:u_cnn|CNN_MaxPool:u_pool|row_buf[14][31]                                                   ; Stuck at GND due to stuck port data_in                                                      ;
; CNN_Top:u_cnn|CNN_MaxPool:u_pool|row_buf[3][31]                                                    ; Stuck at GND due to stuck port data_in                                                      ;
; CNN_Top:u_cnn|CNN_MaxPool:u_pool|row_buf[7][31]                                                    ; Stuck at GND due to stuck port data_in                                                      ;
; CNN_Top:u_cnn|CNN_MaxPool:u_pool|row_buf[11][31]                                                   ; Stuck at GND due to stuck port data_in                                                      ;
; CNN_Top:u_cnn|CNN_MaxPool:u_pool|row_buf[15][31]                                                   ; Stuck at GND due to stuck port data_in                                                      ;
; CNN_Top:u_cnn|CNN_MaxPool:u_pool|row_buf[0][47]                                                    ; Stuck at GND due to stuck port data_in                                                      ;
; CNN_Top:u_cnn|CNN_MaxPool:u_pool|row_buf[4][47]                                                    ; Stuck at GND due to stuck port data_in                                                      ;
; CNN_Top:u_cnn|CNN_MaxPool:u_pool|row_buf[8][47]                                                    ; Stuck at GND due to stuck port data_in                                                      ;
; CNN_Top:u_cnn|CNN_MaxPool:u_pool|row_buf[12][47]                                                   ; Stuck at GND due to stuck port data_in                                                      ;
; CNN_Top:u_cnn|CNN_MaxPool:u_pool|row_buf[1][47]                                                    ; Stuck at GND due to stuck port data_in                                                      ;
; CNN_Top:u_cnn|CNN_MaxPool:u_pool|row_buf[5][47]                                                    ; Stuck at GND due to stuck port data_in                                                      ;
; CNN_Top:u_cnn|CNN_MaxPool:u_pool|row_buf[9][47]                                                    ; Stuck at GND due to stuck port data_in                                                      ;
; CNN_Top:u_cnn|CNN_MaxPool:u_pool|row_buf[13][47]                                                   ; Stuck at GND due to stuck port data_in                                                      ;
; CNN_Top:u_cnn|CNN_MaxPool:u_pool|row_buf[2][47]                                                    ; Stuck at GND due to stuck port data_in                                                      ;
; CNN_Top:u_cnn|CNN_MaxPool:u_pool|row_buf[6][47]                                                    ; Stuck at GND due to stuck port data_in                                                      ;
; CNN_Top:u_cnn|CNN_MaxPool:u_pool|row_buf[10][47]                                                   ; Stuck at GND due to stuck port data_in                                                      ;
; CNN_Top:u_cnn|CNN_MaxPool:u_pool|row_buf[14][47]                                                   ; Stuck at GND due to stuck port data_in                                                      ;
; CNN_Top:u_cnn|CNN_MaxPool:u_pool|row_buf[3][47]                                                    ; Stuck at GND due to stuck port data_in                                                      ;
; CNN_Top:u_cnn|CNN_MaxPool:u_pool|row_buf[7][47]                                                    ; Stuck at GND due to stuck port data_in                                                      ;
; CNN_Top:u_cnn|CNN_MaxPool:u_pool|row_buf[11][47]                                                   ; Stuck at GND due to stuck port data_in                                                      ;
; CNN_Top:u_cnn|CNN_MaxPool:u_pool|row_buf[15][47]                                                   ; Stuck at GND due to stuck port data_in                                                      ;
; CNN_Top:u_cnn|CNN_MaxPool:u_pool|row_buf[0][63]                                                    ; Stuck at GND due to stuck port data_in                                                      ;
; CNN_Top:u_cnn|CNN_MaxPool:u_pool|row_buf[4][63]                                                    ; Stuck at GND due to stuck port data_in                                                      ;
; CNN_Top:u_cnn|CNN_MaxPool:u_pool|row_buf[8][63]                                                    ; Stuck at GND due to stuck port data_in                                                      ;
; CNN_Top:u_cnn|CNN_MaxPool:u_pool|row_buf[12][63]                                                   ; Stuck at GND due to stuck port data_in                                                      ;
; CNN_Top:u_cnn|CNN_MaxPool:u_pool|row_buf[1][63]                                                    ; Stuck at GND due to stuck port data_in                                                      ;
; CNN_Top:u_cnn|CNN_MaxPool:u_pool|row_buf[5][63]                                                    ; Stuck at GND due to stuck port data_in                                                      ;
; CNN_Top:u_cnn|CNN_MaxPool:u_pool|row_buf[9][63]                                                    ; Stuck at GND due to stuck port data_in                                                      ;
; CNN_Top:u_cnn|CNN_MaxPool:u_pool|row_buf[13][63]                                                   ; Stuck at GND due to stuck port data_in                                                      ;
; CNN_Top:u_cnn|CNN_MaxPool:u_pool|row_buf[2][63]                                                    ; Stuck at GND due to stuck port data_in                                                      ;
; CNN_Top:u_cnn|CNN_MaxPool:u_pool|row_buf[6][63]                                                    ; Stuck at GND due to stuck port data_in                                                      ;
; CNN_Top:u_cnn|CNN_MaxPool:u_pool|row_buf[10][63]                                                   ; Stuck at GND due to stuck port data_in                                                      ;
; CNN_Top:u_cnn|CNN_MaxPool:u_pool|row_buf[14][63]                                                   ; Stuck at GND due to stuck port data_in                                                      ;
; CNN_Top:u_cnn|CNN_MaxPool:u_pool|row_buf[3][63]                                                    ; Stuck at GND due to stuck port data_in                                                      ;
; CNN_Top:u_cnn|CNN_MaxPool:u_pool|row_buf[7][63]                                                    ; Stuck at GND due to stuck port data_in                                                      ;
; CNN_Top:u_cnn|CNN_MaxPool:u_pool|row_buf[11][63]                                                   ; Stuck at GND due to stuck port data_in                                                      ;
; CNN_Top:u_cnn|CNN_MaxPool:u_pool|row_buf[15][63]                                                   ; Stuck at GND due to stuck port data_in                                                      ;
; CNN_Top:u_cnn|CNN_MaxPool:u_pool|row_buf[0][79]                                                    ; Stuck at GND due to stuck port data_in                                                      ;
; CNN_Top:u_cnn|CNN_MaxPool:u_pool|row_buf[4][79]                                                    ; Stuck at GND due to stuck port data_in                                                      ;
; CNN_Top:u_cnn|CNN_MaxPool:u_pool|row_buf[8][79]                                                    ; Stuck at GND due to stuck port data_in                                                      ;
; CNN_Top:u_cnn|CNN_MaxPool:u_pool|row_buf[12][79]                                                   ; Stuck at GND due to stuck port data_in                                                      ;
; CNN_Top:u_cnn|CNN_MaxPool:u_pool|row_buf[1][79]                                                    ; Stuck at GND due to stuck port data_in                                                      ;
; CNN_Top:u_cnn|CNN_MaxPool:u_pool|row_buf[5][79]                                                    ; Stuck at GND due to stuck port data_in                                                      ;
; CNN_Top:u_cnn|CNN_MaxPool:u_pool|row_buf[9][79]                                                    ; Stuck at GND due to stuck port data_in                                                      ;
; CNN_Top:u_cnn|CNN_MaxPool:u_pool|row_buf[13][79]                                                   ; Stuck at GND due to stuck port data_in                                                      ;
; CNN_Top:u_cnn|CNN_MaxPool:u_pool|row_buf[2][79]                                                    ; Stuck at GND due to stuck port data_in                                                      ;
; CNN_Top:u_cnn|CNN_MaxPool:u_pool|row_buf[6][79]                                                    ; Stuck at GND due to stuck port data_in                                                      ;
; CNN_Top:u_cnn|CNN_MaxPool:u_pool|row_buf[10][79]                                                   ; Stuck at GND due to stuck port data_in                                                      ;
; CNN_Top:u_cnn|CNN_MaxPool:u_pool|row_buf[14][79]                                                   ; Stuck at GND due to stuck port data_in                                                      ;
; CNN_Top:u_cnn|CNN_MaxPool:u_pool|row_buf[3][79]                                                    ; Stuck at GND due to stuck port data_in                                                      ;
; CNN_Top:u_cnn|CNN_MaxPool:u_pool|row_buf[7][79]                                                    ; Stuck at GND due to stuck port data_in                                                      ;
; CNN_Top:u_cnn|CNN_MaxPool:u_pool|row_buf[11][79]                                                   ; Stuck at GND due to stuck port data_in                                                      ;
; CNN_Top:u_cnn|CNN_MaxPool:u_pool|row_buf[15][79]                                                   ; Stuck at GND due to stuck port data_in                                                      ;
; CNN_Top:u_cnn|CNN_MaxPool:u_pool|row_buf[0][95]                                                    ; Stuck at GND due to stuck port data_in                                                      ;
; CNN_Top:u_cnn|CNN_MaxPool:u_pool|row_buf[4][95]                                                    ; Stuck at GND due to stuck port data_in                                                      ;
; CNN_Top:u_cnn|CNN_MaxPool:u_pool|row_buf[8][95]                                                    ; Stuck at GND due to stuck port data_in                                                      ;
; CNN_Top:u_cnn|CNN_MaxPool:u_pool|row_buf[12][95]                                                   ; Stuck at GND due to stuck port data_in                                                      ;
; CNN_Top:u_cnn|CNN_MaxPool:u_pool|row_buf[1][95]                                                    ; Stuck at GND due to stuck port data_in                                                      ;
; CNN_Top:u_cnn|CNN_MaxPool:u_pool|row_buf[5][95]                                                    ; Stuck at GND due to stuck port data_in                                                      ;
; CNN_Top:u_cnn|CNN_MaxPool:u_pool|row_buf[9][95]                                                    ; Stuck at GND due to stuck port data_in                                                      ;
; CNN_Top:u_cnn|CNN_MaxPool:u_pool|row_buf[13][95]                                                   ; Stuck at GND due to stuck port data_in                                                      ;
; CNN_Top:u_cnn|CNN_MaxPool:u_pool|row_buf[2][95]                                                    ; Stuck at GND due to stuck port data_in                                                      ;
; CNN_Top:u_cnn|CNN_MaxPool:u_pool|row_buf[6][95]                                                    ; Stuck at GND due to stuck port data_in                                                      ;
; CNN_Top:u_cnn|CNN_MaxPool:u_pool|row_buf[10][95]                                                   ; Stuck at GND due to stuck port data_in                                                      ;
; CNN_Top:u_cnn|CNN_MaxPool:u_pool|row_buf[14][95]                                                   ; Stuck at GND due to stuck port data_in                                                      ;
; CNN_Top:u_cnn|CNN_MaxPool:u_pool|row_buf[3][95]                                                    ; Stuck at GND due to stuck port data_in                                                      ;
; CNN_Top:u_cnn|CNN_MaxPool:u_pool|row_buf[7][95]                                                    ; Stuck at GND due to stuck port data_in                                                      ;
; CNN_Top:u_cnn|CNN_MaxPool:u_pool|row_buf[11][95]                                                   ; Stuck at GND due to stuck port data_in                                                      ;
; CNN_Top:u_cnn|CNN_MaxPool:u_pool|row_buf[15][95]                                                   ; Stuck at GND due to stuck port data_in                                                      ;
; CNN_Top:u_cnn|CNN_MaxPool:u_pool|row_buf[0][111]                                                   ; Stuck at GND due to stuck port data_in                                                      ;
; CNN_Top:u_cnn|CNN_MaxPool:u_pool|row_buf[4][111]                                                   ; Stuck at GND due to stuck port data_in                                                      ;
; CNN_Top:u_cnn|CNN_MaxPool:u_pool|row_buf[8][111]                                                   ; Stuck at GND due to stuck port data_in                                                      ;
; CNN_Top:u_cnn|CNN_MaxPool:u_pool|row_buf[12][111]                                                  ; Stuck at GND due to stuck port data_in                                                      ;
; CNN_Top:u_cnn|CNN_MaxPool:u_pool|row_buf[1][111]                                                   ; Stuck at GND due to stuck port data_in                                                      ;
; CNN_Top:u_cnn|CNN_MaxPool:u_pool|row_buf[5][111]                                                   ; Stuck at GND due to stuck port data_in                                                      ;
; CNN_Top:u_cnn|CNN_MaxPool:u_pool|row_buf[9][111]                                                   ; Stuck at GND due to stuck port data_in                                                      ;
; CNN_Top:u_cnn|CNN_MaxPool:u_pool|row_buf[13][111]                                                  ; Stuck at GND due to stuck port data_in                                                      ;
; CNN_Top:u_cnn|CNN_MaxPool:u_pool|row_buf[2][111]                                                   ; Stuck at GND due to stuck port data_in                                                      ;
; CNN_Top:u_cnn|CNN_MaxPool:u_pool|row_buf[6][111]                                                   ; Stuck at GND due to stuck port data_in                                                      ;
; CNN_Top:u_cnn|CNN_MaxPool:u_pool|row_buf[10][111]                                                  ; Stuck at GND due to stuck port data_in                                                      ;
; CNN_Top:u_cnn|CNN_MaxPool:u_pool|row_buf[14][111]                                                  ; Stuck at GND due to stuck port data_in                                                      ;
; CNN_Top:u_cnn|CNN_MaxPool:u_pool|row_buf[3][111]                                                   ; Stuck at GND due to stuck port data_in                                                      ;
; CNN_Top:u_cnn|CNN_MaxPool:u_pool|row_buf[7][111]                                                   ; Stuck at GND due to stuck port data_in                                                      ;
; CNN_Top:u_cnn|CNN_MaxPool:u_pool|row_buf[11][111]                                                  ; Stuck at GND due to stuck port data_in                                                      ;
; CNN_Top:u_cnn|CNN_MaxPool:u_pool|row_buf[15][111]                                                  ; Stuck at GND due to stuck port data_in                                                      ;
; CNN_Top:u_cnn|CNN_MaxPool:u_pool|row_buf[0][127]                                                   ; Stuck at GND due to stuck port data_in                                                      ;
; CNN_Top:u_cnn|CNN_MaxPool:u_pool|row_buf[4][127]                                                   ; Stuck at GND due to stuck port data_in                                                      ;
; CNN_Top:u_cnn|CNN_MaxPool:u_pool|row_buf[8][127]                                                   ; Stuck at GND due to stuck port data_in                                                      ;
; CNN_Top:u_cnn|CNN_MaxPool:u_pool|row_buf[12][127]                                                  ; Stuck at GND due to stuck port data_in                                                      ;
; CNN_Top:u_cnn|CNN_MaxPool:u_pool|row_buf[1][127]                                                   ; Stuck at GND due to stuck port data_in                                                      ;
; CNN_Top:u_cnn|CNN_MaxPool:u_pool|row_buf[5][127]                                                   ; Stuck at GND due to stuck port data_in                                                      ;
; CNN_Top:u_cnn|CNN_MaxPool:u_pool|row_buf[9][127]                                                   ; Stuck at GND due to stuck port data_in                                                      ;
; CNN_Top:u_cnn|CNN_MaxPool:u_pool|row_buf[13][127]                                                  ; Stuck at GND due to stuck port data_in                                                      ;
; CNN_Top:u_cnn|CNN_MaxPool:u_pool|row_buf[2][127]                                                   ; Stuck at GND due to stuck port data_in                                                      ;
; CNN_Top:u_cnn|CNN_MaxPool:u_pool|row_buf[6][127]                                                   ; Stuck at GND due to stuck port data_in                                                      ;
; CNN_Top:u_cnn|CNN_MaxPool:u_pool|row_buf[10][127]                                                  ; Stuck at GND due to stuck port data_in                                                      ;
; CNN_Top:u_cnn|CNN_MaxPool:u_pool|row_buf[14][127]                                                  ; Stuck at GND due to stuck port data_in                                                      ;
; CNN_Top:u_cnn|CNN_MaxPool:u_pool|row_buf[3][127]                                                   ; Stuck at GND due to stuck port data_in                                                      ;
; CNN_Top:u_cnn|CNN_MaxPool:u_pool|row_buf[7][127]                                                   ; Stuck at GND due to stuck port data_in                                                      ;
; CNN_Top:u_cnn|CNN_MaxPool:u_pool|row_buf[11][127]                                                  ; Stuck at GND due to stuck port data_in                                                      ;
; CNN_Top:u_cnn|CNN_MaxPool:u_pool|row_buf[15][127]                                                  ; Stuck at GND due to stuck port data_in                                                      ;
; Feature_Spectral:u_fs|feat[7][15]                                                                  ; Stuck at GND due to stuck port data_in                                                      ;
; Feature_Spectral:u_fs|feat[5][15]                                                                  ; Stuck at GND due to stuck port data_in                                                      ;
; Feature_Spectral:u_fs|feat[4][15]                                                                  ; Stuck at GND due to stuck port data_in                                                      ;
; Feature_Spectral:u_fs|feat[3][15]                                                                  ; Stuck at GND due to stuck port data_in                                                      ;
; Feature_Spectral:u_fs|feat[2][15]                                                                  ; Stuck at GND due to stuck port data_in                                                      ;
; Feature_Spectral:u_fs|feat[1][15]                                                                  ; Stuck at GND due to stuck port data_in                                                      ;
; Feature_Spectral:u_fs|feat[0][15]                                                                  ; Stuck at GND due to stuck port data_in                                                      ;
; CNN_Top:u_cnn|CNN_MaxPool:u_pool|out_data[15,31,47,63,79,95,111,127]                               ; Stuck at GND due to stuck port data_in                                                      ;
; Feature_Spectral:u_fs|state~4                                                                      ; Lost fanout                                                                                 ;
; Feature_Spectral:u_fs|state~5                                                                      ; Lost fanout                                                                                 ;
; est~6                                                                                              ; Lost fanout                                                                                 ;
; est~7                                                                                              ; Lost fanout                                                                                 ;
; CNN_Top:u_cnn|CNN_Control_FSM:u_ctrl|state~5                                                       ; Lost fanout                                                                                 ;
; CNN_Top:u_cnn|CNN_Control_FSM:u_ctrl|state~6                                                       ; Lost fanout                                                                                 ;
; FFT_Top:u_fft|FFT_Control_FSM:u_control|state~4                                                    ; Lost fanout                                                                                 ;
; FFT_Top:u_fft|FFT_Control_FSM:u_control|state~5                                                    ; Lost fanout                                                                                 ;
; FFT_Top:u_fft|FFT_Control_FSM:u_control|state~6                                                    ; Lost fanout                                                                                 ;
; ML_Tree_Classifier:u_tree|state~4                                                                  ; Lost fanout                                                                                 ;
; ML_Tree_Classifier:u_tree|state~5                                                                  ; Lost fanout                                                                                 ;
; Feature_Temporal:u_ft|state~10                                                                     ; Lost fanout                                                                                 ;
; Feature_Temporal:u_ft|state~11                                                                     ; Lost fanout                                                                                 ;
; Feature_Temporal:u_ft|state~12                                                                     ; Lost fanout                                                                                 ;
; Feature_Temporal:u_ft|state~13                                                                     ; Lost fanout                                                                                 ;
; Feature_Spectral:u_fs|feat[6][15]                                                                  ; Stuck at GND due to stuck port data_in                                                      ;
; Total Number of Removed Registers = 2163                                                           ;                                                                                             ;
+----------------------------------------------------------------------------------------------------+---------------------------------------------------------------------------------------------+


+-----------------------------------------------------------------------------------------------------------------------------------------------------------------------------------------------+
; Removed Registers Triggering Further Register Optimizations                                                                                                                                   ;
+---------------------------------------------------------------------------------+---------------------------+---------------------------------------------------------------------------------+
; Register name                                                                   ; Reason for Removal        ; Registers Removed due to This Register                                          ;
+---------------------------------------------------------------------------------+---------------------------+---------------------------------------------------------------------------------+
; CNN_Top:u_cnn|CNN_MaxPool:u_pool|prev_data[127]                                 ; Stuck at GND              ; CNN_Top:u_cnn|CNN_MaxPool:u_pool|out_data[15],                                  ;
;                                                                                 ; due to stuck port data_in ; CNN_Top:u_cnn|CNN_MaxPool:u_pool|out_data[31],                                  ;
;                                                                                 ;                           ; CNN_Top:u_cnn|CNN_MaxPool:u_pool|out_data[47],                                  ;
;                                                                                 ;                           ; CNN_Top:u_cnn|CNN_MaxPool:u_pool|out_data[63],                                  ;
;                                                                                 ;                           ; CNN_Top:u_cnn|CNN_MaxPool:u_pool|out_data[79],                                  ;
;                                                                                 ;                           ; CNN_Top:u_cnn|CNN_MaxPool:u_pool|out_data[95],                                  ;
;                                                                                 ;                           ; CNN_Top:u_cnn|CNN_MaxPool:u_pool|out_data[111],                                 ;
;                                                                                 ;                           ; CNN_Top:u_cnn|CNN_MaxPool:u_pool|out_data[127]                                  ;
; Sample_Source:u_src|addr[19]                                                    ; Lost Fanouts              ; Sample_Source:u_src|addr[18], Sample_Source:u_src|addr[17]                      ;
; CNN_Top:u_cnn|CNN_Dense_Classifier:u_dense|CNN_MAC_Unit:u_dense_mac|s1_init[2]  ; Stuck at GND              ; CNN_Top:u_cnn|CNN_Dense_Classifier:u_dense|CNN_MAC_Unit:u_dense_mac|s2_init[2]  ;
;                                                                                 ; due to stuck port data_in ;                                                                                 ;
; CNN_Top:u_cnn|CNN_Dense_Classifier:u_dense|CNN_MAC_Unit:u_dense_mac|s1_init[3]  ; Stuck at GND              ; CNN_Top:u_cnn|CNN_Dense_Classifier:u_dense|CNN_MAC_Unit:u_dense_mac|s2_init[3]  ;
;                                                                                 ; due to stuck port data_in ;                                                                                 ;
; CNN_Top:u_cnn|CNN_Dense_Classifier:u_dense|CNN_MAC_Unit:u_dense_mac|s1_init[4]  ; Stuck at GND              ; CNN_Top:u_cnn|CNN_Dense_Classifier:u_dense|CNN_MAC_Unit:u_dense_mac|s2_init[4]  ;
;                                                                                 ; due to stuck port data_in ;                                                                                 ;
; CNN_Top:u_cnn|CNN_Dense_Classifier:u_dense|CNN_MAC_Unit:u_dense_mac|s1_init[5]  ; Stuck at GND              ; CNN_Top:u_cnn|CNN_Dense_Classifier:u_dense|CNN_MAC_Unit:u_dense_mac|s2_init[5]  ;
;                                                                                 ; due to stuck port data_in ;                                                                                 ;
; CNN_Top:u_cnn|CNN_Dense_Classifier:u_dense|CNN_MAC_Unit:u_dense_mac|s1_init[6]  ; Stuck at GND              ; CNN_Top:u_cnn|CNN_Dense_Classifier:u_dense|CNN_MAC_Unit:u_dense_mac|s2_init[6]  ;
;                                                                                 ; due to stuck port data_in ;                                                                                 ;
; CNN_Top:u_cnn|CNN_Dense_Classifier:u_dense|CNN_MAC_Unit:u_dense_mac|s1_init[7]  ; Stuck at GND              ; CNN_Top:u_cnn|CNN_Dense_Classifier:u_dense|CNN_MAC_Unit:u_dense_mac|s2_init[7]  ;
;                                                                                 ; due to stuck port data_in ;                                                                                 ;
; CNN_Top:u_cnn|CNN_Dense_Classifier:u_dense|CNN_MAC_Unit:u_dense_mac|s1_init[8]  ; Stuck at GND              ; CNN_Top:u_cnn|CNN_Dense_Classifier:u_dense|CNN_MAC_Unit:u_dense_mac|s2_init[8]  ;
;                                                                                 ; due to stuck port data_in ;                                                                                 ;
; CNN_Top:u_cnn|CNN_Dense_Classifier:u_dense|CNN_MAC_Unit:u_dense_mac|s1_init[9]  ; Stuck at GND              ; CNN_Top:u_cnn|CNN_Dense_Classifier:u_dense|CNN_MAC_Unit:u_dense_mac|s2_init[9]  ;
;                                                                                 ; due to stuck port data_in ;                                                                                 ;
; CNN_Top:u_cnn|CNN_Dense_Classifier:u_dense|CNN_MAC_Unit:u_dense_mac|s1_init[10] ; Stuck at GND              ; CNN_Top:u_cnn|CNN_Dense_Classifier:u_dense|CNN_MAC_Unit:u_dense_mac|s2_init[10] ;
;                                                                                 ; due to stuck port data_in ;                                                                                 ;
; CNN_Top:u_cnn|CNN_Dense_Classifier:u_dense|CNN_MAC_Unit:u_dense_mac|s1_init[11] ; Stuck at GND              ; CNN_Top:u_cnn|CNN_Dense_Classifier:u_dense|CNN_MAC_Unit:u_dense_mac|s2_init[11] ;
;                                                                                 ; due to stuck port data_in ;                                                                                 ;
; CNN_Top:u_cnn|CNN_Dense_Classifier:u_dense|CNN_MAC_Unit:u_dense_mac|s1_init[12] ; Stuck at GND              ; CNN_Top:u_cnn|CNN_Dense_Classifier:u_dense|CNN_MAC_Unit:u_dense_mac|s2_init[12] ;
;                                                                                 ; due to stuck port data_in ;                                                                                 ;
; CNN_Top:u_cnn|CNN_Dense_Classifier:u_dense|CNN_MAC_Unit:u_dense_mac|s1_init[13] ; Stuck at GND              ; CNN_Top:u_cnn|CNN_Dense_Classifier:u_dense|CNN_MAC_Unit:u_dense_mac|s2_init[13] ;
;                                                                                 ; due to stuck port data_in ;                                                                                 ;
; CNN_Top:u_cnn|CNN_Dense_Classifier:u_dense|CNN_MAC_Unit:u_dense_mac|s1_init[14] ; Stuck at GND              ; CNN_Top:u_cnn|CNN_Dense_Classifier:u_dense|CNN_MAC_Unit:u_dense_mac|s2_init[14] ;
;                                                                                 ; due to stuck port data_in ;                                                                                 ;
; CNN_Top:u_cnn|CNN_Conv_Layer:u_conv|CNN_MAC_Unit:g_filter[7].u_mac|s1_init[0]   ; Stuck at GND              ; CNN_Top:u_cnn|CNN_Conv_Layer:u_conv|CNN_MAC_Unit:g_filter[7].u_mac|s2_init[0]   ;
;                                                                                 ; due to stuck port data_in ;                                                                                 ;
; CNN_Top:u_cnn|CNN_Conv_Layer:u_conv|CNN_MAC_Unit:g_filter[7].u_mac|s1_init[1]   ; Stuck at GND              ; CNN_Top:u_cnn|CNN_Conv_Layer:u_conv|CNN_MAC_Unit:g_filter[7].u_mac|s2_init[1]   ;
;                                                                                 ; due to stuck port data_in ;                                                                                 ;
; CNN_Top:u_cnn|CNN_Conv_Layer:u_conv|CNN_MAC_Unit:g_filter[7].u_mac|s1_init[2]   ; Stuck at GND              ; CNN_Top:u_cnn|CNN_Conv_Layer:u_conv|CNN_MAC_Unit:g_filter[7].u_mac|s2_init[2]   ;
;                                                                                 ; due to stuck port data_in ;                                                                                 ;
; CNN_Top:u_cnn|CNN_Conv_Layer:u_conv|CNN_MAC_Unit:g_filter[7].u_mac|s1_init[3]   ; Stuck at GND              ; CNN_Top:u_cnn|CNN_Conv_Layer:u_conv|CNN_MAC_Unit:g_filter[7].u_mac|s2_init[3]   ;
;                                                                                 ; due to stuck port data_in ;                                                                                 ;
; CNN_Top:u_cnn|CNN_Conv_Layer:u_conv|CNN_MAC_Unit:g_filter[7].u_mac|s1_init[4]   ; Stuck at GND              ; CNN_Top:u_cnn|CNN_Conv_Layer:u_conv|CNN_MAC_Unit:g_filter[7].u_mac|s2_init[4]   ;
;                                                                                 ; due to stuck port data_in ;                                                                                 ;
; CNN_Top:u_cnn|CNN_Conv_Layer:u_conv|CNN_MAC_Unit:g_filter[7].u_mac|s1_init[5]   ; Stuck at GND              ; CNN_Top:u_cnn|CNN_Conv_Layer:u_conv|CNN_MAC_Unit:g_filter[7].u_mac|s2_init[5]   ;
;                                                                                 ; due to stuck port data_in ;                                                                                 ;
; CNN_Top:u_cnn|CNN_Conv_Layer:u_conv|CNN_MAC_Unit:g_filter[7].u_mac|s1_init[6]   ; Stuck at GND              ; CNN_Top:u_cnn|CNN_Conv_Layer:u_conv|CNN_MAC_Unit:g_filter[7].u_mac|s2_init[6]   ;
;                                                                                 ; due to stuck port data_in ;                                                                                 ;
; CNN_Top:u_cnn|CNN_Conv_Layer:u_conv|CNN_MAC_Unit:g_filter[7].u_mac|s1_init[7]   ; Stuck at GND              ; CNN_Top:u_cnn|CNN_Conv_Layer:u_conv|CNN_MAC_Unit:g_filter[7].u_mac|s2_init[7]   ;
;                                                                                 ; due to stuck port data_in ;                                                                                 ;
; CNN_Top:u_cnn|CNN_Conv_Layer:u_conv|CNN_MAC_Unit:g_filter[7].u_mac|s1_init[8]   ; Stuck at GND              ; CNN_Top:u_cnn|CNN_Conv_Layer:u_conv|CNN_MAC_Unit:g_filter[7].u_mac|s2_init[8]   ;
;                                                                                 ; due to stuck port data_in ;                                                                                 ;
; CNN_Top:u_cnn|CNN_Conv_Layer:u_conv|CNN_MAC_Unit:g_filter[7].u_mac|s1_init[9]   ; Stuck at GND              ; CNN_Top:u_cnn|CNN_Conv_Layer:u_conv|CNN_MAC_Unit:g_filter[7].u_mac|s2_init[9]   ;
;                                                                                 ; due to stuck port data_in ;                                                                                 ;
; CNN_Top:u_cnn|CNN_Conv_Layer:u_conv|CNN_MAC_Unit:g_filter[7].u_mac|s1_init[10]  ; Stuck at GND              ; CNN_Top:u_cnn|CNN_Conv_Layer:u_conv|CNN_MAC_Unit:g_filter[7].u_mac|s2_init[10]  ;
;                                                                                 ; due to stuck port data_in ;                                                                                 ;
; CNN_Top:u_cnn|CNN_Conv_Layer:u_conv|CNN_MAC_Unit:g_filter[7].u_mac|s1_init[11]  ; Stuck at GND              ; CNN_Top:u_cnn|CNN_Conv_Layer:u_conv|CNN_MAC_Unit:g_filter[7].u_mac|s2_init[11]  ;
;                                                                                 ; due to stuck port data_in ;                                                                                 ;
; CNN_Top:u_cnn|CNN_Conv_Layer:u_conv|CNN_MAC_Unit:g_filter[7].u_mac|s1_init[12]  ; Stuck at GND              ; CNN_Top:u_cnn|CNN_Conv_Layer:u_conv|CNN_MAC_Unit:g_filter[7].u_mac|s2_init[12]  ;
;                                                                                 ; due to stuck port data_in ;                                                                                 ;
; CNN_Top:u_cnn|CNN_Conv_Layer:u_conv|CNN_MAC_Unit:g_filter[7].u_mac|s1_init[13]  ; Stuck at GND              ; CNN_Top:u_cnn|CNN_Conv_Layer:u_conv|CNN_MAC_Unit:g_filter[7].u_mac|s2_init[13]  ;
;                                                                                 ; due to stuck port data_in ;                                                                                 ;
; CNN_Top:u_cnn|CNN_Conv_Layer:u_conv|CNN_MAC_Unit:g_filter[7].u_mac|s1_init[14]  ; Stuck at GND              ; CNN_Top:u_cnn|CNN_Conv_Layer:u_conv|CNN_MAC_Unit:g_filter[7].u_mac|s2_init[14]  ;
;                                                                                 ; due to stuck port data_in ;                                                                                 ;
; CNN_Top:u_cnn|CNN_Conv_Layer:u_conv|CNN_MAC_Unit:g_filter[7].u_mac|s1_init[18]  ; Stuck at GND              ; CNN_Top:u_cnn|CNN_Conv_Layer:u_conv|CNN_MAC_Unit:g_filter[7].u_mac|s2_init[18]  ;
;                                                                                 ; due to stuck port data_in ;                                                                                 ;
; CNN_Top:u_cnn|CNN_Conv_Layer:u_conv|CNN_MAC_Unit:g_filter[7].u_mac|s1_init[19]  ; Stuck at GND              ; CNN_Top:u_cnn|CNN_Conv_Layer:u_conv|CNN_MAC_Unit:g_filter[7].u_mac|s2_init[19]  ;
;                                                                                 ; due to stuck port data_in ;                                                                                 ;
; CNN_Top:u_cnn|CNN_Conv_Layer:u_conv|CNN_MAC_Unit:g_filter[7].u_mac|s1_init[20]  ; Stuck at GND              ; CNN_Top:u_cnn|CNN_Conv_Layer:u_conv|CNN_MAC_Unit:g_filter[7].u_mac|s2_init[20]  ;
;                                                                                 ; due to stuck port data_in ;                                                                                 ;
; CNN_Top:u_cnn|CNN_Conv_Layer:u_conv|CNN_MAC_Unit:g_filter[7].u_mac|s1_init[21]  ; Stuck at GND              ; CNN_Top:u_cnn|CNN_Conv_Layer:u_conv|CNN_MAC_Unit:g_filter[7].u_mac|s2_init[21]  ;
;                                                                                 ; due to stuck port data_in ;                                                                                 ;
; CNN_Top:u_cnn|CNN_Conv_Layer:u_conv|CNN_MAC_Unit:g_filter[7].u_mac|s1_init[22]  ; Stuck at GND              ; CNN_Top:u_cnn|CNN_Conv_Layer:u_conv|CNN_MAC_Unit:g_filter[7].u_mac|s2_init[22]  ;
;                                                                                 ; due to stuck port data_in ;                                                                                 ;
; CNN_Top:u_cnn|CNN_Conv_Layer:u_conv|CNN_MAC_Unit:g_filter[7].u_mac|s1_init[23]  ; Stuck at GND              ; CNN_Top:u_cnn|CNN_Conv_Layer:u_conv|CNN_MAC_Unit:g_filter[7].u_mac|s2_init[23]  ;
;                                                                                 ; due to stuck port data_in ;                                                                                 ;
; CNN_Top:u_cnn|CNN_Conv_Layer:u_conv|CNN_MAC_Unit:g_filter[7].u_mac|s1_init[24]  ; Stuck at GND              ; CNN_Top:u_cnn|CNN_Conv_Layer:u_conv|CNN_MAC_Unit:g_filter[7].u_mac|s2_init[24]  ;
;                                                                                 ; due to stuck port data_in ;                                                                                 ;
; CNN_Top:u_cnn|CNN_Conv_Layer:u_conv|CNN_MAC_Unit:g_filter[7].u_mac|s1_init[27]  ; Stuck at GND              ; CNN_Top:u_cnn|CNN_Conv_Layer:u_conv|CNN_MAC_Unit:g_filter[7].u_mac|s2_init[27]  ;
;                                                                                 ; due to stuck port data_in ;                                                                                 ;
; CNN_Top:u_cnn|CNN_Conv_Layer:u_conv|CNN_MAC_Unit:g_filter[7].u_mac|s1_init[28]  ; Stuck at GND              ; CNN_Top:u_cnn|CNN_Conv_Layer:u_conv|CNN_MAC_Unit:g_filter[7].u_mac|s2_init[28]  ;
;                                                                                 ; due to stuck port data_in ;                                                                                 ;
; CNN_Top:u_cnn|CNN_Conv_Layer:u_conv|CNN_MAC_Unit:g_filter[6].u_mac|s1_init[0]   ; Stuck at GND              ; CNN_Top:u_cnn|CNN_Conv_Layer:u_conv|CNN_MAC_Unit:g_filter[6].u_mac|s2_init[0]   ;
;                                                                                 ; due to stuck port data_in ;                                                                                 ;
; CNN_Top:u_cnn|CNN_Conv_Layer:u_conv|CNN_MAC_Unit:g_filter[6].u_mac|s1_init[1]   ; Stuck at GND              ; CNN_Top:u_cnn|CNN_Conv_Layer:u_conv|CNN_MAC_Unit:g_filter[6].u_mac|s2_init[1]   ;
;                                                                                 ; due to stuck port data_in ;                                                                                 ;
; CNN_Top:u_cnn|CNN_Conv_Layer:u_conv|CNN_MAC_Unit:g_filter[6].u_mac|s1_init[2]   ; Stuck at GND              ; CNN_Top:u_cnn|CNN_Conv_Layer:u_conv|CNN_MAC_Unit:g_filter[6].u_mac|s2_init[2]   ;
;                                                                                 ; due to stuck port data_in ;                                                                                 ;
; CNN_Top:u_cnn|CNN_Conv_Layer:u_conv|CNN_MAC_Unit:g_filter[6].u_mac|s1_init[3]   ; Stuck at GND              ; CNN_Top:u_cnn|CNN_Conv_Layer:u_conv|CNN_MAC_Unit:g_filter[6].u_mac|s2_init[3]   ;
;                                                                                 ; due to stuck port data_in ;                                                                                 ;
; CNN_Top:u_cnn|CNN_Conv_Layer:u_conv|CNN_MAC_Unit:g_filter[6].u_mac|s1_init[4]   ; Stuck at GND              ; CNN_Top:u_cnn|CNN_Conv_Layer:u_conv|CNN_MAC_Unit:g_filter[6].u_mac|s2_init[4]   ;
;                                                                                 ; due to stuck port data_in ;                                                                                 ;
; CNN_Top:u_cnn|CNN_Conv_Layer:u_conv|CNN_MAC_Unit:g_filter[6].u_mac|s1_init[5]   ; Stuck at GND              ; CNN_Top:u_cnn|CNN_Conv_Layer:u_conv|CNN_MAC_Unit:g_filter[6].u_mac|s2_init[5]   ;
;                                                                                 ; due to stuck port data_in ;                                                                                 ;
; CNN_Top:u_cnn|CNN_Conv_Layer:u_conv|CNN_MAC_Unit:g_filter[6].u_mac|s1_init[6]   ; Stuck at GND              ; CNN_Top:u_cnn|CNN_Conv_Layer:u_conv|CNN_MAC_Unit:g_filter[6].u_mac|s2_init[6]   ;
;                                                                                 ; due to stuck port data_in ;                                                                                 ;
; CNN_Top:u_cnn|CNN_Conv_Layer:u_conv|CNN_MAC_Unit:g_filter[6].u_mac|s1_init[7]   ; Stuck at GND              ; CNN_Top:u_cnn|CNN_Conv_Layer:u_conv|CNN_MAC_Unit:g_filter[6].u_mac|s2_init[7]   ;
;                                                                                 ; due to stuck port data_in ;                                                                                 ;
; CNN_Top:u_cnn|CNN_Conv_Layer:u_conv|CNN_MAC_Unit:g_filter[6].u_mac|s1_init[8]   ; Stuck at GND              ; CNN_Top:u_cnn|CNN_Conv_Layer:u_conv|CNN_MAC_Unit:g_filter[6].u_mac|s2_init[8]   ;
;                                                                                 ; due to stuck port data_in ;                                                                                 ;
; CNN_Top:u_cnn|CNN_Conv_Layer:u_conv|CNN_MAC_Unit:g_filter[6].u_mac|s1_init[9]   ; Stuck at GND              ; CNN_Top:u_cnn|CNN_Conv_Layer:u_conv|CNN_MAC_Unit:g_filter[6].u_mac|s2_init[9]   ;
;                                                                                 ; due to stuck port data_in ;                                                                                 ;
; CNN_Top:u_cnn|CNN_Conv_Layer:u_conv|CNN_MAC_Unit:g_filter[6].u_mac|s1_init[10]  ; Stuck at GND              ; CNN_Top:u_cnn|CNN_Conv_Layer:u_conv|CNN_MAC_Unit:g_filter[6].u_mac|s2_init[10]  ;
;                                                                                 ; due to stuck port data_in ;                                                                                 ;
; CNN_Top:u_cnn|CNN_Conv_Layer:u_conv|CNN_MAC_Unit:g_filter[6].u_mac|s1_init[11]  ; Stuck at GND              ; CNN_Top:u_cnn|CNN_Conv_Layer:u_conv|CNN_MAC_Unit:g_filter[6].u_mac|s2_init[11]  ;
;                                                                                 ; due to stuck port data_in ;                                                                                 ;
; CNN_Top:u_cnn|CNN_Conv_Layer:u_conv|CNN_MAC_Unit:g_filter[6].u_mac|s1_init[12]  ; Stuck at GND              ; CNN_Top:u_cnn|CNN_Conv_Layer:u_conv|CNN_MAC_Unit:g_filter[6].u_mac|s2_init[12]  ;
;                                                                                 ; due to stuck port data_in ;                                                                                 ;
; CNN_Top:u_cnn|CNN_Conv_Layer:u_conv|CNN_MAC_Unit:g_filter[6].u_mac|s1_init[13]  ; Stuck at GND              ; CNN_Top:u_cnn|CNN_Conv_Layer:u_conv|CNN_MAC_Unit:g_filter[6].u_mac|s2_init[13]  ;
;                                                                                 ; due to stuck port data_in ;                                                                                 ;
; CNN_Top:u_cnn|CNN_Conv_Layer:u_conv|CNN_MAC_Unit:g_filter[6].u_mac|s1_init[14]  ; Stuck at GND              ; CNN_Top:u_cnn|CNN_Conv_Layer:u_conv|CNN_MAC_Unit:g_filter[6].u_mac|s2_init[14]  ;
;                                                                                 ; due to stuck port data_in ;                                                                                 ;
; CNN_Top:u_cnn|CNN_Conv_Layer:u_conv|CNN_MAC_Unit:g_filter[6].u_mac|s1_init[15]  ; Stuck at GND              ; CNN_Top:u_cnn|CNN_Conv_Layer:u_conv|CNN_MAC_Unit:g_filter[6].u_mac|s2_init[15]  ;
;                                                                                 ; due to stuck port data_in ;                                                                                 ;
; CNN_Top:u_cnn|CNN_Conv_Layer:u_conv|CNN_MAC_Unit:g_filter[6].u_mac|s1_init[16]  ; Stuck at GND              ; CNN_Top:u_cnn|CNN_Conv_Layer:u_conv|CNN_MAC_Unit:g_filter[6].u_mac|s2_init[16]  ;
;                                                                                 ; due to stuck port data_in ;                                                                                 ;
; CNN_Top:u_cnn|CNN_Conv_Layer:u_conv|CNN_MAC_Unit:g_filter[6].u_mac|s1_init[19]  ; Stuck at GND              ; CNN_Top:u_cnn|CNN_Conv_Layer:u_conv|CNN_MAC_Unit:g_filter[6].u_mac|s2_init[19]  ;
;                                                                                 ; due to stuck port data_in ;                                                                                 ;
; CNN_Top:u_cnn|CNN_Conv_Layer:u_conv|CNN_MAC_Unit:g_filter[6].u_mac|s1_init[21]  ; Stuck at GND              ; CNN_Top:u_cnn|CNN_Conv_Layer:u_conv|CNN_MAC_Unit:g_filter[6].u_mac|s2_init[21]  ;
;                                                                                 ; due to stuck port data_in ;                                                                                 ;
; CNN_Top:u_cnn|CNN_Conv_Layer:u_conv|CNN_MAC_Unit:g_filter[6].u_mac|s1_init[26]  ; Stuck at GND              ; CNN_Top:u_cnn|CNN_Conv_Layer:u_conv|CNN_MAC_Unit:g_filter[6].u_mac|s2_init[26]  ;
;                                                                                 ; due to stuck port data_in ;                                                                                 ;
; CNN_Top:u_cnn|CNN_Conv_Layer:u_conv|CNN_MAC_Unit:g_filter[5].u_mac|s1_init[0]   ; Stuck at GND              ; CNN_Top:u_cnn|CNN_Conv_Layer:u_conv|CNN_MAC_Unit:g_filter[5].u_mac|s2_init[0]   ;
;                                                                                 ; due to stuck port data_in ;                                                                                 ;
; CNN_Top:u_cnn|CNN_Conv_Layer:u_conv|CNN_MAC_Unit:g_filter[5].u_mac|s1_init[1]   ; Stuck at GND              ; CNN_Top:u_cnn|CNN_Conv_Layer:u_conv|CNN_MAC_Unit:g_filter[5].u_mac|s2_init[1]   ;
;                                                                                 ; due to stuck port data_in ;                                                                                 ;
; CNN_Top:u_cnn|CNN_Conv_Layer:u_conv|CNN_MAC_Unit:g_filter[5].u_mac|s1_init[2]   ; Stuck at GND              ; CNN_Top:u_cnn|CNN_Conv_Layer:u_conv|CNN_MAC_Unit:g_filter[5].u_mac|s2_init[2]   ;
;                                                                                 ; due to stuck port data_in ;                                                                                 ;
; CNN_Top:u_cnn|CNN_Conv_Layer:u_conv|CNN_MAC_Unit:g_filter[5].u_mac|s1_init[3]   ; Stuck at GND              ; CNN_Top:u_cnn|CNN_Conv_Layer:u_conv|CNN_MAC_Unit:g_filter[5].u_mac|s2_init[3]   ;
;                                                                                 ; due to stuck port data_in ;                                                                                 ;
; CNN_Top:u_cnn|CNN_Conv_Layer:u_conv|CNN_MAC_Unit:g_filter[5].u_mac|s1_init[4]   ; Stuck at GND              ; CNN_Top:u_cnn|CNN_Conv_Layer:u_conv|CNN_MAC_Unit:g_filter[5].u_mac|s2_init[4]   ;
;                                                                                 ; due to stuck port data_in ;                                                                                 ;
; CNN_Top:u_cnn|CNN_Conv_Layer:u_conv|CNN_MAC_Unit:g_filter[5].u_mac|s1_init[5]   ; Stuck at GND              ; CNN_Top:u_cnn|CNN_Conv_Layer:u_conv|CNN_MAC_Unit:g_filter[5].u_mac|s2_init[5]   ;
;                                                                                 ; due to stuck port data_in ;                                                                                 ;
; CNN_Top:u_cnn|CNN_Conv_Layer:u_conv|CNN_MAC_Unit:g_filter[5].u_mac|s1_init[6]   ; Stuck at GND              ; CNN_Top:u_cnn|CNN_Conv_Layer:u_conv|CNN_MAC_Unit:g_filter[5].u_mac|s2_init[6]   ;
;                                                                                 ; due to stuck port data_in ;                                                                                 ;
; CNN_Top:u_cnn|CNN_Conv_Layer:u_conv|CNN_MAC_Unit:g_filter[5].u_mac|s1_init[7]   ; Stuck at GND              ; CNN_Top:u_cnn|CNN_Conv_Layer:u_conv|CNN_MAC_Unit:g_filter[5].u_mac|s2_init[7]   ;
;                                                                                 ; due to stuck port data_in ;                                                                                 ;
; CNN_Top:u_cnn|CNN_Conv_Layer:u_conv|CNN_MAC_Unit:g_filter[5].u_mac|s1_init[8]   ; Stuck at GND              ; CNN_Top:u_cnn|CNN_Conv_Layer:u_conv|CNN_MAC_Unit:g_filter[5].u_mac|s2_init[8]   ;
;                                                                                 ; due to stuck port data_in ;                                                                                 ;
; CNN_Top:u_cnn|CNN_Conv_Layer:u_conv|CNN_MAC_Unit:g_filter[5].u_mac|s1_init[9]   ; Stuck at GND              ; CNN_Top:u_cnn|CNN_Conv_Layer:u_conv|CNN_MAC_Unit:g_filter[5].u_mac|s2_init[9]   ;
;                                                                                 ; due to stuck port data_in ;                                                                                 ;
; CNN_Top:u_cnn|CNN_Conv_Layer:u_conv|CNN_MAC_Unit:g_filter[5].u_mac|s1_init[10]  ; Stuck at GND              ; CNN_Top:u_cnn|CNN_Conv_Layer:u_conv|CNN_MAC_Unit:g_filter[5].u_mac|s2_init[10]  ;
;                                                                                 ; due to stuck port data_in ;                                                                                 ;
; CNN_Top:u_cnn|CNN_Conv_Layer:u_conv|CNN_MAC_Unit:g_filter[5].u_mac|s1_init[11]  ; Stuck at GND              ; CNN_Top:u_cnn|CNN_Conv_Layer:u_conv|CNN_MAC_Unit:g_filter[5].u_mac|s2_init[11]  ;
;                                                                                 ; due to stuck port data_in ;                                                                                 ;
; CNN_Top:u_cnn|CNN_Conv_Layer:u_conv|CNN_MAC_Unit:g_filter[5].u_mac|s1_init[12]  ; Stuck at GND              ; CNN_Top:u_cnn|CNN_Conv_Layer:u_conv|CNN_MAC_Unit:g_filter[5].u_mac|s2_init[12]  ;
;                                                                                 ; due to stuck port data_in ;                                                                                 ;
; CNN_Top:u_cnn|CNN_Conv_Layer:u_conv|CNN_MAC_Unit:g_filter[5].u_mac|s1_init[13]  ; Stuck at GND              ; CNN_Top:u_cnn|CNN_Conv_Layer:u_conv|CNN_MAC_Unit:g_filter[5].u_mac|s2_init[13]  ;
;                                                                                 ; due to stuck port data_in ;                                                                                 ;
; CNN_Top:u_cnn|CNN_Conv_Layer:u_conv|CNN_MAC_Unit:g_filter[5].u_mac|s1_init[14]  ; Stuck at GND              ; CNN_Top:u_cnn|CNN_Conv_Layer:u_conv|CNN_MAC_Unit:g_filter[5].u_mac|s2_init[14]  ;
;                                                                                 ; due to stuck port data_in ;                                                                                 ;
; CNN_Top:u_cnn|CNN_Conv_Layer:u_conv|CNN_MAC_Unit:g_filter[5].u_mac|s1_init[15]  ; Stuck at GND              ; CNN_Top:u_cnn|CNN_Conv_Layer:u_conv|CNN_MAC_Unit:g_filter[5].u_mac|s2_init[15]  ;
;                                                                                 ; due to stuck port data_in ;                                                                                 ;
; CNN_Top:u_cnn|CNN_Conv_Layer:u_conv|CNN_MAC_Unit:g_filter[5].u_mac|s1_init[16]  ; Stuck at GND              ; CNN_Top:u_cnn|CNN_Conv_Layer:u_conv|CNN_MAC_Unit:g_filter[5].u_mac|s2_init[16]  ;
;                                                                                 ; due to stuck port data_in ;                                                                                 ;
; CNN_Top:u_cnn|CNN_Conv_Layer:u_conv|CNN_MAC_Unit:g_filter[5].u_mac|s1_init[17]  ; Stuck at GND              ; CNN_Top:u_cnn|CNN_Conv_Layer:u_conv|CNN_MAC_Unit:g_filter[5].u_mac|s2_init[17]  ;
;                                                                                 ; due to stuck port data_in ;                                                                                 ;
; CNN_Top:u_cnn|CNN_Conv_Layer:u_conv|CNN_MAC_Unit:g_filter[5].u_mac|s1_init[18]  ; Stuck at GND              ; CNN_Top:u_cnn|CNN_Conv_Layer:u_conv|CNN_MAC_Unit:g_filter[5].u_mac|s2_init[18]  ;
;                                                                                 ; due to stuck port data_in ;                                                                                 ;
; CNN_Top:u_cnn|CNN_Conv_Layer:u_conv|CNN_MAC_Unit:g_filter[5].u_mac|s1_init[20]  ; Stuck at GND              ; CNN_Top:u_cnn|CNN_Conv_Layer:u_conv|CNN_MAC_Unit:g_filter[5].u_mac|s2_init[20]  ;
;                                                                                 ; due to stuck port data_in ;                                                                                 ;
; CNN_Top:u_cnn|CNN_Conv_Layer:u_conv|CNN_MAC_Unit:g_filter[5].u_mac|s1_init[21]  ; Stuck at GND              ; CNN_Top:u_cnn|CNN_Conv_Layer:u_conv|CNN_MAC_Unit:g_filter[5].u_mac|s2_init[21]  ;
;                                                                                 ; due to stuck port data_in ;                                                                                 ;
; CNN_Top:u_cnn|CNN_Conv_Layer:u_conv|CNN_MAC_Unit:g_filter[5].u_mac|s1_init[22]  ; Stuck at GND              ; CNN_Top:u_cnn|CNN_Conv_Layer:u_conv|CNN_MAC_Unit:g_filter[5].u_mac|s2_init[22]  ;
;                                                                                 ; due to stuck port data_in ;                                                                                 ;
; CNN_Top:u_cnn|CNN_Conv_Layer:u_conv|CNN_MAC_Unit:g_filter[5].u_mac|s1_init[23]  ; Stuck at GND              ; CNN_Top:u_cnn|CNN_Conv_Layer:u_conv|CNN_MAC_Unit:g_filter[5].u_mac|s2_init[23]  ;
;                                                                                 ; due to stuck port data_in ;                                                                                 ;
; CNN_Top:u_cnn|CNN_Conv_Layer:u_conv|CNN_MAC_Unit:g_filter[5].u_mac|s1_init[26]  ; Stuck at GND              ; CNN_Top:u_cnn|CNN_Conv_Layer:u_conv|CNN_MAC_Unit:g_filter[5].u_mac|s2_init[26]  ;
;                                                                                 ; due to stuck port data_in ;                                                                                 ;
; CNN_Top:u_cnn|CNN_Conv_Layer:u_conv|CNN_MAC_Unit:g_filter[4].u_mac|s1_init[0]   ; Stuck at GND              ; CNN_Top:u_cnn|CNN_Conv_Layer:u_conv|CNN_MAC_Unit:g_filter[4].u_mac|s2_init[0]   ;
;                                                                                 ; due to stuck port data_in ;                                                                                 ;
; CNN_Top:u_cnn|CNN_Conv_Layer:u_conv|CNN_MAC_Unit:g_filter[4].u_mac|s1_init[1]   ; Stuck at GND              ; CNN_Top:u_cnn|CNN_Conv_Layer:u_conv|CNN_MAC_Unit:g_filter[4].u_mac|s2_init[1]   ;
;                                                                                 ; due to stuck port data_in ;                                                                                 ;
; CNN_Top:u_cnn|CNN_Conv_Layer:u_conv|CNN_MAC_Unit:g_filter[4].u_mac|s1_init[2]   ; Stuck at GND              ; CNN_Top:u_cnn|CNN_Conv_Layer:u_conv|CNN_MAC_Unit:g_filter[4].u_mac|s2_init[2]   ;
;                                                                                 ; due to stuck port data_in ;                                                                                 ;
; CNN_Top:u_cnn|CNN_Conv_Layer:u_conv|CNN_MAC_Unit:g_filter[4].u_mac|s1_init[3]   ; Stuck at GND              ; CNN_Top:u_cnn|CNN_Conv_Layer:u_conv|CNN_MAC_Unit:g_filter[4].u_mac|s2_init[3]   ;
;                                                                                 ; due to stuck port data_in ;                                                                                 ;
; CNN_Top:u_cnn|CNN_Conv_Layer:u_conv|CNN_MAC_Unit:g_filter[4].u_mac|s1_init[4]   ; Stuck at GND              ; CNN_Top:u_cnn|CNN_Conv_Layer:u_conv|CNN_MAC_Unit:g_filter[4].u_mac|s2_init[4]   ;
;                                                                                 ; due to stuck port data_in ;                                                                                 ;
; CNN_Top:u_cnn|CNN_Conv_Layer:u_conv|CNN_MAC_Unit:g_filter[4].u_mac|s1_init[5]   ; Stuck at GND              ; CNN_Top:u_cnn|CNN_Conv_Layer:u_conv|CNN_MAC_Unit:g_filter[4].u_mac|s2_init[5]   ;
;                                                                                 ; due to stuck port data_in ;                                                                                 ;
; CNN_Top:u_cnn|CNN_Conv_Layer:u_conv|CNN_MAC_Unit:g_filter[4].u_mac|s1_init[6]   ; Stuck at GND              ; CNN_Top:u_cnn|CNN_Conv_Layer:u_conv|CNN_MAC_Unit:g_filter[4].u_mac|s2_init[6]   ;
;                                                                                 ; due to stuck port data_in ;                                                                                 ;
; CNN_Top:u_cnn|CNN_Conv_Layer:u_conv|CNN_MAC_Unit:g_filter[4].u_mac|s1_init[7]   ; Stuck at GND              ; CNN_Top:u_cnn|CNN_Conv_Layer:u_conv|CNN_MAC_Unit:g_filter[4].u_mac|s2_init[7]   ;
;                                                                                 ; due to stuck port data_in ;                                                                                 ;
; CNN_Top:u_cnn|CNN_Conv_Layer:u_conv|CNN_MAC_Unit:g_filter[4].u_mac|s1_init[8]   ; Stuck at GND              ; CNN_Top:u_cnn|CNN_Conv_Layer:u_conv|CNN_MAC_Unit:g_filter[4].u_mac|s2_init[8]   ;
;                                                                                 ; due to stuck port data_in ;                                                                                 ;
; CNN_Top:u_cnn|CNN_Conv_Layer:u_conv|CNN_MAC_Unit:g_filter[4].u_mac|s1_init[9]   ; Stuck at GND              ; CNN_Top:u_cnn|CNN_Conv_Layer:u_conv|CNN_MAC_Unit:g_filter[4].u_mac|s2_init[9]   ;
;                                                                                 ; due to stuck port data_in ;                                                                                 ;
; CNN_Top:u_cnn|CNN_Conv_Layer:u_conv|CNN_MAC_Unit:g_filter[4].u_mac|s1_init[10]  ; Stuck at GND              ; CNN_Top:u_cnn|CNN_Conv_Layer:u_conv|CNN_MAC_Unit:g_filter[4].u_mac|s2_init[10]  ;
;                                                                                 ; due to stuck port data_in ;                                                                                 ;
; CNN_Top:u_cnn|CNN_Conv_Layer:u_conv|CNN_MAC_Unit:g_filter[4].u_mac|s1_init[11]  ; Stuck at GND              ; CNN_Top:u_cnn|CNN_Conv_Layer:u_conv|CNN_MAC_Unit:g_filter[4].u_mac|s2_init[11]  ;
;                                                                                 ; due to stuck port data_in ;                                                                                 ;
; CNN_Top:u_cnn|CNN_Conv_Layer:u_conv|CNN_MAC_Unit:g_filter[4].u_mac|s1_init[12]  ; Stuck at GND              ; CNN_Top:u_cnn|CNN_Conv_Layer:u_conv|CNN_MAC_Unit:g_filter[4].u_mac|s2_init[12]  ;
;                                                                                 ; due to stuck port data_in ;                                                                                 ;
; CNN_Top:u_cnn|CNN_Conv_Layer:u_conv|CNN_MAC_Unit:g_filter[4].u_mac|s1_init[13]  ; Stuck at GND              ; CNN_Top:u_cnn|CNN_Conv_Layer:u_conv|CNN_MAC_Unit:g_filter[4].u_mac|s2_init[13]  ;
;                                                                                 ; due to stuck port data_in ;                                                                                 ;
; CNN_Top:u_cnn|CNN_Conv_Layer:u_conv|CNN_MAC_Unit:g_filter[4].u_mac|s1_init[14]  ; Stuck at GND              ; CNN_Top:u_cnn|CNN_Conv_Layer:u_conv|CNN_MAC_Unit:g_filter[4].u_mac|s2_init[14]  ;
;                                                                                 ; due to stuck port data_in ;                                                                                 ;
; CNN_Top:u_cnn|CNN_Conv_Layer:u_conv|CNN_MAC_Unit:g_filter[4].u_mac|s1_init[15]  ; Stuck at GND              ; CNN_Top:u_cnn|CNN_Conv_Layer:u_conv|CNN_MAC_Unit:g_filter[4].u_mac|s2_init[15]  ;
;                                                                                 ; due to stuck port data_in ;                                                                                 ;
; CNN_Top:u_cnn|CNN_Conv_Layer:u_conv|CNN_MAC_Unit:g_filter[4].u_mac|s1_init[16]  ; Stuck at GND              ; CNN_Top:u_cnn|CNN_Conv_Layer:u_conv|CNN_MAC_Unit:g_filter[4].u_mac|s2_init[16]  ;
;                                                                                 ; due to stuck port data_in ;                                                                                 ;
; CNN_Top:u_cnn|CNN_Conv_Layer:u_conv|CNN_MAC_Unit:g_filter[4].u_mac|s1_init[17]  ; Stuck at GND              ; CNN_Top:u_cnn|CNN_Conv_Layer:u_conv|CNN_MAC_Unit:g_filter[4].u_mac|s2_init[17]  ;
;                                                                                 ; due to stuck port data_in ;                                                                                 ;
; CNN_Top:u_cnn|CNN_Conv_Layer:u_conv|CNN_MAC_Unit:g_filter[4].u_mac|s1_init[18]  ; Stuck at GND              ; CNN_Top:u_cnn|CNN_Conv_Layer:u_conv|CNN_MAC_Unit:g_filter[4].u_mac|s2_init[18]  ;
;                                                                                 ; due to stuck port data_in ;                                                                                 ;
; CNN_Top:u_cnn|CNN_Conv_Layer:u_conv|CNN_MAC_Unit:g_filter[4].u_mac|s1_init[30]  ; Stuck at GND              ; CNN_Top:u_cnn|CNN_Conv_Layer:u_conv|CNN_MAC_Unit:g_filter[4].u_mac|s2_init[30]  ;
;                                                                                 ; due to stuck port data_in ;                                                                                 ;
; CNN_Top:u_cnn|CNN_Conv_Layer:u_conv|CNN_MAC_Unit:g_filter[4].u_mac|s1_init[31]  ; Stuck at GND              ; CNN_Top:u_cnn|CNN_Conv_Layer:u_conv|CNN_MAC_Unit:g_filter[4].u_mac|s2_init[31]  ;
;                                                                                 ; due to stuck port data_in ;                                                                                 ;
; CNN_Top:u_cnn|CNN_Conv_Layer:u_conv|CNN_MAC_Unit:g_filter[4].u_mac|s1_init[32]  ; Stuck at GND              ; CNN_Top:u_cnn|CNN_Conv_Layer:u_conv|CNN_MAC_Unit:g_filter[4].u_mac|s2_init[32]  ;
;                                                                                 ; due to stuck port data_in ;                                                                                 ;
; CNN_Top:u_cnn|CNN_Conv_Layer:u_conv|CNN_MAC_Unit:g_filter[4].u_mac|s1_init[33]  ; Stuck at GND              ; CNN_Top:u_cnn|CNN_Conv_Layer:u_conv|CNN_MAC_Unit:g_filter[4].u_mac|s2_init[33]  ;
;                                                                                 ; due to stuck port data_in ;                                                                                 ;
; CNN_Top:u_cnn|CNN_Conv_Layer:u_conv|CNN_MAC_Unit:g_filter[4].u_mac|s1_init[34]  ; Stuck at GND              ; CNN_Top:u_cnn|CNN_Conv_Layer:u_conv|CNN_MAC_Unit:g_filter[4].u_mac|s2_init[34]  ;
;                                                                                 ; due to stuck port data_in ;                                                                                 ;
; CNN_Top:u_cnn|CNN_Conv_Layer:u_conv|CNN_MAC_Unit:g_filter[4].u_mac|s1_init[35]  ; Stuck at GND              ; CNN_Top:u_cnn|CNN_Conv_Layer:u_conv|CNN_MAC_Unit:g_filter[4].u_mac|s2_init[35]  ;
;                                                                                 ; due to stuck port data_in ;                                                                                 ;
; CNN_Top:u_cnn|CNN_Conv_Layer:u_conv|CNN_MAC_Unit:g_filter[4].u_mac|s1_init[36]  ; Stuck at GND              ; CNN_Top:u_cnn|CNN_Conv_Layer:u_conv|CNN_MAC_Unit:g_filter[4].u_mac|s2_init[36]  ;
;                                                                                 ; due to stuck port data_in ;                                                                                 ;
; CNN_Top:u_cnn|CNN_Conv_Layer:u_conv|CNN_MAC_Unit:g_filter[4].u_mac|s1_init[37]  ; Stuck at GND              ; CNN_Top:u_cnn|CNN_Conv_Layer:u_conv|CNN_MAC_Unit:g_filter[4].u_mac|s2_init[37]  ;
;                                                                                 ; due to stuck port data_in ;                                                                                 ;
; CNN_Top:u_cnn|CNN_Conv_Layer:u_conv|CNN_MAC_Unit:g_filter[4].u_mac|s1_init[38]  ; Stuck at GND              ; CNN_Top:u_cnn|CNN_Conv_Layer:u_conv|CNN_MAC_Unit:g_filter[4].u_mac|s2_init[38]  ;
;                                                                                 ; due to stuck port data_in ;                                                                                 ;
; CNN_Top:u_cnn|CNN_Conv_Layer:u_conv|CNN_MAC_Unit:g_filter[4].u_mac|s1_init[39]  ; Stuck at GND              ; CNN_Top:u_cnn|CNN_Conv_Layer:u_conv|CNN_MAC_Unit:g_filter[4].u_mac|s2_init[39]  ;
;                                                                                 ; due to stuck port data_in ;                                                                                 ;
; CNN_Top:u_cnn|CNN_Conv_Layer:u_conv|CNN_MAC_Unit:g_filter[3].u_mac|s1_init[0]   ; Stuck at GND              ; CNN_Top:u_cnn|CNN_Conv_Layer:u_conv|CNN_MAC_Unit:g_filter[3].u_mac|s2_init[0]   ;
;                                                                                 ; due to stuck port data_in ;                                                                                 ;
; CNN_Top:u_cnn|CNN_Conv_Layer:u_conv|CNN_MAC_Unit:g_filter[3].u_mac|s1_init[1]   ; Stuck at GND              ; CNN_Top:u_cnn|CNN_Conv_Layer:u_conv|CNN_MAC_Unit:g_filter[3].u_mac|s2_init[1]   ;
;                                                                                 ; due to stuck port data_in ;                                                                                 ;
; CNN_Top:u_cnn|CNN_Conv_Layer:u_conv|CNN_MAC_Unit:g_filter[3].u_mac|s1_init[2]   ; Stuck at GND              ; CNN_Top:u_cnn|CNN_Conv_Layer:u_conv|CNN_MAC_Unit:g_filter[3].u_mac|s2_init[2]   ;
;                                                                                 ; due to stuck port data_in ;                                                                                 ;
; CNN_Top:u_cnn|CNN_Conv_Layer:u_conv|CNN_MAC_Unit:g_filter[3].u_mac|s1_init[3]   ; Stuck at GND              ; CNN_Top:u_cnn|CNN_Conv_Layer:u_conv|CNN_MAC_Unit:g_filter[3].u_mac|s2_init[3]   ;
;                                                                                 ; due to stuck port data_in ;                                                                                 ;
; CNN_Top:u_cnn|CNN_Conv_Layer:u_conv|CNN_MAC_Unit:g_filter[3].u_mac|s1_init[4]   ; Stuck at GND              ; CNN_Top:u_cnn|CNN_Conv_Layer:u_conv|CNN_MAC_Unit:g_filter[3].u_mac|s2_init[4]   ;
;                                                                                 ; due to stuck port data_in ;                                                                                 ;
; CNN_Top:u_cnn|CNN_Conv_Layer:u_conv|CNN_MAC_Unit:g_filter[3].u_mac|s1_init[5]   ; Stuck at GND              ; CNN_Top:u_cnn|CNN_Conv_Layer:u_conv|CNN_MAC_Unit:g_filter[3].u_mac|s2_init[5]   ;
;                                                                                 ; due to stuck port data_in ;                                                                                 ;
; CNN_Top:u_cnn|CNN_Conv_Layer:u_conv|CNN_MAC_Unit:g_filter[3].u_mac|s1_init[6]   ; Stuck at GND              ; CNN_Top:u_cnn|CNN_Conv_Layer:u_conv|CNN_MAC_Unit:g_filter[3].u_mac|s2_init[6]   ;
;                                                                                 ; due to stuck port data_in ;                                                                                 ;
; CNN_Top:u_cnn|CNN_Conv_Layer:u_conv|CNN_MAC_Unit:g_filter[3].u_mac|s1_init[7]   ; Stuck at GND              ; CNN_Top:u_cnn|CNN_Conv_Layer:u_conv|CNN_MAC_Unit:g_filter[3].u_mac|s2_init[7]   ;
;                                                                                 ; due to stuck port data_in ;                                                                                 ;
; CNN_Top:u_cnn|CNN_Conv_Layer:u_conv|CNN_MAC_Unit:g_filter[3].u_mac|s1_init[8]   ; Stuck at GND              ; CNN_Top:u_cnn|CNN_Conv_Layer:u_conv|CNN_MAC_Unit:g_filter[3].u_mac|s2_init[8]   ;
;                                                                                 ; due to stuck port data_in ;                                                                                 ;
; CNN_Top:u_cnn|CNN_Conv_Layer:u_conv|CNN_MAC_Unit:g_filter[3].u_mac|s1_init[9]   ; Stuck at GND              ; CNN_Top:u_cnn|CNN_Conv_Layer:u_conv|CNN_MAC_Unit:g_filter[3].u_mac|s2_init[9]   ;
;                                                                                 ; due to stuck port data_in ;                                                                                 ;
; CNN_Top:u_cnn|CNN_Conv_Layer:u_conv|CNN_MAC_Unit:g_filter[3].u_mac|s1_init[10]  ; Stuck at GND              ; CNN_Top:u_cnn|CNN_Conv_Layer:u_conv|CNN_MAC_Unit:g_filter[3].u_mac|s2_init[10]  ;
;                                                                                 ; due to stuck port data_in ;                                                                                 ;
; CNN_Top:u_cnn|CNN_Conv_Layer:u_conv|CNN_MAC_Unit:g_filter[3].u_mac|s1_init[11]  ; Stuck at GND              ; CNN_Top:u_cnn|CNN_Conv_Layer:u_conv|CNN_MAC_Unit:g_filter[3].u_mac|s2_init[11]  ;
;                                                                                 ; due to stuck port data_in ;                                                                                 ;
; CNN_Top:u_cnn|CNN_Conv_Layer:u_conv|CNN_MAC_Unit:g_filter[3].u_mac|s1_init[12]  ; Stuck at GND              ; CNN_Top:u_cnn|CNN_Conv_Layer:u_conv|CNN_MAC_Unit:g_filter[3].u_mac|s2_init[12]  ;
;                                                                                 ; due to stuck port data_in ;                                                                                 ;
; CNN_Top:u_cnn|CNN_Conv_Layer:u_conv|CNN_MAC_Unit:g_filter[3].u_mac|s1_init[13]  ; Stuck at GND              ; CNN_Top:u_cnn|CNN_Conv_Layer:u_conv|CNN_MAC_Unit:g_filter[3].u_mac|s2_init[13]  ;
;                                                                                 ; due to stuck port data_in ;                                                                                 ;
; CNN_Top:u_cnn|CNN_Conv_Layer:u_conv|CNN_MAC_Unit:g_filter[3].u_mac|s1_init[14]  ; Stuck at GND              ; CNN_Top:u_cnn|CNN_Conv_Layer:u_conv|CNN_MAC_Unit:g_filter[3].u_mac|s2_init[14]  ;
;                                                                                 ; due to stuck port data_in ;                                                                                 ;
; CNN_Top:u_cnn|CNN_Conv_Layer:u_conv|CNN_MAC_Unit:g_filter[3].u_mac|s1_init[15]  ; Stuck at GND              ; CNN_Top:u_cnn|CNN_Conv_Layer:u_conv|CNN_MAC_Unit:g_filter[3].u_mac|s2_init[15]  ;
;                                                                                 ; due to stuck port data_in ;                                                                                 ;
; CNN_Top:u_cnn|CNN_Conv_Layer:u_conv|CNN_MAC_Unit:g_filter[3].u_mac|s1_init[16]  ; Stuck at GND              ; CNN_Top:u_cnn|CNN_Conv_Layer:u_conv|CNN_MAC_Unit:g_filter[3].u_mac|s2_init[16]  ;
;                                                                                 ; due to stuck port data_in ;                                                                                 ;
; CNN_Top:u_cnn|CNN_Conv_Layer:u_conv|CNN_MAC_Unit:g_filter[3].u_mac|s1_init[17]  ; Stuck at GND              ; CNN_Top:u_cnn|CNN_Conv_Layer:u_conv|CNN_MAC_Unit:g_filter[3].u_mac|s2_init[17]  ;
;                                                                                 ; due to stuck port data_in ;                                                                                 ;
; CNN_Top:u_cnn|CNN_Conv_Layer:u_conv|CNN_MAC_Unit:g_filter[3].u_mac|s1_init[18]  ; Stuck at GND              ; CNN_Top:u_cnn|CNN_Conv_Layer:u_conv|CNN_MAC_Unit:g_filter[3].u_mac|s2_init[18]  ;
;                                                                                 ; due to stuck port data_in ;                                                                                 ;
; CNN_Top:u_cnn|CNN_Conv_Layer:u_conv|CNN_MAC_Unit:g_filter[3].u_mac|s1_init[19]  ; Stuck at GND              ; CNN_Top:u_cnn|CNN_Conv_Layer:u_conv|CNN_MAC_Unit:g_filter[3].u_mac|s2_init[19]  ;
;                                                                                 ; due to stuck port data_in ;                                                                                 ;
; CNN_Top:u_cnn|CNN_Conv_Layer:u_conv|CNN_MAC_Unit:g_filter[3].u_mac|s1_init[25]  ; Stuck at GND              ; CNN_Top:u_cnn|CNN_Conv_Layer:u_conv|CNN_MAC_Unit:g_filter[3].u_mac|s2_init[25]  ;
;                                                                                 ; due to stuck port data_in ;                                                                                 ;
; CNN_Top:u_cnn|CNN_Conv_Layer:u_conv|CNN_MAC_Unit:g_filter[3].u_mac|s1_init[27]  ; Stuck at GND              ; CNN_Top:u_cnn|CNN_Conv_Layer:u_conv|CNN_MAC_Unit:g_filter[3].u_mac|s2_init[27]  ;
;                                                                                 ; due to stuck port data_in ;                                                                                 ;
; CNN_Top:u_cnn|CNN_Conv_Layer:u_conv|CNN_MAC_Unit:g_filter[3].u_mac|s1_init[28]  ; Stuck at GND              ; CNN_Top:u_cnn|CNN_Conv_Layer:u_conv|CNN_MAC_Unit:g_filter[3].u_mac|s2_init[28]  ;
;                                                                                 ; due to stuck port data_in ;                                                                                 ;
; CNN_Top:u_cnn|CNN_Conv_Layer:u_conv|CNN_MAC_Unit:g_filter[3].u_mac|s1_init[29]  ; Stuck at GND              ; CNN_Top:u_cnn|CNN_Conv_Layer:u_conv|CNN_MAC_Unit:g_filter[3].u_mac|s2_init[29]  ;
;                                                                                 ; due to stuck port data_in ;                                                                                 ;
; CNN_Top:u_cnn|CNN_Conv_Layer:u_conv|CNN_MAC_Unit:g_filter[3].u_mac|s1_init[30]  ; Stuck at GND              ; CNN_Top:u_cnn|CNN_Conv_Layer:u_conv|CNN_MAC_Unit:g_filter[3].u_mac|s2_init[30]  ;
;                                                                                 ; due to stuck port data_in ;                                                                                 ;
; CNN_Top:u_cnn|CNN_Conv_Layer:u_conv|CNN_MAC_Unit:g_filter[3].u_mac|s1_init[31]  ; Stuck at GND              ; CNN_Top:u_cnn|CNN_Conv_Layer:u_conv|CNN_MAC_Unit:g_filter[3].u_mac|s2_init[31]  ;
;                                                                                 ; due to stuck port data_in ;                                                                                 ;
; CNN_Top:u_cnn|CNN_Conv_Layer:u_conv|CNN_MAC_Unit:g_filter[3].u_mac|s1_init[32]  ; Stuck at GND              ; CNN_Top:u_cnn|CNN_Conv_Layer:u_conv|CNN_MAC_Unit:g_filter[3].u_mac|s2_init[32]  ;
;                                                                                 ; due to stuck port data_in ;                                                                                 ;
; CNN_Top:u_cnn|CNN_Conv_Layer:u_conv|CNN_MAC_Unit:g_filter[3].u_mac|s1_init[33]  ; Stuck at GND              ; CNN_Top:u_cnn|CNN_Conv_Layer:u_conv|CNN_MAC_Unit:g_filter[3].u_mac|s2_init[33]  ;
;                                                                                 ; due to stuck port data_in ;                                                                                 ;
; CNN_Top:u_cnn|CNN_Conv_Layer:u_conv|CNN_MAC_Unit:g_filter[3].u_mac|s1_init[34]  ; Stuck at GND              ; CNN_Top:u_cnn|CNN_Conv_Layer:u_conv|CNN_MAC_Unit:g_filter[3].u_mac|s2_init[34]  ;
;                                                                                 ; due to stuck port data_in ;                                                                                 ;
; CNN_Top:u_cnn|CNN_Conv_Layer:u_conv|CNN_MAC_Unit:g_filter[3].u_mac|s1_init[35]  ; Stuck at GND              ; CNN_Top:u_cnn|CNN_Conv_Layer:u_conv|CNN_MAC_Unit:g_filter[3].u_mac|s2_init[35]  ;
;                                                                                 ; due to stuck port data_in ;                                                                                 ;
; CNN_Top:u_cnn|CNN_Conv_Layer:u_conv|CNN_MAC_Unit:g_filter[3].u_mac|s1_init[36]  ; Stuck at GND              ; CNN_Top:u_cnn|CNN_Conv_Layer:u_conv|CNN_MAC_Unit:g_filter[3].u_mac|s2_init[36]  ;
;                                                                                 ; due to stuck port data_in ;                                                                                 ;
; CNN_Top:u_cnn|CNN_Conv_Layer:u_conv|CNN_MAC_Unit:g_filter[3].u_mac|s1_init[37]  ; Stuck at GND              ; CNN_Top:u_cnn|CNN_Conv_Layer:u_conv|CNN_MAC_Unit:g_filter[3].u_mac|s2_init[37]  ;
;                                                                                 ; due to stuck port data_in ;                                                                                 ;
; CNN_Top:u_cnn|CNN_Conv_Layer:u_conv|CNN_MAC_Unit:g_filter[3].u_mac|s1_init[38]  ; Stuck at GND              ; CNN_Top:u_cnn|CNN_Conv_Layer:u_conv|CNN_MAC_Unit:g_filter[3].u_mac|s2_init[38]  ;
;                                                                                 ; due to stuck port data_in ;                                                                                 ;
; CNN_Top:u_cnn|CNN_Conv_Layer:u_conv|CNN_MAC_Unit:g_filter[3].u_mac|s1_init[39]  ; Stuck at GND              ; CNN_Top:u_cnn|CNN_Conv_Layer:u_conv|CNN_MAC_Unit:g_filter[3].u_mac|s2_init[39]  ;
;                                                                                 ; due to stuck port data_in ;                                                                                 ;
; CNN_Top:u_cnn|CNN_Conv_Layer:u_conv|CNN_MAC_Unit:g_filter[2].u_mac|s1_init[0]   ; Stuck at GND              ; CNN_Top:u_cnn|CNN_Conv_Layer:u_conv|CNN_MAC_Unit:g_filter[2].u_mac|s2_init[0]   ;
;                                                                                 ; due to stuck port data_in ;                                                                                 ;
; CNN_Top:u_cnn|CNN_Conv_Layer:u_conv|CNN_MAC_Unit:g_filter[2].u_mac|s1_init[1]   ; Stuck at GND              ; CNN_Top:u_cnn|CNN_Conv_Layer:u_conv|CNN_MAC_Unit:g_filter[2].u_mac|s2_init[1]   ;
;                                                                                 ; due to stuck port data_in ;                                                                                 ;
; CNN_Top:u_cnn|CNN_Conv_Layer:u_conv|CNN_MAC_Unit:g_filter[2].u_mac|s1_init[2]   ; Stuck at GND              ; CNN_Top:u_cnn|CNN_Conv_Layer:u_conv|CNN_MAC_Unit:g_filter[2].u_mac|s2_init[2]   ;
;                                                                                 ; due to stuck port data_in ;                                                                                 ;
; CNN_Top:u_cnn|CNN_Conv_Layer:u_conv|CNN_MAC_Unit:g_filter[2].u_mac|s1_init[3]   ; Stuck at GND              ; CNN_Top:u_cnn|CNN_Conv_Layer:u_conv|CNN_MAC_Unit:g_filter[2].u_mac|s2_init[3]   ;
;                                                                                 ; due to stuck port data_in ;                                                                                 ;
; CNN_Top:u_cnn|CNN_Conv_Layer:u_conv|CNN_MAC_Unit:g_filter[2].u_mac|s1_init[4]   ; Stuck at GND              ; CNN_Top:u_cnn|CNN_Conv_Layer:u_conv|CNN_MAC_Unit:g_filter[2].u_mac|s2_init[4]   ;
;                                                                                 ; due to stuck port data_in ;                                                                                 ;
; CNN_Top:u_cnn|CNN_Conv_Layer:u_conv|CNN_MAC_Unit:g_filter[2].u_mac|s1_init[5]   ; Stuck at GND              ; CNN_Top:u_cnn|CNN_Conv_Layer:u_conv|CNN_MAC_Unit:g_filter[2].u_mac|s2_init[5]   ;
;                                                                                 ; due to stuck port data_in ;                                                                                 ;
; CNN_Top:u_cnn|CNN_Conv_Layer:u_conv|CNN_MAC_Unit:g_filter[2].u_mac|s1_init[6]   ; Stuck at GND              ; CNN_Top:u_cnn|CNN_Conv_Layer:u_conv|CNN_MAC_Unit:g_filter[2].u_mac|s2_init[6]   ;
;                                                                                 ; due to stuck port data_in ;                                                                                 ;
; CNN_Top:u_cnn|CNN_Conv_Layer:u_conv|CNN_MAC_Unit:g_filter[2].u_mac|s1_init[7]   ; Stuck at GND              ; CNN_Top:u_cnn|CNN_Conv_Layer:u_conv|CNN_MAC_Unit:g_filter[2].u_mac|s2_init[7]   ;
;                                                                                 ; due to stuck port data_in ;                                                                                 ;
; CNN_Top:u_cnn|CNN_Conv_Layer:u_conv|CNN_MAC_Unit:g_filter[2].u_mac|s1_init[8]   ; Stuck at GND              ; CNN_Top:u_cnn|CNN_Conv_Layer:u_conv|CNN_MAC_Unit:g_filter[2].u_mac|s2_init[8]   ;
;                                                                                 ; due to stuck port data_in ;                                                                                 ;
; CNN_Top:u_cnn|CNN_Conv_Layer:u_conv|CNN_MAC_Unit:g_filter[2].u_mac|s1_init[9]   ; Stuck at GND              ; CNN_Top:u_cnn|CNN_Conv_Layer:u_conv|CNN_MAC_Unit:g_filter[2].u_mac|s2_init[9]   ;
;                                                                                 ; due to stuck port data_in ;                                                                                 ;
; CNN_Top:u_cnn|CNN_Conv_Layer:u_conv|CNN_MAC_Unit:g_filter[2].u_mac|s1_init[10]  ; Stuck at GND              ; CNN_Top:u_cnn|CNN_Conv_Layer:u_conv|CNN_MAC_Unit:g_filter[2].u_mac|s2_init[10]  ;
;                                                                                 ; due to stuck port data_in ;                                                                                 ;
; CNN_Top:u_cnn|CNN_Conv_Layer:u_conv|CNN_MAC_Unit:g_filter[2].u_mac|s1_init[11]  ; Stuck at GND              ; CNN_Top:u_cnn|CNN_Conv_Layer:u_conv|CNN_MAC_Unit:g_filter[2].u_mac|s2_init[11]  ;
;                                                                                 ; due to stuck port data_in ;                                                                                 ;
; CNN_Top:u_cnn|CNN_Conv_Layer:u_conv|CNN_MAC_Unit:g_filter[2].u_mac|s1_init[12]  ; Stuck at GND              ; CNN_Top:u_cnn|CNN_Conv_Layer:u_conv|CNN_MAC_Unit:g_filter[2].u_mac|s2_init[12]  ;
;                                                                                 ; due to stuck port data_in ;                                                                                 ;
; CNN_Top:u_cnn|CNN_Conv_Layer:u_conv|CNN_MAC_Unit:g_filter[2].u_mac|s1_init[13]  ; Stuck at GND              ; CNN_Top:u_cnn|CNN_Conv_Layer:u_conv|CNN_MAC_Unit:g_filter[2].u_mac|s2_init[13]  ;
;                                                                                 ; due to stuck port data_in ;                                                                                 ;
; CNN_Top:u_cnn|CNN_Conv_Layer:u_conv|CNN_MAC_Unit:g_filter[2].u_mac|s1_init[14]  ; Stuck at GND              ; CNN_Top:u_cnn|CNN_Conv_Layer:u_conv|CNN_MAC_Unit:g_filter[2].u_mac|s2_init[14]  ;
;                                                                                 ; due to stuck port data_in ;                                                                                 ;
; CNN_Top:u_cnn|CNN_Conv_Layer:u_conv|CNN_MAC_Unit:g_filter[2].u_mac|s1_init[15]  ; Stuck at GND              ; CNN_Top:u_cnn|CNN_Conv_Layer:u_conv|CNN_MAC_Unit:g_filter[2].u_mac|s2_init[15]  ;
;                                                                                 ; due to stuck port data_in ;                                                                                 ;
; CNN_Top:u_cnn|CNN_Conv_Layer:u_conv|CNN_MAC_Unit:g_filter[2].u_mac|s1_init[16]  ; Stuck at GND              ; CNN_Top:u_cnn|CNN_Conv_Layer:u_conv|CNN_MAC_Unit:g_filter[2].u_mac|s2_init[16]  ;
;                                                                                 ; due to stuck port data_in ;                                                                                 ;
; CNN_Top:u_cnn|CNN_Conv_Layer:u_conv|CNN_MAC_Unit:g_filter[2].u_mac|s1_init[17]  ; Stuck at GND              ; CNN_Top:u_cnn|CNN_Conv_Layer:u_conv|CNN_MAC_Unit:g_filter[2].u_mac|s2_init[17]  ;
;                                                                                 ; due to stuck port data_in ;                                                                                 ;
; CNN_Top:u_cnn|CNN_Conv_Layer:u_conv|CNN_MAC_Unit:g_filter[2].u_mac|s1_init[18]  ; Stuck at GND              ; CNN_Top:u_cnn|CNN_Conv_Layer:u_conv|CNN_MAC_Unit:g_filter[2].u_mac|s2_init[18]  ;
;                                                                                 ; due to stuck port data_in ;                                                                                 ;
; CNN_Top:u_cnn|CNN_Conv_Layer:u_conv|CNN_MAC_Unit:g_filter[2].u_mac|s1_init[19]  ; Stuck at GND              ; CNN_Top:u_cnn|CNN_Conv_Layer:u_conv|CNN_MAC_Unit:g_filter[2].u_mac|s2_init[19]  ;
;                                                                                 ; due to stuck port data_in ;                                                                                 ;
; CNN_Top:u_cnn|CNN_Conv_Layer:u_conv|CNN_MAC_Unit:g_filter[2].u_mac|s1_init[21]  ; Stuck at GND              ; CNN_Top:u_cnn|CNN_Conv_Layer:u_conv|CNN_MAC_Unit:g_filter[2].u_mac|s2_init[21]  ;
;                                                                                 ; due to stuck port data_in ;                                                                                 ;
; CNN_Top:u_cnn|CNN_Conv_Layer:u_conv|CNN_MAC_Unit:g_filter[2].u_mac|s1_init[23]  ; Stuck at GND              ; CNN_Top:u_cnn|CNN_Conv_Layer:u_conv|CNN_MAC_Unit:g_filter[2].u_mac|s2_init[23]  ;
;                                                                                 ; due to stuck port data_in ;                                                                                 ;
; CNN_Top:u_cnn|CNN_Conv_Layer:u_conv|CNN_MAC_Unit:g_filter[2].u_mac|s1_init[25]  ; Stuck at GND              ; CNN_Top:u_cnn|CNN_Conv_Layer:u_conv|CNN_MAC_Unit:g_filter[2].u_mac|s2_init[25]  ;
;                                                                                 ; due to stuck port data_in ;                                                                                 ;
; CNN_Top:u_cnn|CNN_Conv_Layer:u_conv|CNN_MAC_Unit:g_filter[2].u_mac|s1_init[30]  ; Stuck at GND              ; CNN_Top:u_cnn|CNN_Conv_Layer:u_conv|CNN_MAC_Unit:g_filter[2].u_mac|s2_init[30]  ;
;                                                                                 ; due to stuck port data_in ;                                                                                 ;
; CNN_Top:u_cnn|CNN_Conv_Layer:u_conv|CNN_MAC_Unit:g_filter[2].u_mac|s1_init[31]  ; Stuck at GND              ; CNN_Top:u_cnn|CNN_Conv_Layer:u_conv|CNN_MAC_Unit:g_filter[2].u_mac|s2_init[31]  ;
;                                                                                 ; due to stuck port data_in ;                                                                                 ;
; CNN_Top:u_cnn|CNN_Conv_Layer:u_conv|CNN_MAC_Unit:g_filter[2].u_mac|s1_init[32]  ; Stuck at GND              ; CNN_Top:u_cnn|CNN_Conv_Layer:u_conv|CNN_MAC_Unit:g_filter[2].u_mac|s2_init[32]  ;
;                                                                                 ; due to stuck port data_in ;                                                                                 ;
; CNN_Top:u_cnn|CNN_Conv_Layer:u_conv|CNN_MAC_Unit:g_filter[2].u_mac|s1_init[33]  ; Stuck at GND              ; CNN_Top:u_cnn|CNN_Conv_Layer:u_conv|CNN_MAC_Unit:g_filter[2].u_mac|s2_init[33]  ;
;                                                                                 ; due to stuck port data_in ;                                                                                 ;
; CNN_Top:u_cnn|CNN_Conv_Layer:u_conv|CNN_MAC_Unit:g_filter[2].u_mac|s1_init[34]  ; Stuck at GND              ; CNN_Top:u_cnn|CNN_Conv_Layer:u_conv|CNN_MAC_Unit:g_filter[2].u_mac|s2_init[34]  ;
;                                                                                 ; due to stuck port data_in ;                                                                                 ;
; CNN_Top:u_cnn|CNN_Conv_Layer:u_conv|CNN_MAC_Unit:g_filter[2].u_mac|s1_init[35]  ; Stuck at GND              ; CNN_Top:u_cnn|CNN_Conv_Layer:u_conv|CNN_MAC_Unit:g_filter[2].u_mac|s2_init[35]  ;
;                                                                                 ; due to stuck port data_in ;                                                                                 ;
; CNN_Top:u_cnn|CNN_Dense_Classifier:u_dense|CNN_MAC_Unit:u_dense_mac|s1_init[0]  ; Stuck at GND              ; CNN_Top:u_cnn|CNN_Dense_Classifier:u_dense|CNN_MAC_Unit:u_dense_mac|s2_init[0]  ;
;                                                                                 ; due to stuck port data_in ;                                                                                 ;
; CNN_Top:u_cnn|CNN_Conv_Layer:u_conv|CNN_MAC_Unit:g_filter[2].u_mac|s1_init[37]  ; Stuck at GND              ; CNN_Top:u_cnn|CNN_Conv_Layer:u_conv|CNN_MAC_Unit:g_filter[2].u_mac|s2_init[37]  ;
;                                                                                 ; due to stuck port data_in ;                                                                                 ;
; CNN_Top:u_cnn|CNN_Conv_Layer:u_conv|CNN_MAC_Unit:g_filter[2].u_mac|s1_init[38]  ; Stuck at GND              ; CNN_Top:u_cnn|CNN_Conv_Layer:u_conv|CNN_MAC_Unit:g_filter[2].u_mac|s2_init[38]  ;
;                                                                                 ; due to stuck port data_in ;                                                                                 ;
; CNN_Top:u_cnn|CNN_Conv_Layer:u_conv|CNN_MAC_Unit:g_filter[2].u_mac|s1_init[39]  ; Stuck at GND              ; CNN_Top:u_cnn|CNN_Conv_Layer:u_conv|CNN_MAC_Unit:g_filter[2].u_mac|s2_init[39]  ;
;                                                                                 ; due to stuck port data_in ;                                                                                 ;
; CNN_Top:u_cnn|CNN_Conv_Layer:u_conv|CNN_MAC_Unit:g_filter[1].u_mac|s1_init[0]   ; Stuck at GND              ; CNN_Top:u_cnn|CNN_Conv_Layer:u_conv|CNN_MAC_Unit:g_filter[1].u_mac|s2_init[0]   ;
;                                                                                 ; due to stuck port data_in ;                                                                                 ;
; CNN_Top:u_cnn|CNN_Conv_Layer:u_conv|CNN_MAC_Unit:g_filter[1].u_mac|s1_init[1]   ; Stuck at GND              ; CNN_Top:u_cnn|CNN_Conv_Layer:u_conv|CNN_MAC_Unit:g_filter[1].u_mac|s2_init[1]   ;
;                                                                                 ; due to stuck port data_in ;                                                                                 ;
; CNN_Top:u_cnn|CNN_Conv_Layer:u_conv|CNN_MAC_Unit:g_filter[1].u_mac|s1_init[2]   ; Stuck at GND              ; CNN_Top:u_cnn|CNN_Conv_Layer:u_conv|CNN_MAC_Unit:g_filter[1].u_mac|s2_init[2]   ;
;                                                                                 ; due to stuck port data_in ;                                                                                 ;
; CNN_Top:u_cnn|CNN_Conv_Layer:u_conv|CNN_MAC_Unit:g_filter[1].u_mac|s1_init[3]   ; Stuck at GND              ; CNN_Top:u_cnn|CNN_Conv_Layer:u_conv|CNN_MAC_Unit:g_filter[1].u_mac|s2_init[3]   ;
;                                                                                 ; due to stuck port data_in ;                                                                                 ;
; CNN_Top:u_cnn|CNN_Conv_Layer:u_conv|CNN_MAC_Unit:g_filter[1].u_mac|s1_init[4]   ; Stuck at GND              ; CNN_Top:u_cnn|CNN_Conv_Layer:u_conv|CNN_MAC_Unit:g_filter[1].u_mac|s2_init[4]   ;
;                                                                                 ; due to stuck port data_in ;                                                                                 ;
; CNN_Top:u_cnn|CNN_Conv_Layer:u_conv|CNN_MAC_Unit:g_filter[1].u_mac|s1_init[5]   ; Stuck at GND              ; CNN_Top:u_cnn|CNN_Conv_Layer:u_conv|CNN_MAC_Unit:g_filter[1].u_mac|s2_init[5]   ;
;                                                                                 ; due to stuck port data_in ;                                                                                 ;
; CNN_Top:u_cnn|CNN_Conv_Layer:u_conv|CNN_MAC_Unit:g_filter[1].u_mac|s1_init[6]   ; Stuck at GND              ; CNN_Top:u_cnn|CNN_Conv_Layer:u_conv|CNN_MAC_Unit:g_filter[1].u_mac|s2_init[6]   ;
;                                                                                 ; due to stuck port data_in ;                                                                                 ;
; CNN_Top:u_cnn|CNN_Conv_Layer:u_conv|CNN_MAC_Unit:g_filter[1].u_mac|s1_init[7]   ; Stuck at GND              ; CNN_Top:u_cnn|CNN_Conv_Layer:u_conv|CNN_MAC_Unit:g_filter[1].u_mac|s2_init[7]   ;
;                                                                                 ; due to stuck port data_in ;                                                                                 ;
; CNN_Top:u_cnn|CNN_Conv_Layer:u_conv|CNN_MAC_Unit:g_filter[1].u_mac|s1_init[8]   ; Stuck at GND              ; CNN_Top:u_cnn|CNN_Conv_Layer:u_conv|CNN_MAC_Unit:g_filter[1].u_mac|s2_init[8]   ;
;                                                                                 ; due to stuck port data_in ;                                                                                 ;
; CNN_Top:u_cnn|CNN_Conv_Layer:u_conv|CNN_MAC_Unit:g_filter[1].u_mac|s1_init[9]   ; Stuck at GND              ; CNN_Top:u_cnn|CNN_Conv_Layer:u_conv|CNN_MAC_Unit:g_filter[1].u_mac|s2_init[9]   ;
;                                                                                 ; due to stuck port data_in ;                                                                                 ;
; CNN_Top:u_cnn|CNN_Conv_Layer:u_conv|CNN_MAC_Unit:g_filter[1].u_mac|s1_init[10]  ; Stuck at GND              ; CNN_Top:u_cnn|CNN_Conv_Layer:u_conv|CNN_MAC_Unit:g_filter[1].u_mac|s2_init[10]  ;
;                                                                                 ; due to stuck port data_in ;                                                                                 ;
; CNN_Top:u_cnn|CNN_Conv_Layer:u_conv|CNN_MAC_Unit:g_filter[1].u_mac|s1_init[11]  ; Stuck at GND              ; CNN_Top:u_cnn|CNN_Conv_Layer:u_conv|CNN_MAC_Unit:g_filter[1].u_mac|s2_init[11]  ;
;                                                                                 ; due to stuck port data_in ;                                                                                 ;
; CNN_Top:u_cnn|CNN_Conv_Layer:u_conv|CNN_MAC_Unit:g_filter[1].u_mac|s1_init[12]  ; Stuck at GND              ; CNN_Top:u_cnn|CNN_Conv_Layer:u_conv|CNN_MAC_Unit:g_filter[1].u_mac|s2_init[12]  ;
;                                                                                 ; due to stuck port data_in ;                                                                                 ;
; CNN_Top:u_cnn|CNN_Conv_Layer:u_conv|CNN_MAC_Unit:g_filter[1].u_mac|s1_init[13]  ; Stuck at GND              ; CNN_Top:u_cnn|CNN_Conv_Layer:u_conv|CNN_MAC_Unit:g_filter[1].u_mac|s2_init[13]  ;
;                                                                                 ; due to stuck port data_in ;                                                                                 ;
; CNN_Top:u_cnn|CNN_Conv_Layer:u_conv|CNN_MAC_Unit:g_filter[1].u_mac|s1_init[14]  ; Stuck at GND              ; CNN_Top:u_cnn|CNN_Conv_Layer:u_conv|CNN_MAC_Unit:g_filter[1].u_mac|s2_init[14]  ;
;                                                                                 ; due to stuck port data_in ;                                                                                 ;
; CNN_Top:u_cnn|CNN_Conv_Layer:u_conv|CNN_MAC_Unit:g_filter[1].u_mac|s1_init[15]  ; Stuck at GND              ; CNN_Top:u_cnn|CNN_Conv_Layer:u_conv|CNN_MAC_Unit:g_filter[1].u_mac|s2_init[15]  ;
;                                                                                 ; due to stuck port data_in ;                                                                                 ;
; CNN_Top:u_cnn|CNN_Conv_Layer:u_conv|CNN_MAC_Unit:g_filter[1].u_mac|s1_init[17]  ; Stuck at GND              ; CNN_Top:u_cnn|CNN_Conv_Layer:u_conv|CNN_MAC_Unit:g_filter[1].u_mac|s2_init[17]  ;
;                                                                                 ; due to stuck port data_in ;                                                                                 ;
; CNN_Top:u_cnn|CNN_Conv_Layer:u_conv|CNN_MAC_Unit:g_filter[1].u_mac|s1_init[18]  ; Stuck at GND              ; CNN_Top:u_cnn|CNN_Conv_Layer:u_conv|CNN_MAC_Unit:g_filter[1].u_mac|s2_init[18]  ;
;                                                                                 ; due to stuck port data_in ;                                                                                 ;
; CNN_Top:u_cnn|CNN_Conv_Layer:u_conv|CNN_MAC_Unit:g_filter[1].u_mac|s1_init[19]  ; Stuck at GND              ; CNN_Top:u_cnn|CNN_Conv_Layer:u_conv|CNN_MAC_Unit:g_filter[1].u_mac|s2_init[19]  ;
;                                                                                 ; due to stuck port data_in ;                                                                                 ;
; CNN_Top:u_cnn|CNN_Conv_Layer:u_conv|CNN_MAC_Unit:g_filter[1].u_mac|s1_init[20]  ; Stuck at GND              ; CNN_Top:u_cnn|CNN_Conv_Layer:u_conv|CNN_MAC_Unit:g_filter[1].u_mac|s2_init[20]  ;
;                                                                                 ; due to stuck port data_in ;                                                                                 ;
; CNN_Top:u_cnn|CNN_Conv_Layer:u_conv|CNN_MAC_Unit:g_filter[1].u_mac|s1_init[21]  ; Stuck at GND              ; CNN_Top:u_cnn|CNN_Conv_Layer:u_conv|CNN_MAC_Unit:g_filter[1].u_mac|s2_init[21]  ;
;                                                                                 ; due to stuck port data_in ;                                                                                 ;
; CNN_Top:u_cnn|CNN_Conv_Layer:u_conv|CNN_MAC_Unit:g_filter[1].u_mac|s1_init[22]  ; Stuck at GND              ; CNN_Top:u_cnn|CNN_Conv_Layer:u_conv|CNN_MAC_Unit:g_filter[1].u_mac|s2_init[22]  ;
;                                                                                 ; due to stuck port data_in ;                                                                                 ;
; CNN_Top:u_cnn|CNN_Conv_Layer:u_conv|CNN_MAC_Unit:g_filter[1].u_mac|s1_init[23]  ; Stuck at GND              ; CNN_Top:u_cnn|CNN_Conv_Layer:u_conv|CNN_MAC_Unit:g_filter[1].u_mac|s2_init[23]  ;
;                                                                                 ; due to stuck port data_in ;                                                                                 ;
; CNN_Top:u_cnn|CNN_Conv_Layer:u_conv|CNN_MAC_Unit:g_filter[1].u_mac|s1_init[24]  ; Stuck at GND              ; CNN_Top:u_cnn|CNN_Conv_Layer:u_conv|CNN_MAC_Unit:g_filter[1].u_mac|s2_init[24]  ;
;                                                                                 ; due to stuck port data_in ;                                                                                 ;
; CNN_Top:u_cnn|CNN_Conv_Layer:u_conv|CNN_MAC_Unit:g_filter[1].u_mac|s1_init[25]  ; Stuck at GND              ; CNN_Top:u_cnn|CNN_Conv_Layer:u_conv|CNN_MAC_Unit:g_filter[1].u_mac|s2_init[25]  ;
;                                                                                 ; due to stuck port data_in ;                                                                                 ;
; CNN_Top:u_cnn|CNN_Conv_Layer:u_conv|CNN_MAC_Unit:g_filter[2].u_mac|s1_init[36]  ; Stuck at GND              ; CNN_Top:u_cnn|CNN_Conv_Layer:u_conv|CNN_MAC_Unit:g_filter[2].u_mac|s2_init[36]  ;
;                                                                                 ; due to stuck port data_in ;                                                                                 ;
; CNN_Top:u_cnn|CNN_Conv_Layer:u_conv|CNN_MAC_Unit:g_filter[1].u_mac|s1_init[27]  ; Stuck at GND              ; CNN_Top:u_cnn|CNN_Conv_Layer:u_conv|CNN_MAC_Unit:g_filter[1].u_mac|s2_init[27]  ;
;                                                                                 ; due to stuck port data_in ;                                                                                 ;
; CNN_Top:u_cnn|CNN_Conv_Layer:u_conv|CNN_MAC_Unit:g_filter[1].u_mac|s1_init[28]  ; Stuck at GND              ; CNN_Top:u_cnn|CNN_Conv_Layer:u_conv|CNN_MAC_Unit:g_filter[1].u_mac|s2_init[28]  ;
;                                                                                 ; due to stuck port data_in ;                                                                                 ;
; CNN_Top:u_cnn|CNN_Conv_Layer:u_conv|CNN_MAC_Unit:g_filter[1].u_mac|s1_init[29]  ; Stuck at GND              ; CNN_Top:u_cnn|CNN_Conv_Layer:u_conv|CNN_MAC_Unit:g_filter[1].u_mac|s2_init[29]  ;
;                                                                                 ; due to stuck port data_in ;                                                                                 ;
; CNN_Top:u_cnn|CNN_Conv_Layer:u_conv|CNN_MAC_Unit:g_filter[0].u_mac|s1_init[0]   ; Stuck at GND              ; CNN_Top:u_cnn|CNN_Conv_Layer:u_conv|CNN_MAC_Unit:g_filter[0].u_mac|s2_init[0]   ;
;                                                                                 ; due to stuck port data_in ;                                                                                 ;
; CNN_Top:u_cnn|CNN_Conv_Layer:u_conv|CNN_MAC_Unit:g_filter[0].u_mac|s1_init[1]   ; Stuck at GND              ; CNN_Top:u_cnn|CNN_Conv_Layer:u_conv|CNN_MAC_Unit:g_filter[0].u_mac|s2_init[1]   ;
;                                                                                 ; due to stuck port data_in ;                                                                                 ;
; CNN_Top:u_cnn|CNN_Conv_Layer:u_conv|CNN_MAC_Unit:g_filter[0].u_mac|s1_init[2]   ; Stuck at GND              ; CNN_Top:u_cnn|CNN_Conv_Layer:u_conv|CNN_MAC_Unit:g_filter[0].u_mac|s2_init[2]   ;
;                                                                                 ; due to stuck port data_in ;                                                                                 ;
; CNN_Top:u_cnn|CNN_Conv_Layer:u_conv|CNN_MAC_Unit:g_filter[0].u_mac|s1_init[3]   ; Stuck at GND              ; CNN_Top:u_cnn|CNN_Conv_Layer:u_conv|CNN_MAC_Unit:g_filter[0].u_mac|s2_init[3]   ;
;                                                                                 ; due to stuck port data_in ;                                                                                 ;
; CNN_Top:u_cnn|CNN_Conv_Layer:u_conv|CNN_MAC_Unit:g_filter[0].u_mac|s1_init[4]   ; Stuck at GND              ; CNN_Top:u_cnn|CNN_Conv_Layer:u_conv|CNN_MAC_Unit:g_filter[0].u_mac|s2_init[4]   ;
;                                                                                 ; due to stuck port data_in ;                                                                                 ;
; CNN_Top:u_cnn|CNN_Conv_Layer:u_conv|CNN_MAC_Unit:g_filter[0].u_mac|s1_init[5]   ; Stuck at GND              ; CNN_Top:u_cnn|CNN_Conv_Layer:u_conv|CNN_MAC_Unit:g_filter[0].u_mac|s2_init[5]   ;
;                                                                                 ; due to stuck port data_in ;                                                                                 ;
; CNN_Top:u_cnn|CNN_Conv_Layer:u_conv|CNN_MAC_Unit:g_filter[0].u_mac|s1_init[6]   ; Stuck at GND              ; CNN_Top:u_cnn|CNN_Conv_Layer:u_conv|CNN_MAC_Unit:g_filter[0].u_mac|s2_init[6]   ;
;                                                                                 ; due to stuck port data_in ;                                                                                 ;
; CNN_Top:u_cnn|CNN_Conv_Layer:u_conv|CNN_MAC_Unit:g_filter[0].u_mac|s1_init[7]   ; Stuck at GND              ; CNN_Top:u_cnn|CNN_Conv_Layer:u_conv|CNN_MAC_Unit:g_filter[0].u_mac|s2_init[7]   ;
;                                                                                 ; due to stuck port data_in ;                                                                                 ;
; CNN_Top:u_cnn|CNN_Conv_Layer:u_conv|CNN_MAC_Unit:g_filter[0].u_mac|s1_init[8]   ; Stuck at GND              ; CNN_Top:u_cnn|CNN_Conv_Layer:u_conv|CNN_MAC_Unit:g_filter[0].u_mac|s2_init[8]   ;
;                                                                                 ; due to stuck port data_in ;                                                                                 ;
; CNN_Top:u_cnn|CNN_Conv_Layer:u_conv|CNN_MAC_Unit:g_filter[0].u_mac|s1_init[9]   ; Stuck at GND              ; CNN_Top:u_cnn|CNN_Conv_Layer:u_conv|CNN_MAC_Unit:g_filter[0].u_mac|s2_init[9]   ;
;                                                                                 ; due to stuck port data_in ;                                                                                 ;
; CNN_Top:u_cnn|CNN_Conv_Layer:u_conv|CNN_MAC_Unit:g_filter[0].u_mac|s1_init[10]  ; Stuck at GND              ; CNN_Top:u_cnn|CNN_Conv_Layer:u_conv|CNN_MAC_Unit:g_filter[0].u_mac|s2_init[10]  ;
;                                                                                 ; due to stuck port data_in ;                                                                                 ;
; CNN_Top:u_cnn|CNN_Conv_Layer:u_conv|CNN_MAC_Unit:g_filter[0].u_mac|s1_init[11]  ; Stuck at GND              ; CNN_Top:u_cnn|CNN_Conv_Layer:u_conv|CNN_MAC_Unit:g_filter[0].u_mac|s2_init[11]  ;
;                                                                                 ; due to stuck port data_in ;                                                                                 ;
; CNN_Top:u_cnn|CNN_Conv_Layer:u_conv|CNN_MAC_Unit:g_filter[0].u_mac|s1_init[12]  ; Stuck at GND              ; CNN_Top:u_cnn|CNN_Conv_Layer:u_conv|CNN_MAC_Unit:g_filter[0].u_mac|s2_init[12]  ;
;                                                                                 ; due to stuck port data_in ;                                                                                 ;
; CNN_Top:u_cnn|CNN_Conv_Layer:u_conv|CNN_MAC_Unit:g_filter[0].u_mac|s1_init[13]  ; Stuck at GND              ; CNN_Top:u_cnn|CNN_Conv_Layer:u_conv|CNN_MAC_Unit:g_filter[0].u_mac|s2_init[13]  ;
;                                                                                 ; due to stuck port data_in ;                                                                                 ;
; CNN_Top:u_cnn|CNN_Conv_Layer:u_conv|CNN_MAC_Unit:g_filter[0].u_mac|s1_init[14]  ; Stuck at GND              ; CNN_Top:u_cnn|CNN_Conv_Layer:u_conv|CNN_MAC_Unit:g_filter[0].u_mac|s2_init[14]  ;
;                                                                                 ; due to stuck port data_in ;                                                                                 ;
; CNN_Top:u_cnn|CNN_Conv_Layer:u_conv|CNN_MAC_Unit:g_filter[0].u_mac|s1_init[17]  ; Stuck at GND              ; CNN_Top:u_cnn|CNN_Conv_Layer:u_conv|CNN_MAC_Unit:g_filter[0].u_mac|s2_init[17]  ;
;                                                                                 ; due to stuck port data_in ;                                                                                 ;
; CNN_Top:u_cnn|CNN_Conv_Layer:u_conv|CNN_MAC_Unit:g_filter[0].u_mac|s1_init[18]  ; Stuck at GND              ; CNN_Top:u_cnn|CNN_Conv_Layer:u_conv|CNN_MAC_Unit:g_filter[0].u_mac|s2_init[18]  ;
;                                                                                 ; due to stuck port data_in ;                                                                                 ;
; CNN_Top:u_cnn|CNN_Conv_Layer:u_conv|CNN_MAC_Unit:g_filter[0].u_mac|s1_init[19]  ; Stuck at GND              ; CNN_Top:u_cnn|CNN_Conv_Layer:u_conv|CNN_MAC_Unit:g_filter[0].u_mac|s2_init[19]  ;
;                                                                                 ; due to stuck port data_in ;                                                                                 ;
; CNN_Top:u_cnn|CNN_Conv_Layer:u_conv|CNN_MAC_Unit:g_filter[0].u_mac|s1_init[21]  ; Stuck at GND              ; CNN_Top:u_cnn|CNN_Conv_Layer:u_conv|CNN_MAC_Unit:g_filter[0].u_mac|s2_init[21]  ;
;                                                                                 ; due to stuck port data_in ;                                                                                 ;
; CNN_Top:u_cnn|CNN_Conv_Layer:u_conv|CNN_MAC_Unit:g_filter[0].u_mac|s1_init[22]  ; Stuck at GND              ; CNN_Top:u_cnn|CNN_Conv_Layer:u_conv|CNN_MAC_Unit:g_filter[0].u_mac|s2_init[22]  ;
;                                                                                 ; due to stuck port data_in ;                                                                                 ;
; CNN_Top:u_cnn|CNN_Conv_Layer:u_conv|CNN_MAC_Unit:g_filter[0].u_mac|s1_init[26]  ; Stuck at GND              ; CNN_Top:u_cnn|CNN_Conv_Layer:u_conv|CNN_MAC_Unit:g_filter[0].u_mac|s2_init[26]  ;
;                                                                                 ; due to stuck port data_in ;                                                                                 ;
; Feature_Spectral:u_fs|div_num[29]                                               ; Stuck at GND              ; Feature_Spectral:u_fs|Divider_Q15:u_div|quociente[15]                           ;
;                                                                                 ; due to stuck port data_in ;                                                                                 ;
; FFT_Log2_Compress:u_log2|out_pixel[15]                                          ; Stuck at GND              ; Spectrogram_Buffer:u_sb|mem_rtl_0_bypass[36]                                    ;
;                                                                                 ; due to stuck port data_in ;                                                                                 ;
; CNN_Top:u_cnn|CNN_Dense_Classifier:u_dense|CNN_MAC_Unit:u_dense_mac|s1_init[1]  ; Stuck at GND              ; CNN_Top:u_cnn|CNN_Dense_Classifier:u_dense|CNN_MAC_Unit:u_dense_mac|s2_init[1]  ;
;                                                                                 ; due to stuck port data_in ;                                                                                 ;
; CNN_Top:u_cnn|CNN_Dense_Classifier:u_dense|feat_reg[111]                        ; Stuck at GND              ; CNN_Top:u_cnn|CNN_Dense_Classifier:u_dense|CNN_MAC_Unit:u_dense_mac|s1_a[15]    ;
;                                                                                 ; due to stuck port data_in ;                                                                                 ;
; CNN_Top:u_cnn|CNN_Conv_Layer:u_conv|CNN_MAC_Unit:g_filter[1].u_mac|s1_init[26]  ; Stuck at GND              ; CNN_Top:u_cnn|CNN_Conv_Layer:u_conv|CNN_MAC_Unit:g_filter[1].u_mac|s2_init[26]  ;
;                                                                                 ; due to stuck port data_in ;                                                                                 ;
+---------------------------------------------------------------------------------+---------------------------+---------------------------------------------------------------------------------+


+------------------------------------------------------+
; General Register Statistics                          ;
+----------------------------------------------+-------+
; Statistic                                    ; Value ;
+----------------------------------------------+-------+
; Total registers                              ; 12689 ;
; Number of registers using Synchronous Clear  ; 10200 ;
; Number of registers using Synchronous Load   ; 351   ;
; Number of registers using Asynchronous Clear ; 0     ;
; Number of registers using Asynchronous Load  ; 0     ;
; Number of registers using Clock Enable       ; 9329  ;
; Number of registers using Preset             ; 0     ;
+----------------------------------------------+-------+


+--------------------------------------------------------------------------------------------+
; Registers Packed Into Inferred Megafunctions                                               ;
+-----------------------------------------------+-------------------------------------+------+
; Register Name                                 ; Megafunction                        ; Type ;
+-----------------------------------------------+-------------------------------------+------+
; ML_Tree_Classifier:u_tree|no_atual[0,1,3..31] ; ML_Tree_Classifier:u_tree|rom_rtl_0 ; RAM  ;
; Sample_Source:u_src|rom_q[0..15]              ; Sample_Source:u_src|rom_rtl_0       ; RAM  ;
+-----------------------------------------------+-------------------------------------+------+


+----------------------------------------------------------------------------------+
; Registers Added for RAM Pass-Through Logic                                       ;
+----------------------------------------------+-----------------------------------+
; Register Name                                ; RAM Name                          ;
+----------------------------------------------+-----------------------------------+
; Spectrogram_Buffer:u_sb|mem_rtl_0_bypass[0]  ; Spectrogram_Buffer:u_sb|mem_rtl_0 ;
; Spectrogram_Buffer:u_sb|mem_rtl_0_bypass[1]  ; Spectrogram_Buffer:u_sb|mem_rtl_0 ;
; Spectrogram_Buffer:u_sb|mem_rtl_0_bypass[2]  ; Spectrogram_Buffer:u_sb|mem_rtl_0 ;
; Spectrogram_Buffer:u_sb|mem_rtl_0_bypass[3]  ; Spectrogram_Buffer:u_sb|mem_rtl_0 ;
; Spectrogram_Buffer:u_sb|mem_rtl_0_bypass[4]  ; Spectrogram_Buffer:u_sb|mem_rtl_0 ;
; Spectrogram_Buffer:u_sb|mem_rtl_0_bypass[5]  ; Spectrogram_Buffer:u_sb|mem_rtl_0 ;
; Spectrogram_Buffer:u_sb|mem_rtl_0_bypass[6]  ; Spectrogram_Buffer:u_sb|mem_rtl_0 ;
; Spectrogram_Buffer:u_sb|mem_rtl_0_bypass[7]  ; Spectrogram_Buffer:u_sb|mem_rtl_0 ;
; Spectrogram_Buffer:u_sb|mem_rtl_0_bypass[8]  ; Spectrogram_Buffer:u_sb|mem_rtl_0 ;
; Spectrogram_Buffer:u_sb|mem_rtl_0_bypass[9]  ; Spectrogram_Buffer:u_sb|mem_rtl_0 ;
; Spectrogram_Buffer:u_sb|mem_rtl_0_bypass[10] ; Spectrogram_Buffer:u_sb|mem_rtl_0 ;
; Spectrogram_Buffer:u_sb|mem_rtl_0_bypass[11] ; Spectrogram_Buffer:u_sb|mem_rtl_0 ;
; Spectrogram_Buffer:u_sb|mem_rtl_0_bypass[12] ; Spectrogram_Buffer:u_sb|mem_rtl_0 ;
; Spectrogram_Buffer:u_sb|mem_rtl_0_bypass[13] ; Spectrogram_Buffer:u_sb|mem_rtl_0 ;
; Spectrogram_Buffer:u_sb|mem_rtl_0_bypass[14] ; Spectrogram_Buffer:u_sb|mem_rtl_0 ;
; Spectrogram_Buffer:u_sb|mem_rtl_0_bypass[15] ; Spectrogram_Buffer:u_sb|mem_rtl_0 ;
; Spectrogram_Buffer:u_sb|mem_rtl_0_bypass[16] ; Spectrogram_Buffer:u_sb|mem_rtl_0 ;
; Spectrogram_Buffer:u_sb|mem_rtl_0_bypass[17] ; Spectrogram_Buffer:u_sb|mem_rtl_0 ;
; Spectrogram_Buffer:u_sb|mem_rtl_0_bypass[18] ; Spectrogram_Buffer:u_sb|mem_rtl_0 ;
; Spectrogram_Buffer:u_sb|mem_rtl_0_bypass[19] ; Spectrogram_Buffer:u_sb|mem_rtl_0 ;
; Spectrogram_Buffer:u_sb|mem_rtl_0_bypass[20] ; Spectrogram_Buffer:u_sb|mem_rtl_0 ;
; Spectrogram_Buffer:u_sb|mem_rtl_0_bypass[21] ; Spectrogram_Buffer:u_sb|mem_rtl_0 ;
; Spectrogram_Buffer:u_sb|mem_rtl_0_bypass[22] ; Spectrogram_Buffer:u_sb|mem_rtl_0 ;
; Spectrogram_Buffer:u_sb|mem_rtl_0_bypass[23] ; Spectrogram_Buffer:u_sb|mem_rtl_0 ;
; Spectrogram_Buffer:u_sb|mem_rtl_0_bypass[24] ; Spectrogram_Buffer:u_sb|mem_rtl_0 ;
; Spectrogram_Buffer:u_sb|mem_rtl_0_bypass[25] ; Spectrogram_Buffer:u_sb|mem_rtl_0 ;
; Spectrogram_Buffer:u_sb|mem_rtl_0_bypass[26] ; Spectrogram_Buffer:u_sb|mem_rtl_0 ;
; Spectrogram_Buffer:u_sb|mem_rtl_0_bypass[27] ; Spectrogram_Buffer:u_sb|mem_rtl_0 ;
; Spectrogram_Buffer:u_sb|mem_rtl_0_bypass[28] ; Spectrogram_Buffer:u_sb|mem_rtl_0 ;
; Spectrogram_Buffer:u_sb|mem_rtl_0_bypass[29] ; Spectrogram_Buffer:u_sb|mem_rtl_0 ;
; Spectrogram_Buffer:u_sb|mem_rtl_0_bypass[30] ; Spectrogram_Buffer:u_sb|mem_rtl_0 ;
; Spectrogram_Buffer:u_sb|mem_rtl_0_bypass[31] ; Spectrogram_Buffer:u_sb|mem_rtl_0 ;
; Spectrogram_Buffer:u_sb|mem_rtl_0_bypass[32] ; Spectrogram_Buffer:u_sb|mem_rtl_0 ;
; Spectrogram_Buffer:u_sb|mem_rtl_0_bypass[33] ; Spectrogram_Buffer:u_sb|mem_rtl_0 ;
; Spectrogram_Buffer:u_sb|mem_rtl_0_bypass[34] ; Spectrogram_Buffer:u_sb|mem_rtl_0 ;
; Spectrogram_Buffer:u_sb|mem_rtl_0_bypass[35] ; Spectrogram_Buffer:u_sb|mem_rtl_0 ;
; Spectrogram_Buffer:u_sb|mem_rtl_0_bypass[36] ; Spectrogram_Buffer:u_sb|mem_rtl_0 ;
+----------------------------------------------+-----------------------------------+


+--------------------------------------------------------------------------------------------------------------------------------------------------------------------------------------------------------+
; Multiplexer Restructuring Statistics (Restructuring Performed)                                                                                                                                         ;
+--------------------+-----------+---------------+----------------------+------------------------+------------+------------------------------------------------------------------------------------------+
; Multiplexer Inputs ; Bus Width ; Baseline Area ; Area if Restructured ; Saving if Restructured ; Registered ; Example Multiplexer Output                                                               ;
+--------------------+-----------+---------------+----------------------+------------------------+------------+------------------------------------------------------------------------------------------+
; 3:1                ; 121 bits  ; 242 LEs       ; 0 LEs                ; 242 LEs                ; Yes        ; |SMMA_Top|CNN_Top:u_cnn|CNN_MaxPool:u_pool|prev_data[120]                                ;
; 3:1                ; 128 bits  ; 256 LEs       ; 0 LEs                ; 256 LEs                ; Yes        ; |SMMA_Top|CNN_Top:u_cnn|CNN_MaxPool:u_pool|row_buf[0][24]                                ;
; 3:1                ; 128 bits  ; 256 LEs       ; 0 LEs                ; 256 LEs                ; Yes        ; |SMMA_Top|CNN_Top:u_cnn|CNN_MaxPool:u_pool|row_buf[1][41]                                ;
; 3:1                ; 128 bits  ; 256 LEs       ; 0 LEs                ; 256 LEs                ; Yes        ; |SMMA_Top|CNN_Top:u_cnn|CNN_MaxPool:u_pool|row_buf[2][65]                                ;
; 3:1                ; 128 bits  ; 256 LEs       ; 0 LEs                ; 256 LEs                ; Yes        ; |SMMA_Top|CNN_Top:u_cnn|CNN_MaxPool:u_pool|row_buf[3][0]                                 ;
; 3:1                ; 128 bits  ; 256 LEs       ; 0 LEs                ; 256 LEs                ; Yes        ; |SMMA_Top|CNN_Top:u_cnn|CNN_MaxPool:u_pool|row_buf[4][33]                                ;
; 3:1                ; 128 bits  ; 256 LEs       ; 0 LEs                ; 256 LEs                ; Yes        ; |SMMA_Top|CNN_Top:u_cnn|CNN_MaxPool:u_pool|row_buf[5][66]                                ;
; 3:1                ; 128 bits  ; 256 LEs       ; 0 LEs                ; 256 LEs                ; Yes        ; |SMMA_Top|CNN_Top:u_cnn|CNN_MaxPool:u_pool|row_buf[6][113]                               ;
; 3:1                ; 128 bits  ; 256 LEs       ; 0 LEs                ; 256 LEs                ; Yes        ; |SMMA_Top|CNN_Top:u_cnn|CNN_MaxPool:u_pool|row_buf[7][95]                                ;
; 3:1                ; 128 bits  ; 256 LEs       ; 0 LEs                ; 256 LEs                ; Yes        ; |SMMA_Top|CNN_Top:u_cnn|CNN_MaxPool:u_pool|row_buf[8][2]                                 ;
; 3:1                ; 128 bits  ; 256 LEs       ; 0 LEs                ; 256 LEs                ; Yes        ; |SMMA_Top|CNN_Top:u_cnn|CNN_MaxPool:u_pool|row_buf[9][48]                                ;
; 3:1                ; 128 bits  ; 256 LEs       ; 0 LEs                ; 256 LEs                ; Yes        ; |SMMA_Top|CNN_Top:u_cnn|CNN_MaxPool:u_pool|row_buf[10][19]                               ;
; 3:1                ; 128 bits  ; 256 LEs       ; 0 LEs                ; 256 LEs                ; Yes        ; |SMMA_Top|CNN_Top:u_cnn|CNN_MaxPool:u_pool|row_buf[11][124]                              ;
; 3:1                ; 128 bits  ; 256 LEs       ; 0 LEs                ; 256 LEs                ; Yes        ; |SMMA_Top|CNN_Top:u_cnn|CNN_MaxPool:u_pool|row_buf[12][92]                               ;
; 3:1                ; 128 bits  ; 256 LEs       ; 0 LEs                ; 256 LEs                ; Yes        ; |SMMA_Top|CNN_Top:u_cnn|CNN_MaxPool:u_pool|row_buf[13][56]                               ;
; 3:1                ; 128 bits  ; 256 LEs       ; 0 LEs                ; 256 LEs                ; Yes        ; |SMMA_Top|CNN_Top:u_cnn|CNN_MaxPool:u_pool|row_buf[14][73]                               ;
; 3:1                ; 128 bits  ; 256 LEs       ; 0 LEs                ; 256 LEs                ; Yes        ; |SMMA_Top|CNN_Top:u_cnn|CNN_MaxPool:u_pool|row_buf[15][2]                                ;
; 4:1                ; 16 bits   ; 32 LEs        ; 0 LEs                ; 32 LEs                 ; Yes        ; |SMMA_Top|CNN_Top:u_cnn|CNN_MaxPool:u_pool|out_data[11]                                  ;
; 4:1                ; 16 bits   ; 32 LEs        ; 0 LEs                ; 32 LEs                 ; Yes        ; |SMMA_Top|CNN_Top:u_cnn|CNN_MaxPool:u_pool|out_data[22]                                  ;
; 4:1                ; 16 bits   ; 32 LEs        ; 0 LEs                ; 32 LEs                 ; Yes        ; |SMMA_Top|CNN_Top:u_cnn|CNN_MaxPool:u_pool|out_data[38]                                  ;
; 4:1                ; 16 bits   ; 32 LEs        ; 0 LEs                ; 32 LEs                 ; Yes        ; |SMMA_Top|CNN_Top:u_cnn|CNN_MaxPool:u_pool|out_data[63]                                  ;
; 4:1                ; 16 bits   ; 32 LEs        ; 0 LEs                ; 32 LEs                 ; Yes        ; |SMMA_Top|CNN_Top:u_cnn|CNN_MaxPool:u_pool|out_data[64]                                  ;
; 4:1                ; 16 bits   ; 32 LEs        ; 0 LEs                ; 32 LEs                 ; Yes        ; |SMMA_Top|CNN_Top:u_cnn|CNN_MaxPool:u_pool|out_data[80]                                  ;
; 4:1                ; 16 bits   ; 32 LEs        ; 0 LEs                ; 32 LEs                 ; Yes        ; |SMMA_Top|CNN_Top:u_cnn|CNN_MaxPool:u_pool|out_data[108]                                 ;
; 4:1                ; 16 bits   ; 32 LEs        ; 0 LEs                ; 32 LEs                 ; Yes        ; |SMMA_Top|CNN_Top:u_cnn|CNN_MaxPool:u_pool|out_data[115]                                 ;
; 4:1                ; 6 bits    ; 12 LEs        ; 12 LEs               ; 0 LEs                  ; Yes        ; |SMMA_Top|CNN_Top:u_cnn|CNN_MaxPool:u_pool|in_col[0]                                     ;
; 4:1                ; 6 bits    ; 12 LEs        ; 12 LEs               ; 0 LEs                  ; Yes        ; |SMMA_Top|CNN_Top:u_cnn|CNN_MaxPool:u_pool|in_row[0]                                     ;
; 16:1               ; 128 bits  ; 1280 LEs      ; 1280 LEs             ; 0 LEs                  ; No         ; |SMMA_Top|CNN_Top:u_cnn|CNN_MaxPool:u_pool|Mux95                                         ;
; 3:1                ; 16 bits   ; 32 LEs        ; 0 LEs                ; 32 LEs                 ; Yes        ; |SMMA_Top|Feature_Spectral:u_fs|feat[7][3]                                               ;
; 3:1                ; 16 bits   ; 32 LEs        ; 0 LEs                ; 32 LEs                 ; Yes        ; |SMMA_Top|Feature_Spectral:u_fs|feat[5][11]                                              ;
; 3:1                ; 16 bits   ; 32 LEs        ; 0 LEs                ; 32 LEs                 ; Yes        ; |SMMA_Top|Feature_Spectral:u_fs|feat[4][4]                                               ;
; 3:1                ; 16 bits   ; 32 LEs        ; 0 LEs                ; 32 LEs                 ; Yes        ; |SMMA_Top|Feature_Spectral:u_fs|feat[3][11]                                              ;
; 3:1                ; 16 bits   ; 32 LEs        ; 0 LEs                ; 32 LEs                 ; Yes        ; |SMMA_Top|Feature_Spectral:u_fs|feat[2][15]                                              ;
; 3:1                ; 16 bits   ; 32 LEs        ; 0 LEs                ; 32 LEs                 ; Yes        ; |SMMA_Top|Feature_Spectral:u_fs|feat[1][5]                                               ;
; 3:1                ; 16 bits   ; 32 LEs        ; 0 LEs                ; 32 LEs                 ; Yes        ; |SMMA_Top|Feature_Spectral:u_fs|feat[0][6]                                               ;
; 3:1                ; 6 bits    ; 12 LEs        ; 6 LEs                ; 6 LEs                  ; Yes        ; |SMMA_Top|FFT_Top:u_fft|last_idx[1]                                                      ;
; 5:1                ; 5 bits    ; 15 LEs        ; 10 LEs               ; 5 LEs                  ; Yes        ; |SMMA_Top|Feature_Spectral:u_fs|feat[6][15]                                              ;
; 5:1                ; 58 bits   ; 174 LEs       ; 0 LEs                ; 174 LEs                ; Yes        ; |SMMA_Top|Feature_Spectral:u_fs|E[7]                                                     ;
; 6:1                ; 24 bits   ; 96 LEs        ; 0 LEs                ; 96 LEs                 ; Yes        ; |SMMA_Top|Feature_Spectral:u_fs|acc[0][22]                                               ;
; 6:1                ; 24 bits   ; 96 LEs        ; 0 LEs                ; 96 LEs                 ; Yes        ; |SMMA_Top|Feature_Spectral:u_fs|acc[1][16]                                               ;
; 6:1                ; 24 bits   ; 96 LEs        ; 0 LEs                ; 96 LEs                 ; Yes        ; |SMMA_Top|Feature_Spectral:u_fs|acc[2][20]                                               ;
; 6:1                ; 24 bits   ; 96 LEs        ; 0 LEs                ; 96 LEs                 ; Yes        ; |SMMA_Top|Feature_Spectral:u_fs|acc[3][10]                                               ;
; 6:1                ; 24 bits   ; 96 LEs        ; 0 LEs                ; 96 LEs                 ; Yes        ; |SMMA_Top|Feature_Spectral:u_fs|acc[4][9]                                                ;
; 6:1                ; 24 bits   ; 96 LEs        ; 0 LEs                ; 96 LEs                 ; Yes        ; |SMMA_Top|Feature_Spectral:u_fs|acc[5][10]                                               ;
; 6:1                ; 24 bits   ; 96 LEs        ; 0 LEs                ; 96 LEs                 ; Yes        ; |SMMA_Top|Feature_Spectral:u_fs|acc[6][0]                                                ;
; 6:1                ; 24 bits   ; 96 LEs        ; 0 LEs                ; 96 LEs                 ; Yes        ; |SMMA_Top|Feature_Spectral:u_fs|acc[7][23]                                               ;
; 6:1                ; 24 bits   ; 96 LEs        ; 0 LEs                ; 96 LEs                 ; Yes        ; |SMMA_Top|Feature_Spectral:u_fs|acc[8][23]                                               ;
; 6:1                ; 24 bits   ; 96 LEs        ; 0 LEs                ; 96 LEs                 ; Yes        ; |SMMA_Top|Feature_Spectral:u_fs|acc[9][14]                                               ;
; 6:1                ; 24 bits   ; 96 LEs        ; 0 LEs                ; 96 LEs                 ; Yes        ; |SMMA_Top|Feature_Spectral:u_fs|acc[10][11]                                              ;
; 6:1                ; 24 bits   ; 96 LEs        ; 0 LEs                ; 96 LEs                 ; Yes        ; |SMMA_Top|Feature_Spectral:u_fs|acc[11][11]                                              ;
; 6:1                ; 24 bits   ; 96 LEs        ; 0 LEs                ; 96 LEs                 ; Yes        ; |SMMA_Top|Feature_Spectral:u_fs|acc[12][7]                                               ;
; 6:1                ; 24 bits   ; 96 LEs        ; 0 LEs                ; 96 LEs                 ; Yes        ; |SMMA_Top|Feature_Spectral:u_fs|acc[13][10]                                              ;
; 6:1                ; 24 bits   ; 96 LEs        ; 0 LEs                ; 96 LEs                 ; Yes        ; |SMMA_Top|Feature_Spectral:u_fs|acc[14][1]                                               ;
; 6:1                ; 24 bits   ; 96 LEs        ; 0 LEs                ; 96 LEs                 ; Yes        ; |SMMA_Top|Feature_Spectral:u_fs|acc[15][11]                                              ;
; 6:1                ; 24 bits   ; 96 LEs        ; 0 LEs                ; 96 LEs                 ; Yes        ; |SMMA_Top|Feature_Spectral:u_fs|acc[16][4]                                               ;
; 6:1                ; 24 bits   ; 96 LEs        ; 0 LEs                ; 96 LEs                 ; Yes        ; |SMMA_Top|Feature_Spectral:u_fs|acc[17][23]                                              ;
; 6:1                ; 24 bits   ; 96 LEs        ; 0 LEs                ; 96 LEs                 ; Yes        ; |SMMA_Top|Feature_Spectral:u_fs|acc[18][16]                                              ;
; 6:1                ; 24 bits   ; 96 LEs        ; 0 LEs                ; 96 LEs                 ; Yes        ; |SMMA_Top|Feature_Spectral:u_fs|acc[19][23]                                              ;
; 6:1                ; 24 bits   ; 96 LEs        ; 0 LEs                ; 96 LEs                 ; Yes        ; |SMMA_Top|Feature_Spectral:u_fs|acc[20][4]                                               ;
; 6:1                ; 24 bits   ; 96 LEs        ; 0 LEs                ; 96 LEs                 ; Yes        ; |SMMA_Top|Feature_Spectral:u_fs|acc[21][11]                                              ;
; 6:1                ; 24 bits   ; 96 LEs        ; 0 LEs                ; 96 LEs                 ; Yes        ; |SMMA_Top|Feature_Spectral:u_fs|acc[22][2]                                               ;
; 6:1                ; 24 bits   ; 96 LEs        ; 0 LEs                ; 96 LEs                 ; Yes        ; |SMMA_Top|Feature_Spectral:u_fs|acc[23][0]                                               ;
; 6:1                ; 24 bits   ; 96 LEs        ; 0 LEs                ; 96 LEs                 ; Yes        ; |SMMA_Top|Feature_Spectral:u_fs|acc[24][0]                                               ;
; 6:1                ; 24 bits   ; 96 LEs        ; 0 LEs                ; 96 LEs                 ; Yes        ; |SMMA_Top|Feature_Spectral:u_fs|acc[25][22]                                              ;
; 6:1                ; 24 bits   ; 96 LEs        ; 0 LEs                ; 96 LEs                 ; Yes        ; |SMMA_Top|Feature_Spectral:u_fs|acc[26][12]                                              ;
; 6:1                ; 24 bits   ; 96 LEs        ; 0 LEs                ; 96 LEs                 ; Yes        ; |SMMA_Top|Feature_Spectral:u_fs|acc[27][0]                                               ;
; 6:1                ; 24 bits   ; 96 LEs        ; 0 LEs                ; 96 LEs                 ; Yes        ; |SMMA_Top|Feature_Spectral:u_fs|acc[28][1]                                               ;
; 6:1                ; 24 bits   ; 96 LEs        ; 0 LEs                ; 96 LEs                 ; Yes        ; |SMMA_Top|Feature_Spectral:u_fs|acc[29][23]                                              ;
; 6:1                ; 24 bits   ; 96 LEs        ; 0 LEs                ; 96 LEs                 ; Yes        ; |SMMA_Top|Feature_Spectral:u_fs|acc[30][15]                                              ;
; 6:1                ; 24 bits   ; 96 LEs        ; 0 LEs                ; 96 LEs                 ; Yes        ; |SMMA_Top|Feature_Spectral:u_fs|acc[31][5]                                               ;
; 6:1                ; 29 bits   ; 116 LEs       ; 0 LEs                ; 116 LEs                ; Yes        ; |SMMA_Top|Feature_Spectral:u_fs|b3[2]                                                    ;
; 6:1                ; 29 bits   ; 116 LEs       ; 0 LEs                ; 116 LEs                ; Yes        ; |SMMA_Top|Feature_Spectral:u_fs|b2[27]                                                   ;
; 6:1                ; 29 bits   ; 116 LEs       ; 0 LEs                ; 116 LEs                ; Yes        ; |SMMA_Top|Feature_Spectral:u_fs|b1[27]                                                   ;
; 6:1                ; 6 bits    ; 24 LEs        ; 12 LEs               ; 12 LEs                 ; Yes        ; |SMMA_Top|Feature_Spectral:u_fs|quadro_cnt[5]                                            ;
; 9:1                ; 5 bits    ; 30 LEs        ; 10 LEs               ; 20 LEs                 ; Yes        ; |SMMA_Top|Feature_Spectral:u_fs|bin_cnt[1]                                               ;
; 11:1               ; 7 bits    ; 49 LEs        ; 42 LEs               ; 7 LEs                  ; Yes        ; |SMMA_Top|Feature_Spectral:u_fs|feat[6][8]                                               ;
; 10:1               ; 3 bits    ; 18 LEs        ; 9 LEs                ; 9 LEs                  ; Yes        ; |SMMA_Top|Feature_Spectral:u_fs|idx[0]                                                   ;
; 14:1               ; 4 bits    ; 36 LEs        ; 32 LEs               ; 4 LEs                  ; Yes        ; |SMMA_Top|Feature_Spectral:u_fs|feat[6][3]                                               ;
; 4:1                ; 22 bits   ; 44 LEs        ; 44 LEs               ; 0 LEs                  ; No         ; |SMMA_Top|Feature_Spectral:u_fs|ShiftLeft1                                               ;
; 4:1                ; 22 bits   ; 44 LEs        ; 44 LEs               ; 0 LEs                  ; No         ; |SMMA_Top|Feature_Spectral:u_fs|ShiftRight0                                              ;
; 3:1                ; 3 bits    ; 6 LEs         ; 6 LEs                ; 0 LEs                  ; No         ; |SMMA_Top|Feature_Spectral:u_fs|ShiftLeft0                                               ;
; 4:1                ; 4 bits    ; 8 LEs         ; 8 LEs                ; 0 LEs                  ; No         ; |SMMA_Top|Feature_Spectral:u_fs|ShiftRight0                                              ;
; 4:1                ; 4 bits    ; 8 LEs         ; 8 LEs                ; 0 LEs                  ; No         ; |SMMA_Top|Feature_Spectral:u_fs|ShiftRight0                                              ;
; 4:1                ; 4 bits    ; 8 LEs         ; 8 LEs                ; 0 LEs                  ; No         ; |SMMA_Top|Feature_Spectral:u_fs|ShiftLeft1                                               ;
; 4:1                ; 4 bits    ; 8 LEs         ; 8 LEs                ; 0 LEs                  ; No         ; |SMMA_Top|Feature_Spectral:u_fs|ShiftLeft1                                               ;
; 7:1                ; 2 bits    ; 8 LEs         ; 8 LEs                ; 0 LEs                  ; No         ; |SMMA_Top|Feature_Spectral:u_fs|e_mant[11]                                               ;
; 7:1                ; 9 bits    ; 36 LEs        ; 36 LEs               ; 0 LEs                  ; No         ; |SMMA_Top|Feature_Spectral:u_fs|e_mant[23]                                               ;
; 10:1               ; 3 bits    ; 18 LEs        ; 18 LEs               ; 0 LEs                  ; No         ; |SMMA_Top|Feature_Spectral:u_fs|e_mant[15]                                               ;
; 10:1               ; 4 bits    ; 24 LEs        ; 24 LEs               ; 0 LEs                  ; No         ; |SMMA_Top|Feature_Spectral:u_fs|e_mant[27]                                               ;
; 11:1               ; 5 bits    ; 35 LEs        ; 20 LEs               ; 15 LEs                 ; No         ; |SMMA_Top|Feature_Spectral:u_fs|state                                                    ;
; 3:1                ; 16 bits   ; 32 LEs        ; 0 LEs                ; 32 LEs                 ; Yes        ; |SMMA_Top|Frame_Builder:u_fb|buf_mem[0][6]                                               ;
; 3:1                ; 16 bits   ; 32 LEs        ; 0 LEs                ; 32 LEs                 ; Yes        ; |SMMA_Top|Frame_Builder:u_fb|buf_mem[1][2]                                               ;
; 3:1                ; 16 bits   ; 32 LEs        ; 0 LEs                ; 32 LEs                 ; Yes        ; |SMMA_Top|Frame_Builder:u_fb|buf_mem[2][8]                                               ;
; 3:1                ; 16 bits   ; 32 LEs        ; 0 LEs                ; 32 LEs                 ; Yes        ; |SMMA_Top|Frame_Builder:u_fb|buf_mem[3][2]                                               ;
; 3:1                ; 16 bits   ; 32 LEs        ; 0 LEs                ; 32 LEs                 ; Yes        ; |SMMA_Top|Frame_Builder:u_fb|buf_mem[4][15]                                              ;
; 3:1                ; 16 bits   ; 32 LEs        ; 0 LEs                ; 32 LEs                 ; Yes        ; |SMMA_Top|Frame_Builder:u_fb|buf_mem[5][2]                                               ;
; 3:1                ; 16 bits   ; 32 LEs        ; 0 LEs                ; 32 LEs                 ; Yes        ; |SMMA_Top|Frame_Builder:u_fb|buf_mem[6][2]                                               ;
; 3:1                ; 16 bits   ; 32 LEs        ; 0 LEs                ; 32 LEs                 ; Yes        ; |SMMA_Top|Frame_Builder:u_fb|buf_mem[7][2]                                               ;
; 3:1                ; 16 bits   ; 32 LEs        ; 0 LEs                ; 32 LEs                 ; Yes        ; |SMMA_Top|Frame_Builder:u_fb|buf_mem[8][0]                                               ;
; 3:1                ; 16 bits   ; 32 LEs        ; 0 LEs                ; 32 LEs                 ; Yes        ; |SMMA_Top|Frame_Builder:u_fb|buf_mem[9][8]                                               ;
; 3:1                ; 16 bits   ; 32 LEs        ; 0 LEs                ; 32 LEs                 ; Yes        ; |SMMA_Top|Frame_Builder:u_fb|buf_mem[10][15]                                             ;
; 3:1                ; 16 bits   ; 32 LEs        ; 0 LEs                ; 32 LEs                 ; Yes        ; |SMMA_Top|Frame_Builder:u_fb|buf_mem[11][3]                                              ;
; 3:1                ; 16 bits   ; 32 LEs        ; 0 LEs                ; 32 LEs                 ; Yes        ; |SMMA_Top|Frame_Builder:u_fb|buf_mem[12][0]                                              ;
; 3:1                ; 16 bits   ; 32 LEs        ; 0 LEs                ; 32 LEs                 ; Yes        ; |SMMA_Top|Frame_Builder:u_fb|buf_mem[13][13]                                             ;
; 3:1                ; 16 bits   ; 32 LEs        ; 0 LEs                ; 32 LEs                 ; Yes        ; |SMMA_Top|Frame_Builder:u_fb|buf_mem[14][2]                                              ;
; 3:1                ; 16 bits   ; 32 LEs        ; 0 LEs                ; 32 LEs                 ; Yes        ; |SMMA_Top|Frame_Builder:u_fb|buf_mem[15][2]                                              ;
; 3:1                ; 16 bits   ; 32 LEs        ; 0 LEs                ; 32 LEs                 ; Yes        ; |SMMA_Top|Frame_Builder:u_fb|buf_mem[16][2]                                              ;
; 3:1                ; 16 bits   ; 32 LEs        ; 0 LEs                ; 32 LEs                 ; Yes        ; |SMMA_Top|Frame_Builder:u_fb|buf_mem[17][5]                                              ;
; 3:1                ; 16 bits   ; 32 LEs        ; 0 LEs                ; 32 LEs                 ; Yes        ; |SMMA_Top|Frame_Builder:u_fb|buf_mem[18][3]                                              ;
; 3:1                ; 16 bits   ; 32 LEs        ; 0 LEs                ; 32 LEs                 ; Yes        ; |SMMA_Top|Frame_Builder:u_fb|buf_mem[19][11]                                             ;
; 3:1                ; 16 bits   ; 32 LEs        ; 0 LEs                ; 32 LEs                 ; Yes        ; |SMMA_Top|Frame_Builder:u_fb|buf_mem[20][7]                                              ;
; 3:1                ; 16 bits   ; 32 LEs        ; 0 LEs                ; 32 LEs                 ; Yes        ; |SMMA_Top|Frame_Builder:u_fb|buf_mem[21][2]                                              ;
; 3:1                ; 16 bits   ; 32 LEs        ; 0 LEs                ; 32 LEs                 ; Yes        ; |SMMA_Top|Frame_Builder:u_fb|buf_mem[22][10]                                             ;
; 3:1                ; 16 bits   ; 32 LEs        ; 0 LEs                ; 32 LEs                 ; Yes        ; |SMMA_Top|Frame_Builder:u_fb|buf_mem[23][15]                                             ;
; 3:1                ; 16 bits   ; 32 LEs        ; 0 LEs                ; 32 LEs                 ; Yes        ; |SMMA_Top|Frame_Builder:u_fb|buf_mem[24][6]                                              ;
; 3:1                ; 16 bits   ; 32 LEs        ; 0 LEs                ; 32 LEs                 ; Yes        ; |SMMA_Top|Frame_Builder:u_fb|buf_mem[25][5]                                              ;
; 3:1                ; 16 bits   ; 32 LEs        ; 0 LEs                ; 32 LEs                 ; Yes        ; |SMMA_Top|Frame_Builder:u_fb|buf_mem[26][9]                                              ;
; 3:1                ; 16 bits   ; 32 LEs        ; 0 LEs                ; 32 LEs                 ; Yes        ; |SMMA_Top|Frame_Builder:u_fb|buf_mem[27][15]                                             ;
; 3:1                ; 16 bits   ; 32 LEs        ; 0 LEs                ; 32 LEs                 ; Yes        ; |SMMA_Top|Frame_Builder:u_fb|buf_mem[28][5]                                              ;
; 3:1                ; 16 bits   ; 32 LEs        ; 0 LEs                ; 32 LEs                 ; Yes        ; |SMMA_Top|Frame_Builder:u_fb|buf_mem[29][0]                                              ;
; 3:1                ; 16 bits   ; 32 LEs        ; 0 LEs                ; 32 LEs                 ; Yes        ; |SMMA_Top|Frame_Builder:u_fb|buf_mem[30][1]                                              ;
; 3:1                ; 16 bits   ; 32 LEs        ; 0 LEs                ; 32 LEs                 ; Yes        ; |SMMA_Top|Frame_Builder:u_fb|buf_mem[31][13]                                             ;
; 3:1                ; 16 bits   ; 32 LEs        ; 0 LEs                ; 32 LEs                 ; Yes        ; |SMMA_Top|Frame_Builder:u_fb|buf_mem[32][4]                                              ;
; 3:1                ; 16 bits   ; 32 LEs        ; 0 LEs                ; 32 LEs                 ; Yes        ; |SMMA_Top|Frame_Builder:u_fb|buf_mem[33][2]                                              ;
; 3:1                ; 16 bits   ; 32 LEs        ; 0 LEs                ; 32 LEs                 ; Yes        ; |SMMA_Top|Frame_Builder:u_fb|buf_mem[34][5]                                              ;
; 3:1                ; 16 bits   ; 32 LEs        ; 0 LEs                ; 32 LEs                 ; Yes        ; |SMMA_Top|Frame_Builder:u_fb|buf_mem[35][3]                                              ;
; 3:1                ; 16 bits   ; 32 LEs        ; 0 LEs                ; 32 LEs                 ; Yes        ; |SMMA_Top|Frame_Builder:u_fb|buf_mem[36][11]                                             ;
; 3:1                ; 16 bits   ; 32 LEs        ; 0 LEs                ; 32 LEs                 ; Yes        ; |SMMA_Top|Frame_Builder:u_fb|buf_mem[37][7]                                              ;
; 3:1                ; 16 bits   ; 32 LEs        ; 0 LEs                ; 32 LEs                 ; Yes        ; |SMMA_Top|Frame_Builder:u_fb|buf_mem[38][2]                                              ;
; 3:1                ; 16 bits   ; 32 LEs        ; 0 LEs                ; 32 LEs                 ; Yes        ; |SMMA_Top|Frame_Builder:u_fb|buf_mem[39][2]                                              ;
; 3:1                ; 16 bits   ; 32 LEs        ; 0 LEs                ; 32 LEs                 ; Yes        ; |SMMA_Top|Frame_Builder:u_fb|buf_mem[40][2]                                              ;
; 3:1                ; 16 bits   ; 32 LEs        ; 0 LEs                ; 32 LEs                 ; Yes        ; |SMMA_Top|Frame_Builder:u_fb|buf_mem[41][0]                                              ;
; 3:1                ; 16 bits   ; 32 LEs        ; 0 LEs                ; 32 LEs                 ; Yes        ; |SMMA_Top|Frame_Builder:u_fb|buf_mem[42][8]                                              ;
; 3:1                ; 16 bits   ; 32 LEs        ; 0 LEs                ; 32 LEs                 ; Yes        ; |SMMA_Top|Frame_Builder:u_fb|buf_mem[43][15]                                             ;
; 3:1                ; 16 bits   ; 32 LEs        ; 0 LEs                ; 32 LEs                 ; Yes        ; |SMMA_Top|Frame_Builder:u_fb|buf_mem[44][3]                                              ;
; 3:1                ; 16 bits   ; 32 LEs        ; 0 LEs                ; 32 LEs                 ; Yes        ; |SMMA_Top|Frame_Builder:u_fb|buf_mem[45][0]                                              ;
; 3:1                ; 16 bits   ; 32 LEs        ; 0 LEs                ; 32 LEs                 ; Yes        ; |SMMA_Top|Frame_Builder:u_fb|buf_mem[46][13]                                             ;
; 3:1                ; 16 bits   ; 32 LEs        ; 0 LEs                ; 32 LEs                 ; Yes        ; |SMMA_Top|Frame_Builder:u_fb|buf_mem[47][1]                                              ;
; 3:1                ; 16 bits   ; 32 LEs        ; 0 LEs                ; 32 LEs                 ; Yes        ; |SMMA_Top|Frame_Builder:u_fb|buf_mem[48][6]                                              ;
; 3:1                ; 16 bits   ; 32 LEs        ; 0 LEs                ; 32 LEs                 ; Yes        ; |SMMA_Top|Frame_Builder:u_fb|buf_mem[49][0]                                              ;
; 3:1                ; 16 bits   ; 32 LEs        ; 0 LEs                ; 32 LEs                 ; Yes        ; |SMMA_Top|Frame_Builder:u_fb|buf_mem[50][2]                                              ;
; 3:1                ; 16 bits   ; 32 LEs        ; 0 LEs                ; 32 LEs                 ; Yes        ; |SMMA_Top|Frame_Builder:u_fb|buf_mem[51][5]                                              ;
; 3:1                ; 16 bits   ; 32 LEs        ; 0 LEs                ; 32 LEs                 ; Yes        ; |SMMA_Top|Frame_Builder:u_fb|buf_mem[52][3]                                              ;
; 3:1                ; 16 bits   ; 32 LEs        ; 0 LEs                ; 32 LEs                 ; Yes        ; |SMMA_Top|Frame_Builder:u_fb|buf_mem[53][11]                                             ;
; 3:1                ; 16 bits   ; 32 LEs        ; 0 LEs                ; 32 LEs                 ; Yes        ; |SMMA_Top|Frame_Builder:u_fb|buf_mem[54][0]                                              ;
; 3:1                ; 16 bits   ; 32 LEs        ; 0 LEs                ; 32 LEs                 ; Yes        ; |SMMA_Top|Frame_Builder:u_fb|buf_mem[55][2]                                              ;
; 3:1                ; 16 bits   ; 32 LEs        ; 0 LEs                ; 32 LEs                 ; Yes        ; |SMMA_Top|Frame_Builder:u_fb|buf_mem[56][14]                                             ;
; 3:1                ; 16 bits   ; 32 LEs        ; 0 LEs                ; 32 LEs                 ; Yes        ; |SMMA_Top|Frame_Builder:u_fb|buf_mem[57][15]                                             ;
; 3:1                ; 16 bits   ; 32 LEs        ; 0 LEs                ; 32 LEs                 ; Yes        ; |SMMA_Top|Frame_Builder:u_fb|buf_mem[58][0]                                              ;
; 3:1                ; 16 bits   ; 32 LEs        ; 0 LEs                ; 32 LEs                 ; Yes        ; |SMMA_Top|Frame_Builder:u_fb|buf_mem[59][7]                                              ;
; 3:1                ; 16 bits   ; 32 LEs        ; 0 LEs                ; 32 LEs                 ; Yes        ; |SMMA_Top|Frame_Builder:u_fb|buf_mem[60][1]                                              ;
; 3:1                ; 16 bits   ; 32 LEs        ; 0 LEs                ; 32 LEs                 ; Yes        ; |SMMA_Top|Frame_Builder:u_fb|buf_mem[61][14]                                             ;
; 3:1                ; 16 bits   ; 32 LEs        ; 0 LEs                ; 32 LEs                 ; Yes        ; |SMMA_Top|Frame_Builder:u_fb|buf_mem[62][15]                                             ;
; 3:1                ; 16 bits   ; 32 LEs        ; 0 LEs                ; 32 LEs                 ; Yes        ; |SMMA_Top|Frame_Builder:u_fb|buf_mem[63][3]                                              ;
; 6:1                ; 7 bits    ; 28 LEs        ; 14 LEs               ; 14 LEs                 ; Yes        ; |SMMA_Top|Frame_Builder:u_fb|quadro[6]                                                   ;
; 7:1                ; 7 bits    ; 28 LEs        ; 14 LEs               ; 14 LEs                 ; Yes        ; |SMMA_Top|Frame_Builder:u_fb|novas[6]                                                    ;
; 8:1                ; 6 bits    ; 30 LEs        ; 12 LEs               ; 18 LEs                 ; Yes        ; |SMMA_Top|Frame_Builder:u_fb|rd_cnt[0]                                                   ;
; 7:1                ; 2 bits    ; 8 LEs         ; 6 LEs                ; 2 LEs                  ; No         ; |SMMA_Top|Frame_Builder:u_fb|state                                                       ;
; 3:1                ; 32 bits   ; 64 LEs        ; 0 LEs                ; 64 LEs                 ; Yes        ; |SMMA_Top|CNN_Top:u_cnn|CNN_Line_Buffer:u_linebuf|w22[5]                                 ;
; 3:1                ; 32 bits   ; 64 LEs        ; 0 LEs                ; 64 LEs                 ; Yes        ; |SMMA_Top|CNN_Top:u_cnn|CNN_Line_Buffer:u_linebuf|line_mem0[0][14]                       ;
; 3:1                ; 32 bits   ; 64 LEs        ; 0 LEs                ; 64 LEs                 ; Yes        ; |SMMA_Top|CNN_Top:u_cnn|CNN_Line_Buffer:u_linebuf|line_mem1[1][12]                       ;
; 3:1                ; 32 bits   ; 64 LEs        ; 0 LEs                ; 64 LEs                 ; Yes        ; |SMMA_Top|CNN_Top:u_cnn|CNN_Line_Buffer:u_linebuf|line_mem1[2][5]                        ;
; 3:1                ; 32 bits   ; 64 LEs        ; 0 LEs                ; 64 LEs                 ; Yes        ; |SMMA_Top|CNN_Top:u_cnn|CNN_Line_Buffer:u_linebuf|line_mem1[3][10]                       ;
; 3:1                ; 32 bits   ; 64 LEs        ; 0 LEs                ; 64 LEs                 ; Yes        ; |SMMA_Top|CNN_Top:u_cnn|CNN_Line_Buffer:u_linebuf|line_mem0[4][8]                        ;
; 3:1                ; 32 bits   ; 64 LEs        ; 0 LEs                ; 64 LEs                 ; Yes        ; |SMMA_Top|CNN_Top:u_cnn|CNN_Line_Buffer:u_linebuf|line_mem1[5][1]                        ;
; 3:1                ; 32 bits   ; 64 LEs        ; 0 LEs                ; 64 LEs                 ; Yes        ; |SMMA_Top|CNN_Top:u_cnn|CNN_Line_Buffer:u_linebuf|line_mem1[6][0]                        ;
; 3:1                ; 32 bits   ; 64 LEs        ; 0 LEs                ; 64 LEs                 ; Yes        ; |SMMA_Top|CNN_Top:u_cnn|CNN_Line_Buffer:u_linebuf|line_mem1[7][0]                        ;
; 3:1                ; 32 bits   ; 64 LEs        ; 0 LEs                ; 64 LEs                 ; Yes        ; |SMMA_Top|CNN_Top:u_cnn|CNN_Line_Buffer:u_linebuf|line_mem1[8][0]                        ;
; 3:1                ; 32 bits   ; 64 LEs        ; 0 LEs                ; 64 LEs                 ; Yes        ; |SMMA_Top|CNN_Top:u_cnn|CNN_Line_Buffer:u_linebuf|line_mem1[9][0]                        ;
; 3:1                ; 32 bits   ; 64 LEs        ; 0 LEs                ; 64 LEs                 ; Yes        ; |SMMA_Top|CNN_Top:u_cnn|CNN_Line_Buffer:u_linebuf|line_mem1[10][0]                       ;
; 3:1                ; 32 bits   ; 64 LEs        ; 0 LEs                ; 64 LEs                 ; Yes        ; |SMMA_Top|CNN_Top:u_cnn|CNN_Line_Buffer:u_linebuf|line_mem1[11][0]                       ;
; 3:1                ; 32 bits   ; 64 LEs        ; 0 LEs                ; 64 LEs                 ; Yes        ; |SMMA_Top|CNN_Top:u_cnn|CNN_Line_Buffer:u_linebuf|line_mem0[12][10]                      ;
; 3:1                ; 32 bits   ; 64 LEs        ; 0 LEs                ; 64 LEs                 ; Yes        ; |SMMA_Top|CNN_Top:u_cnn|CNN_Line_Buffer:u_linebuf|line_mem1[13][0]                       ;
; 3:1                ; 32 bits   ; 64 LEs        ; 0 LEs                ; 64 LEs                 ; Yes        ; |SMMA_Top|CNN_Top:u_cnn|CNN_Line_Buffer:u_linebuf|line_mem0[14][7]                       ;
; 3:1                ; 32 bits   ; 64 LEs        ; 0 LEs                ; 64 LEs                 ; Yes        ; |SMMA_Top|CNN_Top:u_cnn|CNN_Line_Buffer:u_linebuf|line_mem0[15][1]                       ;
; 3:1                ; 32 bits   ; 64 LEs        ; 0 LEs                ; 64 LEs                 ; Yes        ; |SMMA_Top|CNN_Top:u_cnn|CNN_Line_Buffer:u_linebuf|line_mem1[16][12]                      ;
; 3:1                ; 32 bits   ; 64 LEs        ; 0 LEs                ; 64 LEs                 ; Yes        ; |SMMA_Top|CNN_Top:u_cnn|CNN_Line_Buffer:u_linebuf|line_mem1[17][14]                      ;
; 3:1                ; 32 bits   ; 64 LEs        ; 0 LEs                ; 64 LEs                 ; Yes        ; |SMMA_Top|CNN_Top:u_cnn|CNN_Line_Buffer:u_linebuf|line_mem0[18][5]                       ;
; 3:1                ; 32 bits   ; 64 LEs        ; 0 LEs                ; 64 LEs                 ; Yes        ; |SMMA_Top|CNN_Top:u_cnn|CNN_Line_Buffer:u_linebuf|line_mem1[19][11]                      ;
; 3:1                ; 32 bits   ; 64 LEs        ; 0 LEs                ; 64 LEs                 ; Yes        ; |SMMA_Top|CNN_Top:u_cnn|CNN_Line_Buffer:u_linebuf|line_mem0[20][14]                      ;
; 3:1                ; 32 bits   ; 64 LEs        ; 0 LEs                ; 64 LEs                 ; Yes        ; |SMMA_Top|CNN_Top:u_cnn|CNN_Line_Buffer:u_linebuf|line_mem1[21][9]                       ;
; 3:1                ; 32 bits   ; 64 LEs        ; 0 LEs                ; 64 LEs                 ; Yes        ; |SMMA_Top|CNN_Top:u_cnn|CNN_Line_Buffer:u_linebuf|line_mem1[22][9]                       ;
; 3:1                ; 32 bits   ; 64 LEs        ; 0 LEs                ; 64 LEs                 ; Yes        ; |SMMA_Top|CNN_Top:u_cnn|CNN_Line_Buffer:u_linebuf|line_mem0[23][14]                      ;
; 3:1                ; 32 bits   ; 64 LEs        ; 0 LEs                ; 64 LEs                 ; Yes        ; |SMMA_Top|CNN_Top:u_cnn|CNN_Line_Buffer:u_linebuf|line_mem1[24][0]                       ;
; 3:1                ; 32 bits   ; 64 LEs        ; 0 LEs                ; 64 LEs                 ; Yes        ; |SMMA_Top|CNN_Top:u_cnn|CNN_Line_Buffer:u_linebuf|line_mem0[25][15]                      ;
; 3:1                ; 32 bits   ; 64 LEs        ; 0 LEs                ; 64 LEs                 ; Yes        ; |SMMA_Top|CNN_Top:u_cnn|CNN_Line_Buffer:u_linebuf|line_mem0[26][4]                       ;
; 3:1                ; 32 bits   ; 64 LEs        ; 0 LEs                ; 64 LEs                 ; Yes        ; |SMMA_Top|CNN_Top:u_cnn|CNN_Line_Buffer:u_linebuf|line_mem1[27][12]                      ;
; 3:1                ; 32 bits   ; 64 LEs        ; 0 LEs                ; 64 LEs                 ; Yes        ; |SMMA_Top|CNN_Top:u_cnn|CNN_Line_Buffer:u_linebuf|line_mem1[28][6]                       ;
; 3:1                ; 32 bits   ; 64 LEs        ; 0 LEs                ; 64 LEs                 ; Yes        ; |SMMA_Top|CNN_Top:u_cnn|CNN_Line_Buffer:u_linebuf|line_mem0[29][3]                       ;
; 3:1                ; 32 bits   ; 64 LEs        ; 0 LEs                ; 64 LEs                 ; Yes        ; |SMMA_Top|CNN_Top:u_cnn|CNN_Line_Buffer:u_linebuf|line_mem1[30][1]                       ;
; 3:1                ; 32 bits   ; 64 LEs        ; 0 LEs                ; 64 LEs                 ; Yes        ; |SMMA_Top|CNN_Top:u_cnn|CNN_Line_Buffer:u_linebuf|line_mem0[31][0]                       ;
; 3:1                ; 32 bits   ; 64 LEs        ; 0 LEs                ; 64 LEs                 ; Yes        ; |SMMA_Top|CNN_Top:u_cnn|CNN_Line_Buffer:u_linebuf|line_mem0[32][13]                      ;
; 4:1                ; 6 bits    ; 12 LEs        ; 12 LEs               ; 0 LEs                  ; Yes        ; |SMMA_Top|CNN_Top:u_cnn|CNN_Line_Buffer:u_linebuf|p_row[2]                               ;
; 4:1                ; 6 bits    ; 12 LEs        ; 12 LEs               ; 0 LEs                  ; Yes        ; |SMMA_Top|CNN_Top:u_cnn|CNN_Line_Buffer:u_linebuf|p_col[0]                               ;
; 4:1                ; 96 bits   ; 192 LEs       ; 0 LEs                ; 192 LEs                ; Yes        ; |SMMA_Top|CNN_Top:u_cnn|CNN_Line_Buffer:u_linebuf|w00[9]                                 ;
; 4:1                ; 5 bits    ; 10 LEs        ; 10 LEs               ; 0 LEs                  ; Yes        ; |SMMA_Top|FFT_Log2_Compress:u_log2|out_pixel[14]                                         ;
; 6:1                ; 6 bits    ; 24 LEs        ; 12 LEs               ; 12 LEs                 ; Yes        ; |SMMA_Top|Spectrogram_Buffer:u_sb|quadro_cnt[0]                                          ;
; 7:1                ; 6 bits    ; 24 LEs        ; 12 LEs               ; 12 LEs                 ; Yes        ; |SMMA_Top|Spectrogram_Buffer:u_sb|bin_cnt[5]                                             ;
; 66:1               ; 16 bits   ; 704 LEs       ; 352 LEs              ; 352 LEs                ; Yes        ; |SMMA_Top|CNN_Top:u_cnn|CNN_Line_Buffer:u_linebuf|w02[6]                                 ;
; 13:1               ; 2 bits    ; 16 LEs        ; 14 LEs               ; 2 LEs                  ; Yes        ; |SMMA_Top|FFT_Log2_Compress:u_log2|out_pixel[9]                                          ;
; 13:1               ; 3 bits    ; 24 LEs        ; 21 LEs               ; 3 LEs                  ; Yes        ; |SMMA_Top|FFT_Log2_Compress:u_log2|out_pixel[7]                                          ;
; 4:1                ; 10 bits   ; 20 LEs        ; 20 LEs               ; 0 LEs                  ; No         ; |SMMA_Top|FFT_Log2_Compress:u_log2|ShiftLeft1                                            ;
; 4:1                ; 10 bits   ; 20 LEs        ; 20 LEs               ; 0 LEs                  ; No         ; |SMMA_Top|FFT_Log2_Compress:u_log2|ShiftRight0                                           ;
; 6:1                ; 10 bits   ; 40 LEs        ; 20 LEs               ; 20 LEs                 ; No         ; |SMMA_Top|Spectrogram_Buffer:u_sb|rd_addr                                                ;
; 7:1                ; 3 bits    ; 12 LEs        ; 9 LEs                ; 3 LEs                  ; No         ; |SMMA_Top|Spectrogram_Buffer:u_sb|state                                                  ;
; 3:1                ; 16 bits   ; 32 LEs        ; 0 LEs                ; 32 LEs                 ; Yes        ; |SMMA_Top|Sample_Source:u_src|out_sample[0]                                              ;
; 3:1                ; 7 bits    ; 14 LEs        ; 7 LEs                ; 7 LEs                  ; Yes        ; |SMMA_Top|FIR_Decimator:u_fir|preench[0]                                                 ;
; 3:1                ; 1008 bits ; 2016 LEs      ; 0 LEs                ; 2016 LEs               ; Yes        ; |SMMA_Top|FIR_Decimator:u_fir|linha[16][2]                                               ;
; 4:1                ; 22 bits   ; 44 LEs        ; 22 LEs               ; 22 LEs                 ; Yes        ; |SMMA_Top|Sample_Source:u_src|addr[18]                                                   ;
; 4:1                ; 18 bits   ; 36 LEs        ; 18 LEs               ; 18 LEs                 ; Yes        ; |SMMA_Top|Sample_Source:u_src|addr[16]                                                   ;
; 4:1                ; 7 bits    ; 14 LEs        ; 14 LEs               ; 0 LEs                  ; Yes        ; |SMMA_Top|FIR_Decimator:u_fir|tap[4]                                                     ;
; 4:1                ; 40 bits   ; 80 LEs        ; 40 LEs               ; 40 LEs                 ; Yes        ; |SMMA_Top|FIR_Decimator:u_fir|acc[17]                                                    ;
; 4:1                ; 4 bits    ; 8 LEs         ; 8 LEs                ; 0 LEs                  ; Yes        ; |SMMA_Top|FIR_Decimator:u_fir|fase[0]                                                    ;
; 5:1                ; 16 bits   ; 48 LEs        ; 32 LEs               ; 16 LEs                 ; Yes        ; |SMMA_Top|FIR_Decimator:u_fir|out_sample[13]                                             ;
; 4:1                ; 17 bits   ; 34 LEs        ; 34 LEs               ; 0 LEs                  ; No         ; |SMMA_Top|Sample_Source:u_src|addr_prox[16]                                              ;
; 64:1               ; 16 bits   ; 672 LEs       ; 672 LEs              ; 0 LEs                  ; No         ; |SMMA_Top|FIR_Decimator:u_fir|Mux7                                                       ;
; 3:1                ; 3 bits    ; 6 LEs         ; 3 LEs                ; 3 LEs                  ; Yes        ; |SMMA_Top|r_tree_class[1]                                                                ;
; 3:1                ; 2 bits    ; 4 LEs         ; 2 LEs                ; 2 LEs                  ; Yes        ; |SMMA_Top|r_cnn_class[0]                                                                 ;
; 3:1                ; 13 bits   ; 26 LEs        ; 0 LEs                ; 26 LEs                 ; Yes        ; |SMMA_Top|Feature_Temporal:u_ft|es_reg[7]                                                ;
; 3:1                ; 16 bits   ; 32 LEs        ; 0 LEs                ; 32 LEs                 ; Yes        ; |SMMA_Top|Feature_Temporal:u_ft|d_reg[7]                                                 ;
; 4:1                ; 16 bits   ; 32 LEs        ; 0 LEs                ; 32 LEs                 ; Yes        ; |SMMA_Top|CNN_Top:u_cnn|CNN_Control_FSM:u_ctrl|pool_cnt[3]                               ;
; 4:1                ; 12 bits   ; 24 LEs        ; 0 LEs                ; 24 LEs                 ; Yes        ; |SMMA_Top|n_dec[0]                                                                       ;
; 5:1                ; 11 bits   ; 33 LEs        ; 0 LEs                ; 33 LEs                 ; Yes        ; |SMMA_Top|Sample_Source:u_src|divisor[2]                                                 ;
; 5:1                ; 2 bits    ; 6 LEs         ; 4 LEs                ; 2 LEs                  ; Yes        ; |SMMA_Top|ML_Tree_Classifier:u_tree|classe_reg[0]                                        ;
; 6:1                ; 6 bits    ; 24 LEs        ; 12 LEs               ; 12 LEs                 ; Yes        ; |SMMA_Top|Frame_Builder:u_fb|wr_ptr[0]                                                   ;
; 11:1               ; 4 bits    ; 28 LEs        ; 12 LEs               ; 16 LEs                 ; Yes        ; |SMMA_Top|Feature_Temporal:u_ft|t[3]                                                     ;
; 20:1               ; 16 bits   ; 208 LEs       ; 128 LEs              ; 80 LEs                 ; Yes        ; |SMMA_Top|Feature_Temporal:u_ft|ma[13]                                                   ;
; 22:1               ; 16 bits   ; 224 LEs       ; 160 LEs              ; 64 LEs                 ; Yes        ; |SMMA_Top|Feature_Temporal:u_ft|mb[8]                                                    ;
; 3:1                ; 4 bits    ; 8 LEs         ; 8 LEs                ; 0 LEs                  ; No         ; |SMMA_Top|LEDR                                                                           ;
; 3:1                ; 16 bits   ; 32 LEs        ; 32 LEs               ; 0 LEs                  ; No         ; |SMMA_Top|Feature_Temporal:u_ft|e_novo[15]                                               ;
; 32:1               ; 19 bits   ; 399 LEs       ; 399 LEs              ; 0 LEs                  ; No         ; |SMMA_Top|Feature_Spectral:u_fs|Mux17                                                    ;
; 64:1               ; 16 bits   ; 672 LEs       ; 400 LEs              ; 272 LEs                ; No         ; |SMMA_Top|CNN_Top:u_cnn|CNN_Line_Buffer:u_linebuf|Mux11                                  ;
; 8:1                ; 3 bits    ; 15 LEs        ; 12 LEs               ; 3 LEs                  ; No         ; |SMMA_Top|est                                                                            ;
; 9:1                ; 2 bits    ; 12 LEs        ; 6 LEs                ; 6 LEs                  ; No         ; |SMMA_Top|est                                                                            ;
; 10:1               ; 5 bits    ; 30 LEs        ; 20 LEs               ; 10 LEs                 ; No         ; |SMMA_Top|CNN_Top:u_cnn|CNN_Control_FSM:u_ctrl|state                                     ;
; 5:1                ; 48 bits   ; 144 LEs       ; 0 LEs                ; 144 LEs                ; Yes        ; |SMMA_Top|Feature_Temporal:u_ft|sd2[5]                                                   ;
; 5:1                ; 48 bits   ; 144 LEs       ; 0 LEs                ; 144 LEs                ; Yes        ; |SMMA_Top|Feature_Temporal:u_ft|se2[25]                                                  ;
; 6:1                ; 48 bits   ; 192 LEs       ; 0 LEs                ; 192 LEs                ; Yes        ; |SMMA_Top|Feature_Temporal:u_ft|r[0][47]                                                 ;
; 6:1                ; 48 bits   ; 192 LEs       ; 0 LEs                ; 192 LEs                ; Yes        ; |SMMA_Top|Feature_Temporal:u_ft|r[1][0]                                                  ;
; 6:1                ; 48 bits   ; 192 LEs       ; 0 LEs                ; 192 LEs                ; Yes        ; |SMMA_Top|Feature_Temporal:u_ft|r[2][47]                                                 ;
; 6:1                ; 48 bits   ; 192 LEs       ; 0 LEs                ; 192 LEs                ; Yes        ; |SMMA_Top|Feature_Temporal:u_ft|r[3][20]                                                 ;
; 6:1                ; 16 bits   ; 64 LEs        ; 0 LEs                ; 64 LEs                 ; Yes        ; |SMMA_Top|Feature_Temporal:u_ft|w[7][10]                                                 ;
; 6:1                ; 16 bits   ; 64 LEs        ; 0 LEs                ; 64 LEs                 ; Yes        ; |SMMA_Top|Feature_Temporal:u_ft|w[6][5]                                                  ;
; 6:1                ; 16 bits   ; 64 LEs        ; 0 LEs                ; 64 LEs                 ; Yes        ; |SMMA_Top|Feature_Temporal:u_ft|w[5][2]                                                  ;
; 6:1                ; 16 bits   ; 64 LEs        ; 0 LEs                ; 64 LEs                 ; Yes        ; |SMMA_Top|Feature_Temporal:u_ft|w[4][7]                                                  ;
; 6:1                ; 16 bits   ; 64 LEs        ; 0 LEs                ; 64 LEs                 ; Yes        ; |SMMA_Top|Feature_Temporal:u_ft|w[3][7]                                                  ;
; 6:1                ; 16 bits   ; 64 LEs        ; 0 LEs                ; 64 LEs                 ; Yes        ; |SMMA_Top|Feature_Temporal:u_ft|w[2][0]                                                  ;
; 6:1                ; 16 bits   ; 64 LEs        ; 0 LEs                ; 64 LEs                 ; Yes        ; |SMMA_Top|Feature_Temporal:u_ft|w[1][0]                                                  ;
; 6:1                ; 16 bits   ; 64 LEs        ; 0 LEs                ; 64 LEs                 ; Yes        ; |SMMA_Top|Feature_Temporal:u_ft|w[0][9]                                                  ;
; 7:1                ; 16 bits   ; 64 LEs        ; 32 LEs               ; 32 LEs                 ; Yes        ; |SMMA_Top|Feature_Temporal:u_ft|y_acc[0]                                                 ;
; 4:1                ; 48 bits   ; 96 LEs        ; 96 LEs               ; 0 LEs                  ; No         ; |SMMA_Top|Feature_Temporal:u_ft|Mux72                                                    ;
; 3:1                ; 16 bits   ; 32 LEs        ; 32 LEs               ; 0 LEs                  ; No         ; |SMMA_Top|Feature_Temporal:u_ft|prod_q15[6]                                              ;
; 3:1                ; 16 bits   ; 32 LEs        ; 32 LEs               ; 0 LEs                  ; No         ; |SMMA_Top|Feature_Temporal:u_ft|sat16                                                    ;
; 8:1                ; 16 bits   ; 80 LEs        ; 80 LEs               ; 0 LEs                  ; No         ; |SMMA_Top|Feature_Temporal:u_ft|Mux54                                                    ;
; 3:1                ; 14 bits   ; 28 LEs        ; 0 LEs                ; 28 LEs                 ; Yes        ; |SMMA_Top|FFT_Top:u_fft|idx_d2[0]                                                        ;
; 3:1                ; 7 bits    ; 14 LEs        ; 14 LEs               ; 0 LEs                  ; Yes        ; |SMMA_Top|FFT_Top:u_fft|FFT_Control_FSM:u_control|wb_valid[4]                            ;
; 3:1                ; 84 bits   ; 168 LEs       ; 0 LEs                ; 168 LEs                ; Yes        ; |SMMA_Top|FFT_Top:u_fft|FFT_Control_FSM:u_control|wb_p[0][4]                             ;
; 4:1                ; 16 bits   ; 32 LEs        ; 16 LEs               ; 16 LEs                 ; Yes        ; |SMMA_Top|FFT_Top:u_fft|FFT_Magnitude:u_magnitude|out_mag[12]                            ;
; 4:1                ; 32 bits   ; 64 LEs        ; 0 LEs                ; 64 LEs                 ; Yes        ; |SMMA_Top|FFT_Top:u_fft|FFT_Magnitude:u_magnitude|max_val[0]                             ;
; 5:1                ; 15 bits   ; 45 LEs        ; 30 LEs               ; 15 LEs                 ; Yes        ; |SMMA_Top|FFT_Top:u_fft|FFT_Butterfly:u_butterfly|p_real[9]                              ;
; 5:1                ; 15 bits   ; 45 LEs        ; 30 LEs               ; 15 LEs                 ; Yes        ; |SMMA_Top|FFT_Top:u_fft|FFT_Butterfly:u_butterfly|p_imag[2]                              ;
; 5:1                ; 15 bits   ; 45 LEs        ; 30 LEs               ; 15 LEs                 ; Yes        ; |SMMA_Top|FFT_Top:u_fft|FFT_Butterfly:u_butterfly|q_real[8]                              ;
; 5:1                ; 15 bits   ; 45 LEs        ; 30 LEs               ; 15 LEs                 ; Yes        ; |SMMA_Top|FFT_Top:u_fft|FFT_Butterfly:u_butterfly|q_imag[2]                              ;
; 5:1                ; 4 bits    ; 12 LEs        ; 8 LEs                ; 4 LEs                  ; Yes        ; |SMMA_Top|FFT_Top:u_fft|FFT_Control_FSM:u_control|drain_cnt[0]                           ;
; 6:1                ; 2 bits    ; 8 LEs         ; 4 LEs                ; 4 LEs                  ; Yes        ; |SMMA_Top|FFT_Top:u_fft|FFT_Control_FSM:u_control|stage_r[1]                             ;
; 7:1                ; 7 bits    ; 28 LEs        ; 14 LEs               ; 14 LEs                 ; Yes        ; |SMMA_Top|FFT_Top:u_fft|FFT_Control_FSM:u_control|unload_cnt[0]                          ;
; 7:1                ; 2 bits    ; 8 LEs         ; 4 LEs                ; 4 LEs                  ; Yes        ; |SMMA_Top|FFT_Top:u_fft|FFT_Control_FSM:u_control|flush_cnt[0]                           ;
; 8:1                ; 6 bits    ; 30 LEs        ; 12 LEs               ; 18 LEs                 ; Yes        ; |SMMA_Top|FFT_Top:u_fft|FFT_Control_FSM:u_control|bfly_cnt[3]                            ;
; 3:1                ; 7 bits    ; 14 LEs        ; 14 LEs               ; 0 LEs                  ; No         ; |SMMA_Top|FFT_Top:u_fft|FFT_Control_FSM:u_control|load_cnt                               ;
; 3:1                ; 6 bits    ; 12 LEs        ; 12 LEs               ; 0 LEs                  ; No         ; |SMMA_Top|FFT_Top:u_fft|FFT_Control_FSM:u_control|mem_b_addr[1]                          ;
; 5:1                ; 6 bits    ; 18 LEs        ; 18 LEs               ; 0 LEs                  ; No         ; |SMMA_Top|FFT_Top:u_fft|FFT_Control_FSM:u_control|Selector39                             ;
; 65:1               ; 16 bits   ; 688 LEs       ; 688 LEs              ; 0 LEs                  ; No         ; |SMMA_Top|FFT_Top:u_fft|mem_a_din[9]                                                     ;
; 14:1               ; 5 bits    ; 45 LEs        ; 25 LEs               ; 20 LEs                 ; No         ; |SMMA_Top|FFT_Top:u_fft|FFT_Control_FSM:u_control|state                                  ;
; 14:1               ; 2 bits    ; 18 LEs        ; 8 LEs                ; 10 LEs                 ; No         ; |SMMA_Top|FFT_Top:u_fft|FFT_Control_FSM:u_control|state                                  ;
; 3:1                ; 4 bits    ; 8 LEs         ; 4 LEs                ; 4 LEs                  ; Yes        ; |SMMA_Top|feat_idx[3]                                                                    ;
; 3:1                ; 16 bits   ; 32 LEs        ; 0 LEs                ; 32 LEs                 ; Yes        ; |SMMA_Top|ML_Tree_Classifier:u_tree|feat[0][0]                                           ;
; 3:1                ; 16 bits   ; 32 LEs        ; 0 LEs                ; 32 LEs                 ; Yes        ; |SMMA_Top|ML_Tree_Classifier:u_tree|feat[8][1]                                           ;
; 3:1                ; 16 bits   ; 32 LEs        ; 0 LEs                ; 32 LEs                 ; Yes        ; |SMMA_Top|ML_Tree_Classifier:u_tree|feat[4][3]                                           ;
; 3:1                ; 16 bits   ; 32 LEs        ; 0 LEs                ; 32 LEs                 ; Yes        ; |SMMA_Top|ML_Tree_Classifier:u_tree|feat[2][3]                                           ;
; 3:1                ; 16 bits   ; 32 LEs        ; 0 LEs                ; 32 LEs                 ; Yes        ; |SMMA_Top|ML_Tree_Classifier:u_tree|feat[10][9]                                          ;
; 3:1                ; 16 bits   ; 32 LEs        ; 0 LEs                ; 32 LEs                 ; Yes        ; |SMMA_Top|ML_Tree_Classifier:u_tree|feat[6][1]                                           ;
; 3:1                ; 16 bits   ; 32 LEs        ; 0 LEs                ; 32 LEs                 ; Yes        ; |SMMA_Top|ML_Tree_Classifier:u_tree|feat[1][2]                                           ;
; 3:1                ; 16 bits   ; 32 LEs        ; 0 LEs                ; 32 LEs                 ; Yes        ; |SMMA_Top|ML_Tree_Classifier:u_tree|feat[9][2]                                           ;
; 3:1                ; 16 bits   ; 32 LEs        ; 0 LEs                ; 32 LEs                 ; Yes        ; |SMMA_Top|ML_Tree_Classifier:u_tree|feat[5][5]                                           ;
; 3:1                ; 16 bits   ; 32 LEs        ; 0 LEs                ; 32 LEs                 ; Yes        ; |SMMA_Top|ML_Tree_Classifier:u_tree|feat[3][15]                                          ;
; 3:1                ; 16 bits   ; 32 LEs        ; 0 LEs                ; 32 LEs                 ; Yes        ; |SMMA_Top|ML_Tree_Classifier:u_tree|feat[11][13]                                         ;
; 3:1                ; 16 bits   ; 32 LEs        ; 0 LEs                ; 32 LEs                 ; Yes        ; |SMMA_Top|ML_Tree_Classifier:u_tree|feat[7][11]                                          ;
; 3:1                ; 19 bits   ; 38 LEs        ; 0 LEs                ; 38 LEs                 ; Yes        ; |SMMA_Top|Feature_Spectral:u_fs|s1[7]                                                    ;
; 3:1                ; 19 bits   ; 38 LEs        ; 0 LEs                ; 38 LEs                 ; Yes        ; |SMMA_Top|Feature_Spectral:u_fs|s2[3]                                                    ;
; 3:1                ; 19 bits   ; 38 LEs        ; 0 LEs                ; 38 LEs                 ; Yes        ; |SMMA_Top|Feature_Spectral:u_fs|s3[4]                                                    ;
; 8:1                ; 10 bits   ; 50 LEs        ; 20 LEs               ; 30 LEs                 ; Yes        ; |SMMA_Top|Feature_Spectral:u_fs|div_num[28]                                              ;
; 8:1                ; 19 bits   ; 95 LEs        ; 76 LEs               ; 19 LEs                 ; Yes        ; |SMMA_Top|Feature_Spectral:u_fs|div_num[5]                                               ;
; 6:1                ; 4 bits    ; 16 LEs        ; 8 LEs                ; 8 LEs                  ; Yes        ; |SMMA_Top|ML_Tree_Classifier:u_tree|passos[2]                                            ;
; 7:1                ; 8 bits    ; 32 LEs        ; 8 LEs                ; 24 LEs                 ; Yes        ; |SMMA_Top|ML_Tree_Classifier:u_tree|no_addr[0]                                           ;
; 9:1                ; 3 bits    ; 18 LEs        ; 6 LEs                ; 12 LEs                 ; Yes        ; |SMMA_Top|Feature_Temporal:u_ft|fi[1]                                                    ;
; 16:1               ; 16 bits   ; 160 LEs       ; 128 LEs              ; 32 LEs                 ; No         ; |SMMA_Top|ML_Tree_Classifier:u_tree|Mux15                                                ;
; 32:1               ; 5 bits    ; 105 LEs       ; 105 LEs              ; 0 LEs                  ; No         ; |SMMA_Top|Feature_Spectral:u_fs|Mux36                                                    ;
; 12:1               ; 16 bits   ; 128 LEs       ; 128 LEs              ; 0 LEs                  ; No         ; |SMMA_Top|tree_in_feature[9]                                                             ;
; 9:1                ; 2 bits    ; 12 LEs        ; 10 LEs               ; 2 LEs                  ; No         ; |SMMA_Top|ML_Tree_Classifier:u_tree|state                                                ;
; 14:1               ; 2 bits    ; 18 LEs        ; 8 LEs                ; 10 LEs                 ; No         ; |SMMA_Top|Feature_Temporal:u_ft|state                                                    ;
; 15:1               ; 2 bits    ; 20 LEs        ; 8 LEs                ; 12 LEs                 ; No         ; |SMMA_Top|Feature_Temporal:u_ft|state                                                    ;
; 3:1                ; 16 bits   ; 32 LEs        ; 0 LEs                ; 32 LEs                 ; Yes        ; |SMMA_Top|CNN_Top:u_cnn|CNN_Dense_Classifier:u_dense|score0[13]                          ;
; 3:1                ; 16 bits   ; 32 LEs        ; 0 LEs                ; 32 LEs                 ; Yes        ; |SMMA_Top|CNN_Top:u_cnn|CNN_Dense_Classifier:u_dense|score1[15]                          ;
; 3:1                ; 16 bits   ; 32 LEs        ; 0 LEs                ; 32 LEs                 ; Yes        ; |SMMA_Top|CNN_Top:u_cnn|CNN_Dense_Classifier:u_dense|score2[15]                          ;
; 3:1                ; 16 bits   ; 32 LEs        ; 0 LEs                ; 32 LEs                 ; Yes        ; |SMMA_Top|CNN_Top:u_cnn|CNN_Dense_Classifier:u_dense|score3[15]                          ;
; 4:1                ; 40 bits   ; 80 LEs        ; 40 LEs               ; 40 LEs                 ; Yes        ; |SMMA_Top|CNN_Top:u_cnn|CNN_Dense_Classifier:u_dense|CNN_MAC_Unit:u_dense_mac|out_acc[9] ;
; 4:1                ; 6 bits    ; 12 LEs        ; 12 LEs               ; 0 LEs                  ; Yes        ; |SMMA_Top|CNN_Top:u_cnn|CNN_Dense_Classifier:u_dense|d_cnt[5]                            ;
; 9:1                ; 15 bits   ; 90 LEs        ; 75 LEs               ; 15 LEs                 ; Yes        ; |SMMA_Top|CNN_Top:u_cnn|CNN_Dense_Classifier:u_dense|CNN_MAC_Unit:u_dense_mac|s1_a[14]   ;
; 5:1                ; 3 bits    ; 9 LEs         ; 6 LEs                ; 3 LEs                  ; Yes        ; |SMMA_Top|CNN_Top:u_cnn|CNN_Dense_Classifier:u_dense|score_idx[1]                        ;
; 6:1                ; 15 bits   ; 60 LEs        ; 15 LEs               ; 45 LEs                 ; Yes        ; |SMMA_Top|CNN_Top:u_cnn|CNN_Dense_Classifier:u_dense|feat_reg[118]                       ;
; 6:1                ; 15 bits   ; 60 LEs        ; 15 LEs               ; 45 LEs                 ; Yes        ; |SMMA_Top|CNN_Top:u_cnn|CNN_Dense_Classifier:u_dense|feat_reg[109]                       ;
; 6:1                ; 15 bits   ; 60 LEs        ; 15 LEs               ; 45 LEs                 ; Yes        ; |SMMA_Top|CNN_Top:u_cnn|CNN_Dense_Classifier:u_dense|feat_reg[93]                        ;
; 6:1                ; 15 bits   ; 60 LEs        ; 15 LEs               ; 45 LEs                 ; Yes        ; |SMMA_Top|CNN_Top:u_cnn|CNN_Dense_Classifier:u_dense|feat_reg[68]                        ;
; 6:1                ; 15 bits   ; 60 LEs        ; 15 LEs               ; 45 LEs                 ; Yes        ; |SMMA_Top|CNN_Top:u_cnn|CNN_Dense_Classifier:u_dense|feat_reg[50]                        ;
; 6:1                ; 15 bits   ; 60 LEs        ; 15 LEs               ; 45 LEs                 ; Yes        ; |SMMA_Top|CNN_Top:u_cnn|CNN_Dense_Classifier:u_dense|feat_reg[37]                        ;
; 6:1                ; 15 bits   ; 60 LEs        ; 15 LEs               ; 45 LEs                 ; Yes        ; |SMMA_Top|CNN_Top:u_cnn|CNN_Dense_Classifier:u_dense|feat_reg[21]                        ;
; 6:1                ; 15 bits   ; 60 LEs        ; 15 LEs               ; 45 LEs                 ; Yes        ; |SMMA_Top|CNN_Top:u_cnn|CNN_Dense_Classifier:u_dense|feat_reg[13]                        ;
; 3:1                ; 16 bits   ; 32 LEs        ; 32 LEs               ; 0 LEs                  ; No         ; |SMMA_Top|CNN_Top:u_cnn|CNN_Dense_Classifier:u_dense|CNN_ReLU:u_score_scale|out_y[0]     ;
; 3:1                ; 256 bits  ; 512 LEs       ; 0 LEs                ; 512 LEs                ; Yes        ; |SMMA_Top|CNN_Top:u_cnn|CNN_Dense_Classifier:u_dense|gap_acc[7][7]                       ;
; 5:1                ; 64 bits   ; 192 LEs       ; 0 LEs                ; 192 LEs                ; Yes        ; |SMMA_Top|Feature_Temporal:u_ft|n_amostra[7]                                             ;
; 6:1                ; 128 bits  ; 512 LEs       ; 0 LEs                ; 512 LEs                ; Yes        ; |SMMA_Top|Feature_Temporal:u_ft|hist[3][8]                                               ;
; 4:1                ; 120 bits  ; 240 LEs       ; 120 LEs              ; 120 LEs                ; Yes        ; |SMMA_Top|CNN_Top:u_cnn|CNN_Conv_Layer:u_conv|CNN_MAC_Unit:g_filter[5].u_mac|out_acc[9]  ;
; 6:1                ; 15 bits   ; 60 LEs        ; 15 LEs               ; 45 LEs                 ; Yes        ; |SMMA_Top|CNN_Top:u_cnn|CNN_Conv_Layer:u_conv|out_data[3]                                ;
; 6:1                ; 15 bits   ; 60 LEs        ; 15 LEs               ; 45 LEs                 ; Yes        ; |SMMA_Top|CNN_Top:u_cnn|CNN_Conv_Layer:u_conv|out_data[17]                               ;
; 6:1                ; 15 bits   ; 60 LEs        ; 15 LEs               ; 45 LEs                 ; Yes        ; |SMMA_Top|CNN_Top:u_cnn|CNN_Conv_Layer:u_conv|out_data[32]                               ;
; 6:1                ; 15 bits   ; 60 LEs        ; 15 LEs               ; 45 LEs                 ; Yes        ; |SMMA_Top|CNN_Top:u_cnn|CNN_Conv_Layer:u_conv|out_data[58]                               ;
; 6:1                ; 15 bits   ; 60 LEs        ; 15 LEs               ; 45 LEs                 ; Yes        ; |SMMA_Top|CNN_Top:u_cnn|CNN_Conv_Layer:u_conv|out_data[70]                               ;
; 6:1                ; 15 bits   ; 60 LEs        ; 15 LEs               ; 45 LEs                 ; Yes        ; |SMMA_Top|CNN_Top:u_cnn|CNN_Conv_Layer:u_conv|out_data[83]                               ;
; 6:1                ; 15 bits   ; 60 LEs        ; 15 LEs               ; 45 LEs                 ; Yes        ; |SMMA_Top|CNN_Top:u_cnn|CNN_Conv_Layer:u_conv|out_data[105]                              ;
; 6:1                ; 15 bits   ; 60 LEs        ; 15 LEs               ; 45 LEs                 ; Yes        ; |SMMA_Top|CNN_Top:u_cnn|CNN_Conv_Layer:u_conv|out_data[115]                              ;
; 3:1                ; 32 bits   ; 64 LEs        ; 0 LEs                ; 64 LEs                 ; Yes        ; |SMMA_Top|Feature_Spectral:u_fs|Divider_Q15:u_div|divisor[23]                            ;
; 4:1                ; 6 bits    ; 12 LEs        ; 12 LEs               ; 0 LEs                  ; Yes        ; |SMMA_Top|Feature_Spectral:u_fs|Divider_Q15:u_div|passo[5]                               ;
; 4:1                ; 14 bits   ; 28 LEs        ; 0 LEs                ; 28 LEs                 ; Yes        ; |SMMA_Top|Feature_Spectral:u_fs|Divider_Q15:u_div|q[1]                                   ;
; 4:1                ; 16 bits   ; 32 LEs        ; 32 LEs               ; 0 LEs                  ; Yes        ; |SMMA_Top|FFT_Top:u_fft|FFT_Butterfly:u_butterfly|FP_Mult_Unit:u_mult_ir|out_Y[1]        ;
; 4:1                ; 16 bits   ; 32 LEs        ; 32 LEs               ; 0 LEs                  ; Yes        ; |SMMA_Top|FFT_Top:u_fft|FFT_Butterfly:u_butterfly|FP_Mult_Unit:u_mult_ri|out_Y[7]        ;
; 4:1                ; 16 bits   ; 32 LEs        ; 32 LEs               ; 0 LEs                  ; Yes        ; |SMMA_Top|FFT_Top:u_fft|FFT_Butterfly:u_butterfly|FP_Mult_Unit:u_mult_ii|out_Y[7]        ;
; 4:1                ; 16 bits   ; 32 LEs        ; 32 LEs               ; 0 LEs                  ; Yes        ; |SMMA_Top|FFT_Top:u_fft|FFT_Butterfly:u_butterfly|FP_Mult_Unit:u_mult_rr|out_Y[14]       ;
; 5:1                ; 18 bits   ; 54 LEs        ; 0 LEs                ; 54 LEs                 ; Yes        ; |SMMA_Top|Feature_Spectral:u_fs|Divider_Q15:u_div|resto[29]                              ;
; 5:1                ; 28 bits   ; 84 LEs        ; 56 LEs               ; 28 LEs                 ; Yes        ; |SMMA_Top|Feature_Spectral:u_fs|Divider_Q15:u_div|resto[8]                               ;
; 6:1                ; 15 bits   ; 60 LEs        ; 30 LEs               ; 30 LEs                 ; Yes        ; |SMMA_Top|Feature_Spectral:u_fs|Divider_Q15:u_div|quociente[10]                          ;
; 3:1                ; 48 bits   ; 96 LEs        ; 0 LEs                ; 96 LEs                 ; Yes        ; |SMMA_Top|Feature_Temporal:u_ft|Divider_Q15:u_div|divisor[40]                            ;
; 4:1                ; 6 bits    ; 12 LEs        ; 12 LEs               ; 0 LEs                  ; Yes        ; |SMMA_Top|Feature_Temporal:u_ft|Divider_Q15:u_div|passo[0]                               ;
; 4:1                ; 120 bits  ; 240 LEs       ; 120 LEs              ; 120 LEs                ; Yes        ; |SMMA_Top|CNN_Top:u_cnn|CNN_Conv_Layer:u_conv|CNN_MAC_Unit:g_filter[0].u_mac|out_acc[31] ;
; 4:1                ; 14 bits   ; 28 LEs        ; 0 LEs                ; 28 LEs                 ; Yes        ; |SMMA_Top|Feature_Temporal:u_ft|Divider_Q15:u_div|q[0]                                   ;
; 5:1                ; 15 bits   ; 45 LEs        ; 0 LEs                ; 45 LEs                 ; Yes        ; |SMMA_Top|Feature_Temporal:u_ft|Divider_Q15:u_div|resto[54]                              ;
; 5:1                ; 47 bits   ; 141 LEs       ; 94 LEs               ; 47 LEs                 ; Yes        ; |SMMA_Top|Feature_Temporal:u_ft|Divider_Q15:u_div|resto[30]                              ;
; 6:1                ; 15 bits   ; 60 LEs        ; 30 LEs               ; 30 LEs                 ; Yes        ; |SMMA_Top|Feature_Temporal:u_ft|Divider_Q15:u_div|quociente[13]                          ;
; 4:1                ; 4 bits    ; 8 LEs         ; 8 LEs                ; 0 LEs                  ; Yes        ; |SMMA_Top|CNN_Top:u_cnn|CNN_Conv_Layer:u_conv|tap_cnt[2]                                 ;
; 4:1                ; 144 bits  ; 288 LEs       ; 0 LEs                ; 288 LEs                ; Yes        ; |SMMA_Top|CNN_Top:u_cnn|CNN_Conv_Layer:u_conv|win_reg[39]                                ;
; 4:1                ; 80 bits   ; 160 LEs       ; 80 LEs               ; 80 LEs                 ; Yes        ; |SMMA_Top|CNN_Top:u_cnn|CNN_Conv_Layer:u_conv|CNN_MAC_Unit:g_filter[3].u_mac|out_acc[18] ;
; 17:1               ; 16 bits   ; 176 LEs       ; 96 LEs               ; 80 LEs                 ; Yes        ; |SMMA_Top|CNN_Top:u_cnn|CNN_Conv_Layer:u_conv|CNN_MAC_Unit:g_filter[0].u_mac|s1_a[4]     ;
; 3:1                ; 47 bits   ; 94 LEs        ; 94 LEs               ; 0 LEs                  ; Yes        ; |SMMA_Top|Feature_Temporal:u_ft|div_num[1]                                               ;
; 3:1                ; 16 bits   ; 32 LEs        ; 0 LEs                ; 32 LEs                 ; Yes        ; |SMMA_Top|Feature_Temporal:u_ft|feat[0][0]                                               ;
; 3:1                ; 16 bits   ; 32 LEs        ; 0 LEs                ; 32 LEs                 ; Yes        ; |SMMA_Top|Feature_Temporal:u_ft|feat[1][15]                                              ;
; 3:1                ; 16 bits   ; 32 LEs        ; 0 LEs                ; 32 LEs                 ; Yes        ; |SMMA_Top|Feature_Temporal:u_ft|feat[2][14]                                              ;
; 3:1                ; 16 bits   ; 32 LEs        ; 0 LEs                ; 32 LEs                 ; Yes        ; |SMMA_Top|Feature_Temporal:u_ft|feat[3][0]                                               ;
; 4:1                ; 48 bits   ; 96 LEs        ; 96 LEs               ; 0 LEs                  ; No         ; |SMMA_Top|Feature_Temporal:u_ft|Mux175                                                   ;
; 5:1                ; 16 bits   ; 48 LEs        ; 32 LEs               ; 16 LEs                 ; No         ; |SMMA_Top|Feature_Temporal:u_ft|feat                                                     ;
+--------------------+-----------+---------------+----------------------+------------------------+------------+------------------------------------------------------------------------------------------+


+------------------------------------------------------------------------------------------------------+
; Source assignments for ML_Tree_Classifier:u_tree|altsyncram:rom_rtl_0|altsyncram_m0e1:auto_generated ;
+---------------------------------+--------------------+------+----------------------------------------+
; Assignment                      ; Value              ; From ; To                                     ;
+---------------------------------+--------------------+------+----------------------------------------+
; OPTIMIZE_POWER_DURING_SYNTHESIS ; NORMAL_COMPILATION ; -    ; -                                      ;
+---------------------------------+--------------------+------+----------------------------------------+


+----------------------------------------------------------------------------------------------------+
; Source assignments for Spectrogram_Buffer:u_sb|altsyncram:mem_rtl_0|altsyncram_ubn1:auto_generated ;
+---------------------------------+--------------------+------+--------------------------------------+
; Assignment                      ; Value              ; From ; To                                   ;
+---------------------------------+--------------------+------+--------------------------------------+
; OPTIMIZE_POWER_DURING_SYNTHESIS ; NORMAL_COMPILATION ; -    ; -                                    ;
+---------------------------------+--------------------+------+--------------------------------------+


+------------------------------------------------------------------------------------------------+
; Source assignments for Sample_Source:u_src|altsyncram:rom_rtl_0|altsyncram_6nf1:auto_generated ;
+---------------------------------+--------------------+------+----------------------------------+
; Assignment                      ; Value              ; From ; To                               ;
+---------------------------------+--------------------+------+----------------------------------+
; OPTIMIZE_POWER_DURING_SYNTHESIS ; NORMAL_COMPILATION ; -    ; -                                ;
+---------------------------------+--------------------+------+----------------------------------+


+--------------------------------------------------------------------------+
; Parameter Settings for User Entity Instance: Top-level Entity: |SMMA_Top ;
+----------------+-------+-------------------------------------------------+
; Parameter Name ; Value ; Type                                            ;
+----------------+-------+-------------------------------------------------+
; WIDTH          ; 16    ; Signed Integer                                  ;
; FRAC           ; 15    ; Signed Integer                                  ;
; NFFT           ; 64    ; Signed Integer                                  ;
; HOP            ; 32    ; Signed Integer                                  ;
; N_BINS         ; 32    ; Signed Integer                                  ;
; N_QUADROS      ; 32    ; Signed Integer                                  ;
; N_FEATURES     ; 12    ; Signed Integer                                  ;
; N_NOS          ; 141   ; Signed Integer                                  ;
; MODO_RAPIDO    ; 0     ; Signed Integer                                  ;
+----------------+-------+-------------------------------------------------+
Note: In order to hide this table in the UI and the text report file, please set the "Show Parameter Settings in Synthesis Report" option in "Analysis and Synthesis Settings -> More Settings" to "Off".


+------------------------------------------------------------------+
; Parameter Settings for User Entity Instance: Sample_Source:u_src ;
+----------------+---------------------------+---------------------+
; Parameter Name ; Value                     ; Type                ;
+----------------+---------------------------+---------------------+
; WIDTH          ; 16                        ; Signed Integer      ;
; N_JANELAS      ; 12                        ; Signed Integer      ;
; N_AMOSTRAS     ; 8503                      ; Signed Integer      ;
; DIV_TAXA       ; 1953                      ; Signed Integer      ;
; MODO_RAPIDO    ; 0                         ; Signed Integer      ;
; ARQ_AMOSTRAS   ; vetores/demo_amostras.hex ; String              ;
; ARQ_ROTULOS    ; vetores/demo_rotulos.hex  ; String              ;
+----------------+---------------------------+---------------------+
Note: In order to hide this table in the UI and the text report file, please set the "Show Parameter Settings in Synthesis Report" option in "Analysis and Synthesis Settings -> More Settings" to "Off".


+------------------------------------------------------------------+
; Parameter Settings for User Entity Instance: FIR_Decimator:u_fir ;
+----------------+----------------------+--------------------------+
; Parameter Name ; Value                ; Type                     ;
+----------------+----------------------+--------------------------+
; WIDTH          ; 16                   ; Signed Integer           ;
; FRAC           ; 15                   ; Signed Integer           ;
; N_TAPS         ; 63                   ; Signed Integer           ;
; DECIM          ; 8                    ; Signed Integer           ;
; ACC_W          ; 40                   ; Signed Integer           ;
; ARQ_COEF       ; vetores/fir_coef.hex ; String                   ;
+----------------+----------------------+--------------------------+
Note: In order to hide this table in the UI and the text report file, please set the "Show Parameter Settings in Synthesis Report" option in "Analysis and Synthesis Settings -> More Settings" to "Off".


+-----------------------------------------------------------------+
; Parameter Settings for User Entity Instance: Frame_Builder:u_fb ;
+----------------+-------+----------------------------------------+
; Parameter Name ; Value ; Type                                   ;
+----------------+-------+----------------------------------------+
; WIDTH          ; 16    ; Signed Integer                         ;
; NFFT           ; 64    ; Signed Integer                         ;
; HOP            ; 32    ; Signed Integer                         ;
; N_QUADROS      ; 32    ; Signed Integer                         ;
+----------------+-------+----------------------------------------+
Note: In order to hide this table in the UI and the text report file, please set the "Show Parameter Settings in Synthesis Report" option in "Analysis and Synthesis Settings -> More Settings" to "Off".


+------------------------------------------------------------+
; Parameter Settings for User Entity Instance: FFT_Top:u_fft ;
+----------------+--------+----------------------------------+
; Parameter Name ; Value  ; Type                             ;
+----------------+--------+----------------------------------+
; WIDTH          ; 16     ; Signed Integer                   ;
; FRAC           ; 15     ; Signed Integer                   ;
; LOG2N          ; 6      ; Signed Integer                   ;
; SCALE_MASK     ; 001111 ; Unsigned Binary                  ;
+----------------+--------+----------------------------------+
Note: In order to hide this table in the UI and the text report file, please set the "Show Parameter Settings in Synthesis Report" option in "Analysis and Synthesis Settings -> More Settings" to "Off".


+--------------------------------------------------------------------------------------+
; Parameter Settings for User Entity Instance: FFT_Top:u_fft|FFT_Control_FSM:u_control ;
+----------------+--------+------------------------------------------------------------+
; Parameter Name ; Value  ; Type                                                       ;
+----------------+--------+------------------------------------------------------------+
; LOG2N          ; 6      ; Signed Integer                                             ;
; BF_PIPE        ; 7      ; Signed Integer                                             ;
; SCALE_MASK     ; 001111 ; Unsigned Binary                                            ;
+----------------+--------+------------------------------------------------------------+
Note: In order to hide this table in the UI and the text report file, please set the "Show Parameter Settings in Synthesis Report" option in "Analysis and Synthesis Settings -> More Settings" to "Off".


+--------------------------------------------------------------------------------------------------------------+
; Parameter Settings for User Entity Instance: FFT_Top:u_fft|FFT_Control_FSM:u_control|FFT_Addr_Gen:u_addr_gen ;
+----------------+-------+-------------------------------------------------------------------------------------+
; Parameter Name ; Value ; Type                                                                                ;
+----------------+-------+-------------------------------------------------------------------------------------+
; LOG2N          ; 6     ; Signed Integer                                                                      ;
+----------------+-------+-------------------------------------------------------------------------------------+
Note: In order to hide this table in the UI and the text report file, please set the "Show Parameter Settings in Synthesis Report" option in "Analysis and Synthesis Settings -> More Settings" to "Off".


+----------------------------------------------------------------------------------------------------------------+
; Parameter Settings for User Entity Instance: FFT_Top:u_fft|FFT_Control_FSM:u_control|FFT_Bit_Reverse:u_bit_rev ;
+----------------+-------+---------------------------------------------------------------------------------------+
; Parameter Name ; Value ; Type                                                                                  ;
+----------------+-------+---------------------------------------------------------------------------------------+
; LOG2N          ; 6     ; Signed Integer                                                                        ;
+----------------+-------+---------------------------------------------------------------------------------------+
Note: In order to hide this table in the UI and the text report file, please set the "Show Parameter Settings in Synthesis Report" option in "Analysis and Synthesis Settings -> More Settings" to "Off".


+--------------------------------------------------------------------------------+
; Parameter Settings for User Entity Instance: FFT_Top:u_fft|FFT_Memory:u_memory ;
+----------------+-------+-------------------------------------------------------+
; Parameter Name ; Value ; Type                                                  ;
+----------------+-------+-------------------------------------------------------+
; DATA_W         ; 32    ; Signed Integer                                        ;
; ADDR_W         ; 6     ; Signed Integer                                        ;
; DEPTH          ; 64    ; Signed Integer                                        ;
+----------------+-------+-------------------------------------------------------+
Note: In order to hide this table in the UI and the text report file, please set the "Show Parameter Settings in Synthesis Report" option in "Analysis and Synthesis Settings -> More Settings" to "Off".


+--------------------------------------------------------------------------------------+
; Parameter Settings for User Entity Instance: FFT_Top:u_fft|FFT_Twiddle_ROM:u_twiddle ;
+----------------+-------+-------------------------------------------------------------+
; Parameter Name ; Value ; Type                                                        ;
+----------------+-------+-------------------------------------------------------------+
; WIDTH          ; 16    ; Signed Integer                                              ;
; ADDR_W         ; 5     ; Signed Integer                                              ;
+----------------+-------+-------------------------------------------------------------+
Note: In order to hide this table in the UI and the text report file, please set the "Show Parameter Settings in Synthesis Report" option in "Analysis and Synthesis Settings -> More Settings" to "Off".


+--------------------------------------------------------------------------------------+
; Parameter Settings for User Entity Instance: FFT_Top:u_fft|FFT_Butterfly:u_butterfly ;
+----------------+-------+-------------------------------------------------------------+
; Parameter Name ; Value ; Type                                                        ;
+----------------+-------+-------------------------------------------------------------+
; WIDTH          ; 16    ; Signed Integer                                              ;
; FRAC           ; 15    ; Signed Integer                                              ;
+----------------+-------+-------------------------------------------------------------+
Note: In order to hide this table in the UI and the text report file, please set the "Show Parameter Settings in Synthesis Report" option in "Analysis and Synthesis Settings -> More Settings" to "Off".


+-------------------------------------------------------------------------------------------------------------+
; Parameter Settings for User Entity Instance: FFT_Top:u_fft|FFT_Butterfly:u_butterfly|FP_Mult_Unit:u_mult_rr ;
+----------------+-------+------------------------------------------------------------------------------------+
; Parameter Name ; Value ; Type                                                                               ;
+----------------+-------+------------------------------------------------------------------------------------+
; WIDTH_A        ; 16    ; Signed Integer                                                                     ;
; FRAC_A         ; 15    ; Signed Integer                                                                     ;
; WIDTH_B        ; 16    ; Signed Integer                                                                     ;
; FRAC_B         ; 15    ; Signed Integer                                                                     ;
; WIDTH_Y        ; 16    ; Signed Integer                                                                     ;
; FRAC_Y         ; 15    ; Signed Integer                                                                     ;
; ROUNDING       ; 1     ; Signed Integer                                                                     ;
+----------------+-------+------------------------------------------------------------------------------------+
Note: In order to hide this table in the UI and the text report file, please set the "Show Parameter Settings in Synthesis Report" option in "Analysis and Synthesis Settings -> More Settings" to "Off".


+-------------------------------------------------------------------------------------------------------------+
; Parameter Settings for User Entity Instance: FFT_Top:u_fft|FFT_Butterfly:u_butterfly|FP_Mult_Unit:u_mult_ii ;
+----------------+-------+------------------------------------------------------------------------------------+
; Parameter Name ; Value ; Type                                                                               ;
+----------------+-------+------------------------------------------------------------------------------------+
; WIDTH_A        ; 16    ; Signed Integer                                                                     ;
; FRAC_A         ; 15    ; Signed Integer                                                                     ;
; WIDTH_B        ; 16    ; Signed Integer                                                                     ;
; FRAC_B         ; 15    ; Signed Integer                                                                     ;
; WIDTH_Y        ; 16    ; Signed Integer                                                                     ;
; FRAC_Y         ; 15    ; Signed Integer                                                                     ;
; ROUNDING       ; 1     ; Signed Integer                                                                     ;
+----------------+-------+------------------------------------------------------------------------------------+
Note: In order to hide this table in the UI and the text report file, please set the "Show Parameter Settings in Synthesis Report" option in "Analysis and Synthesis Settings -> More Settings" to "Off".


+-------------------------------------------------------------------------------------------------------------+
; Parameter Settings for User Entity Instance: FFT_Top:u_fft|FFT_Butterfly:u_butterfly|FP_Mult_Unit:u_mult_ri ;
+----------------+-------+------------------------------------------------------------------------------------+
; Parameter Name ; Value ; Type                                                                               ;
+----------------+-------+------------------------------------------------------------------------------------+
; WIDTH_A        ; 16    ; Signed Integer                                                                     ;
; FRAC_A         ; 15    ; Signed Integer                                                                     ;
; WIDTH_B        ; 16    ; Signed Integer                                                                     ;
; FRAC_B         ; 15    ; Signed Integer                                                                     ;
; WIDTH_Y        ; 16    ; Signed Integer                                                                     ;
; FRAC_Y         ; 15    ; Signed Integer                                                                     ;
; ROUNDING       ; 1     ; Signed Integer                                                                     ;
+----------------+-------+------------------------------------------------------------------------------------+
Note: In order to hide this table in the UI and the text report file, please set the "Show Parameter Settings in Synthesis Report" option in "Analysis and Synthesis Settings -> More Settings" to "Off".


+-------------------------------------------------------------------------------------------------------------+
; Parameter Settings for User Entity Instance: FFT_Top:u_fft|FFT_Butterfly:u_butterfly|FP_Mult_Unit:u_mult_ir ;
+----------------+-------+------------------------------------------------------------------------------------+
; Parameter Name ; Value ; Type                                                                               ;
+----------------+-------+------------------------------------------------------------------------------------+
; WIDTH_A        ; 16    ; Signed Integer                                                                     ;
; FRAC_A         ; 15    ; Signed Integer                                                                     ;
; WIDTH_B        ; 16    ; Signed Integer                                                                     ;
; FRAC_B         ; 15    ; Signed Integer                                                                     ;
; WIDTH_Y        ; 16    ; Signed Integer                                                                     ;
; FRAC_Y         ; 15    ; Signed Integer                                                                     ;
; ROUNDING       ; 1     ; Signed Integer                                                                     ;
+----------------+-------+------------------------------------------------------------------------------------+
Note: In order to hide this table in the UI and the text report file, please set the "Show Parameter Settings in Synthesis Report" option in "Analysis and Synthesis Settings -> More Settings" to "Off".


+--------------------------------------------------------------------------------------+
; Parameter Settings for User Entity Instance: FFT_Top:u_fft|FFT_Magnitude:u_magnitude ;
+----------------+-------+-------------------------------------------------------------+
; Parameter Name ; Value ; Type                                                        ;
+----------------+-------+-------------------------------------------------------------+
; WIDTH          ; 16    ; Signed Integer                                              ;
+----------------+-------+-------------------------------------------------------------+
Note: In order to hide this table in the UI and the text report file, please set the "Show Parameter Settings in Synthesis Report" option in "Analysis and Synthesis Settings -> More Settings" to "Off".


+--------------------------------------------------------------------+
; Parameter Settings for User Entity Instance: Feature_Spectral:u_fs ;
+----------------+-------+-------------------------------------------+
; Parameter Name ; Value ; Type                                      ;
+----------------+-------+-------------------------------------------+
; WIDTH          ; 16    ; Signed Integer                            ;
; N_BINS         ; 32    ; Signed Integer                            ;
; N_QUADROS      ; 32    ; Signed Integer                            ;
; ACC_W          ; 24    ; Signed Integer                            ;
; N_FEAT         ; 8     ; Signed Integer                            ;
+----------------+-------+-------------------------------------------+
Note: In order to hide this table in the UI and the text report file, please set the "Show Parameter Settings in Synthesis Report" option in "Analysis and Synthesis Settings -> More Settings" to "Off".


+--------------------------------------------------------------------------------------+
; Parameter Settings for User Entity Instance: Feature_Spectral:u_fs|Divider_Q15:u_div ;
+----------------+-------+-------------------------------------------------------------+
; Parameter Name ; Value ; Type                                                        ;
+----------------+-------+-------------------------------------------------------------+
; NUM_W          ; 32    ; Signed Integer                                              ;
; DEN_W          ; 32    ; Signed Integer                                              ;
; FRAC           ; 15    ; Signed Integer                                              ;
+----------------+-------+-------------------------------------------------------------+
Note: In order to hide this table in the UI and the text report file, please set the "Show Parameter Settings in Synthesis Report" option in "Analysis and Synthesis Settings -> More Settings" to "Off".


+-----------------------------------------------------------------------+
; Parameter Settings for User Entity Instance: FFT_Log2_Compress:u_log2 ;
+----------------+-------+----------------------------------------------+
; Parameter Name ; Value ; Type                                         ;
+----------------+-------+----------------------------------------------+
; WIDTH          ; 16    ; Signed Integer                               ;
+----------------+-------+----------------------------------------------+
Note: In order to hide this table in the UI and the text report file, please set the "Show Parameter Settings in Synthesis Report" option in "Analysis and Synthesis Settings -> More Settings" to "Off".


+----------------------------------------------------------------------+
; Parameter Settings for User Entity Instance: Spectrogram_Buffer:u_sb ;
+----------------+-------+---------------------------------------------+
; Parameter Name ; Value ; Type                                        ;
+----------------+-------+---------------------------------------------+
; WIDTH          ; 16    ; Signed Integer                              ;
; N_BINS         ; 32    ; Signed Integer                              ;
; N_QUADROS      ; 32    ; Signed Integer                              ;
+----------------+-------+---------------------------------------------+
Note: In order to hide this table in the UI and the text report file, please set the "Show Parameter Settings in Synthesis Report" option in "Analysis and Synthesis Settings -> More Settings" to "Off".


+--------------------------------------------------------------------+
; Parameter Settings for User Entity Instance: Feature_Temporal:u_ft ;
+----------------+-------+-------------------------------------------+
; Parameter Name ; Value ; Type                                      ;
+----------------+-------+-------------------------------------------+
; WIDTH          ; 16    ; Signed Integer                            ;
; FRAC           ; 15    ; Signed Integer                            ;
; N_TAPS         ; 8     ; Signed Integer                            ;
; MU_SHIFT       ; 3     ; Signed Integer                            ;
; N_LAGS         ; 3     ; Signed Integer                            ;
; ACC_W          ; 48    ; Signed Integer                            ;
+----------------+-------+-------------------------------------------+
Note: In order to hide this table in the UI and the text report file, please set the "Show Parameter Settings in Synthesis Report" option in "Analysis and Synthesis Settings -> More Settings" to "Off".


+--------------------------------------------------------------------------------------+
; Parameter Settings for User Entity Instance: Feature_Temporal:u_ft|Divider_Q15:u_div ;
+----------------+-------+-------------------------------------------------------------+
; Parameter Name ; Value ; Type                                                        ;
+----------------+-------+-------------------------------------------------------------+
; NUM_W          ; 48    ; Signed Integer                                              ;
; DEN_W          ; 48    ; Signed Integer                                              ;
; FRAC           ; 15    ; Signed Integer                                              ;
+----------------+-------+-------------------------------------------------------------+
Note: In order to hide this table in the UI and the text report file, please set the "Show Parameter Settings in Synthesis Report" option in "Analysis and Synthesis Settings -> More Settings" to "Off".


+------------------------------------------------------------------------+
; Parameter Settings for User Entity Instance: ML_Tree_Classifier:u_tree ;
+----------------+--------------------+----------------------------------+
; Parameter Name ; Value              ; Type                             ;
+----------------+--------------------+----------------------------------+
; WIDTH          ; 16                 ; Signed Integer                   ;
; N_FEATURES     ; 12                 ; Signed Integer                   ;
; N_NOS          ; 141                ; Signed Integer                   ;
; IDX_W          ; 8                  ; Signed Integer                   ;
; PROF_MAX       ; 9                  ; Signed Integer                   ;
; ARQ_ROM        ; vetores/arvore.hex ; String                           ;
+----------------+--------------------+----------------------------------+
Note: In order to hide this table in the UI and the text report file, please set the "Show Parameter Settings in Synthesis Report" option in "Analysis and Synthesis Settings -> More Settings" to "Off".


+------------------------------------------------------------+
; Parameter Settings for User Entity Instance: CNN_Top:u_cnn ;
+----------------+-------+-----------------------------------+
; Parameter Name ; Value ; Type                              ;
+----------------+-------+-----------------------------------+
; WIDTH          ; 16    ; Signed Integer                    ;
; FRAC           ; 15    ; Signed Integer                    ;
; ACC_W          ; 40    ; Signed Integer                    ;
; IMG_W          ; 32    ; Signed Integer                    ;
; IMG_H          ; 32    ; Signed Integer                    ;
; NUM_FILTERS    ; 8     ; Signed Integer                    ;
; NUM_CLASSES    ; 4     ; Signed Integer                    ;
; CNT_W          ; 6     ; Signed Integer                    ;
; GAP_SHIFT      ; 8     ; Signed Integer                    ;
+----------------+-------+-----------------------------------+
Note: In order to hide this table in the UI and the text report file, please set the "Show Parameter Settings in Synthesis Report" option in "Analysis and Synthesis Settings -> More Settings" to "Off".


+-----------------------------------------------------------------------------------+
; Parameter Settings for User Entity Instance: CNN_Top:u_cnn|CNN_Control_FSM:u_ctrl ;
+----------------+-------+----------------------------------------------------------+
; Parameter Name ; Value ; Type                                                     ;
+----------------+-------+----------------------------------------------------------+
; NUM_POOL       ; 256   ; Signed Integer                                           ;
+----------------+-------+----------------------------------------------------------+
Note: In order to hide this table in the UI and the text report file, please set the "Show Parameter Settings in Synthesis Report" option in "Analysis and Synthesis Settings -> More Settings" to "Off".


+--------------------------------------------------------------------------------------+
; Parameter Settings for User Entity Instance: CNN_Top:u_cnn|CNN_Line_Buffer:u_linebuf ;
+----------------+-------+-------------------------------------------------------------+
; Parameter Name ; Value ; Type                                                        ;
+----------------+-------+-------------------------------------------------------------+
; WIDTH          ; 16    ; Signed Integer                                              ;
; IMG_W          ; 32    ; Signed Integer                                              ;
; IMG_H          ; 32    ; Signed Integer                                              ;
; CNT_W          ; 6     ; Signed Integer                                              ;
+----------------+-------+-------------------------------------------------------------+
Note: In order to hide this table in the UI and the text report file, please set the "Show Parameter Settings in Synthesis Report" option in "Analysis and Synthesis Settings -> More Settings" to "Off".


+----------------------------------------------------------------------------------+
; Parameter Settings for User Entity Instance: CNN_Top:u_cnn|CNN_Conv_Layer:u_conv ;
+----------------+-------+---------------------------------------------------------+
; Parameter Name ; Value ; Type                                                    ;
+----------------+-------+---------------------------------------------------------+
; WIDTH          ; 16    ; Signed Integer                                          ;
; FRAC           ; 15    ; Signed Integer                                          ;
; ACC_W          ; 40    ; Signed Integer                                          ;
; NUM_FILTERS    ; 8     ; Signed Integer                                          ;
; NUM_TAPS       ; 9     ; Signed Integer                                          ;
+----------------+-------+---------------------------------------------------------+
Note: In order to hide this table in the UI and the text report file, please set the "Show Parameter Settings in Synthesis Report" option in "Analysis and Synthesis Settings -> More Settings" to "Off".


+-------------------------------------------------------------------------------------------------------+
; Parameter Settings for User Entity Instance: CNN_Top:u_cnn|CNN_Conv_Layer:u_conv|CNN_Weight_ROM:u_rom ;
+----------------+-------+------------------------------------------------------------------------------+
; Parameter Name ; Value ; Type                                                                         ;
+----------------+-------+------------------------------------------------------------------------------+
; WIDTH          ; 16    ; Signed Integer                                                               ;
; NUM_FILTERS    ; 8     ; Signed Integer                                                               ;
+----------------+-------+------------------------------------------------------------------------------+
Note: In order to hide this table in the UI and the text report file, please set the "Show Parameter Settings in Synthesis Report" option in "Analysis and Synthesis Settings -> More Settings" to "Off".


+-----------------------------------------------------------------------------------------------------------------+
; Parameter Settings for User Entity Instance: CNN_Top:u_cnn|CNN_Conv_Layer:u_conv|CNN_MAC_Unit:g_filter[0].u_mac ;
+----------------+-------+----------------------------------------------------------------------------------------+
; Parameter Name ; Value ; Type                                                                                   ;
+----------------+-------+----------------------------------------------------------------------------------------+
; WIDTH          ; 16    ; Signed Integer                                                                         ;
; ACC_W          ; 40    ; Signed Integer                                                                         ;
+----------------+-------+----------------------------------------------------------------------------------------+
Note: In order to hide this table in the UI and the text report file, please set the "Show Parameter Settings in Synthesis Report" option in "Analysis and Synthesis Settings -> More Settings" to "Off".


+--------------------------------------------------------------------------------------------------------------+
; Parameter Settings for User Entity Instance: CNN_Top:u_cnn|CNN_Conv_Layer:u_conv|CNN_ReLU:g_filter[0].u_relu ;
+----------------+-------+-------------------------------------------------------------------------------------+
; Parameter Name ; Value ; Type                                                                                ;
+----------------+-------+-------------------------------------------------------------------------------------+
; ACC_W          ; 40    ; Signed Integer                                                                      ;
; WIDTH          ; 16    ; Signed Integer                                                                      ;
; SHIFT          ; 15    ; Signed Integer                                                                      ;
; ENABLE_RELU    ; 1     ; Signed Integer                                                                      ;
+----------------+-------+-------------------------------------------------------------------------------------+
Note: In order to hide this table in the UI and the text report file, please set the "Show Parameter Settings in Synthesis Report" option in "Analysis and Synthesis Settings -> More Settings" to "Off".


+-----------------------------------------------------------------------------------------------------------------+
; Parameter Settings for User Entity Instance: CNN_Top:u_cnn|CNN_Conv_Layer:u_conv|CNN_MAC_Unit:g_filter[1].u_mac ;
+----------------+-------+----------------------------------------------------------------------------------------+
; Parameter Name ; Value ; Type                                                                                   ;
+----------------+-------+----------------------------------------------------------------------------------------+
; WIDTH          ; 16    ; Signed Integer                                                                         ;
; ACC_W          ; 40    ; Signed Integer                                                                         ;
+----------------+-------+----------------------------------------------------------------------------------------+
Note: In order to hide this table in the UI and the text report file, please set the "Show Parameter Settings in Synthesis Report" option in "Analysis and Synthesis Settings -> More Settings" to "Off".


+--------------------------------------------------------------------------------------------------------------+
; Parameter Settings for User Entity Instance: CNN_Top:u_cnn|CNN_Conv_Layer:u_conv|CNN_ReLU:g_filter[1].u_relu ;
+----------------+-------+-------------------------------------------------------------------------------------+
; Parameter Name ; Value ; Type                                                                                ;
+----------------+-------+-------------------------------------------------------------------------------------+
; ACC_W          ; 40    ; Signed Integer                                                                      ;
; WIDTH          ; 16    ; Signed Integer                                                                      ;
; SHIFT          ; 15    ; Signed Integer                                                                      ;
; ENABLE_RELU    ; 1     ; Signed Integer                                                                      ;
+----------------+-------+-------------------------------------------------------------------------------------+
Note: In order to hide this table in the UI and the text report file, please set the "Show Parameter Settings in Synthesis Report" option in "Analysis and Synthesis Settings -> More Settings" to "Off".


+-----------------------------------------------------------------------------------------------------------------+
; Parameter Settings for User Entity Instance: CNN_Top:u_cnn|CNN_Conv_Layer:u_conv|CNN_MAC_Unit:g_filter[2].u_mac ;
+----------------+-------+----------------------------------------------------------------------------------------+
; Parameter Name ; Value ; Type                                                                                   ;
+----------------+-------+----------------------------------------------------------------------------------------+
; WIDTH          ; 16    ; Signed Integer                                                                         ;
; ACC_W          ; 40    ; Signed Integer                                                                         ;
+----------------+-------+----------------------------------------------------------------------------------------+
Note: In order to hide this table in the UI and the text report file, please set the "Show Parameter Settings in Synthesis Report" option in "Analysis and Synthesis Settings -> More Settings" to "Off".


+--------------------------------------------------------------------------------------------------------------+
; Parameter Settings for User Entity Instance: CNN_Top:u_cnn|CNN_Conv_Layer:u_conv|CNN_ReLU:g_filter[2].u_relu ;
+----------------+-------+-------------------------------------------------------------------------------------+
; Parameter Name ; Value ; Type                                                                                ;
+----------------+-------+-------------------------------------------------------------------------------------+
; ACC_W          ; 40    ; Signed Integer                                                                      ;
; WIDTH          ; 16    ; Signed Integer                                                                      ;
; SHIFT          ; 15    ; Signed Integer                                                                      ;
; ENABLE_RELU    ; 1     ; Signed Integer                                                                      ;
+----------------+-------+-------------------------------------------------------------------------------------+
Note: In order to hide this table in the UI and the text report file, please set the "Show Parameter Settings in Synthesis Report" option in "Analysis and Synthesis Settings -> More Settings" to "Off".


+-----------------------------------------------------------------------------------------------------------------+
; Parameter Settings for User Entity Instance: CNN_Top:u_cnn|CNN_Conv_Layer:u_conv|CNN_MAC_Unit:g_filter[3].u_mac ;
+----------------+-------+----------------------------------------------------------------------------------------+
; Parameter Name ; Value ; Type                                                                                   ;
+----------------+-------+----------------------------------------------------------------------------------------+
; WIDTH          ; 16    ; Signed Integer                                                                         ;
; ACC_W          ; 40    ; Signed Integer                                                                         ;
+----------------+-------+----------------------------------------------------------------------------------------+
Note: In order to hide this table in the UI and the text report file, please set the "Show Parameter Settings in Synthesis Report" option in "Analysis and Synthesis Settings -> More Settings" to "Off".


+--------------------------------------------------------------------------------------------------------------+
; Parameter Settings for User Entity Instance: CNN_Top:u_cnn|CNN_Conv_Layer:u_conv|CNN_ReLU:g_filter[3].u_relu ;
+----------------+-------+-------------------------------------------------------------------------------------+
; Parameter Name ; Value ; Type                                                                                ;
+----------------+-------+-------------------------------------------------------------------------------------+
; ACC_W          ; 40    ; Signed Integer                                                                      ;
; WIDTH          ; 16    ; Signed Integer                                                                      ;
; SHIFT          ; 15    ; Signed Integer                                                                      ;
; ENABLE_RELU    ; 1     ; Signed Integer                                                                      ;
+----------------+-------+-------------------------------------------------------------------------------------+
Note: In order to hide this table in the UI and the text report file, please set the "Show Parameter Settings in Synthesis Report" option in "Analysis and Synthesis Settings -> More Settings" to "Off".


+-----------------------------------------------------------------------------------------------------------------+
; Parameter Settings for User Entity Instance: CNN_Top:u_cnn|CNN_Conv_Layer:u_conv|CNN_MAC_Unit:g_filter[4].u_mac ;
+----------------+-------+----------------------------------------------------------------------------------------+
; Parameter Name ; Value ; Type                                                                                   ;
+----------------+-------+----------------------------------------------------------------------------------------+
; WIDTH          ; 16    ; Signed Integer                                                                         ;
; ACC_W          ; 40    ; Signed Integer                                                                         ;
+----------------+-------+----------------------------------------------------------------------------------------+
Note: In order to hide this table in the UI and the text report file, please set the "Show Parameter Settings in Synthesis Report" option in "Analysis and Synthesis Settings -> More Settings" to "Off".


+--------------------------------------------------------------------------------------------------------------+
; Parameter Settings for User Entity Instance: CNN_Top:u_cnn|CNN_Conv_Layer:u_conv|CNN_ReLU:g_filter[4].u_relu ;
+----------------+-------+-------------------------------------------------------------------------------------+
; Parameter Name ; Value ; Type                                                                                ;
+----------------+-------+-------------------------------------------------------------------------------------+
; ACC_W          ; 40    ; Signed Integer                                                                      ;
; WIDTH          ; 16    ; Signed Integer                                                                      ;
; SHIFT          ; 15    ; Signed Integer                                                                      ;
; ENABLE_RELU    ; 1     ; Signed Integer                                                                      ;
+----------------+-------+-------------------------------------------------------------------------------------+
Note: In order to hide this table in the UI and the text report file, please set the "Show Parameter Settings in Synthesis Report" option in "Analysis and Synthesis Settings -> More Settings" to "Off".


+-----------------------------------------------------------------------------------------------------------------+
; Parameter Settings for User Entity Instance: CNN_Top:u_cnn|CNN_Conv_Layer:u_conv|CNN_MAC_Unit:g_filter[5].u_mac ;
+----------------+-------+----------------------------------------------------------------------------------------+
; Parameter Name ; Value ; Type                                                                                   ;
+----------------+-------+----------------------------------------------------------------------------------------+
; WIDTH          ; 16    ; Signed Integer                                                                         ;
; ACC_W          ; 40    ; Signed Integer                                                                         ;
+----------------+-------+----------------------------------------------------------------------------------------+
Note: In order to hide this table in the UI and the text report file, please set the "Show Parameter Settings in Synthesis Report" option in "Analysis and Synthesis Settings -> More Settings" to "Off".


+--------------------------------------------------------------------------------------------------------------+
; Parameter Settings for User Entity Instance: CNN_Top:u_cnn|CNN_Conv_Layer:u_conv|CNN_ReLU:g_filter[5].u_relu ;
+----------------+-------+-------------------------------------------------------------------------------------+
; Parameter Name ; Value ; Type                                                                                ;
+----------------+-------+-------------------------------------------------------------------------------------+
; ACC_W          ; 40    ; Signed Integer                                                                      ;
; WIDTH          ; 16    ; Signed Integer                                                                      ;
; SHIFT          ; 15    ; Signed Integer                                                                      ;
; ENABLE_RELU    ; 1     ; Signed Integer                                                                      ;
+----------------+-------+-------------------------------------------------------------------------------------+
Note: In order to hide this table in the UI and the text report file, please set the "Show Parameter Settings in Synthesis Report" option in "Analysis and Synthesis Settings -> More Settings" to "Off".


+-----------------------------------------------------------------------------------------------------------------+
; Parameter Settings for User Entity Instance: CNN_Top:u_cnn|CNN_Conv_Layer:u_conv|CNN_MAC_Unit:g_filter[6].u_mac ;
+----------------+-------+----------------------------------------------------------------------------------------+
; Parameter Name ; Value ; Type                                                                                   ;
+----------------+-------+----------------------------------------------------------------------------------------+
; WIDTH          ; 16    ; Signed Integer                                                                         ;
; ACC_W          ; 40    ; Signed Integer                                                                         ;
+----------------+-------+----------------------------------------------------------------------------------------+
Note: In order to hide this table in the UI and the text report file, please set the "Show Parameter Settings in Synthesis Report" option in "Analysis and Synthesis Settings -> More Settings" to "Off".


+--------------------------------------------------------------------------------------------------------------+
; Parameter Settings for User Entity Instance: CNN_Top:u_cnn|CNN_Conv_Layer:u_conv|CNN_ReLU:g_filter[6].u_relu ;
+----------------+-------+-------------------------------------------------------------------------------------+
; Parameter Name ; Value ; Type                                                                                ;
+----------------+-------+-------------------------------------------------------------------------------------+
; ACC_W          ; 40    ; Signed Integer                                                                      ;
; WIDTH          ; 16    ; Signed Integer                                                                      ;
; SHIFT          ; 15    ; Signed Integer                                                                      ;
; ENABLE_RELU    ; 1     ; Signed Integer                                                                      ;
+----------------+-------+-------------------------------------------------------------------------------------+
Note: In order to hide this table in the UI and the text report file, please set the "Show Parameter Settings in Synthesis Report" option in "Analysis and Synthesis Settings -> More Settings" to "Off".


+-----------------------------------------------------------------------------------------------------------------+
; Parameter Settings for User Entity Instance: CNN_Top:u_cnn|CNN_Conv_Layer:u_conv|CNN_MAC_Unit:g_filter[7].u_mac ;
+----------------+-------+----------------------------------------------------------------------------------------+
; Parameter Name ; Value ; Type                                                                                   ;
+----------------+-------+----------------------------------------------------------------------------------------+
; WIDTH          ; 16    ; Signed Integer                                                                         ;
; ACC_W          ; 40    ; Signed Integer                                                                         ;
+----------------+-------+----------------------------------------------------------------------------------------+
Note: In order to hide this table in the UI and the text report file, please set the "Show Parameter Settings in Synthesis Report" option in "Analysis and Synthesis Settings -> More Settings" to "Off".


+--------------------------------------------------------------------------------------------------------------+
; Parameter Settings for User Entity Instance: CNN_Top:u_cnn|CNN_Conv_Layer:u_conv|CNN_ReLU:g_filter[7].u_relu ;
+----------------+-------+-------------------------------------------------------------------------------------+
; Parameter Name ; Value ; Type                                                                                ;
+----------------+-------+-------------------------------------------------------------------------------------+
; ACC_W          ; 40    ; Signed Integer                                                                      ;
; WIDTH          ; 16    ; Signed Integer                                                                      ;
; SHIFT          ; 15    ; Signed Integer                                                                      ;
; ENABLE_RELU    ; 1     ; Signed Integer                                                                      ;
+----------------+-------+-------------------------------------------------------------------------------------+
Note: In order to hide this table in the UI and the text report file, please set the "Show Parameter Settings in Synthesis Report" option in "Analysis and Synthesis Settings -> More Settings" to "Off".


+-------------------------------------------------------------------------------+
; Parameter Settings for User Entity Instance: CNN_Top:u_cnn|CNN_MaxPool:u_pool ;
+----------------+-------+------------------------------------------------------+
; Parameter Name ; Value ; Type                                                 ;
+----------------+-------+------------------------------------------------------+
; WIDTH          ; 16    ; Signed Integer                                       ;
; NUM_CH         ; 8     ; Signed Integer                                       ;
; IN_W           ; 32    ; Signed Integer                                       ;
; IN_H           ; 32    ; Signed Integer                                       ;
; CNT_W          ; 6     ; Signed Integer                                       ;
; IDX_W          ; 4     ; Signed Integer                                       ;
+----------------+-------+------------------------------------------------------+
Note: In order to hide this table in the UI and the text report file, please set the "Show Parameter Settings in Synthesis Report" option in "Analysis and Synthesis Settings -> More Settings" to "Off".


+-----------------------------------------------------------------------------------------+
; Parameter Settings for User Entity Instance: CNN_Top:u_cnn|CNN_Dense_Classifier:u_dense ;
+----------------+-------+----------------------------------------------------------------+
; Parameter Name ; Value ; Type                                                           ;
+----------------+-------+----------------------------------------------------------------+
; WIDTH          ; 16    ; Signed Integer                                                 ;
; FRAC           ; 15    ; Signed Integer                                                 ;
; ACC_W          ; 40    ; Signed Integer                                                 ;
; NUM_CH         ; 8     ; Signed Integer                                                 ;
; NUM_CLASSES    ; 4     ; Signed Integer                                                 ;
; GAP_ACC_W      ; 32    ; Signed Integer                                                 ;
; GAP_SHIFT      ; 8     ; Signed Integer                                                 ;
+----------------+-------+----------------------------------------------------------------+
Note: In order to hide this table in the UI and the text report file, please set the "Show Parameter Settings in Synthesis Report" option in "Analysis and Synthesis Settings -> More Settings" to "Off".


+-----------------------------------------------------------------------------------------------------------------------+
; Parameter Settings for User Entity Instance: CNN_Top:u_cnn|CNN_Dense_Classifier:u_dense|CNN_ReLU:g_gap[0].u_gap_scale ;
+----------------+-------+----------------------------------------------------------------------------------------------+
; Parameter Name ; Value ; Type                                                                                         ;
+----------------+-------+----------------------------------------------------------------------------------------------+
; ACC_W          ; 32    ; Signed Integer                                                                               ;
; WIDTH          ; 16    ; Signed Integer                                                                               ;
; SHIFT          ; 8     ; Signed Integer                                                                               ;
; ENABLE_RELU    ; 1     ; Signed Integer                                                                               ;
+----------------+-------+----------------------------------------------------------------------------------------------+
Note: In order to hide this table in the UI and the text report file, please set the "Show Parameter Settings in Synthesis Report" option in "Analysis and Synthesis Settings -> More Settings" to "Off".


+-----------------------------------------------------------------------------------------------------------------------+
; Parameter Settings for User Entity Instance: CNN_Top:u_cnn|CNN_Dense_Classifier:u_dense|CNN_ReLU:g_gap[1].u_gap_scale ;
+----------------+-------+----------------------------------------------------------------------------------------------+
; Parameter Name ; Value ; Type                                                                                         ;
+----------------+-------+----------------------------------------------------------------------------------------------+
; ACC_W          ; 32    ; Signed Integer                                                                               ;
; WIDTH          ; 16    ; Signed Integer                                                                               ;
; SHIFT          ; 8     ; Signed Integer                                                                               ;
; ENABLE_RELU    ; 1     ; Signed Integer                                                                               ;
+----------------+-------+----------------------------------------------------------------------------------------------+
Note: In order to hide this table in the UI and the text report file, please set the "Show Parameter Settings in Synthesis Report" option in "Analysis and Synthesis Settings -> More Settings" to "Off".


+-----------------------------------------------------------------------------------------------------------------------+
; Parameter Settings for User Entity Instance: CNN_Top:u_cnn|CNN_Dense_Classifier:u_dense|CNN_ReLU:g_gap[2].u_gap_scale ;
+----------------+-------+----------------------------------------------------------------------------------------------+
; Parameter Name ; Value ; Type                                                                                         ;
+----------------+-------+----------------------------------------------------------------------------------------------+
; ACC_W          ; 32    ; Signed Integer                                                                               ;
; WIDTH          ; 16    ; Signed Integer                                                                               ;
; SHIFT          ; 8     ; Signed Integer                                                                               ;
; ENABLE_RELU    ; 1     ; Signed Integer                                                                               ;
+----------------+-------+----------------------------------------------------------------------------------------------+
Note: In order to hide this table in the UI and the text report file, please set the "Show Parameter Settings in Synthesis Report" option in "Analysis and Synthesis Settings -> More Settings" to "Off".


+-----------------------------------------------------------------------------------------------------------------------+
; Parameter Settings for User Entity Instance: CNN_Top:u_cnn|CNN_Dense_Classifier:u_dense|CNN_ReLU:g_gap[3].u_gap_scale ;
+----------------+-------+----------------------------------------------------------------------------------------------+
; Parameter Name ; Value ; Type                                                                                         ;
+----------------+-------+----------------------------------------------------------------------------------------------+
; ACC_W          ; 32    ; Signed Integer                                                                               ;
; WIDTH          ; 16    ; Signed Integer                                                                               ;
; SHIFT          ; 8     ; Signed Integer                                                                               ;
; ENABLE_RELU    ; 1     ; Signed Integer                                                                               ;
+----------------+-------+----------------------------------------------------------------------------------------------+
Note: In order to hide this table in the UI and the text report file, please set the "Show Parameter Settings in Synthesis Report" option in "Analysis and Synthesis Settings -> More Settings" to "Off".


+-----------------------------------------------------------------------------------------------------------------------+
; Parameter Settings for User Entity Instance: CNN_Top:u_cnn|CNN_Dense_Classifier:u_dense|CNN_ReLU:g_gap[4].u_gap_scale ;
+----------------+-------+----------------------------------------------------------------------------------------------+
; Parameter Name ; Value ; Type                                                                                         ;
+----------------+-------+----------------------------------------------------------------------------------------------+
; ACC_W          ; 32    ; Signed Integer                                                                               ;
; WIDTH          ; 16    ; Signed Integer                                                                               ;
; SHIFT          ; 8     ; Signed Integer                                                                               ;
; ENABLE_RELU    ; 1     ; Signed Integer                                                                               ;
+----------------+-------+----------------------------------------------------------------------------------------------+
Note: In order to hide this table in the UI and the text report file, please set the "Show Parameter Settings in Synthesis Report" option in "Analysis and Synthesis Settings -> More Settings" to "Off".


+-----------------------------------------------------------------------------------------------------------------------+
; Parameter Settings for User Entity Instance: CNN_Top:u_cnn|CNN_Dense_Classifier:u_dense|CNN_ReLU:g_gap[5].u_gap_scale ;
+----------------+-------+----------------------------------------------------------------------------------------------+
; Parameter Name ; Value ; Type                                                                                         ;
+----------------+-------+----------------------------------------------------------------------------------------------+
; ACC_W          ; 32    ; Signed Integer                                                                               ;
; WIDTH          ; 16    ; Signed Integer                                                                               ;
; SHIFT          ; 8     ; Signed Integer                                                                               ;
; ENABLE_RELU    ; 1     ; Signed Integer                                                                               ;
+----------------+-------+----------------------------------------------------------------------------------------------+
Note: In order to hide this table in the UI and the text report file, please set the "Show Parameter Settings in Synthesis Report" option in "Analysis and Synthesis Settings -> More Settings" to "Off".


+-----------------------------------------------------------------------------------------------------------------------+
; Parameter Settings for User Entity Instance: CNN_Top:u_cnn|CNN_Dense_Classifier:u_dense|CNN_ReLU:g_gap[6].u_gap_scale ;
+----------------+-------+----------------------------------------------------------------------------------------------+
; Parameter Name ; Value ; Type                                                                                         ;
+----------------+-------+----------------------------------------------------------------------------------------------+
; ACC_W          ; 32    ; Signed Integer                                                                               ;
; WIDTH          ; 16    ; Signed Integer                                                                               ;
; SHIFT          ; 8     ; Signed Integer                                                                               ;
; ENABLE_RELU    ; 1     ; Signed Integer                                                                               ;
+----------------+-------+----------------------------------------------------------------------------------------------+
Note: In order to hide this table in the UI and the text report file, please set the "Show Parameter Settings in Synthesis Report" option in "Analysis and Synthesis Settings -> More Settings" to "Off".


+-----------------------------------------------------------------------------------------------------------------------+
; Parameter Settings for User Entity Instance: CNN_Top:u_cnn|CNN_Dense_Classifier:u_dense|CNN_ReLU:g_gap[7].u_gap_scale ;
+----------------+-------+----------------------------------------------------------------------------------------------+
; Parameter Name ; Value ; Type                                                                                         ;
+----------------+-------+----------------------------------------------------------------------------------------------+
; ACC_W          ; 32    ; Signed Integer                                                                               ;
; WIDTH          ; 16    ; Signed Integer                                                                               ;
; SHIFT          ; 8     ; Signed Integer                                                                               ;
; ENABLE_RELU    ; 1     ; Signed Integer                                                                               ;
+----------------+-------+----------------------------------------------------------------------------------------------+
Note: In order to hide this table in the UI and the text report file, please set the "Show Parameter Settings in Synthesis Report" option in "Analysis and Synthesis Settings -> More Settings" to "Off".


+--------------------------------------------------------------------------------------------------------------+
; Parameter Settings for User Entity Instance: CNN_Top:u_cnn|CNN_Dense_Classifier:u_dense|CNN_Weight_ROM:u_rom ;
+----------------+-------+-------------------------------------------------------------------------------------+
; Parameter Name ; Value ; Type                                                                                ;
+----------------+-------+-------------------------------------------------------------------------------------+
; WIDTH          ; 16    ; Signed Integer                                                                      ;
; NUM_FILTERS    ; 8     ; Signed Integer                                                                      ;
+----------------+-------+-------------------------------------------------------------------------------------+
Note: In order to hide this table in the UI and the text report file, please set the "Show Parameter Settings in Synthesis Report" option in "Analysis and Synthesis Settings -> More Settings" to "Off".


+------------------------------------------------------------------------------------------------------------------+
; Parameter Settings for User Entity Instance: CNN_Top:u_cnn|CNN_Dense_Classifier:u_dense|CNN_MAC_Unit:u_dense_mac ;
+----------------+-------+-----------------------------------------------------------------------------------------+
; Parameter Name ; Value ; Type                                                                                    ;
+----------------+-------+-----------------------------------------------------------------------------------------+
; WIDTH          ; 16    ; Signed Integer                                                                          ;
; ACC_W          ; 40    ; Signed Integer                                                                          ;
+----------------+-------+-----------------------------------------------------------------------------------------+
Note: In order to hide this table in the UI and the text report file, please set the "Show Parameter Settings in Synthesis Report" option in "Analysis and Synthesis Settings -> More Settings" to "Off".


+----------------------------------------------------------------------------------------------------------------+
; Parameter Settings for User Entity Instance: CNN_Top:u_cnn|CNN_Dense_Classifier:u_dense|CNN_ReLU:u_score_scale ;
+----------------+-------+---------------------------------------------------------------------------------------+
; Parameter Name ; Value ; Type                                                                                  ;
+----------------+-------+---------------------------------------------------------------------------------------+
; ACC_W          ; 40    ; Signed Integer                                                                        ;
; WIDTH          ; 16    ; Signed Integer                                                                        ;
; SHIFT          ; 15    ; Signed Integer                                                                        ;
; ENABLE_RELU    ; 0     ; Signed Integer                                                                        ;
+----------------+-------+---------------------------------------------------------------------------------------+
Note: In order to hide this table in the UI and the text report file, please set the "Show Parameter Settings in Synthesis Report" option in "Analysis and Synthesis Settings -> More Settings" to "Off".


+--------------------------------------------------------------------------------------------------------+
; Parameter Settings for Inferred Entity Instance: ML_Tree_Classifier:u_tree|altsyncram:rom_rtl_0        ;
+------------------------------------+--------------------------------------------------+----------------+
; Parameter Name                     ; Value                                            ; Type           ;
+------------------------------------+--------------------------------------------------+----------------+
; BYTE_SIZE_BLOCK                    ; 8                                                ; Untyped        ;
; AUTO_CARRY_CHAINS                  ; ON                                               ; AUTO_CARRY     ;
; IGNORE_CARRY_BUFFERS               ; OFF                                              ; IGNORE_CARRY   ;
; AUTO_CASCADE_CHAINS                ; ON                                               ; AUTO_CASCADE   ;
; IGNORE_CASCADE_BUFFERS             ; OFF                                              ; IGNORE_CASCADE ;
; WIDTH_BYTEENA                      ; 1                                                ; Untyped        ;
; OPERATION_MODE                     ; ROM                                              ; Untyped        ;
; WIDTH_A                            ; 32                                               ; Untyped        ;
; WIDTHAD_A                          ; 8                                                ; Untyped        ;
; NUMWORDS_A                         ; 141                                              ; Untyped        ;
; OUTDATA_REG_A                      ; UNREGISTERED                                     ; Untyped        ;
; ADDRESS_ACLR_A                     ; NONE                                             ; Untyped        ;
; OUTDATA_ACLR_A                     ; NONE                                             ; Untyped        ;
; WRCONTROL_ACLR_A                   ; NONE                                             ; Untyped        ;
; INDATA_ACLR_A                      ; NONE                                             ; Untyped        ;
; BYTEENA_ACLR_A                     ; NONE                                             ; Untyped        ;
; WIDTH_B                            ; 1                                                ; Untyped        ;
; WIDTHAD_B                          ; 1                                                ; Untyped        ;
; NUMWORDS_B                         ; 1                                                ; Untyped        ;
; INDATA_REG_B                       ; CLOCK1                                           ; Untyped        ;
; WRCONTROL_WRADDRESS_REG_B          ; CLOCK1                                           ; Untyped        ;
; RDCONTROL_REG_B                    ; CLOCK1                                           ; Untyped        ;
; ADDRESS_REG_B                      ; CLOCK1                                           ; Untyped        ;
; OUTDATA_REG_B                      ; UNREGISTERED                                     ; Untyped        ;
; BYTEENA_REG_B                      ; CLOCK1                                           ; Untyped        ;
; INDATA_ACLR_B                      ; NONE                                             ; Untyped        ;
; WRCONTROL_ACLR_B                   ; NONE                                             ; Untyped        ;
; ADDRESS_ACLR_B                     ; NONE                                             ; Untyped        ;
; OUTDATA_ACLR_B                     ; NONE                                             ; Untyped        ;
; RDCONTROL_ACLR_B                   ; NONE                                             ; Untyped        ;
; BYTEENA_ACLR_B                     ; NONE                                             ; Untyped        ;
; WIDTH_BYTEENA_A                    ; 1                                                ; Untyped        ;
; WIDTH_BYTEENA_B                    ; 1                                                ; Untyped        ;
; RAM_BLOCK_TYPE                     ; AUTO                                             ; Untyped        ;
; BYTE_SIZE                          ; 8                                                ; Untyped        ;
; READ_DURING_WRITE_MODE_MIXED_PORTS ; DONT_CARE                                        ; Untyped        ;
; READ_DURING_WRITE_MODE_PORT_A      ; NEW_DATA_NO_NBE_READ                             ; Untyped        ;
; READ_DURING_WRITE_MODE_PORT_B      ; NEW_DATA_NO_NBE_READ                             ; Untyped        ;
; INIT_FILE                          ; db/SMMA.ram0_ML_Tree_Classifier_5868eaf9.hdl.mif ; Untyped        ;
; INIT_FILE_LAYOUT                   ; PORT_A                                           ; Untyped        ;
; MAXIMUM_DEPTH                      ; 0                                                ; Untyped        ;
; CLOCK_ENABLE_INPUT_A               ; NORMAL                                           ; Untyped        ;
; CLOCK_ENABLE_INPUT_B               ; NORMAL                                           ; Untyped        ;
; CLOCK_ENABLE_OUTPUT_A              ; NORMAL                                           ; Untyped        ;
; CLOCK_ENABLE_OUTPUT_B              ; NORMAL                                           ; Untyped        ;
; CLOCK_ENABLE_CORE_A                ; USE_INPUT_CLKEN                                  ; Untyped        ;
; CLOCK_ENABLE_CORE_B                ; USE_INPUT_CLKEN                                  ; Untyped        ;
; ENABLE_ECC                         ; FALSE                                            ; Untyped        ;
; ECC_PIPELINE_STAGE_ENABLED         ; FALSE                                            ; Untyped        ;
; WIDTH_ECCSTATUS                    ; 3                                                ; Untyped        ;
; DEVICE_FAMILY                      ; Cyclone V                                        ; Untyped        ;
; CBXI_PARAMETER                     ; altsyncram_m0e1                                  ; Untyped        ;
+------------------------------------+--------------------------------------------------+----------------+
Note: In order to hide this table in the UI and the text report file, please set the "Show Parameter Settings in Synthesis Report" option in "Analysis and Synthesis Settings -> More Settings" to "Off".


+-----------------------------------------------------------------------------------------------+
; Parameter Settings for Inferred Entity Instance: Spectrogram_Buffer:u_sb|altsyncram:mem_rtl_0 ;
+------------------------------------+----------------------+-----------------------------------+
; Parameter Name                     ; Value                ; Type                              ;
+------------------------------------+----------------------+-----------------------------------+
; BYTE_SIZE_BLOCK                    ; 8                    ; Untyped                           ;
; AUTO_CARRY_CHAINS                  ; ON                   ; AUTO_CARRY                        ;
; IGNORE_CARRY_BUFFERS               ; OFF                  ; IGNORE_CARRY                      ;
; AUTO_CASCADE_CHAINS                ; ON                   ; AUTO_CASCADE                      ;
; IGNORE_CASCADE_BUFFERS             ; OFF                  ; IGNORE_CASCADE                    ;
; WIDTH_BYTEENA                      ; 1                    ; Untyped                           ;
; OPERATION_MODE                     ; DUAL_PORT            ; Untyped                           ;
; WIDTH_A                            ; 16                   ; Untyped                           ;
; WIDTHAD_A                          ; 10                   ; Untyped                           ;
; NUMWORDS_A                         ; 1024                 ; Untyped                           ;
; OUTDATA_REG_A                      ; UNREGISTERED         ; Untyped                           ;
; ADDRESS_ACLR_A                     ; NONE                 ; Untyped                           ;
; OUTDATA_ACLR_A                     ; NONE                 ; Untyped                           ;
; WRCONTROL_ACLR_A                   ; NONE                 ; Untyped                           ;
; INDATA_ACLR_A                      ; NONE                 ; Untyped                           ;
; BYTEENA_ACLR_A                     ; NONE                 ; Untyped                           ;
; WIDTH_B                            ; 16                   ; Untyped                           ;
; WIDTHAD_B                          ; 10                   ; Untyped                           ;
; NUMWORDS_B                         ; 1024                 ; Untyped                           ;
; INDATA_REG_B                       ; CLOCK1               ; Untyped                           ;
; WRCONTROL_WRADDRESS_REG_B          ; CLOCK1               ; Untyped                           ;
; RDCONTROL_REG_B                    ; CLOCK1               ; Untyped                           ;
; ADDRESS_REG_B                      ; CLOCK0               ; Untyped                           ;
; OUTDATA_REG_B                      ; UNREGISTERED         ; Untyped                           ;
; BYTEENA_REG_B                      ; CLOCK1               ; Untyped                           ;
; INDATA_ACLR_B                      ; NONE                 ; Untyped                           ;
; WRCONTROL_ACLR_B                   ; NONE                 ; Untyped                           ;
; ADDRESS_ACLR_B                     ; NONE                 ; Untyped                           ;
; OUTDATA_ACLR_B                     ; NONE                 ; Untyped                           ;
; RDCONTROL_ACLR_B                   ; NONE                 ; Untyped                           ;
; BYTEENA_ACLR_B                     ; NONE                 ; Untyped                           ;
; WIDTH_BYTEENA_A                    ; 1                    ; Untyped                           ;
; WIDTH_BYTEENA_B                    ; 1                    ; Untyped                           ;
; RAM_BLOCK_TYPE                     ; AUTO                 ; Untyped                           ;
; BYTE_SIZE                          ; 8                    ; Untyped                           ;
; READ_DURING_WRITE_MODE_MIXED_PORTS ; OLD_DATA             ; Untyped                           ;
; READ_DURING_WRITE_MODE_PORT_A      ; NEW_DATA_NO_NBE_READ ; Untyped                           ;
; READ_DURING_WRITE_MODE_PORT_B      ; NEW_DATA_NO_NBE_READ ; Untyped                           ;
; INIT_FILE                          ; UNUSED               ; Untyped                           ;
; INIT_FILE_LAYOUT                   ; PORT_A               ; Untyped                           ;
; MAXIMUM_DEPTH                      ; 0                    ; Untyped                           ;
; CLOCK_ENABLE_INPUT_A               ; NORMAL               ; Untyped                           ;
; CLOCK_ENABLE_INPUT_B               ; NORMAL               ; Untyped                           ;
; CLOCK_ENABLE_OUTPUT_A              ; NORMAL               ; Untyped                           ;
; CLOCK_ENABLE_OUTPUT_B              ; NORMAL               ; Untyped                           ;
; CLOCK_ENABLE_CORE_A                ; USE_INPUT_CLKEN      ; Untyped                           ;
; CLOCK_ENABLE_CORE_B                ; USE_INPUT_CLKEN      ; Untyped                           ;
; ENABLE_ECC                         ; FALSE                ; Untyped                           ;
; ECC_PIPELINE_STAGE_ENABLED         ; FALSE                ; Untyped                           ;
; WIDTH_ECCSTATUS                    ; 3                    ; Untyped                           ;
; DEVICE_FAMILY                      ; Cyclone V            ; Untyped                           ;
; CBXI_PARAMETER                     ; altsyncram_ubn1      ; Untyped                           ;
+------------------------------------+----------------------+-----------------------------------+
Note: In order to hide this table in the UI and the text report file, please set the "Show Parameter Settings in Synthesis Report" option in "Analysis and Synthesis Settings -> More Settings" to "Off".


+---------------------------------------------------------------------------------------------------+
; Parameter Settings for Inferred Entity Instance: Sample_Source:u_src|altsyncram:rom_rtl_0         ;
+------------------------------------+---------------------------------------------+----------------+
; Parameter Name                     ; Value                                       ; Type           ;
+------------------------------------+---------------------------------------------+----------------+
; BYTE_SIZE_BLOCK                    ; 8                                           ; Untyped        ;
; AUTO_CARRY_CHAINS                  ; ON                                          ; AUTO_CARRY     ;
; IGNORE_CARRY_BUFFERS               ; OFF                                         ; IGNORE_CARRY   ;
; AUTO_CASCADE_CHAINS                ; ON                                          ; AUTO_CASCADE   ;
; IGNORE_CASCADE_BUFFERS             ; OFF                                         ; IGNORE_CASCADE ;
; WIDTH_BYTEENA                      ; 1                                           ; Untyped        ;
; OPERATION_MODE                     ; ROM                                         ; Untyped        ;
; WIDTH_A                            ; 16                                          ; Untyped        ;
; WIDTHAD_A                          ; 17                                          ; Untyped        ;
; NUMWORDS_A                         ; 102036                                      ; Untyped        ;
; OUTDATA_REG_A                      ; UNREGISTERED                                ; Untyped        ;
; ADDRESS_ACLR_A                     ; NONE                                        ; Untyped        ;
; OUTDATA_ACLR_A                     ; NONE                                        ; Untyped        ;
; WRCONTROL_ACLR_A                   ; NONE                                        ; Untyped        ;
; INDATA_ACLR_A                      ; NONE                                        ; Untyped        ;
; BYTEENA_ACLR_A                     ; NONE                                        ; Untyped        ;
; WIDTH_B                            ; 1                                           ; Untyped        ;
; WIDTHAD_B                          ; 1                                           ; Untyped        ;
; NUMWORDS_B                         ; 1                                           ; Untyped        ;
; INDATA_REG_B                       ; CLOCK1                                      ; Untyped        ;
; WRCONTROL_WRADDRESS_REG_B          ; CLOCK1                                      ; Untyped        ;
; RDCONTROL_REG_B                    ; CLOCK1                                      ; Untyped        ;
; ADDRESS_REG_B                      ; CLOCK1                                      ; Untyped        ;
; OUTDATA_REG_B                      ; UNREGISTERED                                ; Untyped        ;
; BYTEENA_REG_B                      ; CLOCK1                                      ; Untyped        ;
; INDATA_ACLR_B                      ; NONE                                        ; Untyped        ;
; WRCONTROL_ACLR_B                   ; NONE                                        ; Untyped        ;
; ADDRESS_ACLR_B                     ; NONE                                        ; Untyped        ;
; OUTDATA_ACLR_B                     ; NONE                                        ; Untyped        ;
; RDCONTROL_ACLR_B                   ; NONE                                        ; Untyped        ;
; BYTEENA_ACLR_B                     ; NONE                                        ; Untyped        ;
; WIDTH_BYTEENA_A                    ; 1                                           ; Untyped        ;
; WIDTH_BYTEENA_B                    ; 1                                           ; Untyped        ;
; RAM_BLOCK_TYPE                     ; M10K                                        ; Untyped        ;
; BYTE_SIZE                          ; 8                                           ; Untyped        ;
; READ_DURING_WRITE_MODE_MIXED_PORTS ; DONT_CARE                                   ; Untyped        ;
; READ_DURING_WRITE_MODE_PORT_A      ; NEW_DATA_NO_NBE_READ                        ; Untyped        ;
; READ_DURING_WRITE_MODE_PORT_B      ; NEW_DATA_NO_NBE_READ                        ; Untyped        ;
; INIT_FILE                          ; db/SMMA.ram0_Sample_Source_9fae9cf6.hdl.mif ; Untyped        ;
; INIT_FILE_LAYOUT                   ; PORT_A                                      ; Untyped        ;
; MAXIMUM_DEPTH                      ; 0                                           ; Untyped        ;
; CLOCK_ENABLE_INPUT_A               ; NORMAL                                      ; Untyped        ;
; CLOCK_ENABLE_INPUT_B               ; NORMAL                                      ; Untyped        ;
; CLOCK_ENABLE_OUTPUT_A              ; NORMAL                                      ; Untyped        ;
; CLOCK_ENABLE_OUTPUT_B              ; NORMAL                                      ; Untyped        ;
; CLOCK_ENABLE_CORE_A                ; USE_INPUT_CLKEN                             ; Untyped        ;
; CLOCK_ENABLE_CORE_B                ; USE_INPUT_CLKEN                             ; Untyped        ;
; ENABLE_ECC                         ; FALSE                                       ; Untyped        ;
; ECC_PIPELINE_STAGE_ENABLED         ; FALSE                                       ; Untyped        ;
; WIDTH_ECCSTATUS                    ; 3                                           ; Untyped        ;
; DEVICE_FAMILY                      ; Cyclone V                                   ; Untyped        ;
; CBXI_PARAMETER                     ; altsyncram_6nf1                             ; Untyped        ;
+------------------------------------+---------------------------------------------+----------------+
Note: In order to hide this table in the UI and the text report file, please set the "Show Parameter Settings in Synthesis Report" option in "Analysis and Synthesis Settings -> More Settings" to "Off".


+------------------------------------------------------------------+
; Parameter Settings for Inferred Entity Instance: lpm_divide:Mod0 ;
+------------------------+----------------+------------------------+
; Parameter Name         ; Value          ; Type                   ;
+------------------------+----------------+------------------------+
; LPM_WIDTHN             ; 4              ; Untyped                ;
; LPM_WIDTHD             ; 4              ; Untyped                ;
; LPM_NREPRESENTATION    ; UNSIGNED       ; Untyped                ;
; LPM_DREPRESENTATION    ; UNSIGNED       ; Untyped                ;
; LPM_PIPELINE           ; 0              ; Untyped                ;
; LPM_REMAINDERPOSITIVE  ; TRUE           ; Untyped                ;
; MAXIMIZE_SPEED         ; 5              ; Untyped                ;
; CBXI_PARAMETER         ; lpm_divide_42m ; Untyped                ;
; CARRY_CHAIN            ; MANUAL         ; Untyped                ;
; OPTIMIZE_FOR_SPEED     ; 5              ; Untyped                ;
; AUTO_CARRY_CHAINS      ; ON             ; AUTO_CARRY             ;
; IGNORE_CARRY_BUFFERS   ; OFF            ; IGNORE_CARRY           ;
; AUTO_CASCADE_CHAINS    ; ON             ; AUTO_CASCADE           ;
; IGNORE_CASCADE_BUFFERS ; OFF            ; IGNORE_CASCADE         ;
+------------------------+----------------+------------------------+
Note: In order to hide this table in the UI and the text report file, please set the "Show Parameter Settings in Synthesis Report" option in "Analysis and Synthesis Settings -> More Settings" to "Off".


+--------------------------------------------------------------------------------------------+
; altsyncram Parameter Settings by Entity Instance                                           ;
+-------------------------------------------+------------------------------------------------+
; Name                                      ; Value                                          ;
+-------------------------------------------+------------------------------------------------+
; Number of entity instances                ; 3                                              ;
; Entity Instance                           ; ML_Tree_Classifier:u_tree|altsyncram:rom_rtl_0 ;
;     -- OPERATION_MODE                     ; ROM                                            ;
;     -- WIDTH_A                            ; 32                                             ;
;     -- NUMWORDS_A                         ; 141                                            ;
;     -- OUTDATA_REG_A                      ; UNREGISTERED                                   ;
;     -- WIDTH_B                            ; 1                                              ;
;     -- NUMWORDS_B                         ; 1                                              ;
;     -- ADDRESS_REG_B                      ; CLOCK1                                         ;
;     -- OUTDATA_REG_B                      ; UNREGISTERED                                   ;
;     -- RAM_BLOCK_TYPE                     ; AUTO                                           ;
;     -- READ_DURING_WRITE_MODE_MIXED_PORTS ; DONT_CARE                                      ;
; Entity Instance                           ; Spectrogram_Buffer:u_sb|altsyncram:mem_rtl_0   ;
;     -- OPERATION_MODE                     ; DUAL_PORT                                      ;
;     -- WIDTH_A                            ; 16                                             ;
;     -- NUMWORDS_A                         ; 1024                                           ;
;     -- OUTDATA_REG_A                      ; UNREGISTERED                                   ;
;     -- WIDTH_B                            ; 16                                             ;
;     -- NUMWORDS_B                         ; 1024                                           ;
;     -- ADDRESS_REG_B                      ; CLOCK0                                         ;
;     -- OUTDATA_REG_B                      ; UNREGISTERED                                   ;
;     -- RAM_BLOCK_TYPE                     ; AUTO                                           ;
;     -- READ_DURING_WRITE_MODE_MIXED_PORTS ; OLD_DATA                                       ;
; Entity Instance                           ; Sample_Source:u_src|altsyncram:rom_rtl_0       ;
;     -- OPERATION_MODE                     ; ROM                                            ;
;     -- WIDTH_A                            ; 16                                             ;
;     -- NUMWORDS_A                         ; 102036                                         ;
;     -- OUTDATA_REG_A                      ; UNREGISTERED                                   ;
;     -- WIDTH_B                            ; 1                                              ;
;     -- NUMWORDS_B                         ; 1                                              ;
;     -- ADDRESS_REG_B                      ; CLOCK1                                         ;
;     -- OUTDATA_REG_B                      ; UNREGISTERED                                   ;
;     -- RAM_BLOCK_TYPE                     ; M10K                                           ;
;     -- READ_DURING_WRITE_MODE_MIXED_PORTS ; DONT_CARE                                      ;
+-------------------------------------------+------------------------------------------------+


+-------------------------------------------------------------------------------------------------+
; Port Connectivity Checks: "CNN_Top:u_cnn|CNN_Dense_Classifier:u_dense|CNN_MAC_Unit:u_dense_mac" ;
+-----------------+-------+----------+------------------------------------------------------------+
; Port            ; Type  ; Severity ; Details                                                    ;
+-----------------+-------+----------+------------------------------------------------------------+
; init_acc[14..0] ; Input ; Info     ; Stuck at GND                                               ;
+-----------------+-------+----------+------------------------------------------------------------+


+---------------------------------------------------------------------------------------------+
; Port Connectivity Checks: "CNN_Top:u_cnn|CNN_Dense_Classifier:u_dense|CNN_Weight_ROM:u_rom" ;
+-----------+--------+----------+-------------------------------------------------------------+
; Port      ; Type   ; Severity ; Details                                                     ;
+-----------+--------+----------+-------------------------------------------------------------+
; tap_addr  ; Input  ; Info     ; Stuck at GND                                                ;
; conv_w    ; Output ; Info     ; Explicitly unconnected                                      ;
; conv_bias ; Output ; Info     ; Explicitly unconnected                                      ;
+-----------+--------+----------+-------------------------------------------------------------+


+---------------------------------------------------------------------------------------------------------------------------+
; Port Connectivity Checks: "CNN_Top:u_cnn|CNN_Conv_Layer:u_conv|CNN_MAC_Unit:g_filter[7].u_mac"                            ;
+-----------------+--------+----------+-------------------------------------------------------------------------------------+
; Port            ; Type   ; Severity ; Details                                                                             ;
+-----------------+--------+----------+-------------------------------------------------------------------------------------+
; init_acc[14..0] ; Input  ; Info     ; Stuck at GND                                                                        ;
; out_valid       ; Output ; Info     ; Connected to dangling logic. Logic that only feeds a dangling port will be removed. ;
+-----------------+--------+----------+-------------------------------------------------------------------------------------+


+---------------------------------------------------------------------------------------------------------------------------+
; Port Connectivity Checks: "CNN_Top:u_cnn|CNN_Conv_Layer:u_conv|CNN_MAC_Unit:g_filter[6].u_mac"                            ;
+-----------------+--------+----------+-------------------------------------------------------------------------------------+
; Port            ; Type   ; Severity ; Details                                                                             ;
+-----------------+--------+----------+-------------------------------------------------------------------------------------+
; init_acc[14..0] ; Input  ; Info     ; Stuck at GND                                                                        ;
; out_valid       ; Output ; Info     ; Connected to dangling logic. Logic that only feeds a dangling port will be removed. ;
+-----------------+--------+----------+-------------------------------------------------------------------------------------+


+---------------------------------------------------------------------------------------------------------------------------+
; Port Connectivity Checks: "CNN_Top:u_cnn|CNN_Conv_Layer:u_conv|CNN_MAC_Unit:g_filter[5].u_mac"                            ;
+-----------------+--------+----------+-------------------------------------------------------------------------------------+
; Port            ; Type   ; Severity ; Details                                                                             ;
+-----------------+--------+----------+-------------------------------------------------------------------------------------+
; init_acc[14..0] ; Input  ; Info     ; Stuck at GND                                                                        ;
; out_valid       ; Output ; Info     ; Connected to dangling logic. Logic that only feeds a dangling port will be removed. ;
+-----------------+--------+----------+-------------------------------------------------------------------------------------+


+---------------------------------------------------------------------------------------------------------------------------+
; Port Connectivity Checks: "CNN_Top:u_cnn|CNN_Conv_Layer:u_conv|CNN_MAC_Unit:g_filter[4].u_mac"                            ;
+-----------------+--------+----------+-------------------------------------------------------------------------------------+
; Port            ; Type   ; Severity ; Details                                                                             ;
+-----------------+--------+----------+-------------------------------------------------------------------------------------+
; init_acc[14..0] ; Input  ; Info     ; Stuck at GND                                                                        ;
; out_valid       ; Output ; Info     ; Connected to dangling logic. Logic that only feeds a dangling port will be removed. ;
+-----------------+--------+----------+-------------------------------------------------------------------------------------+


+---------------------------------------------------------------------------------------------------------------------------+
; Port Connectivity Checks: "CNN_Top:u_cnn|CNN_Conv_Layer:u_conv|CNN_MAC_Unit:g_filter[3].u_mac"                            ;
+-----------------+--------+----------+-------------------------------------------------------------------------------------+
; Port            ; Type   ; Severity ; Details                                                                             ;
+-----------------+--------+----------+-------------------------------------------------------------------------------------+
; init_acc[14..0] ; Input  ; Info     ; Stuck at GND                                                                        ;
; out_valid       ; Output ; Info     ; Connected to dangling logic. Logic that only feeds a dangling port will be removed. ;
+-----------------+--------+----------+-------------------------------------------------------------------------------------+


+---------------------------------------------------------------------------------------------------------------------------+
; Port Connectivity Checks: "CNN_Top:u_cnn|CNN_Conv_Layer:u_conv|CNN_MAC_Unit:g_filter[2].u_mac"                            ;
+-----------------+--------+----------+-------------------------------------------------------------------------------------+
; Port            ; Type   ; Severity ; Details                                                                             ;
+-----------------+--------+----------+-------------------------------------------------------------------------------------+
; init_acc[14..0] ; Input  ; Info     ; Stuck at GND                                                                        ;
; out_valid       ; Output ; Info     ; Connected to dangling logic. Logic that only feeds a dangling port will be removed. ;
+-----------------+--------+----------+-------------------------------------------------------------------------------------+


+---------------------------------------------------------------------------------------------------------------------------+
; Port Connectivity Checks: "CNN_Top:u_cnn|CNN_Conv_Layer:u_conv|CNN_MAC_Unit:g_filter[1].u_mac"                            ;
+-----------------+--------+----------+-------------------------------------------------------------------------------------+
; Port            ; Type   ; Severity ; Details                                                                             ;
+-----------------+--------+----------+-------------------------------------------------------------------------------------+
; init_acc[14..0] ; Input  ; Info     ; Stuck at GND                                                                        ;
; out_valid       ; Output ; Info     ; Connected to dangling logic. Logic that only feeds a dangling port will be removed. ;
+-----------------+--------+----------+-------------------------------------------------------------------------------------+


+------------------------------------------------------------------------------------------------+
; Port Connectivity Checks: "CNN_Top:u_cnn|CNN_Conv_Layer:u_conv|CNN_MAC_Unit:g_filter[0].u_mac" ;
+-----------------+-------+----------+-----------------------------------------------------------+
; Port            ; Type  ; Severity ; Details                                                   ;
+-----------------+-------+----------+-----------------------------------------------------------+
; init_acc[14..0] ; Input ; Info     ; Stuck at GND                                              ;
+-----------------+-------+----------+-----------------------------------------------------------+


+--------------------------------------------------------------------------------------+
; Port Connectivity Checks: "CNN_Top:u_cnn|CNN_Conv_Layer:u_conv|CNN_Weight_ROM:u_rom" ;
+-----------------+--------+----------+------------------------------------------------+
; Port            ; Type   ; Severity ; Details                                        ;
+-----------------+--------+----------+------------------------------------------------+
; dense_addr      ; Input  ; Info     ; Stuck at GND                                   ;
; dense_w         ; Output ; Info     ; Explicitly unconnected                         ;
; dense_bias_addr ; Input  ; Info     ; Stuck at GND                                   ;
; dense_bias      ; Output ; Info     ; Explicitly unconnected                         ;
+-----------------+--------+----------+------------------------------------------------+


+-------------------------------------------------------------------------------------------------------------------+
; Port Connectivity Checks: "CNN_Top:u_cnn|CNN_Line_Buffer:u_linebuf"                                               ;
+---------+--------+----------+-------------------------------------------------------------------------------------+
; Port    ; Type   ; Severity ; Details                                                                             ;
+---------+--------+----------+-------------------------------------------------------------------------------------+
; out_row ; Output ; Info     ; Connected to dangling logic. Logic that only feeds a dangling port will be removed. ;
; out_col ; Output ; Info     ; Connected to dangling logic. Logic that only feeds a dangling port will be removed. ;
+---------+--------+----------+-------------------------------------------------------------------------------------+


+-----------------------------------------------------------------------------------------------------------------------------+
; Port Connectivity Checks: "CNN_Top:u_cnn"                                                                                   ;
+-------------------+--------+----------+-------------------------------------------------------------------------------------+
; Port              ; Type   ; Severity ; Details                                                                             ;
+-------------------+--------+----------+-------------------------------------------------------------------------------------+
; enable            ; Input  ; Info     ; Stuck at VCC                                                                        ;
; busy              ; Output ; Info     ; Connected to dangling logic. Logic that only feeds a dangling port will be removed. ;
; done              ; Output ; Info     ; Connected to dangling logic. Logic that only feeds a dangling port will be removed. ;
; out_scores[63..4] ; Output ; Info     ; Connected to dangling logic. Logic that only feeds a dangling port will be removed. ;
; out_features      ; Output ; Info     ; Explicitly unconnected                                                              ;
+-------------------+--------+----------+-------------------------------------------------------------------------------------+


+---------------------------------------------------------------------------------------------------------------------+
; Port Connectivity Checks: "ML_Tree_Classifier:u_tree"                                                               ;
+-----------+--------+----------+-------------------------------------------------------------------------------------+
; Port      ; Type   ; Severity ; Details                                                                             ;
+-----------+--------+----------+-------------------------------------------------------------------------------------+
; enable    ; Input  ; Info     ; Stuck at VCC                                                                        ;
; busy      ; Output ; Info     ; Connected to dangling logic. Logic that only feeds a dangling port will be removed. ;
; done      ; Output ; Info     ; Connected to dangling logic. Logic that only feeds a dangling port will be removed. ;
; out_ready ; Input  ; Info     ; Stuck at VCC                                                                        ;
+-----------+--------+----------+-------------------------------------------------------------------------------------+


+----------------------------------------------------------------------------------------------------------------+
; Port Connectivity Checks: "Feature_Temporal:u_ft"                                                              ;
+------+--------+----------+-------------------------------------------------------------------------------------+
; Port ; Type   ; Severity ; Details                                                                             ;
+------+--------+----------+-------------------------------------------------------------------------------------+
; busy ; Output ; Info     ; Connected to dangling logic. Logic that only feeds a dangling port will be removed. ;
; done ; Output ; Info     ; Connected to dangling logic. Logic that only feeds a dangling port will be removed. ;
+------+--------+----------+-------------------------------------------------------------------------------------+


+----------------------------------------------------------------------------------------------------------------+
; Port Connectivity Checks: "Spectrogram_Buffer:u_sb"                                                            ;
+------+--------+----------+-------------------------------------------------------------------------------------+
; Port ; Type   ; Severity ; Details                                                                             ;
+------+--------+----------+-------------------------------------------------------------------------------------+
; busy ; Output ; Info     ; Connected to dangling logic. Logic that only feeds a dangling port will be removed. ;
; done ; Output ; Info     ; Connected to dangling logic. Logic that only feeds a dangling port will be removed. ;
+------+--------+----------+-------------------------------------------------------------------------------------+


+--------------------------------------------------------------------------------------------------------------------+
; Port Connectivity Checks: "Feature_Spectral:u_fs|Divider_Q15:u_div"                                                ;
+----------+--------+----------+-------------------------------------------------------------------------------------+
; Port     ; Type   ; Severity ; Details                                                                             ;
+----------+--------+----------+-------------------------------------------------------------------------------------+
; div_zero ; Output ; Info     ; Connected to dangling logic. Logic that only feeds a dangling port will be removed. ;
+----------+--------+----------+-------------------------------------------------------------------------------------+


+----------------------------------------------------------------------------------------------------------------+
; Port Connectivity Checks: "Feature_Spectral:u_fs"                                                              ;
+------+--------+----------+-------------------------------------------------------------------------------------+
; Port ; Type   ; Severity ; Details                                                                             ;
+------+--------+----------+-------------------------------------------------------------------------------------+
; busy ; Output ; Info     ; Connected to dangling logic. Logic that only feeds a dangling port will be removed. ;
; done ; Output ; Info     ; Connected to dangling logic. Logic that only feeds a dangling port will be removed. ;
+------+--------+----------+-------------------------------------------------------------------------------------+


+---------------------------------------------------------------------------------------------------------------------+
; Port Connectivity Checks: "FFT_Top:u_fft|FFT_Butterfly:u_butterfly"                                                 ;
+-----------+--------+----------+-------------------------------------------------------------------------------------+
; Port      ; Type   ; Severity ; Details                                                                             ;
+-----------+--------+----------+-------------------------------------------------------------------------------------+
; out_valid ; Output ; Info     ; Connected to dangling logic. Logic that only feeds a dangling port will be removed. ;
+-----------+--------+----------+-------------------------------------------------------------------------------------+


+---------------------------------------------------------------------------------------------------------------------+
; Port Connectivity Checks: "FFT_Top:u_fft|FFT_Control_FSM:u_control"                                                 ;
+-----------+--------+----------+-------------------------------------------------------------------------------------+
; Port      ; Type   ; Severity ; Details                                                                             ;
+-----------+--------+----------+-------------------------------------------------------------------------------------+
; unload_rd ; Output ; Info     ; Connected to dangling logic. Logic that only feeds a dangling port will be removed. ;
+-----------+--------+----------+-------------------------------------------------------------------------------------+


+---------------------------------------------------------------------------------------------------------------------+
; Port Connectivity Checks: "FFT_Top:u_fft"                                                                           ;
+-----------+--------+----------+-------------------------------------------------------------------------------------+
; Port      ; Type   ; Severity ; Details                                                                             ;
+-----------+--------+----------+-------------------------------------------------------------------------------------+
; enable    ; Input  ; Info     ; Stuck at VCC                                                                        ;
; busy      ; Output ; Info     ; Connected to dangling logic. Logic that only feeds a dangling port will be removed. ;
; done      ; Output ; Info     ; Connected to dangling logic. Logic that only feeds a dangling port will be removed. ;
; in_imag   ; Input  ; Info     ; Stuck at GND                                                                        ;
; out_real  ; Output ; Info     ; Explicitly unconnected                                                              ;
; out_imag  ; Output ; Info     ; Explicitly unconnected                                                              ;
; stage_dbg ; Output ; Info     ; Explicitly unconnected                                                              ;
+-----------+--------+----------+-------------------------------------------------------------------------------------+


+----------------------------------------------------------------------------------------------------------------+
; Port Connectivity Checks: "Frame_Builder:u_fb"                                                                 ;
+------+--------+----------+-------------------------------------------------------------------------------------+
; Port ; Type   ; Severity ; Details                                                                             ;
+------+--------+----------+-------------------------------------------------------------------------------------+
; busy ; Output ; Info     ; Connected to dangling logic. Logic that only feeds a dangling port will be removed. ;
+------+--------+----------+-------------------------------------------------------------------------------------+


+----------------------------------------------------------------------------------------------------------------+
; Port Connectivity Checks: "Sample_Source:u_src"                                                                ;
+------+--------+----------+-------------------------------------------------------------------------------------+
; Port ; Type   ; Severity ; Details                                                                             ;
+------+--------+----------+-------------------------------------------------------------------------------------+
; busy ; Output ; Info     ; Connected to dangling logic. Logic that only feeds a dangling port will be removed. ;
; done ; Output ; Info     ; Connected to dangling logic. Logic that only feeds a dangling port will be removed. ;
+------+--------+----------+-------------------------------------------------------------------------------------+


+-----------------------------------------------------+
; Post-Synthesis Netlist Statistics for Top Partition ;
+-----------------------+-----------------------------+
; Type                  ; Count                       ;
+-----------------------+-----------------------------+
; arriav_ff             ; 12689                       ;
;     ENA               ; 149                         ;
;     ENA SCLR          ; 8851                        ;
;     ENA SCLR SLD      ; 193                         ;
;     ENA SLD           ; 136                         ;
;     SCLR              ; 1136                        ;
;     SCLR SLD          ; 20                          ;
;     SLD               ; 2                           ;
;     plain             ; 2202                        ;
; arriav_lcell_comb     ; 11886                       ;
;     arith             ; 2274                        ;
;         0 data inputs ; 5                           ;
;         1 data inputs ; 1125                        ;
;         2 data inputs ; 1039                        ;
;         3 data inputs ; 15                          ;
;         4 data inputs ; 37                          ;
;         5 data inputs ; 53                          ;
;     extend            ; 21                          ;
;         7 data inputs ; 21                          ;
;     normal            ; 9498                        ;
;         0 data inputs ; 2                           ;
;         1 data inputs ; 14                          ;
;         2 data inputs ; 668                         ;
;         3 data inputs ; 1088                        ;
;         4 data inputs ; 630                         ;
;         5 data inputs ; 1666                        ;
;         6 data inputs ; 5430                        ;
;     shared            ; 93                          ;
;         0 data inputs ; 2                           ;
;         1 data inputs ; 6                           ;
;         2 data inputs ; 71                          ;
;         3 data inputs ; 14                          ;
; arriav_mac            ; 18                          ;
; boundary_port         ; 65                          ;
; stratixv_ram_block    ; 255                         ;
;                       ;                             ;
; Max LUT depth         ; 19.50                       ;
; Average LUT depth     ; 4.52                        ;
+-----------------------+-----------------------------+


+-------------------------------+
; Elapsed Time Per Partition    ;
+----------------+--------------+
; Partition Name ; Elapsed Time ;
+----------------+--------------+
; Top            ; 00:00:17     ;
+----------------+--------------+


+-------------------------------+
; Analysis & Synthesis Messages ;
+-------------------------------+
Info: *******************************************************************
Info: Running Quartus Prime Analysis & Synthesis
    Info: Version 20.1.0 Build 711 06/05/2020 SJ Lite Edition
    Info: Processing started: Sat Oct 03 11:20:12 2026
Info: Command: quartus_map --read_settings_files=on --write_settings_files=off SMMA -c SMMA
Info (20030): Parallel compilation is enabled and will use 10 of the 10 processors detected
Info (12021): Found 1 design units, including 1 entities, in source file /users/sara/desktop/ci digital - cepedi/pbl/ci-digital--smma-acelercador-fpga-para-manutencao-preditiva/rtl/smma_top.v
    Info (12023): Found entity 1: SMMA_Top File: C:/Users/Sara/Desktop/CI DIGITAL - CEPEDI/PBL/CI-DIGITAL--SMMA-ACELERCADOR-FPGA-PARA-MANUTENCAO-PREDITIVA/RTL/SMMA_Top.v Line: 84
Info (12021): Found 1 design units, including 1 entities, in source file /users/sara/desktop/ci digital - cepedi/pbl/ci-digital--smma-acelercador-fpga-para-manutencao-preditiva/rtl/sample_source.v
    Info (12023): Found entity 1: Sample_Source File: C:/Users/Sara/Desktop/CI DIGITAL - CEPEDI/PBL/CI-DIGITAL--SMMA-ACELERCADOR-FPGA-PARA-MANUTENCAO-PREDITIVA/RTL/Sample_Source.v Line: 49
Info (12021): Found 1 design units, including 1 entities, in source file /users/sara/desktop/ci digital - cepedi/pbl/ci-digital--smma-acelercador-fpga-para-manutencao-preditiva/rtl/fir_decimator.v
    Info (12023): Found entity 1: FIR_Decimator File: C:/Users/Sara/Desktop/CI DIGITAL - CEPEDI/PBL/CI-DIGITAL--SMMA-ACELERCADOR-FPGA-PARA-MANUTENCAO-PREDITIVA/RTL/FIR_Decimator.v Line: 49
Info (12021): Found 1 design units, including 1 entities, in source file /users/sara/desktop/ci digital - cepedi/pbl/ci-digital--smma-acelercador-fpga-para-manutencao-preditiva/rtl/frame_builder.v
    Info (12023): Found entity 1: Frame_Builder File: C:/Users/Sara/Desktop/CI DIGITAL - CEPEDI/PBL/CI-DIGITAL--SMMA-ACELERCADOR-FPGA-PARA-MANUTENCAO-PREDITIVA/RTL/Frame_Builder.v Line: 44
Info (12021): Found 1 design units, including 1 entities, in source file /users/sara/desktop/ci digital - cepedi/pbl/ci-digital--smma-acelercador-fpga-para-manutencao-preditiva/rtl/fft_top.v
    Info (12023): Found entity 1: FFT_Top File: C:/Users/Sara/Desktop/CI DIGITAL - CEPEDI/PBL/CI-DIGITAL--SMMA-ACELERCADOR-FPGA-PARA-MANUTENCAO-PREDITIVA/RTL/FFT_Top.v Line: 85
Info (12021): Found 1 design units, including 1 entities, in source file /users/sara/desktop/ci digital - cepedi/pbl/ci-digital--smma-acelercador-fpga-para-manutencao-preditiva/rtl/fft_control_fsm.v
    Info (12023): Found entity 1: FFT_Control_FSM File: C:/Users/Sara/Desktop/CI DIGITAL - CEPEDI/PBL/CI-DIGITAL--SMMA-ACELERCADOR-FPGA-PARA-MANUTENCAO-PREDITIVA/RTL/FFT_Control_FSM.v Line: 87
Info (12021): Found 1 design units, including 1 entities, in source file /users/sara/desktop/ci digital - cepedi/pbl/ci-digital--smma-acelercador-fpga-para-manutencao-preditiva/rtl/fft_addr_gen.v
    Info (12023): Found entity 1: FFT_Addr_Gen File: C:/Users/Sara/Desktop/CI DIGITAL - CEPEDI/PBL/CI-DIGITAL--SMMA-ACELERCADOR-FPGA-PARA-MANUTENCAO-PREDITIVA/RTL/FFT_Addr_Gen.v Line: 36
Info (12021): Found 1 design units, including 1 entities, in source file /users/sara/desktop/ci digital - cepedi/pbl/ci-digital--smma-acelercador-fpga-para-manutencao-preditiva/rtl/fft_bit_reverse.v
    Info (12023): Found entity 1: FFT_Bit_Reverse File: C:/Users/Sara/Desktop/CI DIGITAL - CEPEDI/PBL/CI-DIGITAL--SMMA-ACELERCADOR-FPGA-PARA-MANUTENCAO-PREDITIVA/RTL/FFT_Bit_Reverse.v Line: 27
Info (12021): Found 1 design units, including 1 entities, in source file /users/sara/desktop/ci digital - cepedi/pbl/ci-digital--smma-acelercador-fpga-para-manutencao-preditiva/rtl/fft_butterfly.v
    Info (12023): Found entity 1: FFT_Butterfly File: C:/Users/Sara/Desktop/CI DIGITAL - CEPEDI/PBL/CI-DIGITAL--SMMA-ACELERCADOR-FPGA-PARA-MANUTENCAO-PREDITIVA/RTL/FFT_Butterfly.v Line: 58
Info (12021): Found 1 design units, including 1 entities, in source file /users/sara/desktop/ci digital - cepedi/pbl/ci-digital--smma-acelercador-fpga-para-manutencao-preditiva/rtl/fft_memory.v
    Info (12023): Found entity 1: FFT_Memory File: C:/Users/Sara/Desktop/CI DIGITAL - CEPEDI/PBL/CI-DIGITAL--SMMA-ACELERCADOR-FPGA-PARA-MANUTENCAO-PREDITIVA/RTL/FFT_Memory.v Line: 32
Info (12021): Found 1 design units, including 1 entities, in source file /users/sara/desktop/ci digital - cepedi/pbl/ci-digital--smma-acelercador-fpga-para-manutencao-preditiva/rtl/fft_twiddle_rom.v
    Info (12023): Found entity 1: FFT_Twiddle_ROM File: C:/Users/Sara/Desktop/CI DIGITAL - CEPEDI/PBL/CI-DIGITAL--SMMA-ACELERCADOR-FPGA-PARA-MANUTENCAO-PREDITIVA/RTL/FFT_Twiddle_ROM.v Line: 29
Info (12021): Found 1 design units, including 1 entities, in source file /users/sara/desktop/ci digital - cepedi/pbl/ci-digital--smma-acelercador-fpga-para-manutencao-preditiva/rtl/fft_magnitude.v
    Info (12023): Found entity 1: FFT_Magnitude File: C:/Users/Sara/Desktop/CI DIGITAL - CEPEDI/PBL/CI-DIGITAL--SMMA-ACELERCADOR-FPGA-PARA-MANUTENCAO-PREDITIVA/RTL/FFT_Magnitude.v Line: 36
Info (12021): Found 1 design units, including 1 entities, in source file /users/sara/desktop/ci digital - cepedi/pbl/ci-digital--smma-acelercador-fpga-para-manutencao-preditiva/rtl/fft_log2_compress.v
    Info (12023): Found entity 1: FFT_Log2_Compress File: C:/Users/Sara/Desktop/CI DIGITAL - CEPEDI/PBL/CI-DIGITAL--SMMA-ACELERCADOR-FPGA-PARA-MANUTENCAO-PREDITIVA/RTL/FFT_Log2_Compress.v Line: 46
Info (12021): Found 1 design units, including 1 entities, in source file /users/sara/desktop/ci digital - cepedi/pbl/ci-digital--smma-acelercador-fpga-para-manutencao-preditiva/rtl/fp_mult_unit.v
    Info (12023): Found entity 1: FP_Mult_Unit File: C:/Users/Sara/Desktop/CI DIGITAL - CEPEDI/PBL/CI-DIGITAL--SMMA-ACELERCADOR-FPGA-PARA-MANUTENCAO-PREDITIVA/RTL/FP_Mult_Unit.v Line: 22
Info (12021): Found 1 design units, including 1 entities, in source file /users/sara/desktop/ci digital - cepedi/pbl/ci-digital--smma-acelercador-fpga-para-manutencao-preditiva/rtl/fp_arith_unit.v
    Info (12023): Found entity 1: FP_Arith_Unit File: C:/Users/Sara/Desktop/CI DIGITAL - CEPEDI/PBL/CI-DIGITAL--SMMA-ACELERCADOR-FPGA-PARA-MANUTENCAO-PREDITIVA/RTL/FP_Arith_Unit.v Line: 7
Info (12021): Found 1 design units, including 1 entities, in source file /users/sara/desktop/ci digital - cepedi/pbl/ci-digital--smma-acelercador-fpga-para-manutencao-preditiva/rtl/feature_spectral.v
    Info (12023): Found entity 1: Feature_Spectral File: C:/Users/Sara/Desktop/CI DIGITAL - CEPEDI/PBL/CI-DIGITAL--SMMA-ACELERCADOR-FPGA-PARA-MANUTENCAO-PREDITIVA/RTL/Feature_Spectral.v Line: 46
Info (12021): Found 1 design units, including 1 entities, in source file /users/sara/desktop/ci digital - cepedi/pbl/ci-digital--smma-acelercador-fpga-para-manutencao-preditiva/rtl/feature_temporal.v
    Info (12023): Found entity 1: Feature_Temporal File: C:/Users/Sara/Desktop/CI DIGITAL - CEPEDI/PBL/CI-DIGITAL--SMMA-ACELERCADOR-FPGA-PARA-MANUTENCAO-PREDITIVA/RTL/Feature_Temporal.v Line: 52
Info (12021): Found 1 design units, including 1 entities, in source file /users/sara/desktop/ci digital - cepedi/pbl/ci-digital--smma-acelercador-fpga-para-manutencao-preditiva/rtl/divider_q15.v
    Info (12023): Found entity 1: Divider_Q15 File: C:/Users/Sara/Desktop/CI DIGITAL - CEPEDI/PBL/CI-DIGITAL--SMMA-ACELERCADOR-FPGA-PARA-MANUTENCAO-PREDITIVA/RTL/Divider_Q15.v Line: 37
Info (12021): Found 1 design units, including 1 entities, in source file /users/sara/desktop/ci digital - cepedi/pbl/ci-digital--smma-acelercador-fpga-para-manutencao-preditiva/rtl/ml_tree_classifier.v
    Info (12023): Found entity 1: ML_Tree_Classifier File: C:/Users/Sara/Desktop/CI DIGITAL - CEPEDI/PBL/CI-DIGITAL--SMMA-ACELERCADOR-FPGA-PARA-MANUTENCAO-PREDITIVA/RTL/ML_Tree_Classifier.v Line: 64
Info (12021): Found 1 design units, including 1 entities, in source file /users/sara/desktop/ci digital - cepedi/pbl/ci-digital--smma-acelercador-fpga-para-manutencao-preditiva/rtl/spectrogram_buffer.v
    Info (12023): Found entity 1: Spectrogram_Buffer File: C:/Users/Sara/Desktop/CI DIGITAL - CEPEDI/PBL/CI-DIGITAL--SMMA-ACELERCADOR-FPGA-PARA-MANUTENCAO-PREDITIVA/RTL/Spectrogram_Buffer.v Line: 38
Info (12021): Found 1 design units, including 1 entities, in source file /users/sara/desktop/ci digital - cepedi/pbl/ci-digital--smma-acelercador-fpga-para-manutencao-preditiva/rtl/cnn_top.v
    Info (12023): Found entity 1: CNN_Top File: C:/Users/Sara/Desktop/CI DIGITAL - CEPEDI/PBL/CI-DIGITAL--SMMA-ACELERCADOR-FPGA-PARA-MANUTENCAO-PREDITIVA/RTL/CNN_Top.v Line: 53
Info (12021): Found 1 design units, including 1 entities, in source file /users/sara/desktop/ci digital - cepedi/pbl/ci-digital--smma-acelercador-fpga-para-manutencao-preditiva/rtl/cnn_control_fsm.v
    Info (12023): Found entity 1: CNN_Control_FSM File: C:/Users/Sara/Desktop/CI DIGITAL - CEPEDI/PBL/CI-DIGITAL--SMMA-ACELERCADOR-FPGA-PARA-MANUTENCAO-PREDITIVA/RTL/CNN_Control_FSM.v Line: 47
Info (12021): Found 1 design units, including 1 entities, in source file /users/sara/desktop/ci digital - cepedi/pbl/ci-digital--smma-acelercador-fpga-para-manutencao-preditiva/rtl/cnn_line_buffer.v
    Info (12023): Found entity 1: CNN_Line_Buffer File: C:/Users/Sara/Desktop/CI DIGITAL - CEPEDI/PBL/CI-DIGITAL--SMMA-ACELERCADOR-FPGA-PARA-MANUTENCAO-PREDITIVA/RTL/CNN_Line_Buffer.v Line: 58
Info (12021): Found 1 design units, including 1 entities, in source file /users/sara/desktop/ci digital - cepedi/pbl/ci-digital--smma-acelercador-fpga-para-manutencao-preditiva/rtl/cnn_conv_layer.v
    Info (12023): Found entity 1: CNN_Conv_Layer File: C:/Users/Sara/Desktop/CI DIGITAL - CEPEDI/PBL/CI-DIGITAL--SMMA-ACELERCADOR-FPGA-PARA-MANUTENCAO-PREDITIVA/RTL/CNN_Conv_Layer.v Line: 49
Info (12021): Found 1 design units, including 1 entities, in source file /users/sara/desktop/ci digital - cepedi/pbl/ci-digital--smma-acelercador-fpga-para-manutencao-preditiva/rtl/cnn_mac_unit.v
    Info (12023): Found entity 1: CNN_MAC_Unit File: C:/Users/Sara/Desktop/CI DIGITAL - CEPEDI/PBL/CI-DIGITAL--SMMA-ACELERCADOR-FPGA-PARA-MANUTENCAO-PREDITIVA/RTL/CNN_MAC_Unit.v Line: 45
Info (12021): Found 1 design units, including 1 entities, in source file /users/sara/desktop/ci digital - cepedi/pbl/ci-digital--smma-acelercador-fpga-para-manutencao-preditiva/rtl/cnn_relu.v
    Info (12023): Found entity 1: CNN_ReLU File: C:/Users/Sara/Desktop/CI DIGITAL - CEPEDI/PBL/CI-DIGITAL--SMMA-ACELERCADOR-FPGA-PARA-MANUTENCAO-PREDITIVA/RTL/CNN_ReLU.v Line: 39
Info (12021): Found 1 design units, including 1 entities, in source file /users/sara/desktop/ci digital - cepedi/pbl/ci-digital--smma-acelercador-fpga-para-manutencao-preditiva/rtl/cnn_maxpool.v
    Info (12023): Found entity 1: CNN_MaxPool File: C:/Users/Sara/Desktop/CI DIGITAL - CEPEDI/PBL/CI-DIGITAL--SMMA-ACELERCADOR-FPGA-PARA-MANUTENCAO-PREDITIVA/RTL/CNN_MaxPool.v Line: 40
Info (12021): Found 1 design units, including 1 entities, in source file /users/sara/desktop/ci digital - cepedi/pbl/ci-digital--smma-acelercador-fpga-para-manutencao-preditiva/rtl/cnn_dense_classifier.v
    Info (12023): Found entity 1: CNN_Dense_Classifier File: C:/Users/Sara/Desktop/CI DIGITAL - CEPEDI/PBL/CI-DIGITAL--SMMA-ACELERCADOR-FPGA-PARA-MANUTENCAO-PREDITIVA/RTL/CNN_Dense_Classifier.v Line: 49
Warning (10259): Verilog HDL error at CNN_Weight_ROM.v(84): constant value overflow File: C:/Users/Sara/Desktop/CI DIGITAL - CEPEDI/PBL/CI-DIGITAL--SMMA-ACELERCADOR-FPGA-PARA-MANUTENCAO-PREDITIVA/RTL/CNN_Weight_ROM.v Line: 84
Warning (10259): Verilog HDL error at CNN_Weight_ROM.v(90): constant value overflow File: C:/Users/Sara/Desktop/CI DIGITAL - CEPEDI/PBL/CI-DIGITAL--SMMA-ACELERCADOR-FPGA-PARA-MANUTENCAO-PREDITIVA/RTL/CNN_Weight_ROM.v Line: 90
Warning (10259): Verilog HDL error at CNN_Weight_ROM.v(102): constant value overflow File: C:/Users/Sara/Desktop/CI DIGITAL - CEPEDI/PBL/CI-DIGITAL--SMMA-ACELERCADOR-FPGA-PARA-MANUTENCAO-PREDITIVA/RTL/CNN_Weight_ROM.v Line: 102
Warning (10259): Verilog HDL error at CNN_Weight_ROM.v(106): constant value overflow File: C:/Users/Sara/Desktop/CI DIGITAL - CEPEDI/PBL/CI-DIGITAL--SMMA-ACELERCADOR-FPGA-PARA-MANUTENCAO-PREDITIVA/RTL/CNN_Weight_ROM.v Line: 106
Info (12021): Found 1 design units, including 1 entities, in source file /users/sara/desktop/ci digital - cepedi/pbl/ci-digital--smma-acelercador-fpga-para-manutencao-preditiva/rtl/cnn_weight_rom.v
    Info (12023): Found entity 1: CNN_Weight_ROM File: C:/Users/Sara/Desktop/CI DIGITAL - CEPEDI/PBL/CI-DIGITAL--SMMA-ACELERCADOR-FPGA-PARA-MANUTENCAO-PREDITIVA/RTL/CNN_Weight_ROM.v Line: 33
Info (12127): Elaborating entity "SMMA_Top" for the top level hierarchy
Info (12128): Elaborating entity "Sample_Source" for hierarchy "Sample_Source:u_src" File: C:/Users/Sara/Desktop/CI DIGITAL - CEPEDI/PBL/CI-DIGITAL--SMMA-ACELERCADOR-FPGA-PARA-MANUTENCAO-PREDITIVA/RTL/SMMA_Top.v Line: 143
Warning (10230): Verilog HDL assignment warning at Sample_Source.v(119): truncated value with size 32 to match size of target (20) File: C:/Users/Sara/Desktop/CI DIGITAL - CEPEDI/PBL/CI-DIGITAL--SMMA-ACELERCADOR-FPGA-PARA-MANUTENCAO-PREDITIVA/RTL/Sample_Source.v Line: 119
Warning (10230): Verilog HDL assignment warning at Sample_Source.v(145): truncated value with size 32 to match size of target (20) File: C:/Users/Sara/Desktop/CI DIGITAL - CEPEDI/PBL/CI-DIGITAL--SMMA-ACELERCADOR-FPGA-PARA-MANUTENCAO-PREDITIVA/RTL/Sample_Source.v Line: 145
Warning (10230): Verilog HDL assignment warning at Sample_Source.v(146): truncated value with size 32 to match size of target (20) File: C:/Users/Sara/Desktop/CI DIGITAL - CEPEDI/PBL/CI-DIGITAL--SMMA-ACELERCADOR-FPGA-PARA-MANUTENCAO-PREDITIVA/RTL/Sample_Source.v Line: 146
Warning (10030): Net "rom.data_a" at Sample_Source.v(86) has no driver or initial value, using a default initial value '0' File: C:/Users/Sara/Desktop/CI DIGITAL - CEPEDI/PBL/CI-DIGITAL--SMMA-ACELERCADOR-FPGA-PARA-MANUTENCAO-PREDITIVA/RTL/Sample_Source.v Line: 86
Warning (10030): Net "rom.waddr_a" at Sample_Source.v(86) has no driver or initial value, using a default initial value '0' File: C:/Users/Sara/Desktop/CI DIGITAL - CEPEDI/PBL/CI-DIGITAL--SMMA-ACELERCADOR-FPGA-PARA-MANUTENCAO-PREDITIVA/RTL/Sample_Source.v Line: 86
Warning (10030): Net "rotulos.data_a" at Sample_Source.v(87) has no driver or initial value, using a default initial value '0' File: C:/Users/Sara/Desktop/CI DIGITAL - CEPEDI/PBL/CI-DIGITAL--SMMA-ACELERCADOR-FPGA-PARA-MANUTENCAO-PREDITIVA/RTL/Sample_Source.v Line: 87
Warning (10030): Net "rotulos.waddr_a" at Sample_Source.v(87) has no driver or initial value, using a default initial value '0' File: C:/Users/Sara/Desktop/CI DIGITAL - CEPEDI/PBL/CI-DIGITAL--SMMA-ACELERCADOR-FPGA-PARA-MANUTENCAO-PREDITIVA/RTL/Sample_Source.v Line: 87
Warning (10030): Net "rom.we_a" at Sample_Source.v(86) has no driver or initial value, using a default initial value '0' File: C:/Users/Sara/Desktop/CI DIGITAL - CEPEDI/PBL/CI-DIGITAL--SMMA-ACELERCADOR-FPGA-PARA-MANUTENCAO-PREDITIVA/RTL/Sample_Source.v Line: 86
Warning (10030): Net "rotulos.we_a" at Sample_Source.v(87) has no driver or initial value, using a default initial value '0' File: C:/Users/Sara/Desktop/CI DIGITAL - CEPEDI/PBL/CI-DIGITAL--SMMA-ACELERCADOR-FPGA-PARA-MANUTENCAO-PREDITIVA/RTL/Sample_Source.v Line: 87
Info (12128): Elaborating entity "FIR_Decimator" for hierarchy "FIR_Decimator:u_fir" File: C:/Users/Sara/Desktop/CI DIGITAL - CEPEDI/PBL/CI-DIGITAL--SMMA-ACELERCADOR-FPGA-PARA-MANUTENCAO-PREDITIVA/RTL/SMMA_Top.v Line: 160
Warning (10230): Verilog HDL assignment warning at FIR_Decimator.v(82): truncated value with size 32 to match size of target (4) File: C:/Users/Sara/Desktop/CI DIGITAL - CEPEDI/PBL/CI-DIGITAL--SMMA-ACELERCADOR-FPGA-PARA-MANUTENCAO-PREDITIVA/RTL/FIR_Decimator.v Line: 82
Info (12128): Elaborating entity "Frame_Builder" for hierarchy "Frame_Builder:u_fb" File: C:/Users/Sara/Desktop/CI DIGITAL - CEPEDI/PBL/CI-DIGITAL--SMMA-ACELERCADOR-FPGA-PARA-MANUTENCAO-PREDITIVA/RTL/SMMA_Top.v Line: 189
Info (12128): Elaborating entity "FFT_Top" for hierarchy "FFT_Top:u_fft" File: C:/Users/Sara/Desktop/CI DIGITAL - CEPEDI/PBL/CI-DIGITAL--SMMA-ACELERCADOR-FPGA-PARA-MANUTENCAO-PREDITIVA/RTL/SMMA_Top.v Line: 228
Info (12128): Elaborating entity "FFT_Control_FSM" for hierarchy "FFT_Top:u_fft|FFT_Control_FSM:u_control" File: C:/Users/Sara/Desktop/CI DIGITAL - CEPEDI/PBL/CI-DIGITAL--SMMA-ACELERCADOR-FPGA-PARA-MANUTENCAO-PREDITIVA/RTL/FFT_Top.v Line: 204
Info (10264): Verilog HDL Case Statement information at FFT_Control_FSM.v(422): all case item expressions in this case statement are onehot File: C:/Users/Sara/Desktop/CI DIGITAL - CEPEDI/PBL/CI-DIGITAL--SMMA-ACELERCADOR-FPGA-PARA-MANUTENCAO-PREDITIVA/RTL/FFT_Control_FSM.v Line: 422
Info (12128): Elaborating entity "FFT_Addr_Gen" for hierarchy "FFT_Top:u_fft|FFT_Control_FSM:u_control|FFT_Addr_Gen:u_addr_gen" File: C:/Users/Sara/Desktop/CI DIGITAL - CEPEDI/PBL/CI-DIGITAL--SMMA-ACELERCADOR-FPGA-PARA-MANUTENCAO-PREDITIVA/RTL/FFT_Control_FSM.v Line: 177
Info (12128): Elaborating entity "FFT_Bit_Reverse" for hierarchy "FFT_Top:u_fft|FFT_Control_FSM:u_control|FFT_Bit_Reverse:u_bit_rev" File: C:/Users/Sara/Desktop/CI DIGITAL - CEPEDI/PBL/CI-DIGITAL--SMMA-ACELERCADOR-FPGA-PARA-MANUTENCAO-PREDITIVA/RTL/FFT_Control_FSM.v Line: 189
Info (12128): Elaborating entity "FFT_Memory" for hierarchy "FFT_Top:u_fft|FFT_Memory:u_memory" File: C:/Users/Sara/Desktop/CI DIGITAL - CEPEDI/PBL/CI-DIGITAL--SMMA-ACELERCADOR-FPGA-PARA-MANUTENCAO-PREDITIVA/RTL/FFT_Top.v Line: 230
Info (12128): Elaborating entity "FFT_Twiddle_ROM" for hierarchy "FFT_Top:u_fft|FFT_Twiddle_ROM:u_twiddle" File: C:/Users/Sara/Desktop/CI DIGITAL - CEPEDI/PBL/CI-DIGITAL--SMMA-ACELERCADOR-FPGA-PARA-MANUTENCAO-PREDITIVA/RTL/FFT_Top.v Line: 245
Warning (10030): Net "ROM.data_a" at FFT_Twiddle_ROM.v(47) has no driver or initial value, using a default initial value '0' File: C:/Users/Sara/Desktop/CI DIGITAL - CEPEDI/PBL/CI-DIGITAL--SMMA-ACELERCADOR-FPGA-PARA-MANUTENCAO-PREDITIVA/RTL/FFT_Twiddle_ROM.v Line: 47
Warning (10030): Net "ROM.waddr_a" at FFT_Twiddle_ROM.v(47) has no driver or initial value, using a default initial value '0' File: C:/Users/Sara/Desktop/CI DIGITAL - CEPEDI/PBL/CI-DIGITAL--SMMA-ACELERCADOR-FPGA-PARA-MANUTENCAO-PREDITIVA/RTL/FFT_Twiddle_ROM.v Line: 47
Warning (10030): Net "ROM.we_a" at FFT_Twiddle_ROM.v(47) has no driver or initial value, using a default initial value '0' File: C:/Users/Sara/Desktop/CI DIGITAL - CEPEDI/PBL/CI-DIGITAL--SMMA-ACELERCADOR-FPGA-PARA-MANUTENCAO-PREDITIVA/RTL/FFT_Twiddle_ROM.v Line: 47
Info (12128): Elaborating entity "FFT_Butterfly" for hierarchy "FFT_Top:u_fft|FFT_Butterfly:u_butterfly" File: C:/Users/Sara/Desktop/CI DIGITAL - CEPEDI/PBL/CI-DIGITAL--SMMA-ACELERCADOR-FPGA-PARA-MANUTENCAO-PREDITIVA/RTL/FFT_Top.v Line: 271
Warning (10230): Verilog HDL assignment warning at FFT_Butterfly.v(86): truncated value with size 32 to match size of target (18) File: C:/Users/Sara/Desktop/CI DIGITAL - CEPEDI/PBL/CI-DIGITAL--SMMA-ACELERCADOR-FPGA-PARA-MANUTENCAO-PREDITIVA/RTL/FFT_Butterfly.v Line: 86
Warning (10230): Verilog HDL assignment warning at FFT_Butterfly.v(87): truncated value with size 32 to match size of target (18) File: C:/Users/Sara/Desktop/CI DIGITAL - CEPEDI/PBL/CI-DIGITAL--SMMA-ACELERCADOR-FPGA-PARA-MANUTENCAO-PREDITIVA/RTL/FFT_Butterfly.v Line: 87
Info (12128): Elaborating entity "FP_Mult_Unit" for hierarchy "FFT_Top:u_fft|FFT_Butterfly:u_butterfly|FP_Mult_Unit:u_mult_rr" File: C:/Users/Sara/Desktop/CI DIGITAL - CEPEDI/PBL/CI-DIGITAL--SMMA-ACELERCADOR-FPGA-PARA-MANUTENCAO-PREDITIVA/RTL/FFT_Butterfly.v Line: 104
Info (12128): Elaborating entity "FFT_Magnitude" for hierarchy "FFT_Top:u_fft|FFT_Magnitude:u_magnitude" File: C:/Users/Sara/Desktop/CI DIGITAL - CEPEDI/PBL/CI-DIGITAL--SMMA-ACELERCADOR-FPGA-PARA-MANUTENCAO-PREDITIVA/RTL/FFT_Top.v Line: 384
Info (12128): Elaborating entity "Feature_Spectral" for hierarchy "Feature_Spectral:u_fs" File: C:/Users/Sara/Desktop/CI DIGITAL - CEPEDI/PBL/CI-DIGITAL--SMMA-ACELERCADOR-FPGA-PARA-MANUTENCAO-PREDITIVA/RTL/SMMA_Top.v Line: 259
Info (12128): Elaborating entity "Divider_Q15" for hierarchy "Feature_Spectral:u_fs|Divider_Q15:u_div" File: C:/Users/Sara/Desktop/CI DIGITAL - CEPEDI/PBL/CI-DIGITAL--SMMA-ACELERCADOR-FPGA-PARA-MANUTENCAO-PREDITIVA/RTL/Feature_Spectral.v Line: 106
Info (12128): Elaborating entity "FFT_Log2_Compress" for hierarchy "FFT_Log2_Compress:u_log2" File: C:/Users/Sara/Desktop/CI DIGITAL - CEPEDI/PBL/CI-DIGITAL--SMMA-ACELERCADOR-FPGA-PARA-MANUTENCAO-PREDITIVA/RTL/SMMA_Top.v Line: 275
Info (12128): Elaborating entity "Spectrogram_Buffer" for hierarchy "Spectrogram_Buffer:u_sb" File: C:/Users/Sara/Desktop/CI DIGITAL - CEPEDI/PBL/CI-DIGITAL--SMMA-ACELERCADOR-FPGA-PARA-MANUTENCAO-PREDITIVA/RTL/SMMA_Top.v Line: 289
Warning (10230): Verilog HDL assignment warning at Spectrogram_Buffer.v(92): truncated value with size 32 to match size of target (10) File: C:/Users/Sara/Desktop/CI DIGITAL - CEPEDI/PBL/CI-DIGITAL--SMMA-ACELERCADOR-FPGA-PARA-MANUTENCAO-PREDITIVA/RTL/Spectrogram_Buffer.v Line: 92
Warning (10230): Verilog HDL assignment warning at Spectrogram_Buffer.v(95): truncated value with size 32 to match size of target (6) File: C:/Users/Sara/Desktop/CI DIGITAL - CEPEDI/PBL/CI-DIGITAL--SMMA-ACELERCADOR-FPGA-PARA-MANUTENCAO-PREDITIVA/RTL/Spectrogram_Buffer.v Line: 95
Warning (10230): Verilog HDL assignment warning at Spectrogram_Buffer.v(96): truncated value with size 32 to match size of target (6) File: C:/Users/Sara/Desktop/CI DIGITAL - CEPEDI/PBL/CI-DIGITAL--SMMA-ACELERCADOR-FPGA-PARA-MANUTENCAO-PREDITIVA/RTL/Spectrogram_Buffer.v Line: 96
Warning (10230): Verilog HDL assignment warning at Spectrogram_Buffer.v(97): truncated value with size 32 to match size of target (10) File: C:/Users/Sara/Desktop/CI DIGITAL - CEPEDI/PBL/CI-DIGITAL--SMMA-ACELERCADOR-FPGA-PARA-MANUTENCAO-PREDITIVA/RTL/Spectrogram_Buffer.v Line: 97
Info (12128): Elaborating entity "Feature_Temporal" for hierarchy "Feature_Temporal:u_ft" File: C:/Users/Sara/Desktop/CI DIGITAL - CEPEDI/PBL/CI-DIGITAL--SMMA-ACELERCADOR-FPGA-PARA-MANUTENCAO-PREDITIVA/RTL/SMMA_Top.v Line: 313
Warning (10230): Verilog HDL assignment warning at Feature_Temporal.v(82): truncated value with size 32 to match size of target (16) File: C:/Users/Sara/Desktop/CI DIGITAL - CEPEDI/PBL/CI-DIGITAL--SMMA-ACELERCADOR-FPGA-PARA-MANUTENCAO-PREDITIVA/RTL/Feature_Temporal.v Line: 82
Warning (10230): Verilog HDL assignment warning at Feature_Temporal.v(83): truncated value with size 32 to match size of target (16) File: C:/Users/Sara/Desktop/CI DIGITAL - CEPEDI/PBL/CI-DIGITAL--SMMA-ACELERCADOR-FPGA-PARA-MANUTENCAO-PREDITIVA/RTL/Feature_Temporal.v Line: 83
Info (12128): Elaborating entity "Divider_Q15" for hierarchy "Feature_Temporal:u_ft|Divider_Q15:u_div" File: C:/Users/Sara/Desktop/CI DIGITAL - CEPEDI/PBL/CI-DIGITAL--SMMA-ACELERCADOR-FPGA-PARA-MANUTENCAO-PREDITIVA/RTL/Feature_Temporal.v Line: 143
Info (12128): Elaborating entity "ML_Tree_Classifier" for hierarchy "ML_Tree_Classifier:u_tree" File: C:/Users/Sara/Desktop/CI DIGITAL - CEPEDI/PBL/CI-DIGITAL--SMMA-ACELERCADOR-FPGA-PARA-MANUTENCAO-PREDITIVA/RTL/SMMA_Top.v Line: 350
Warning (10030): Net "rom.data_a" at ML_Tree_Classifier.v(97) has no driver or initial value, using a default initial value '0' File: C:/Users/Sara/Desktop/CI DIGITAL - CEPEDI/PBL/CI-DIGITAL--SMMA-ACELERCADOR-FPGA-PARA-MANUTENCAO-PREDITIVA/RTL/ML_Tree_Classifier.v Line: 97
Warning (10030): Net "rom.waddr_a" at ML_Tree_Classifier.v(97) has no driver or initial value, using a default initial value '0' File: C:/Users/Sara/Desktop/CI DIGITAL - CEPEDI/PBL/CI-DIGITAL--SMMA-ACELERCADOR-FPGA-PARA-MANUTENCAO-PREDITIVA/RTL/ML_Tree_Classifier.v Line: 97
Warning (10030): Net "rom.we_a" at ML_Tree_Classifier.v(97) has no driver or initial value, using a default initial value '0' File: C:/Users/Sara/Desktop/CI DIGITAL - CEPEDI/PBL/CI-DIGITAL--SMMA-ACELERCADOR-FPGA-PARA-MANUTENCAO-PREDITIVA/RTL/ML_Tree_Classifier.v Line: 97
Info (12128): Elaborating entity "CNN_Top" for hierarchy "CNN_Top:u_cnn" File: C:/Users/Sara/Desktop/CI DIGITAL - CEPEDI/PBL/CI-DIGITAL--SMMA-ACELERCADOR-FPGA-PARA-MANUTENCAO-PREDITIVA/RTL/SMMA_Top.v Line: 371
Info (12128): Elaborating entity "CNN_Control_FSM" for hierarchy "CNN_Top:u_cnn|CNN_Control_FSM:u_ctrl" File: C:/Users/Sara/Desktop/CI DIGITAL - CEPEDI/PBL/CI-DIGITAL--SMMA-ACELERCADOR-FPGA-PARA-MANUTENCAO-PREDITIVA/RTL/CNN_Top.v Line: 151
Info (12128): Elaborating entity "CNN_Line_Buffer" for hierarchy "CNN_Top:u_cnn|CNN_Line_Buffer:u_linebuf" File: C:/Users/Sara/Desktop/CI DIGITAL - CEPEDI/PBL/CI-DIGITAL--SMMA-ACELERCADOR-FPGA-PARA-MANUTENCAO-PREDITIVA/RTL/CNN_Top.v Line: 174
Info (12128): Elaborating entity "CNN_Conv_Layer" for hierarchy "CNN_Top:u_cnn|CNN_Conv_Layer:u_conv" File: C:/Users/Sara/Desktop/CI DIGITAL - CEPEDI/PBL/CI-DIGITAL--SMMA-ACELERCADOR-FPGA-PARA-MANUTENCAO-PREDITIVA/RTL/CNN_Top.v Line: 193
Info (12128): Elaborating entity "CNN_Weight_ROM" for hierarchy "CNN_Top:u_cnn|CNN_Conv_Layer:u_conv|CNN_Weight_ROM:u_rom" File: C:/Users/Sara/Desktop/CI DIGITAL - CEPEDI/PBL/CI-DIGITAL--SMMA-ACELERCADOR-FPGA-PARA-MANUTENCAO-PREDITIVA/RTL/CNN_Conv_Layer.v Line: 153
Info (12128): Elaborating entity "CNN_MAC_Unit" for hierarchy "CNN_Top:u_cnn|CNN_Conv_Layer:u_conv|CNN_MAC_Unit:g_filter[0].u_mac" File: C:/Users/Sara/Desktop/CI DIGITAL - CEPEDI/PBL/CI-DIGITAL--SMMA-ACELERCADOR-FPGA-PARA-MANUTENCAO-PREDITIVA/RTL/CNN_Conv_Layer.v Line: 190
Info (12128): Elaborating entity "CNN_ReLU" for hierarchy "CNN_Top:u_cnn|CNN_Conv_Layer:u_conv|CNN_ReLU:g_filter[0].u_relu" File: C:/Users/Sara/Desktop/CI DIGITAL - CEPEDI/PBL/CI-DIGITAL--SMMA-ACELERCADOR-FPGA-PARA-MANUTENCAO-PREDITIVA/RTL/CNN_Conv_Layer.v Line: 201
Info (12128): Elaborating entity "CNN_MaxPool" for hierarchy "CNN_Top:u_cnn|CNN_MaxPool:u_pool" File: C:/Users/Sara/Desktop/CI DIGITAL - CEPEDI/PBL/CI-DIGITAL--SMMA-ACELERCADOR-FPGA-PARA-MANUTENCAO-PREDITIVA/RTL/CNN_Top.v Line: 213
Info (12128): Elaborating entity "CNN_Dense_Classifier" for hierarchy "CNN_Top:u_cnn|CNN_Dense_Classifier:u_dense" File: C:/Users/Sara/Desktop/CI DIGITAL - CEPEDI/PBL/CI-DIGITAL--SMMA-ACELERCADOR-FPGA-PARA-MANUTENCAO-PREDITIVA/RTL/CNN_Top.v Line: 237
Info (12128): Elaborating entity "CNN_ReLU" for hierarchy "CNN_Top:u_cnn|CNN_Dense_Classifier:u_dense|CNN_ReLU:g_gap[0].u_gap_scale" File: C:/Users/Sara/Desktop/CI DIGITAL - CEPEDI/PBL/CI-DIGITAL--SMMA-ACELERCADOR-FPGA-PARA-MANUTENCAO-PREDITIVA/RTL/CNN_Dense_Classifier.v Line: 108
Info (12128): Elaborating entity "CNN_ReLU" for hierarchy "CNN_Top:u_cnn|CNN_Dense_Classifier:u_dense|CNN_ReLU:u_score_scale" File: C:/Users/Sara/Desktop/CI DIGITAL - CEPEDI/PBL/CI-DIGITAL--SMMA-ACELERCADOR-FPGA-PARA-MANUTENCAO-PREDITIVA/RTL/CNN_Dense_Classifier.v Line: 215
Warning (276020): Inferred RAM node "Spectrogram_Buffer:u_sb|mem_rtl_0" from synchronous design logic.  Pass-through logic has been added to match the read-during-write behavior of the original design.
Info (276014): Found 4 instances of uninferred RAM logic
    Info (276004): RAM logic "CNN_Top:u_cnn|CNN_Dense_Classifier:u_dense|CNN_Weight_ROM:u_rom|Ram0" is uninferred due to inappropriate RAM size File: C:/Users/Sara/Desktop/CI DIGITAL - CEPEDI/PBL/CI-DIGITAL--SMMA-ACELERCADOR-FPGA-PARA-MANUTENCAO-PREDITIVA/RTL/CNN_Weight_ROM.v Line: 75
    Info (276004): RAM logic "FFT_Top:u_fft|FFT_Twiddle_ROM:u_twiddle|ROM" is uninferred due to inappropriate RAM size File: C:/Users/Sara/Desktop/CI DIGITAL - CEPEDI/PBL/CI-DIGITAL--SMMA-ACELERCADOR-FPGA-PARA-MANUTENCAO-PREDITIVA/RTL/FFT_Twiddle_ROM.v Line: 47
    Info (276007): RAM logic "FFT_Top:u_fft|FFT_Memory:u_memory|mem" is uninferred due to asynchronous read logic File: C:/Users/Sara/Desktop/CI DIGITAL - CEPEDI/PBL/CI-DIGITAL--SMMA-ACELERCADOR-FPGA-PARA-MANUTENCAO-PREDITIVA/RTL/FFT_Memory.v Line: 54
    Info (276004): RAM logic "Sample_Source:u_src|rotulos" is uninferred due to inappropriate RAM size File: C:/Users/Sara/Desktop/CI DIGITAL - CEPEDI/PBL/CI-DIGITAL--SMMA-ACELERCADOR-FPGA-PARA-MANUTENCAO-PREDITIVA/RTL/Sample_Source.v Line: 87
Critical Warning (127005): Memory depth (16) in the design file differs from memory depth (12) in the Memory Initialization File "C:/Users/Sara/Desktop/CI DIGITAL - CEPEDI/PBL/CI-DIGITAL--SMMA-ACELERCADOR-FPGA-PARA-MANUTENCAO-PREDITIVA/quartus/db/SMMA.ram1_Sample_Source_9fae9cf6.hdl.mif" -- setting initial value for remaining addresses to 0
Info (19000): Inferred 3 megafunctions from design logic
    Info (276029): Inferred altsyncram megafunction from the following design logic: "ML_Tree_Classifier:u_tree|rom_rtl_0" 
        Info (286033): Parameter OPERATION_MODE set to ROM
        Info (286033): Parameter WIDTH_A set to 32
        Info (286033): Parameter WIDTHAD_A set to 8
        Info (286033): Parameter NUMWORDS_A set to 141
        Info (286033): Parameter OUTDATA_REG_A set to UNREGISTERED
        Info (286033): Parameter ADDRESS_ACLR_A set to NONE
        Info (286033): Parameter OUTDATA_ACLR_A set to NONE
        Info (286033): Parameter INDATA_ACLR_A set to NONE
        Info (286033): Parameter WRCONTROL_ACLR_A set to NONE
        Info (286033): Parameter INIT_FILE set to db/SMMA.ram0_ML_Tree_Classifier_5868eaf9.hdl.mif
    Info (276029): Inferred altsyncram megafunction from the following design logic: "Spectrogram_Buffer:u_sb|mem_rtl_0" 
        Info (286033): Parameter OPERATION_MODE set to DUAL_PORT
        Info (286033): Parameter WIDTH_A set to 16
        Info (286033): Parameter WIDTHAD_A set to 10
        Info (286033): Parameter NUMWORDS_A set to 1024
        Info (286033): Parameter WIDTH_B set to 16
        Info (286033): Parameter WIDTHAD_B set to 10
        Info (286033): Parameter NUMWORDS_B set to 1024
        Info (286033): Parameter ADDRESS_ACLR_A set to NONE
        Info (286033): Parameter OUTDATA_REG_B set to UNREGISTERED
        Info (286033): Parameter ADDRESS_ACLR_B set to NONE
        Info (286033): Parameter OUTDATA_ACLR_B set to NONE
        Info (286033): Parameter ADDRESS_REG_B set to CLOCK0
        Info (286033): Parameter INDATA_ACLR_A set to NONE
        Info (286033): Parameter WRCONTROL_ACLR_A set to NONE
        Info (286033): Parameter READ_DURING_WRITE_MODE_MIXED_PORTS set to OLD_DATA
    Info (276029): Inferred altsyncram megafunction from the following design logic: "Sample_Source:u_src|rom_rtl_0" 
        Info (286033): Parameter OPERATION_MODE set to ROM
        Info (286033): Parameter WIDTH_A set to 16
        Info (286033): Parameter WIDTHAD_A set to 17
        Info (286033): Parameter NUMWORDS_A set to 102036
        Info (286033): Parameter OUTDATA_REG_A set to UNREGISTERED
        Info (286033): Parameter ADDRESS_ACLR_A set to NONE
        Info (286033): Parameter OUTDATA_ACLR_A set to NONE
        Info (286033): Parameter INDATA_ACLR_A set to NONE
        Info (286033): Parameter WRCONTROL_ACLR_A set to NONE
        Info (286033): Parameter RAM_BLOCK_TYPE set to M10K
        Info (286033): Parameter INIT_FILE set to db/SMMA.ram0_Sample_Source_9fae9cf6.hdl.mif
Info (278001): Inferred 1 megafunctions from design logic
    Info (278004): Inferred divider/modulo megafunction ("lpm_divide") from the following logic: "Mod0" File: C:/Users/Sara/Desktop/CI DIGITAL - CEPEDI/PBL/CI-DIGITAL--SMMA-ACELERCADOR-FPGA-PARA-MANUTENCAO-PREDITIVA/RTL/SMMA_Top.v Line: 494
Info (12130): Elaborated megafunction instantiation "ML_Tree_Classifier:u_tree|altsyncram:rom_rtl_0"
Info (12133): Instantiated megafunction "ML_Tree_Classifier:u_tree|altsyncram:rom_rtl_0" with the following parameter:
    Info (12134): Parameter "OPERATION_MODE" = "ROM"
    Info (12134): Parameter "WIDTH_A" = "32"
    Info (12134): Parameter "WIDTHAD_A" = "8"
    Info (12134): Parameter "NUMWORDS_A" = "141"
    Info (12134): Parameter "OUTDATA_REG_A" = "UNREGISTERED"
    Info (12134): Parameter "ADDRESS_ACLR_A" = "NONE"
    Info (12134): Parameter "OUTDATA_ACLR_A" = "NONE"
    Info (12134): Parameter "INDATA_ACLR_A" = "NONE"
    Info (12134): Parameter "WRCONTROL_ACLR_A" = "NONE"
    Info (12134): Parameter "INIT_FILE" = "db/SMMA.ram0_ML_Tree_Classifier_5868eaf9.hdl.mif"
Info (12021): Found 1 design units, including 1 entities, in source file db/altsyncram_m0e1.tdf
    Info (12023): Found entity 1: altsyncram_m0e1 File: C:/Users/Sara/Desktop/CI DIGITAL - CEPEDI/PBL/CI-DIGITAL--SMMA-ACELERCADOR-FPGA-PARA-MANUTENCAO-PREDITIVA/quartus/db/altsyncram_m0e1.tdf Line: 28
Info (12130): Elaborated megafunction instantiation "Spectrogram_Buffer:u_sb|altsyncram:mem_rtl_0"
Info (12133): Instantiated megafunction "Spectrogram_Buffer:u_sb|altsyncram:mem_rtl_0" with the following parameter:
    Info (12134): Parameter "OPERATION_MODE" = "DUAL_PORT"
    Info (12134): Parameter "WIDTH_A" = "16"
    Info (12134): Parameter "WIDTHAD_A" = "10"
    Info (12134): Parameter "NUMWORDS_A" = "1024"
    Info (12134): Parameter "WIDTH_B" = "16"
    Info (12134): Parameter "WIDTHAD_B" = "10"
    Info (12134): Parameter "NUMWORDS_B" = "1024"
    Info (12134): Parameter "ADDRESS_ACLR_A" = "NONE"
    Info (12134): Parameter "OUTDATA_REG_B" = "UNREGISTERED"
    Info (12134): Parameter "ADDRESS_ACLR_B" = "NONE"
    Info (12134): Parameter "OUTDATA_ACLR_B" = "NONE"
    Info (12134): Parameter "ADDRESS_REG_B" = "CLOCK0"
    Info (12134): Parameter "INDATA_ACLR_A" = "NONE"
    Info (12134): Parameter "WRCONTROL_ACLR_A" = "NONE"
    Info (12134): Parameter "READ_DURING_WRITE_MODE_MIXED_PORTS" = "OLD_DATA"
Info (12021): Found 1 design units, including 1 entities, in source file db/altsyncram_ubn1.tdf
    Info (12023): Found entity 1: altsyncram_ubn1 File: C:/Users/Sara/Desktop/CI DIGITAL - CEPEDI/PBL/CI-DIGITAL--SMMA-ACELERCADOR-FPGA-PARA-MANUTENCAO-PREDITIVA/quartus/db/altsyncram_ubn1.tdf Line: 28
Info (12130): Elaborated megafunction instantiation "Sample_Source:u_src|altsyncram:rom_rtl_0"
Info (12133): Instantiated megafunction "Sample_Source:u_src|altsyncram:rom_rtl_0" with the following parameter:
    Info (12134): Parameter "OPERATION_MODE" = "ROM"
    Info (12134): Parameter "WIDTH_A" = "16"
    Info (12134): Parameter "WIDTHAD_A" = "17"
    Info (12134): Parameter "NUMWORDS_A" = "102036"
    Info (12134): Parameter "OUTDATA_REG_A" = "UNREGISTERED"
    Info (12134): Parameter "ADDRESS_ACLR_A" = "NONE"
    Info (12134): Parameter "OUTDATA_ACLR_A" = "NONE"
    Info (12134): Parameter "INDATA_ACLR_A" = "NONE"
    Info (12134): Parameter "WRCONTROL_ACLR_A" = "NONE"
    Info (12134): Parameter "RAM_BLOCK_TYPE" = "M10K"
    Info (12134): Parameter "INIT_FILE" = "db/SMMA.ram0_Sample_Source_9fae9cf6.hdl.mif"
Info (12021): Found 1 design units, including 1 entities, in source file db/altsyncram_6nf1.tdf
    Info (12023): Found entity 1: altsyncram_6nf1 File: C:/Users/Sara/Desktop/CI DIGITAL - CEPEDI/PBL/CI-DIGITAL--SMMA-ACELERCADOR-FPGA-PARA-MANUTENCAO-PREDITIVA/quartus/db/altsyncram_6nf1.tdf Line: 32
Info (12021): Found 1 design units, including 1 entities, in source file db/decode_j2a.tdf
    Info (12023): Found entity 1: decode_j2a File: C:/Users/Sara/Desktop/CI DIGITAL - CEPEDI/PBL/CI-DIGITAL--SMMA-ACELERCADOR-FPGA-PARA-MANUTENCAO-PREDITIVA/quartus/db/decode_j2a.tdf Line: 23
Info (12021): Found 1 design units, including 1 entities, in source file db/mux_pib.tdf
    Info (12023): Found entity 1: mux_pib File: C:/Users/Sara/Desktop/CI DIGITAL - CEPEDI/PBL/CI-DIGITAL--SMMA-ACELERCADOR-FPGA-PARA-MANUTENCAO-PREDITIVA/quartus/db/mux_pib.tdf Line: 23
Info (12130): Elaborated megafunction instantiation "lpm_divide:Mod0" File: C:/Users/Sara/Desktop/CI DIGITAL - CEPEDI/PBL/CI-DIGITAL--SMMA-ACELERCADOR-FPGA-PARA-MANUTENCAO-PREDITIVA/RTL/SMMA_Top.v Line: 494
Info (12133): Instantiated megafunction "lpm_divide:Mod0" with the following parameter: File: C:/Users/Sara/Desktop/CI DIGITAL - CEPEDI/PBL/CI-DIGITAL--SMMA-ACELERCADOR-FPGA-PARA-MANUTENCAO-PREDITIVA/RTL/SMMA_Top.v Line: 494
    Info (12134): Parameter "LPM_WIDTHN" = "4"
    Info (12134): Parameter "LPM_WIDTHD" = "4"
    Info (12134): Parameter "LPM_NREPRESENTATION" = "UNSIGNED"
    Info (12134): Parameter "LPM_DREPRESENTATION" = "UNSIGNED"
Info (12021): Found 1 design units, including 1 entities, in source file db/lpm_divide_42m.tdf
    Info (12023): Found entity 1: lpm_divide_42m File: C:/Users/Sara/Desktop/CI DIGITAL - CEPEDI/PBL/CI-DIGITAL--SMMA-ACELERCADOR-FPGA-PARA-MANUTENCAO-PREDITIVA/quartus/db/lpm_divide_42m.tdf Line: 25
Info (12021): Found 1 design units, including 1 entities, in source file db/sign_div_unsign_7kh.tdf
    Info (12023): Found entity 1: sign_div_unsign_7kh File: C:/Users/Sara/Desktop/CI DIGITAL - CEPEDI/PBL/CI-DIGITAL--SMMA-ACELERCADOR-FPGA-PARA-MANUTENCAO-PREDITIVA/quartus/db/sign_div_unsign_7kh.tdf Line: 25
Info (12021): Found 1 design units, including 1 entities, in source file db/alt_u_div_kse.tdf
    Info (12023): Found entity 1: alt_u_div_kse File: C:/Users/Sara/Desktop/CI DIGITAL - CEPEDI/PBL/CI-DIGITAL--SMMA-ACELERCADOR-FPGA-PARA-MANUTENCAO-PREDITIVA/quartus/db/alt_u_div_kse.tdf Line: 23
Warning (14284): Synthesized away the following node(s):
    Warning (14285): Synthesized away the following RAM node(s):
        Warning (14320): Synthesized away node "ML_Tree_Classifier:u_tree|altsyncram:rom_rtl_0|altsyncram_m0e1:auto_generated|ram_block1a2" File: C:/Users/Sara/Desktop/CI DIGITAL - CEPEDI/PBL/CI-DIGITAL--SMMA-ACELERCADOR-FPGA-PARA-MANUTENCAO-PREDITIVA/quartus/db/altsyncram_m0e1.tdf Line: 77
Warning (13024): Output pins are stuck at VCC or GND
    Warning (13410): Pin "HEX5[6]" is stuck at VCC File: C:/Users/Sara/Desktop/CI DIGITAL - CEPEDI/PBL/CI-DIGITAL--SMMA-ACELERCADOR-FPGA-PARA-MANUTENCAO-PREDITIVA/RTL/SMMA_Top.v Line: 105
    Warning (13410): Pin "HEX3[1]" is stuck at VCC File: C:/Users/Sara/Desktop/CI DIGITAL - CEPEDI/PBL/CI-DIGITAL--SMMA-ACELERCADOR-FPGA-PARA-MANUTENCAO-PREDITIVA/RTL/SMMA_Top.v Line: 102
    Warning (13410): Pin "HEX3[2]" is stuck at VCC File: C:/Users/Sara/Desktop/CI DIGITAL - CEPEDI/PBL/CI-DIGITAL--SMMA-ACELERCADOR-FPGA-PARA-MANUTENCAO-PREDITIVA/RTL/SMMA_Top.v Line: 102
    Warning (13410): Pin "HEX5[1]" is stuck at GND File: C:/Users/Sara/Desktop/CI DIGITAL - CEPEDI/PBL/CI-DIGITAL--SMMA-ACELERCADOR-FPGA-PARA-MANUTENCAO-PREDITIVA/RTL/SMMA_Top.v Line: 105
    Warning (13410): Pin "HEX5[2]" is stuck at GND File: C:/Users/Sara/Desktop/CI DIGITAL - CEPEDI/PBL/CI-DIGITAL--SMMA-ACELERCADOR-FPGA-PARA-MANUTENCAO-PREDITIVA/RTL/SMMA_Top.v Line: 105
Info (286030): Timing-Driven Synthesis is running
Info (17049): 1042 registers lost all their fanouts during netlist optimizations.
Info (16010): Generating hard_block partition "hard_block:auto_generated_inst"
    Info (16011): Adding 0 node(s), including 0 DDIO, 0 PLL, 0 transceiver and 0 LCELL
Warning (21074): Design contains 5 input pin(s) that do not drive logic
    Warning (15610): No output dependent on input pin "SW[4]" File: C:/Users/Sara/Desktop/CI DIGITAL - CEPEDI/PBL/CI-DIGITAL--SMMA-ACELERCADOR-FPGA-PARA-MANUTENCAO-PREDITIVA/RTL/SMMA_Top.v Line: 97
    Warning (15610): No output dependent on input pin "SW[5]" File: C:/Users/Sara/Desktop/CI DIGITAL - CEPEDI/PBL/CI-DIGITAL--SMMA-ACELERCADOR-FPGA-PARA-MANUTENCAO-PREDITIVA/RTL/SMMA_Top.v Line: 97
    Warning (15610): No output dependent on input pin "SW[6]" File: C:/Users/Sara/Desktop/CI DIGITAL - CEPEDI/PBL/CI-DIGITAL--SMMA-ACELERCADOR-FPGA-PARA-MANUTENCAO-PREDITIVA/RTL/SMMA_Top.v Line: 97
    Warning (15610): No output dependent on input pin "SW[7]" File: C:/Users/Sara/Desktop/CI DIGITAL - CEPEDI/PBL/CI-DIGITAL--SMMA-ACELERCADOR-FPGA-PARA-MANUTENCAO-PREDITIVA/RTL/SMMA_Top.v Line: 97
    Warning (15610): No output dependent on input pin "SW[8]" File: C:/Users/Sara/Desktop/CI DIGITAL - CEPEDI/PBL/CI-DIGITAL--SMMA-ACELERCADOR-FPGA-PARA-MANUTENCAO-PREDITIVA/RTL/SMMA_Top.v Line: 97
Info (21057): Implemented 20500 device resources after synthesis - the final resource count might be different
    Info (21058): Implemented 13 input pins
    Info (21059): Implemented 52 output pins
    Info (21061): Implemented 20162 logic cells
    Info (21064): Implemented 255 RAM segments
    Info (21062): Implemented 18 DSP elements
Info: Quartus Prime Analysis & Synthesis was successful. 0 errors, 45 warnings
    Info: Peak virtual memory: 5124 megabytes
    Info: Processing ended: Sat Oct 03 11:24:26 2026
    Info: Elapsed time: 00:04:14
    Info: Total CPU time (on all processors): 00:04:45


