01D2
006B
00A3
0122
026F
03DA
FEDE
FD79
028F
FF7B
FB74
02A4
FCC5
FBC7
005B
FE39
0074
01B4
0297
0456
0540
03DB
02D2
FE3E
FE82
FC52
FAC3
F8DA
F80E
FD44
0047
FC05
00E5
04B7
0140
037C
050A
FF68
0160
0460
FF06
009C
02E5
FCEE
FE90
0175
FE77
FF64
00CE
FF8E
0126
0110
FFE0
02AA
00D8
FFED
FDC9
FEEA
FDDE
FCE3
FE4E
FF0E
FFA1
02F4
039D
FFB0
0220
01CF
FE89
FDD7
FD5F
FC25
FF44
FE27
FFE2
FFD0
FF66
FFB1
FD28
FF23
016B
FEE1
00B8
046B
029B
02CD
0652
0199
01CF
0349
FCC5
FE84
0061
FA4A
FDCF
FBEA
FC6E
FFDD
FE3F
FFA9
032F
FF13
FDC8
0034
FD86
FE88
0318
FFFD
02B7
02BB
004A
01B5
0324
0133
02A1
FF2C
FD8B
FCCC
FCD3
FB15
FDC2
FF42
FDDF
FFAC
00EB
FEDD
0270
0315
02AE
03E7
01F2
00C0
005B
FF01
FEE5
FD82
FE5D
00B2
0034
00DB
FFDC
01A2
0614
04CE
02B8
00D5
FC92
FC45
FD11
FE8A
FF76
FF30
FD34
FCC4
FB42
FFC0
012D
00CE
FE52
FEF4
FCDC
0294
06AC
067B
05EC
02CC
FEC3
FE5D
FD5B
FDAD
FE35
FEB7
0150
01AA
0059
0234
02E3
FE53
FFA9
002A
FF00
007A
FF1C
FC1C
FFC6
0541
0344
00BE
FFBD
FD00
F8DF
F8CA
FCD1
FE26
FF2B
00B2
03B5
06D9
0B9F
0923
0734
011F
FD16
F82E
F678
F7DC
FBC6
FC2B
FDCF
008C
01E6
021C
0202
012C
0291
0055
FF03
00B3
02F4
0119
0445
0344
0058
00E1
FC13
FA2B
F9CB
F7DB
FB31
FF26
01EA
06A4
0620
05E9
07CF
06D2
02F4
00F8
FD2E
FA0E
FDE0
FD72
FD94
0041
FC44
F91E
FDB4
FD4A
FDEF
0316
0222
0307
03BF
03ED
03E4
035B
FFFF
FE4B
FB2B
FB58
FB0C
FC23
FB38
FD74
006F
0371
042B
0834
0B97
05EB
06F4
0479
FDDF
FFA7
FBB6
F4DF
F941
FBD7
FB9D
FF61
0370
FFA6
0112
024D
0106
0483
FFE5
FEBB
00C7
FDE5
FF88
01D7
00E2
0255
FED4
012F
FC92
F89F
FFFD
FC6B
F6E7
00ED
0773
01B6
06D7
0702
FF91
0214
0525
FFFC
005A
FD49
F869
FC7C
FECA
FE25
FFC6
FFC0
FE7B
020C
02AD
03A5
0469
0416
FEEC
FCF1
0074
FDD3
FE39
0203
FB57
F958
008B
FA0F
FAF1
01FB
00AC
FFB9
048D
0437
039A
FFF0
0001
04A8
0405
FDD3
0088
FFDA
F934
FCE4
0085
FAE8
FC72
01D4
FFFE
012E
0758
067C
0342
0318
002B
FC60
FE58
FF74
FE31
01EC
0088
FCF4
FF61
FE26
FC0D
FBE1
F986
FA44
0139
FEC8
0142
082E
06A1
0700
0821
01E2
FD31
F9C1
F475
F548
F93C
FA6E
FDDD
018F
02B5
089F
0AB9
0631
06FF
0253
FE50
FE9B
FE1C
FF81
0058
FD88
FE11
FBCC
FB33
FEC0
FD16
FCB5
0194
FF67
023E
07AA
07AA
0466
05BA
064A
033B
FF7D
FE73
F85C
F492
F3E6
F547
F6B9
FC09
FE4A
0243
07EC
0A0D
0B97
0B54
0618
0488
0136
FC4F
FCBC
FEA1
F806
F78A
FC92
FD06
FFDA
023A
00F8
0065
0536
01BB
019F
0382
0401
0220
01FB
0279
00E7
FC7B
FA16
F971
F709
FA36
FC55
FBD5
02D5
0412
0574
0A6B
0AB1
07E5
068F
FDE3
FE0D
FD9F
F8F0
FA71
F754
F322
F8DE
FD48
FED8
0309
04C7
0670
057C
055F
088B
0535
FF9B
00FE
FFE0
F93C
FC57
FC28
F9E3
F954
FBB0
FF20
037E
03A5
06B8
0835
08DF
07F1
05F5
0172
FEDE
FC3D
FA3C
F5F6
F7DB
F6C9
F533
F70F
FB51
FCFF
032B
0748
079F
09A9
0A57
05A3
0754
0194
FD85
FBBB
FAD4
F926
FE31
FA84
F95E
FE7A
FE66
FF1B
0763
052B
04B7
0725
0480
0430
06DE
03C7
FFB5
FCCA
F822
F803
F77A
F776
FAD2
FA39
FD01
035C
0867
09EF
0BB1
07A9
03DE
0032
FC4F
FA31
F986
F69D
FB5F
F8C8
FB57
0354
0120
FF4B
03CA
0272
057D
07AF
04D5
0637
03FC
FFD3
02D3
007A
FD8B
FA41
F689
F5D2
F8A0
FA7A
FFB9
0068
059A
0541
048D
078C
0888
01B4
0357
012C
FBA6
FC3E
FD4E
F7FC
FC4B
FE45
F7EC
F91F
F9C9
FBA1
02B8
068F
08FF
0CCC
0AAD
0A65
08E5
06DF
0029
FA54
F6FE
F33E
F193
F6FA
F9BA
FD18
0382
010D
008E
0892
0594
0289
0696
0169
0050
03E9
00CB
0162
02DB
FE27
FDCB
FCEB
F8BD
FA13
FD49
FAD2
FFC3
06AA
0525
0476
0788
050B
027B
FFBB
00DF
FC7E
F950
F95F
F7AA
F6F6
FA7A
FB7E
FDA4
002F
03F0
04E0
074D
06C5
05F3
01D6
000D
004B
FC39
FB94
FEC4
FDEE
FD32
FCCA
FF00
00FC
021D
02CE
0125
FFF7
034E
07CD
0445
0280
04E4
FF7D
FCFF
0044
FCE9
F9A1
FA98
F5FF
F5C0
FBE8
FE9D
02F0
06EC
066B
076F
03E3
0106
0506
FF70
FBCB
FD3B
FAFF
FBFA
FCBB
0031
0112
0120
0364
027E
0166
021F
01C8
FFF5
00FE
0302
0498
047B
046B
0373
0338
014D
FD58
FD03
F866
F893
FACD
FC40
FD6D
033D
02C3
02A6
045A
0279
00AA
FEFC
0003
FD3A
FA21
F9D3
FFD0
FD80
023F
03AB
0123
0100
0557
0160
012C
057A
012B
FD20
018C
0013
024B
FF3A
0053
0115
FF80
FE84
00BB
FE99
00AE
FEF4
FFEB
00D3
02E5
015C
FF8D
FE5B
004B
FCA6
FD5D
FD2B
FCDD
FADC
FD7B
FC89
FC54
FF59
FE2E
0139
FFA5
FEF1
01D4
0239
0137
0602
FF42
FD75
015B
015D
FFF8
0125
0190
FF7E
FF4C
FEA7
006D
023C
FEB5
FFAB
FDFD
FA74
0067
0163
001A
0495
0314
FDD4
025B
022C
FF5E
0039
FD6B
FC9B
FF85
FF6E
0040
FFED
FF24
FE7A
FF57
FEFB
FE35
FE47
FEC9
FD00
FF02
0287
001C
FF17
04AB
031A
0028
058B
02CE
0175
04CA
FE96
FD66
0383
00F1
FF6A
01A3
FDFF
000E
FECF
FF50
0380
0156
FEFC
0326
FFEC
FEB7
FDB2
FE15
FE37
FD1F
FDC1
FEF6
FC2B
01B4
025D
0113
01D9
031F
0045
0004
FF00
00A9
023F
FFEB
FF8A
0051
FD20
FCF1
01E2
001E
0044
FFE6
F9EA
FC6C
011D
00D6
04DE
03A9
02D7
0467
01F1
FDD4
FFB9
FB5E
FBE1
FC8D
F9B9
FC72
03C1
013F
0491
055B
03D5
01D7
0002
FEA3
FFBF
FA69
FB13
01D0
FD96
FE19
0204
0010
FE19
FF56
FC04
FA53
FC39
FDB2
FDB0
0257
0431
03C5
03F1
012F
FFAA
00A1
FF84
FD29
FC57
FD99
FC44
FEC5
04F7
0482
0489
04D4
03D0
020D
038E
0017
FE77
FD27
F92B
F94D
FC59
FF05
019C
027E
0120
0082
0125
018A
FFFC
FE34
FFA9
FE67
FD12
0225
031F
00F7
0103
0139
025B
01C8
0006
FF97
FDF4
F970
FE11
000F
0132
04B6
0522
02DC
055F
03D3
00AF
FE90
FD68
FC32
FD83
FB09
0026
0351
0230
040B
03F4
005B
00E8
0018
0016
FD95
FE87
FC40
FC54
FFBE
0322
FECD
FD78
FF3A
00EC
FD40
FFF0
FECB
FF62
0168
005A
002A
0386
02B4
0120
FFA8
FF82
0064
009A
FFB8
FF98
FB50
FBB6
0274
FF6A
00E4
0282
FD6C
00F2
0443
00F9
03D1
00D3
FF30
FF40
FC04
FC52
000C
FE42
FCE1
FD09
FFF1
0086
0057
00A2
008A
FF7D
016D
01D3
FEE0
FF70
0297
005B
0153
00DE
FC54
FCD1
FD47
FE38
FE2F
FEA5
FDAF
FFF4
006F
03DE
0632
047D
03FF
01A2
FB0C
FBAF
FDE0
FC71
FD73
FFCA
FF5E
022B
02CF
03CA
03BA
0140
FC99
FDC5
FDE3
003D
008E
0022
00AC
01A2
0000
01F8
FD67
FD74
FBAD
FA0E
FDAC
01DC
0392
04FF
05AD
0597
0550
0426
0012
FD40
F864
F689
FA48
FD28
023C
01F9
006E
0341
03A7
02DB
0338
04A2
FF3D
00C8
FFD2
00C4
0425
0316
009D
0054
FCB9
FD59
FC7E
FAEF
FDF4
FA6C
FD86
FE7F
0002
046E
0366
008C
0329
0251
01B8
00A8
0027
FEF2
FEC1
FE9D
0043
03EF
FEFD
FE39
FD53
FCEB
FDC5
FDEF
FDE9
006B
FF48
FDDE
0076
00A1
01EA
0322
FF2B
FF7B
015B
023A
02C6
0240
0060
01E9
0152
0224
0271
FE36
FEF3
FE2B
FCF1
FBDD
FB78
F716
F9DE
FFB0
FF10
0016
0401
FF42
01B7
000C
00A9
04C4
0299
FF86
0092
FF3B
0145
0420
029B
00A0
FE20
FE30
FCD2
FC52
FE2D
FFF7
FEC4
0348
0842
0559
0579
0339
01F5
FED1
FDC1
FBEE
F880
F806
FCF0
FD3B
FE7F
0420
0344
FF3D
01FB
0038
FF8D
0280
007B
FEE6
FF56
FE42
02DC
0760
0329
0296
046B
FDAC
FF8B
030D
FC6A
FA9B
00E1
FCCA
FDB2
024C
0418
0188
00F6
00BC
FF95
FE5C
FE48
FA07
FAF4
FB55
FC91
FF5D
0383
0415
0671
07EE
06EE
0561
039B
FB46
FCF9
FD79
F8FB
FC63
FEB8
FD11
FEBD
FF03
FD26
01CE
0351
017C
009F
00B0
0103
029F
0031
03BB
0492
FF69
FB50
00B1
FBD8
FA5A
FD4E
FB2D
F7F8
FC92
0165
01CB
063F
0A70
059D
041A
0770
015C
0009
FC8E
F91E
F824
FBCD
FBFD
FFD6
0129
FE66
00D3
02ED
FEDC
025C
03E8
FE88
FFBC
0130
FF95
02C3
01F5
FF42
F9DD
FCF0
FE79
FC3F
FB46
FF50
FD00
FFEF
078F
082A
0560
09A0
055C
0027
FF8A
FF89
FCF4
F749
F764
FB07
FB37
FCEE
0397
0201
0147
0632
059F
04E4
06BC
003E
FE58
FBCA
FC4E
FE8F
FCCC
FEFE
00D3
FBCB
FC1D
FEB5
FE45
FEB5
FF53
FDEB
01C5
0456
0514
0646
04DD
03D6
0430
FD69
FCD6
FE97
F832
F7C6
FD88
FCA3
FE80
00D8
02B9
04C6
02F5
03DF
03BD
FF67
011D
FFE9
FE3E
0097
00FF
0092
FF04
FBEC
FE52
FC81
FA6F
FF13
0167
FE46
0217
02E7
0130
0398
0332
FF44
FF6E
FBE0
FAA9
FC3A
FB50
FE6F
01CD
0045
02C6
073D
0569
04B8
05B0
02B8
0011
FF75
FB85
FBDF
FD62
FD74
FC2B
FDA7
003F
FB82
FDBA
FEF4
FF48
FFD8
03D2
056F
05C6
066B
0275
0017
0162
FF1E
FD41
FC1F
FA10
F957
F8C7
F627
FCD6
FF8E
FEB8
0366
05DE
04E1
0885
0748
0652
07CB
0077
FF9C
FEA6
FE3B
FDBD
FD6C
F8F1
FC9F
F9B7
FB6A
FFBF
033A
0025
06B2
03D3
059F
06CF
062F
030F
017E
FDFF
FB0F
F688
F589
F39F
F862
F8E6
FDF0
0237
053B
0618
0AEC
0BF5
0587
02F6
FFBE
FA7D
FBAA
FD09
FB9C
FE52
FFAA
FEBA
FF35
0200
0406
02A3
FFC4
00B7
0303
00D8
0025
0228
FFA2
006E
0152
FD79
FC22
FA0F
F885
F939
F835
FEC4
0211
02D4
08FF
0B2D
0635
08F6
0827
0118
FF16
FB1B
F549
FA57
FAA3
FA59
FE78
FE40
FF59
0446
008F
FF9D
042D
02E7
FF12
03A8
0400
006F
02E7
040B
018B
01A2
000B
FB14
F7C6
FC11
F92D
FBA1
036A
0216
0390
058E
0501
075B
0367
FE5D
FF53
FBBC
F7D9
FE22
002B
FD1B
FECB
FEAE
FBAF
FEB6
014A
FF6D
0158
018A
FFDA
0008
036C
0551
03EB
01D2
00BA
FD82
FBF6
FB2C
F874
FB66
FE20
005C
046F
03D2
0344
07BB
05B3
0316
0394
0076
FD21
FCF7
FFEE
FC37
FCE8
FD86
FB69
F9B3
FADA
FD29
009D
012D
06F0
0774
04D4
06D9
08FE
0046
0013
FAFB
F727
F640
F76E
F96E
FC72
FCD9
02AE
0043
04F0
0667
035F
00FD
05E2
0209
03A3
05E4
040A
FEAA
0067
FDE7
FF11
FBED
F6E4
F865
F88C
FA38
007E
0243
095A
0AF0
083B
0708
01A0
FFE6
01A4
F889
FA4E
FD4F
F6BB
F70F
FCDF
FA6E
FE80
0148
020D
0353
06A2
066C
080D
0540
067F
047A
FCBE
FAE0
FD3B
F7DA
F892
FB69
FD00
FF42
01DE
0349
0629
06A0
0655
065F
00E4
02DA
015B
FC44
FE23
00FB
FC47
FB4F
FAFC
F79E
F76F
FB66
FD81
024D
0547
0775
0733
06BE
04BC
02B2
FCED
FC8B
FC25
FA1C
F880
FC1E
FF16
FF56
FF0D
0374
03AA
FFFC
0350
04A3
0036
04C7
065E
0137
0336
013F
FDA3
FD5B
FD51
FBB8
FB66
F9CE
FBBA
FFEE
03C6
0474
05CC
085A
0218
FEC6
FF6C
FB87
FA05
FD1A
FBC1
FA53
FE5F
FDFE
FAF3
00C1
FF45
0204
03BB
041D
06B0
0434
03BB
05E1
0211
FE85
FDFE
FD46
FCD4
FD52
FD02
FD52
00B6
015F
FF84
FFF7
FFD8
02A6
03B2
FFE0
0022
FFD0
FBB5
FF2C
007A
FE51
0380
FF9D
FDC6
FFC5
FF20
FFB4
037E
05A0
0450
FF9A
0175
FF0A
FDEB
FD55
F9C5
F7B3
FE6A
FC97
FD89
0350
040F
00AC
063A
0119
0027
0562
032C
FE94
0531
016F
FE80
0634
020D
FE96
020B
FED5
FB60
FAEE
FA66
F8B8
FC8D
017A
041F
072A
0682
0387
02FE
FFBB
FEC0
FD6D
FC8C
FD56
FA98
FA33
FE1A
FD92
FE35
0094
FF3F
FEFB
FE44
043B
0117
01CF
0516
01E8
FFC3
0358
FEA7
FE41
0074
FC7F
F90C
FC25
FD6E
0060
03BF
042B
0642
05E9
01D4
FF21
FE2C
FB58
FB34
FCA9
FBC2
FF2F
0016
0297
0431
054D
05CE
056F
00E4
0260
FD18
F89E
FBD8
FECE
FC2C
FC46
FC19
FE83
FD2A
FDD9
012D
FC65
FCBB
01FE
FE14
0213
091B
07E1
06D7
0989
04A3
0325
026D
FBD9
FA8B
FA76
F388
F934
FAE5
FBE4
00F7
078B
099F
0BFA
0BFE
0711
00FC
FF75
FAC0
F4E3
F62D
F602
F374
F8E5
FCCF
FEC8
0326
066D
04A4
074D
048F
0270
035B
00F6
01FF
02A5
FCA4
FF0C
01E6
FC5F
FDB4
009A
FA86
F95B
FD53
FBB7
FFBC
07BC
081A
0827
061A
04DE
03D3
FE74
FB53
FC4B
F5CA
F48A
F7AA
F681
FE23
0401
044F
07E4
089A
0666
05E4
02B1
0339
FFF3
FC77
FAB9
FDC7
FD78
FCF9
FDB8
FB42
FAEF
FC5A
FB03
FFD8
FF0F
02AE
0465
050C
077E
0813
FF6F
0192
FE60
F943
FA6A
FB08
F9BB
FC28
FCA5
0257
05F4
0762
097A
0697
031E
0451
0184
FC3F
FD72
0089
FAA1
FC30
FFFE
FF01
FC69
FDB8
000B
0053
FE1D
0297
0199
0111
02AC
061B
01FC
035F
FE92
FB48
F7C6
FDFC
FC44
FBE9
FD15
0179
FE17
04B4
076D
0420
02E2
047A
FEE4
00BE
02A8
0028
FEE7
FD12
FB93
FF6E
FD03
FC6A
FCC8
FE64
FBD7
000F
04DA
030A
031F
057A
0438
05CF
04FB
02BB
FDFD
FD7E
FCF1
F9BE
FAC5
FF5A
FB62
F987
F997
FBB0
FF79
0288
032C
033D
026D
02A7
0222
FFCE
FE6D
004B
FD5F
FBCE
00A5
0116
0021
05EA
05CE
02B2
02AC
014D
FE8E
FC41
FE84
FD65
FDE2
025E
FFD5
FE1A
0135
FF0B
FD8A
FE48
FD56
FCD9
FF98
FEED
044C
05E9
019D
034F
020C
FA63
FBF1
FDAE
F94C
FA01
FF34
FF40
FDE8
0391
0451
0123
0207
028F
012E
0182
027C
043E
0233
05A6
0450
0240
0086
FEA8
FA92
F9B1
F822
FBA8
FDD4
FD68
0223
0617
021D
06AF
090B
03E9
02AE
FEDB
F9BC
F950
F810
FA92
FC7F
FB11
FEE5
FE72
FDB2
03FD
06B2
019E
016F
0109
0037
04E5
03EE
05F1
04C3
00D1
FDDF
FFBE
FE1D
FDE8
FE56
FF0B
FFBD
FFE0
FF2F
0102
00BD
0251
FDC4
FD41
0035
0170
FE48
FF34
FB33
FAFB
FFB4
FF66
FE17
00E9
0025
0030
0256
03B6
039C
01EE
FC71
0035
FE02
FEA7
FFFA
FFDA
FE56
FEA9
FD52
0230
028E
0055
0116
FEF8
00CF
0441
02DB
01E5
017E
FF9E
FDCC
FEB3
FC4E
FAA0
F8A1
F8C1
FDCD
001A
01AA
0697
0331
0265
08D2
0398
0597
042F
FE9B
FE14
FE80
FF18
FF87
FC61
F8BD
FA9F
FDC3
FBE5
FF1B
00DF
FD84
FE88
FEE3
006C
0608
041B
043E
044A
006D
FFA3
FFA7
FD7A
FF24
FF77
FEA4
00C0
01AF
FF9C
0213
00A8
0276
0496
03CD
FFE5
FEE4
FF89
0330
FDA6
00D2
FE13
FC1F
FC94
FDB0
FE54
03FD
0147
FF14
0019
FE1D
0279
0518
0375
0243
FE6E
FC12
FE58
FF23
FFB2
005C
FD9F
018F
0068
FB9E
0036
02DE
014E
022E
052B
0244
03AC
04C9
FE95
022C
028B
FD74
FCDA
FCC9
F9DB
FCF4
FD50
FAC4
FE83
FF7D
FF35
0318
0626
04E7
039A
FF51
FF64
FED6
FBEA
FC91
FC0D
FC77
FB43
FCC2
FCF9
FF39
FFAC
02BF
0073
036E
034C
0089
FE73
03F2
01E1
02F7
005D
FEB8
FD51
FD2D
FA08
FDD0
FED0
FE8B
030E
03D7
04D9
0883
067A
045E
02A9
0006
FB97
FA99
F968
FA54
F887
FA20
FD5F
FCCE
FACA
FF64
01CB
05A4
070C
04E1
06FD
019E
01E3
0321
00A8
008D
015A
FC94
FB08
FB7C
F9EC
F95A
FE5B
FFA8
01A7
03F5
070B
0920
0834
074C
063B
0078
FC42
FE28
FA87
FC00
FFCF
FA3D
FDB6
FD2C
FD62
0262
0084
FE42
0263
FD16
FCA9
01AE
0175
00F5
0313
02D5
01F9
02FB
015E
FD97
FB7E
FACB
FCE8
FBA3
008F
06E0
03FA
0340
0767
0392
032B
00A1
FCE9
FC06
FA71
FACE
FBAA
FBA5
FD8C
FB93
FD13
031F
0242
0321
038F
00AE
056D
0443
00C9
045D
03D0
FC6F
0015
F9B8
F813
FAB6
F980
F766
FC60
FF52
FFFB
040A
03BB
02A9
0539
0473
039D
0633
0370
FF36
008B
FDAE
FCA5
FB80
F993
F842
FA13
FB44
FFE8
000B
0679
053F
0365
0654
0824
03DE
02E8
FFDC
FC5E
FBAC
FC21
FA2B
FB28
FB1E
FBFF
FC82
0220
0311
03D9
0325
0637
060C
059F
0447
010F
0016
FDCB
F706
F5ED
F94D
F8AE
FB33
FF17
FE74
035B
068C
06A4
09DE
075F
03B7
06BA
01A6
FF03
FF73
FACB
F9B1
FB6E
F8FC
F96C
FD7B
0018
015B
0529
0690
0633
071B
0666
0661
0503
04BD
FE05
F8BA
F738
F2AD
F2EC
F67B
F4CE
FB69
02A2
0510
0A52
0E9B
08C2
0951
05C8
0515
0083
FC24
F9FA
F9D6
F983
FC65
FB86
FDA1
FE65
FE99
FF1F
0295
05B3
02DA
0365
0330
0192
044F
FF76
FF3D
FE50
F972
F62B
F628
F794
FDF2
018B
00A1
05FA
0897
0823
08D0
0964
05FF
FF54
FBCF
FB46
F79F
F61D
F7F1
F59D
F7C9
FFC9
0069
01FE
08B2
0C2B
0777
0A79
0990
0329
0296
FBBA
F7FC
F823
F555
F8C3
F9B5
F849
FC9B
FF73
FF2F
0890
0864
06BF
05E9
07EE
0503
01BA
00A0
FFF1
FA12
FA96
FA77
F807
F916
FA17
FA0A
FC48
FEF3
0384
0759
082E
0805
081D
0378
0008
0237
FC36
F857
FFB1
FD7F
FD05
0195
FF0E
0058
0449
0416
05BA
054F
04B7
02F7
FF48
FB35
FE5F
FB97
F6E0
F9EE
FABA
F906
FB25
FE35
FF72
0110
0626
0873
0AA1
0D0F
08C1
051B
00D8
0212
FA89
F78D
F772
F32A
F576
F6DE
F743
FEC6
0076
03D4
082C
083A
0CEE
0A09
0693
0510
0275
FF39
FEA1
FD10
FBEC
FA51
FA32
F95B
F9AA
F7B4
F9D6
FE43
FDCA
04DE
06D6
032F
0AEE
0A3D
072E
0698
FFAB
FD90
FAD9
F549
F7D6
F793
F525
FC97
FE76
03A1
079D
0A6C
0B4B
0AA7
0477
0223
FCF1
FB1E
FCF7
FA47
F966
FC83
FB95
FB21
FF0D
FDC1
0010
0408
0068
010B
0446
0583
0615
06FB
0582
051E
00DB
FA0C
FCB6
F9CF
F767
F9AC
F9C4
F9A3
FFD3
036D
0760
0840
0A6A
05CC
0378
026A
FF6C
FB25
FA00
FCE8
F7A3
F7F7
FB04
F936
FB12
00A8
FEBA
03F0
0706
0892
0806
066F
067D
0557
01AE
FEBC
FD15
FB63
F90D
FA8B
0053
FDE9
FE01
0013
FED2
FFE6
02E9
053F
0527
0699
02B7
FFC4
01C0
00E7
FDFF
FE4A
F7AC
F4E3
F83C
F7E8
FD2C
0300
011C
0423
0745
03FD
0752
0751
00D0
016C
01A8
F904
FA53
FEF3
FD1D
FCDE
FD2A
008D
017F
0273
03CB
01E2
01CB
03C2
00C6
FFDA
FFB6
FFE2
FF1F
FF55
027D
01F8
0135
FEFD
FE0C
FE8A
FD54
FD5C
FE95
FE5C
FCFD
FF9E
FF68
02AF
0656
0002
FC81
FEC3
FCAB
FEE9
FCE1
0004
FEB4
FDE1
0545
04CE
03BF
08A0
025F
FF3F
FEA2
FEB5
FCAA
FBBC
FC9C
FF76
FDE2
FFF3
0305
039C
FEF2
000D
0253
0203
015E
014B
FFE1
FE2F
FE36
FDEB
FB21
FC76
FF22
FA8B
FD36
FF0C
FF35
0128
03D3
01AE
048B
0539
02EF
0386
0275
FEF0
00DB
FDE9
FB69
FE59
FB22
FC34
00C5
FEA3
FCFE
FDE3
FF4E
FFBF
FEA1
016B
0253
FEB4
FF26
0156
FEE9
0146
04AE
026F
0215
024D
0218
0264
003D
0073
00D3
FD77
FE7A
029E
FE40
FE15
016F
FCFD
FDF1
FF76
FB5B
FDF8
FF17
FC48
00E0
00F8
007C
023E
01D0
0178
04CC
FF6B
FF6B
FEEB
FF5A
FD62
FD23
FEC7
FFEF
FF0E
0095
0361
032C
031B
03BB
00B8
001E
FF80
FE91
FF7D
FDCD
FFE3
FE14
F993
FE7B
033E
0040
02DE
00C4
003A
FFEE
00E7
01C1
0155
FF9D
01DA
0095
FE49
008A
00DA
FD32
FD63
00AB
FDB0
FC7B
FFAC
00AF
017E
0182
00DB
020E
01AE
0321
01B5
FEF4
0076
FEF3
FB52
FC9F
FDC9
FC03
FE2E
FFCA
0119
0298
009C
025D
04BF
FEFC
01AE
05C6
FF40
FEE3
0117
FC5F
00BC
030A
FD61
FCBE
FCF4
FB88
FD77
FBBB
FB14
FD3A
FC14
FDF4
010B
03C6
0406
03F6
038C
015C
005E
0219
007B
FE74
00DE
FE6E
FEA2
0147
054F
0212
028E
0399
007B
FFFE
FEB2
FA0A
FD57
FF74
FDDE
00C6
0102
0160
006D
FF3F
019F
FF1B
FD1E
FD6C
FC20
FE95
002A
0240
05B1
0205
FFB9
0317
FF6B
FEA1
023C
FD15
FB25
010B
012A
FEE0
025B
0413
0288
FFDA
FF15
0078
00D2
FFD9
0061
0082
FC80
FF5E
0081
FD9A
00E4
0109
FE8E
FFC1
018D
02BD
0060
0165
03BE
0153
01C7
FF98
FBFF
FDE3
FDD4
FC35
FF74
0083
FEB2
FEB3
FE6D
FDAE
01B9
FF76
FD46
FF6C
01B5
011B
04CF
03D3
0271
0160
FFC9
FAB9
FD4C
FC9A
FC77
FA81
FF7D
FE5D
0286
06EF
085B
00B8
0608
FFD3
FE41
02B6
FF71
FB51
FE43
FB8A
FDFD
00A5
002D
FFA4
FFBF
FAC2
FCFB
0017
002A
0087
02DA
FEDD
FD09
FF6C
0022
FF12
FE92
00F0
FCCF
FC70
01A4
0178
004C
043D
013E
0031
01F6
019C
01CF
005E
FE6C
FDBF
0006
FE1A
FFE7
011D
FD87
FFBC
04C0
0079
0347
0546
0081
008B
058D
FFA2
00E2
FE93
FB1D
FA9C
FA2E
FC7F
FDBA
FC5B
FF08
FE8C
FF52
039B
0480
0251
01EB
02C6
0449
0239
FFA8
04D4
FEE3
F889
FD6C
FE94
FCBF
03A1
0228
FEDD
022F
038D
01D2
0300
013E
01C1
FB4F
FCC6
01E0
FF1C
FDB4
FEE0
FD77
00C3
02A4
0193
FFA3
FF88
FBF9
FF9E
FFF8
001C
027F
00BB
FF2E
02E7
FFA7
FEFA
FE93
FC90
FC25
FDF3
00DE
04B2
02F2
0238
0202
FF70
009B
019C
FBE8
FB0D
FC08
FBF2
FF0F
01D4
02DC
0275
0176
031A
033C
0052
FDDD
FEDC
FDB3
0040
0394
01E0
0201
00C4
FC3D
FEBF
FDDB
FC2F
FCA3
F9D8
F9A8
01FF
021E
04A0
063D
02D4
002B
0330
FE0A
FF6C
FF42
FB1F
FAC2
FCD7
FFA1
04B7
0098
02BA
03D8
FE82
FF3D
01FF
0172
0413
0253
01CC
01E9
0395
0202
FEBD
FECD
FED3
FBE8
FE9D
01B7
FD8F
0085
FF12
FBB0
FEC7
FF35
FC0F
FEFC
FF69
FF60
0018
018E
01F6
0224
01BC
0018
059E
0201
011D
0443
0146
0233
01F3
FDFA
FF26
FB2A
FADD
FBAD
F94E
FDF0
02DF
0269
00C0
057D
038B
0052
02CD
015D
F77C
FB6D
FC63
FC73
0084
03D6
0403
04F1
05B0
02F8
FEFD
FD46
FCED
FBF2
FC66
FB8D
FDDF
01B4
FE45
FEC8
04FF
FF17
FE29
00D5
FCC2
FD34
03D6
0159
014D
076B
052A
FEF4
02F7
FF70
FC91
FB56
F71C
F9BF
FD89
FEE2
048F
066E
0682
05C5
064D
043E
02CC
00A2
FCE7
FA2C
FE45
FE08
FBAA
FAFC
FDD2
FA4C
FCB6
FEC2
FF15
0044
FFAC
01D4
03C8
03F8
075A
0427
FF12
FCE4
FCC9
FA63
FC96
FBC6
F939
FB8F
0385
0410
091A
09E3
069C
07CE
0507
0119
0078
FB4B
F99D
FA27
F78E
FC4B
FDD0
FDFF
FFC1
018B
0040
035D
0258
04E6
0424
FFB5
00B0
0282
FF9B
FEC7
FD65
F9E3
FA75
FCBF
FA85
FAD0
FDC6
FFDD
015B
02C9
07AD
08B1
01B6
04E7
02AF
FEC6
0116
FFEB
FD23
FE61
FD66
FBBA
FCB5
FCC4
FDA1
FC38
FD04
0176
04ED
0527
0632
052B
03D6
FF9E
FE1D
004A
FD29
FDA9
FE0D
F92A
F9DA
FFD9
FE35
FF47
03FC
04D9
01A9
04DE
0269
0346
FFAC
FC7C
FE09
FCC3
F9A6
FD8F
FC40
FBD2
00AF
0016
0145
09F9
0820
0438
05D1
03DE
023C
02E8
028A
FED9
FBFE
F92C
FAD2
FC70
FBD6
FBF9
F862
F721
FBC3
01F3
046A
0881
05ED
0657
054A
074F
095B
0594
FF3A
FD6C
F7C5
F57A
F638
F814
F946
FA8E
FEEC
011A
0133
0793
09AA
05A0
04AC
05D0
FF6A
0008
02B7
FDFE
FCAB
FD1D
FA54
FD17
FBDB
FBE3
FF84
01E1
04BB
063E
0438
0524
054D
01A8
FF84
FEF3
FC22
F98C
F979
F9C9
F87A
FA74
00CA
FF2B
0193
05A5
04C1
04C0
0620
041C
0441
FFF4
FD6B
FF15
FCAB
F8F7
FBB3
FCC1
F97B
FC5B
00DA
FE37
0455
09C0
0509
056E
097B
024A
FF7F
002D
FFB9
FD18
F8E7
F974
FA47
F7ED
F948
FC03
FD29
00F5
0364
0533
06AB
092D
08BD
0676
0417
04EC
0054
FA1E
FC25
FCA6
F6DE
FA64
FA63
F7AF
FC9E
FE93
FFB7
067A
0504
036F
05AC
03B1
0410
0608
FFAF
0063
005E
FBBE
F9D9
FD52
FBE1
FAE7
FF36
03CA
0186
0563
07B9
038F
04DC
03E7
FEAE
FB7C
FD8A
FB61
FAF7
FB90
FB78
F956
FB39
FA6D
0067
FEEF
0330
0858
0777
02F3
0A0B
09BC
05D6
0631
FEEA
F963
F638
F855
F86F
F4BF
F8E0
FE66
FC7C
0136
069F
05EA
06EF
09E0
0636
0552
06C1
01B7
0057
0094
FABB
FA5E
F87E
F3DA
F8C9
FBDB
FA65
03DE
073D
0520
06F9
0834
02B1
0084
FEFD
FAC9
F7B4
FBC9
FCB6
F88C
FCBF
01EE
FC4E
01E3
03E0
04CF
0644
052F
0333
054F
034D
0094
0413
FD27
FB44
FB6E
F824
F7BB
FB0F
F9D0
F8AA
FB8C
0416
03B7
05F8
0CA6
0B5E
06E7
085B
0391
FEFB
FEC7
FAA5
F5C2
F7BB
FA2E
F850
FBAD
FDC2
01B4
0347
05E3
0961
089A
024A
0307
04AF
0137
01A7
FE78
F937
FB95
FAA8
F835
FB14
FB3D
FEAD
FF35
01C0
04C4
06BD
080E
0B92
058C
0414
0384
FDD8
FE38
FEC0
FA49
F9D3
F80C
F96A
FD5B
FFB7
FFA3
07DD
0798
039C
0512
0245
FE40
0059
FCDC
F9C8
FDD7
FBF7
FBB9
FE3A
FC14
002F
FE90
FF61
03F8
020E
030E
049F
0597
0293
03DD
0203
FD47
FBF7
FF94
FCC5
F97C
FC81
FA5D
F970
FEDC
053E
06F7
0820
0870
0848
03DA
FE89
FF33
FDFF
F654
F7B7
F8AC
F3FD
FBAA
029C
FB82
0085
04DC
016B
0139
0762
02FC
048A
045B
040D
0177
011E
FE2E
FE16
FC85
FAE7
FB6A
FA0C
F86D
FEAE
0056
FD79
003A
05CE
0330
02C4
0499
03B6
00A9
0228
02EC
FE12
FDB1
019D
FE88
FF2D
0190
0159
0031
0361
02B7
FF1D
F9E4
FECC
FD88
FCF2
FFAC
00A6
FE2A
FFD9
0253
FEA3
0074
FFB7
0031
FF53
FEC6
049B
0636
0128
0462
04C8
FE5E
FDF7
0140
FE95
FBD3
FDAB
FA9E
FAB4
FD4C
FF5F
0096
03CA
076B
03B8
0432
09DD
0598
00BF
017B
FBE8
FA75
F6B0
F6B2
F907
F695
FA3F
015A
FED4
011D
06D2
03C8
0409
06C4
0213
FE6C
FFF3
FDFD
FF0D
0306
FFBD
00FD
FFFF
FB83
FBE0
FD5F
FAFF
FEC2
FFB0
0050
0035
0408
0179
01C9
01ED
022B
FDF6
00DF
0007
FC64
FE87
0373
FF5C
0416
081D
0314
02E9
03C3
FD80
FCA6
FCE6
F9D4
FC06
F881
F7E9
0079
FDD1
FC96
013D
FFBE
FEF3
0472
0379
036F
04F0
03A7
045F
0244
006A
0083
FD36
FC15
FF29
FD09
FBD4
FDC2
FEB8
00D8
018C
079F
08C1
052B
071A
01EE
FBCA
FF3F
F882
F4AA
F922
F880
F885
FEB7
029F
01B0
061C
0607
03EE
04AB
02EC
019C
0204
FF8C
01E5
FF7F
FEBC
FE73
FF7C
FD91
FC10
FC0E
FD8B
FD06
FE63
0391
06EA
06A4
07F9
03F1
FD9D
FE9B
FE17
FBD5
FBE9
FC56
F7A2
FBA0
0213
0443
0486
038E
03A5
03F5
FFD4
04A2
0309
FB80
FF80
FF07
FA4D
FFB7
FBEE
FB56
FAE0
FBD0
FFFE
026F
FF52
0285
0327
019B
03A9
06AC
0194
0005
FCD5
FAD2
FB4F
FD82
FF9E
FE7B
FDE7
FF6A
00E8
03DB
059D
03E4
0440
FFD5
01CF
0635
02D9
FC95
0047
FB7D
F812
FCD8
F9D9
F91C
0056
001A
00DC
05F2
0437
0333
02A0
0379
0277
FF37
FF13
FD25
FB9F
FBE4
FDD3
0027
01E4
02AA
FE43
001E
008E
0192
0027
0330
FDBD
01E9
0082
FFEB
03E7
02DB
FE5D
FEF8
FB3D
FA8A
FBD3
FBE1
FD32
FEE3
00B0
004B
0294
043A
0391
0207
0234
03F0
012F
FEEA
FE9F
FFF7
FF34
FF0F
FC3F
FF2E
FE8D
FC7D
003B
0080
0086
044F
01C7
00B9
01B4
FF4B
FDBF
FDE9
FE53
FE29
FEB9
FDAB
0166
0314
02AB
03E7
04C6
01A8
FE9D
FD66
FEB2
FE47
00EE
0160
016A
008B
FFE5
FC61
FEE2
FDC9
FD52
FEB6
FC93
FC92
0299
05AD
03E7
055A
0354
00CA
FF7D
FD7E
FC29
FB38
FB15
FDC4
FEA4
FC32
FF0C
0157
012A
0183
009D
00B9
02CE
0147
0328
0256
0298
0441
045E
FEF4
FE4B
FCAB
FB86
FB1C
FE6C
FDD2
FE9B
0073
02EC
04AE
0782
0323
018B
FDD2
FE46
FDF6
FBFD
FF5A
FCE4
FB1D
FDEC
FF6C
FF20
020A
0053
02FA
0290
012F
0245
FF92
FEF7
0352
FE94
FF73
0213
FEBA
FAEF
00F1
FDD7
FF9F
00DC
0077
00F0
0307
01A0
0773
07B5
01C8
0187
FFC4
FAFA
FD52
FDAF
F902
F8B6
FCC0
FF86
FDA1
0049
014D
FEF2
FFDB
02DF
0289
02F9
0318
000D
0165
01F4
FE27
013A
FEEB
FB58
FEF4
FE4D
FC29
04DD
03E9
FD14
02C1
012A
010E
0008
FF32
FCFF
FDD7
FE10
0011
FE38
002B
0301
FFF0
FF3E
0420
01FC
00D2
02D8
011E
013F
0224
01B8
02BF
008F
FBC6
FC7A
FD32
FEE9
FD68
FB5F
FB71
FC8B
FF8F
FE02
FEBE
00E7
FDDE
016B
050F
05B0
033C
04B7
04F2
00C2
00A7
01AA
FA77
FBA5
FD53
FCCB
FD3B
0235
0338
021B
01D9
04FA
0378
00A9
FEDF
FFEC
FCC5
FF22
0031
FF60
FF23
FF96
00B1
FDDD
F9B8
FF6D
FD0E
FCA5
02E9
058A
02D8
06AE
056F
03F5
FF9F
0147
FB5D
F96C
F9BD
FC47
F9AF
FED8
03C1
026C
FFE2
053F
02A8
FF1E
0125
FF07
FFC2
FF8F
0057
0097
0268
002F
FFA8
FDB9
F9D6
FA12
FD9C
F963
0020
0508
042E
059E
09D6
05B4
030B
FE13
FDF1
FB0C
F8B4
F9DF
F966
F928
0134
FE5C
FF79
060E
0608
0104
048D
03A3
03A2
02C1
FF66
FD0F
FA4D
F964
FD3C
FC88
FAD9
FDA0
FB32
FC83
0438
079F
07A3
096A
08BD
0731
0437
0121
01BE
FCD2
F8E9
FA8E
F973
F71B
FA06
FB65
FD02
FCE9
044E
01B6
0046
0501
0844
0115
03F6
0448
FF6B
FAAC
FCD3
FB7D
FA63
FCD7
FD22
FCD3
FFE5
02D2
0888
09B4
07EF
0775
05E9
0225
021D
FFDD
FAB4
FACE
F8FF
F966
F96A
FBFD
FD01
FD85
FEE1
0344
033B
06F2
08D3
0408
03DC
0322
FD02
FC8C
FF10
F9AC
F9C2
F92E
FB79
FFD1
FF5E
00D6
02F1
FEC8
0376
0564
01F1
0338
0298
FDDA
0209
0200
FF8B
FFE5
FC36
FA49
FFA5
FE36
FF21
0114
0169
FF65
00DA
0457
01D8
0335
0153
FC72
FDF8
01DA
FC4E
FBBB
FE67
FC74
FBE0
0258
FF8C
FF7E
00F8
FFA2
FF00
04C7
01F5
01E4
FF57
FFCE
014D
FF38
FFA3
03DC
FEF1
FC38
FE21
FBD8
FBD4
FEC7
FE09
FF07
0369
0436
06B3
0646
0237
04DB
0085
FEB8
FE7D
FD82
FA57
FCA0
FC49
0089
00A5
FF04
FF1B
FD25
FC0A
0309
0219
01DC
0613
02A9
02D7
06E8
04C6
007B
FF5D
FA21
F762
F8EA
F742
F9C6
FB4C
FC98
01C4
03A7
0740
09C8
063F
063E
02B9
FF48
01CD
0035
FF3A
FE37
FB60
FBBA
016F
FC71
FAA0
FE40
FFE6
0151
0563
046A
0656
070C
063A
0329
0000
FF0E
FD36
F413
F443
F588
F365
FA9C
FFEB
0011
05CD
070C
07AE
0B3B
088E
0372
0145
FFF0
FCE7
FF74
FEAC
FC5D
FA6D
FB4B
FA75
FB84
001F
01B8
016B
036F
0662
06C3
0746
04CE
0187
FE8A
FC91
F9D2
FBB5
FA78
F63C
F7F5
FAC1
FCE0
0563
044D
076B
09C7
079C
07B9
04B9
00E1
0072
F929
F5EA
FB26
FA43
F6FC
F937
FA06
FA26
0110
0663
073D
098B
06F9
032A
0446
05CA
01FC
FFC9
FB1A
FA69
FCAD
FEE8
FBB1
FE00
FDAA
FA23
FC87
041F
057B
069F
0673
0278
0345
04EA
0104
001F
FE31
F8F8
F839
F685
F75A
FD94
FF94
0254
071D
0794
0758
093E
037B
FDFC
FC8C
FAE3
FC8F
FB06
FB37
FE50
FFFF
00F1
02E4
FFA0
0084
00D1
015F
02D8
0564
02F9
05B4
02FA
0058
00E9
00FF
FAA4
FD2B
F9D3
F5E0
F792
F8B9
FB27
03BE
035F
0515
0C63
09BF
07C5
0701
022F
00F5
FDA1
F7C2
F90B
F8CA
F96F
FB81
FB53
0014
01E9
0320
046F
054B
06A5
04FF
02D4
00D9
01D4
0029
FE89
0094
FC58
FBAC
FBB7
F858
FB64
F9D4
FB6C
FF66
052B
046B
07A0
0551
0820
063F
04D1
02E0
FDBA
FAA4
FD05
F7AF
F978
FC77
FACE
FB85
FD01
FE91
04C3
03EF
038F
0796
0555
03D6
0687
0550
04AD
00FF
FB89
F9D0
F9BB
F840
FA3B
FA6D
FD63
0208
01C6
01FD
068B
05E0
0288
02BE
FF56
FC96
0007
FDD8
FDB1
008B
FBB5
FE05
FE07
FD89
01A3
0092
0012
03BA
0255
02C8
0526
040B
048B
02CD
0010
FBD9
FD2A
F9BA
F611
F5FE
F95E
F998
FC36
01DE
0628
0726
0C3B
090A
0990
07B3
009F
014F
FEE5
F80F
FA64
FB20
F729
F92D
FDCD
FD50
FDF5
03B1
032C
0068
0328
04FD
02F6
0298
04C6
0295
FF93
FD02
FAA9
F950
F905
F941
FD3A
008B
02CC
066A
067B
052D
0659
0285
FDE1
FD7A
FCED
FBFE
FDA3
FF05
0039
02B7
023D
FF66
0190
FF83
FCD2
FFCA
FFEA
FE26
036C
0200
0363
0889
02AB
FFAD
00D0
F90A
F74D
FA46
FC45
FD53
00F4
0401
03D4
04EF
05B1
035B
001A
FBD9
FCD1
FC39
FAA2
FC71
013E
FEFC
FADC
FED4
0008
FE76
0247
0396
0174
054A
04A0
02F2
03E9
02E8
FEB0
0078
0093
009F
FEA2
FC2A
FC6E
FEA2
FCA0
FCED
FE9A
FC8D
FA46
FC8D
FECE
0147
01FB
0441
00BD
FD80
0127
FFB1
FD13
00B4
FE1A
FCCA
01C2
0380
05E1
07AE
0275
FE6C
FE05
F9C7
FBE3
FD10
FBB7
FE87
004A
01AE
07B5
077E
0236
023D
FD67
FD97
FD38
FCEA
001E
FEB8
FEFF
0310
029D
023F
0295
FE4E
FB2E
FC50
FB59
FE2A
FF2A
0072
0354
03C7
01B2
06AF
02D1
FEA1
FE47
FCDE
F889
FC8A
FC12
FC52
02FE
034A
032D
0447
04FD
0428
0253
0038
0240
FD8C
FD56
043D
FF81
00DF
0079
FF9C
FF22
FF7E
FB49
FD0C
FEB2
FF35
FF6B
001A
0102
03BE
01A6
FFE4
FEA9
0014
FCAA
FCB9
FD18
FEA3
FD1A
0199
FFFB
019C
0452
03C8
0152
049E
0408
009E
009B
0119
FCC6
FEED
FC15
FBF8
FF64
FFEC
00F2
03A7
014F
0106
0141
FF0D
FD70
FF4D
FCCA
FB6B
0095
010D
017C
0117
0137
FB9A
FC62
FA21
FCCF
FADA
FE2C
FF16
011A
06F7
0927
073A
08C4
03DF
0067
FF07
F9E0
FA91
FDFC
F9EF
FA69
0020
000C
FFB3
02D6
FE84
FDDA
00D4
FF43
FD7D
02E7
0335
0050
0263
042C
00DA
FF8A
0039
FDC0
FB4A
FEEB
FEA5
FE16
0384
02E2
FDE3
04E7
0502
01E5
014A
FBD2
FC70
FC5C
FC90
FBA3
FDF7
FF4C
FF71
FEA3
0305
FF79
01F0
0549
0190
0222
0650
018B
029D
0313
FF9C
FC07
FE10
FA9B
FBCD
FB25
FC8B
FEE4
0297
0092
05F1
04F9
04A4
07C0
02EF
FE77
0359
FDE6
FB76
FD0A
FB23
FBB2
FC9C
FE30
FE85
01D8
0100
FEA3
00AE
0252
FFB0
0146
0281
FFCC
0276
0258
FFD9
0285
0093
FA01
FB7A
FFAB
FCA1
010A
053F
0025
028D
0873
032A
009D
0497
FBD6
F90B
FBA1
F930
FA09
FB3F
FCF3
FFBC
021B
03D1
0588
0499
04EF
0247
0230
03E2
FF52
0028
FD86
FC7C
FA0C
FD05
F927
FCCD
FBC6
FDBC
FED8
FF4F
0299
02BF
0040
0318
027B
02BE
072D
02BC
FEBF
FFDF
FCCE
FA8E
0047
0067
FAE4
FEF5
01C5
FEAC
0476
0368
012C
03C6
FFC7
FEA1
FF5E
FAEC
FC8F
FDE7
FAFF
FF9D
028F
041E
046B
0461
05D7
0154
FF92
02C0
FFB7
FCD3
FE6A
01C8
FEDC
FFE0
017A
FD3C
FF5B
FF14
FC14
FD46
FBE8
FCB8
FF71
FEDB
04A1
070A
02DF
0721
062B
01FA
015A
FBFB
FA76
FD3A
F8F2
FEFD
00D8
006A
0330
0520
0359
03D9
008F
FF23
FDD1
FD35
FF28
FCF6
FF10
03AA
0250
0458
04FD
0051
0192
021C
F901
FC33
FE68
F8B9
FE34
03B3
FD21
0204
029A
FD2E
FEFC
0078
FC7F
014D
FE83
FFA3
0230
00B5
FF7F
03BB
013D
FDC9
FD1F
FF09
FE5E
FFA9
FD65
FFC0
0103
00F5
00DE
02B2
024D
022A
02F0
0230
FE99
FEBF
FE96
FD29
0060
0241
FD29
0024
01B8
FD1F
FF09
FFF0
FC64
FD37
FD4D
F88C
FE3F
0152
FF6C
024D
010E
0155
0316
FECC
FF6D
00D5
FDAD
FEC7
0238
02B5
03AC
03FC
0332
00E2
FF76
FE92
FD84
FD53
FDCA
FD71
00F1
037D
04B1
03A5
00E8
01E5
03EF
01B7
FF6E
00F8
00CA
FC1D
FF19
FE64
FACE
FB8D
FBE0
F821
FCD1
FE0D
FECA
03E3
046E
0644
0678
06AA
0561
03CD
FF75
FBC4
FD77
FEB8
FDA8
0009
00F0
017F
0240
0449
FFDE
FD02
FD0E
FBB6
F958
FD74
FFBA
010A
0125
FF45
FEF2
0075
0222
0185
01C8
0154
017F
0320
024E
0303
0102
FD28
FE5A
FD9E
FB59
FCF0
FA61
FB08
FCB5
FA22
F8BC
01BF
FF0B
FFC0
057C
06ED
05DD
08A3
05FF
055E
0333
00A3
FE6D
FF2E
FACB
F676
F6A2
FB03
FD82
016C
037F
03C4
0331
034D
01FF
02FE
0016
FF2A
FD84
FFC8
FD39
009E
00E7
FD3D
FC41
FBCB
FB96
FC09
FF75
042A
03A9
FFEA
0416
0456
01ED
03F8
02CB
FC4E
FB7E
F8B5
FA29
FC48
FD0B
0039
0415
0398
0967
0A3E
0570
06ED
056C
FF53
FC7B
FB8A
F96D
FA31
F88F
FC73
FBE4
FBC7
FEA0
004C
00AA
0423
04C1
0547
06D2
037A
00E1
0081
FE77
FEA0
009E
FC11
FB2D
FBC9
F8D7
FB3B
008D
01A4
026F
050D
02EA
0457
07E5
0582
03E2
02E3
FE43
FBC2
FDF8
FAF9
F8C1
F931
FB91
FB28
FF64
008B
0221
0664
07B8
0576
0563
00E8
FFA3
0294
FEA0
FC1E
FFCF
FB84
FACF
FBE6
FB17
FE40
FDB3
FE06
0466
0370
027D
0587
0257
00FE
0222
FF4B
FF39
00AF
FD92
FBDB
FC38
FBF9
FDF3
FD23
FE46
005E
04C2
054E
0796
06D5
0609
03F0
0282
00B8
FE3B
FBC9
F903
F4A7
F443
F936
F8CD
FD94
02EB
01E9
062F
0A5C
0964
06B8
0562
035F
00D4
0314
FE3E
FC45
F9A1
F612
F4DC
F462
F507
FB54
FD81
01EC
0914
0A6A
0BE3
0D5B
0910
05E4
0248
FA29
F8DB
F80F
F693
F992
F77D
FBA2
001A
0123
036E
0789
0847
0A06
0468
05FE
05D2
0227
FF9C
FB9C
F731
F80C
F76B
F40B
F6EA
FA73
FC31
012D
06D8
09F8
0B1E
0952
0803
02ED
02DB
FD5D
FCCC
FCBC
FB9E
FA38
F773
FBC7
FD6D
FDD2
00F0
01C4
0667
0977
0796
09DC
08B4
00A2
0111
FA48
F55A
F64F
F6FE
F4C4
FC18
FC91
FB7F
FF82
0583
0682
088F
05E6
06A9
051F
0391
02D1
0580
0223
00AC
FC60
F959
F82A
F7EE
F8A0
F8F3
F8F6
022F
FF97
0299
0B19
0AF1
05A1
0811
01CC
FDB6
FC62
F976
F9AD
FC5B
FC58
FD2F
FD2C
FF23
0302
0499
02B2
0602
07A5
0325
01FE
010E
FFD3
FB8E
0104
FAE3
F7A8
F7A3
F9DC
F7D0
FD19
FF98
FE1C
0234
071F
07ED
0AF9
09F9
0B04
06F4
02D7
0000
FD1B
F81C
F6C8
F8E2
F74E
F8B2
FB8D
FBA4
FD43
040E
06B8
074B
0597
0632
02F7
01A3
010A
0336
FE10
FE6A
FF07
FB7E
F990
FE0D
FBFC
FCB1
0094
FF22
0078
040A
023D
03A6
01BA
027B
0524
FF4B
FEE0
FF13
FCE0
FE73
FBB0
F9F0
FCC3
FC20
0180
054A
04ED
08B1
06D8
0366
0308
03DE
FF57
FE56
FE7F
F9EF
FAAE
F8F2
F8FD
F8D7
FBDA
FDED
FDC4
0080
06CB
042F
0505
0D9F
0940
06F2
0594
FDD7
FBD0
FAD1
F663
F6EB
F6C2
F6E9
FB92
00E5
0340
0867
0B44
05F5
0A77
0905
010B
0074
011B
FD82
FD92
FAD7
FA18
F892
F57F
FAD2
FA9B
FBA2
00EC
0318
0435
0824
09C2
09FB
066B
042F
026A
F884
F6D9
FB99
F797
F71B
FEA5
FF5E
FCE0
046B
05A1
024B
06A7
0508
FE80
03BB
0434
0194
FF4C
0098
00B8
FBBB
F8C0
F96C
F6FB
FB6B
FD44
00C2
01B8
0224
04A3
054E
0399
0538
043E
FF99
FC36
FC1D
FB12
FA63
FCEC
FEAE
FF47
FE8D
0311
03F7
0687
0598
0394
0194
0283
FEC2
FD2D
FDC6
FC8C
F99B
FB48
F9E4
FC5C
FD7A
FF07
01EA
052F
035C
05A9
065D
01C8
040C
0416
FE94
FE98
FFD4
FBA7
FBA9
FD94
FCAD
FC50
FAAD
FCBA
FF64
008E
0082
01A9
033E
04BD
06A4
054A
030F
0093
FFEC
FC98
FCC7
0088
FEBD
FBA9
FFE0
00B7
01F0
0782
04F4
0008
FEB1
FC2C
FB3F
0031
FFD9
FD81
FC9B
FD50
0172
0150
FDE2
01E1
0253
FD1B
0008
016C
FF56
0168
043D
0046
0071
003A
00F0
FF8C
FF00
FF4B
FCFD
FB73
FFDD
FF32
00E5
0425
0500
0677
030C
FFAE
0022
FC03
FB04
FCB0
FB55
FA36
FFD4
FF70
FDA9
0217
01B9
FFCE
032E
0030
FF5F
00C3
FF22
00A4
0188
01E0
01C6
FF85
FEF7
01B3
0174
FC7D
0123
FD29
FB2C
FE07
0019
FF5E
FF85
FE67
01B8
FE3E
FF1C
0164
022F
010E
03CD
0289
00CF
0300
0162
0333
0516
02EB
026D
00CC
FDD6
FE6A
FB4A
FA29
F9CF
F911
FABD
FDAE
FD9E
0184
021A
01CD
058C
010B
0312
01F2
FCC7
0187
0557
FF7D
0382
02DE
00E3
000C
FE4B
FDA4
FCEB
FAE0
FB8E
F9CF
FD92
0130
020F
042E
07B5
0640
00F3
FF26
0061
FD2C
FCE5
FBED
FDC8
FE75
00D7
03C0
026C
0035
03A7
00BB
008E
023C
0055
FF0E
FD24
FB3D
FF3C
FE46
FBAF
005B
FF50
FCB4
02F8
0658
01F6
03BF
038F
FD07
FFE9
02CD
FE95
FFBC
FF6F
FE08
FE1E
FC7A
FE42
FE7A
FCDE
FE65
FE61
FE8F
006F
01CC
031A
0471
0894
0809
03AD
01D1
025C
F967
F9B9
FAC2
F698
F6CD
FA79
FB6D
FE81
0253
0303
0255
0855
04AE
05B7
0544
0276
FFAB
008F
F9EE
FD41
FCBB
FC2F
FBF9
FF4B
0059
001E
04A6
05FC
05F0
0701
046C
008D
02BA
FF74
FD09
FC19
FAAE
F9A8
F945
FAD0
FCE5
FFE2
FE66
FE0B
020C
0127
01BD
077D
042B
030C
065E
FD6B
FFB3
0350
FBCB
F955
F8F4
F732
FAEF
FEFE
0470
0661
0939
0416
04ED
0472
035A
045A
0109
FD11
FE65
FC9C
FD1A
FAA8
FAFE
FC97
F883
FB8F
FFD4
FF7E
0113
0529
04F3
051B
0759
04FD
02E1
009C
FBDB
F9EB
F936
FA56
FA93
F8D1
FE76
01DF
0253
072D
0501
01CC
05BF
0383
0240
07FE
0215
FF06
FECD
FAB8
FBA8
FF16
FCEF
FBC4
FDAA
FC86
FCC1
0185
05C1
0376
FFEC
01BE
01B8
016C
02BA
FFC0
FE4C
FCE3
FAC2
FB10
FE4C
FBC8
FE91
FDFF
FDE7
017C
0606
04D9
06C7
063B
00EA
005E
023E
FD66
FD53
F9DE
FA37
FD01
FDED
FEC5
FF65
FF90
00F4
0505
05AA
0603
05A3
02A8
007F
FFE0
FF7A
FF39
FC0E
FB51
FCEB
FB48
FF56
0267
FD1C
0159
01C0
FDEA
0314
0421
0155
0380
0332
0055
0098
FD55
FCBB
FCB5
FB86
FB5F
FEB2
FE44
FD9F
0293
035D
03F7
0454
0339
0148
0161
02F3
021F
FFF6
0272
FFC3
F94F
FC20
FCF1
FC37
FEAE
0051
0230
02B4
0520
07BD
0319
0199
FEBB
F9A1
FA14
FBB7
FAC6
FB20
FCAB
FD89
0231
02B7
FEB5
01B0
0062
FD58
01A6
00EB
004A
0650
0377
01A2
06AE
0153
FB78
FC0E
F757
F8DB
FB2B
FBD1
002C
03AD
0630
06D7
076B
06C9
0065
FDAA
FC11
FADC
FA7B
FBD2
FB9D
FF02
04A8
0302
012D
0414
FFAB
FE42
021A
FD62
FF14
025F
00D3
0266
060B
01E0
01F8
02E0
FE3B
FD00
F86A
F5F2
FA19
FC61
FB58
FE29
0073
055F
0676
06C3
0665
03C3
01C0
005B
FC13
FD7C
FB2B
FC97
FFE7
03A3
0391
04D0
04CF
03C6
0270
0331
FF13
FD87
FE94
FBC8
F940
FDF3
0104
00CC
FCD9
FEA3
FBC9
F9EB
FE41
0078
FF08
0238
023A
0451
05DE
06EB
055C
0253
0036
FFF6
FC53
FD59
FC03
FB8F
FAD0
FCC7
FFEC
000B
0157
00FA
0191
0598
0660
0156
FF9D
FBB3
FD7A
FF58
FCD9
FDFD
FB9F
FA9C
FC26
FFD5
032C
02A0
0018
03C7
01D9
006F
06E2
027D
FE76
00DA
FAE5
F8E5
008C
FA25
F791
FA5F
FCAA
0038
04F1
04AE
0551
060B
04D5
04DF
072A
01E4
003B
FDC4
F9D6
FB8D
FCC1
FB07
FBA0
FE1D
FB7E
FBC0
0380
064C
04C1
0609
0842
0682
08A2
058E
FEF6
F9DC
F6C7
F809
F9B6
F7EA
FB7D
FF88
FCB0
FFC2
061A
039B
02C4
0372
00CE
0200
0340
03CB
0355
01D0
FD2B
FF72
FD21
FBD4
FEED
FAB2
F9C5
0179
035C
04F3
04D3
074E
072F
0347
04DC
01F0
FA8E
FA17
F7E9
F5A9
FB86
FF05
FC0F
FF7B
0556
FFA0
02BB
08FE
04C0
017F
02B4
FF99
0191
00F3
FE97
FB12
FD4F
FD48
FC24
FCDC
0043
FC23
FF16
0106
FEE0
02DE
04CB
02C8
09B6
04C2
FEAC
00B9
FB58
F96A
FBDD
FA5C
F989
FDB2
FFC5
FF01
0127
0532
0322
03F6
01A8
0350
013B
FF50
00B1
016D
FFD6
FDE9
FDD6
FD55
FBBD
FF47
FF64
FB2B
FD62
0099
FE22
000C
0446
0472
04AB
050E
FE8B
0073
FE8F
FB32
FF4E
FC1A
F803
FE1B
FEB9
FED3
07CC
072E
0271
094B
0772
FEC8
0296
FF83
F8B2
FC9B
FCDA
FB85
FEBC
00BD
FFA7
FDC4
001C
003D
FE65
007E
00A5
FFB4
036E
0401
02C7
04D8
01F0
FF8D
00C0
FFC3
FB5A
FE22
FA03
F883
FAE5
FBAB
FC23
0121
FFEB
003D
028A
06FC
069E
0694
0466
035B
FD88
FF3C
0205
FF84
FD6B
FCA6
FB8C
FD2F
FE74
01B2
01C3
0084
04FD
04CB
0186
0579
04FC
FDB1
FE36
FD9C
FA9B
FD11
FB44
F6DF
FB8A
F5D7
FAFA
FFC3
0137
0408
0964
05FB
080A
0B16
045D
0093
FF87
FD03
FB87
FC2A
FC0B
FEB2
FCD4
FC9C
FEC0
0063
065F
03DA
FEAA
0082
004D
0035
FECE
0065
FED9
FF73
FE8E
FF11
FBB4
FB75
F939
FD4C
FFD8
04D5
0716
0775
08AD
06AC
0242
01F7
FD5A
FF0B
FADF
F6ED
FAD5
FDE7
FBD6
FE43
FE22
FDE6
006A
0143
02E0
0579
0313
0322
03E0
0579
02CB
00DC
FCDD
FC20
FB50
FA69
FA33
FC19
FBC8
FF2D
0360
0589
0789
0592
0311
01E2
0168
02C6
00F9
00C4
FFB2
FCDE
FE66
FC1F
FB79
FEF0
FA97
FBD1
01E7
FEBE
01E0
0627
022E
021F
0505
02AB
FF8A
00C2
FDE4
FB77
FB25
FCEB
FE1D
FF6B
FD29
0308
0426
0279
065F
0459
0358
02E5
016E
FF67
FF68
FB61
FC14
F941
F699
F7E2
FC23
FD90
04EA
07DC
0B0F
0D88
0CD4
05B3
0251
FCBD
FCEE
FB66
F682
F4BD
F656
F3EC
FB17
F993
FC6C
029A
04B6
045B
0922
0687
0B78
078F
03AC
036F
0002
F914
FE24
FDC8
FA00
F7AA
F890
F807
FE4A
01D3
030C
0465
0792
07FD
0438
0725
0301
FEFE
0269
FF44
F93F
003B
F8FF
F6C5
FC24
FB9A
F898
007D
0058
0156
05AD
0569
0402
07BD
0478
0273
FF64
FE86
FC05
FA39
F9B9
FAEE
FC00
FDA8
00FF
026C
0559
061D
02EF
05FE
0438
006A
017F
FFF7
FC1C
FD8A
FB12
FBAC
FC68
FC91
FCA3
FE2A
001C
01CF
03FF
0380
046D
045A
0385
0446
0507
023A
00B6
F978
F87A
FA1A
F89A
F80C
FA34
FC8C
FEAA
0058
04E6
0832
0457
05CB
0496
0115
018B
0047
0085
0225
FF77
FD17
FD03
FBB6
FC06
FC07
FE07
FD81
0089
0159
02B3
0228
0633
06E6
03B1
FEE6
FC68
F97E
F94B
F9A7
F8DC
FBC5
FFDC
0186
068C
0B28
0844
07D2
04B6
0035
FC12
FB31
F9E5
FBFB
FF37
0102
FCCD
FE47
FFA4
0188
FD17
FD8E
00AC
FD3B
FC7B
0026
01D2
02DD
031D
05F8
0687
FFB2
FD3E
FDF5
FA63
FB45
FCA5
FC0D
0152
057A
0508
0785
0845
0702
04C3
FD21
FBDA
FB76
F944
FB07
F9E7
F9B7
FCB0
FC7E
FF15
0454
0667
029A
01FB
00FA
FF3F
0086
0173
FFD8
FF20
FD7A
0123
0037
01D0
01E6
FEC9
FE27
FE6F
FF0D
FEE5
FED2
012E
0449
FFC0
FF9C
0323
0265
FDA3
FF7E
FCEF
FDB4
FFAC
0041
FFF5
01CB
0375
0376
0462
01F3
026C
FF92
F8BB
FBD3
FAE4
F747
FB20
FDBE
FF69
016F
0208
05A0
02BD
028D
0246
FE6F
FE79
00C6
FDF0
FD4C
0029
FF50
0078
038C
FF84
0085
025D
015A
04AE
01EC
FEF1
04EF
02F5
0284
060E
020A
FE3B
0074
FE14
F906
FAB9
FB70
F91C
F9DC
FBC3
0011
FE7C
01A8
044A
02FA
0434
04E4
0159
FF60
FCD9
FC7A
FDC3
FDB4
031C
00E4
FFB6
00D6
02EC
FFE6
0270
02B3
0098
FE06
01D0
0247
0385
029C
021B
FD3B
FA62
FF02
FDF1
F99D
002D
FF7F
FADB
01B5
01B4
0183
0471
02B3
0152
FFEF
FB3D
FE84
FFB2
FCEC
FDBD
FEA1
FBB3
FE34
0252
001E
FF4F
032C
027C
FFF2
0204
0250
02BA
01F4
02F9
FF64
FCA3
FE5A
FD90
FB98
FF72
FF88
0018
01AE
02DB
057F
03D3
0072
00FE
0145
FAB8
FDB5
0091
FD03
0048
FFF6
FC51
FF5F
002D
FCE4
FFE9
FF17
FECD
FDC1
FDAD
FF29
02C4
00E3
014C
0242
0041
FF65
0048
FDF7
FFAB
FF7D
00F4
FDBB
01AB
032F
0228
039E
0602
01D6
00B7
0098
007D
0202
FEF8
FE13
FE5C
FD5E
FC7F
FEA8
FDCF
FE0F
00FE
FE9C
FF7D
02E3
FFC3
FE94
0240
00BF
0239
0169
FF4A
FFD8
FFF9
FEB8
026B
0228
025C
02E3
FE90
FE41
0287
FFDF
FDF9
00EC
FEC2
FE48
FFFE
FF90
0044
FF47
FF29
FC33
FA70
FEAC
0239
004F
0270
053E
01E2
03F8
068D
030E
0182
FEAC
FA97
FC04
FBC0
FC23
FCDD
FC88
FF9F
008A
FDE5
02A6
01F3
02DA
0104
FFDA
000F
0193
0119
01CE
FFE9
FD21
FF3B
FE22
FD06
FAAA
FA91
FB57
018E
0135
05C7
04BC
0551
06FA
0688
021B
0340
00CD
FAFB
FE35
FF1A
FC8B
FFE8
FFE6
FE10
FDDF
FE7D
FDCC
FCB2
FEBC
FC24
FD29
FF75
02DB
0286
00A5
FE61
FF24
FF74
00F8
FF1C
0091
01D4
013B
031C
05AD
0588
0366
005A
FF3D
FD17
FE69
FD30
FE3E
FE30
FD5B
FE5C
FFCD
00EB
0394
010B
0282
01B9
0222
048A
01AB
0189
039E
FD62
FCE0
0160
FCC4
FA57
FC32
FA9C
FE77
FE70
FC47
0186
FD7E
FC69
0230
015F
01E6
0637
033A
FFB3
04B9
0499
0365
03FC
0004
FD13
FBF9
FE74
0099
FF55
00F6
FFC9
FE30
029E
01FA
FFC5
FF7A
FB8A
FBED
FD0E
FAB5
FDD2
0289
FE34
046F
03B1
FFF4
0173
018A
F81C
FA57
FC67
FFCA
FF19
0252
0877
0662
0304
07FA
0319
FAAF
FB13
F7D2
F5FF
FC66
FDB7
FE83
0467
0470
0599
063A
02CD
02F4
0087
F9A0
FAE1
FD5E
FB8F
FFD0
02D6
013F
0315
0007
FE1F
FDC3
FB89
FBEF
FE15
01CA
0656
0760
0615
04F4
061A
011D
FD0E
FC63
F9EA
F4BC
F71C
FC4F
FC69
FFC3
061B
02A4
0302
03C8
00BD
FD5E
FE60
FF7E
FE9D
00A6
019B
042B
01A0
FF95
0362
FD86
FAB7
FF3B
FDC2
FFB2
0686
065B
04F0
0564
025C
FDF8
FCEA
FEC3
FC7C
FA1E
F8F6
FB57
FD82
FFAB
039C
03BF
031F
0084
00C3
02B7
014D
0020
010D
FCBE
00F0
009D
FDB0
FE3E
FF23
FA9B
FA51
FE10
FF7E
014A
0400
03F9
0548
06E1
0539
03CF
FE78
FD4D
FFB8
FAE3
FA92
FE3F
FBCE
F9AB
FFA7
01ED
0283
02C2
0253
023C
0071
0310
0280
019E
0066
FFF3
FDBD
FF46
0047
FDE4
FBFF
F98E
F8D6
FABB
FCDF
FEF3
015D
043C
045F
07BC
092D
05CD
04D5
0062
FA6A
FE44
FB73
F983
FAE2
FE29
FBEA
FE16
0500
041D
00C7
0460
01D3
0364
05EB
0291
FFAC
000D
FC4D
01CB
FEDD
FDF9
FCD2
FCB7
F6A9
FDE4
FE87
FED7
0059
0351
FF58
0154
04C6
05AD
012B
0108
FEC2
FD99
FD22
FF9D
FE3A
FAB1
FCDD
00B8
FCD5
038E
05D1
06CD
0724
052F
02C8
0154
FE07
FE61
FA35
F842
F8F3
F99C
FAAA
FF94
01C2
FF74
0375
049B
0184
0396
0037
0050
0264
01D2
041C
044E
01C2
028A
002A
FACF
FA6C
F6F7
F88E
F772
F877
0254
0387
06B3
0E5C
0A14
0484
066A
015B
FBFC
FD5E
F97C
F793
FC12
FCAD
FCA6
0001
010D
FF4E
FF3A
0187
01A0
01FF
041D
0337
02AC
058D
FFF8
0089
02FF
FD05
FBE3
FB8B
F558
F760
FEA6
FABD
038F
0B9D
063B
06AB
07B9
0217
FF86
FD42
FC68
FA68
FBE4
F72B
FADF
FC11
0276
031E
01BA
0388
075C
04FE
0407
058D
0283
FFEF
FE98
FD7F
FD17
FB77
FB68
FC47
F97A
F989
FE8B
FDDB
012C
05BE
08AA
0922
086A
0637
035F
FE96
FE18
0142
FCC7
F92A
F9B3
F568
F571
F994
F8D1
FDD1
035D
0477
05FB
0861
077B
07A6
05B1
01DD
FEE8
FBB9
FB0B
FC1E
FCF0
FCC0
FC87
FE0B
FE2B
FEE3
0360
0420
048C
0702
040F
FF78
03C9
02D2
00B4
FF7C
FCEE
FB2C
FA4A
F9FA
F96D
FA65
FB61
FFDB
032D
03BB
0738
0521
0369
05EA
05F0
FF12
FE96
F99B
FA5F
F83B
F90E
FCFB
011C
FF0E
02BE
03D9
03FE
07EE
0639
02C8
02DC
0260
FD1C
FD48
FE9E
FFD8
FE11
FCF5
FBD5
FBB0
FA2F
FEEE
00A2
02B4
03F1
03C7
051D
0803
04B5
04A9
03CE
0110
00EE
FAD3
F683
F939
F85B
F8FB
FDAA
FEB5
FE8C
0366
0406
04DC
062F
030E
0513
00F8
FF88
0054
FF27
FD74
0268
0200
FAEF
FB61
FED9
FD57
FEE3
0294
02C3
FFE9
02F6
0245
0264
0547
0564
0016
FD8A
FC56
FC37
FB9C
FAA7
FC27
FB5C
F952
FD03
0042
FF40
0367
047B
0423
0674
07EE
039A
0345
01CA
FE00
FCB1
FC11
FA9B
FB3D
FAEC
FCEB
021A
02F2
0442
025F
00F6
FF6F
0337
FF48
FFFC
FEA6
FD1B
FD43
FF92
00C0
FFF8
FC6C
FC58
FDCA
F8D2
FCA5
030F
02A5
054B
08DA
0756
0782
05C1
01E8
FED1
F6E2
F86B
F8A8
F29D
FA09
FF64
FE3D
05D3
0A45
06EB
081C
0595
01C2
01C8
0011
FBB7
FCC3
F9C0
FB11
FB26
FAFA
FD01
01CD
0036
FE3A
014A
04AE
01D3
0396
07C4
0423
017A
0358
014D
FEE3
0232
FF06
F93C
FCF3
FB63
FCA4
FF54
0198
07FB
05E6
04AE
0892
033A
FE98
0252
FC7C
F64C
F9E3
F970
F88A
FB91
FCCB
FBCD
FDFA
0127
04C8
04AA
043E
0769
043D
02C6
05C9
00A8
FB77
FC6D
F811
FB51
FB82
FC20
0229
FFD9
0038
073C
0497
013F
0781
059D
FDE3
FE98
00FB
FE2F
FFB5
0194
FD1E
FBA9
F7FB
F773
F75B
FA51
FF48
FF2C
012E
0593
0586
0588
0685
0032
FE56
FD12
FBC4
FCFD
FDEA
FF80
020A
0476
0631
0198
FFC1
01F3
FEF5
0045
0094
FB1B
FEDD
FF6E
FAA1
FFB9
01D3
FD59
FE6D
FECB
FA33
FECC
022D
021F
040B
0709
027C
01D1
02AF
00BB
FE9B
FD5F
FBB2
FF4E
FFEA
00A3
FE7E
0064
01BA
FF75
FF90
0256
FEFD
FDFE
FF91
FF74
01D9
03B5
FFE6
FEDF
01CD
00B7
00D8
01F1
FFFD
FD36
FE72
FE28
0210
0541
0488
FEF4
FF4A
001B
FDF3
FB1E
0174
FD81
F892
FE06
0139
FFFF
05A6
0442
FF7E
024B
024C
01F3
01A2
0027
01A7
0024
FE7B
03C2
0158
FDFD
FE31
FCAB
FD51
FC3F
FAE8
FE1A
FD21
FEC5
0308
079D
0394
0529
FF47
FC81
FE2D
FE2D
FA8A
FB02
FC97
FD9A
0070
03E9
051A
03A6
03ED
00EF
FE39
FF9E
010E
FD43
FF30
0004
FE17
02EC
01EA
FF20
0141
FB4F
F8C4
FCEF
FC9B
FA95
000B
0146
FF29
0645
0750
025B
01EB
0030
FCBB
FA57
FBCC
FDA0
FE36
0060
05B5
01E8
0453
0870
0491
0279
02D2
FC06
FD55
FF1F
FC3E
FE64
FED0
FE08
FF73
FDD5
FC9C
FEEF
FC47
FB2A
FE55
FF68
01D2
0317
062A
07E1
041F
018A
002E
FD3C
FBA6
F9FD
FADD
FEC7
FFB0
032D
04AD
048C
07BA
0792
00EE
029D
0013
FB85
FED8
FBB8
FA6E
FED7
FE5B
FE61
026C
FEFE
FF1E
FEEF
FEF6
025B
0252
0104
03B6
02D5
0081
010A
FEF4
FC17
FC6D
FBDE
FB8E
FDF6
FF41
FF28
0235
0011
00B9
0339
01E4
02B2
049E
011A
FF1E
FE6D
FE42
FE83
FC2E
FA55
FD7A
FB13
01ED
040A
0363
067D
0439
0324
0769
062D
034A
FF65
FDD5
F9AB
FB75
F7B3
F8F8
F94D
FA3D
F7DE
FB8B
FC3A
028B
0252
045F
0730
063E
03A0
0636
02B9
FF8D
FD56
FB62
F9B4
FA04
FB38
FF29
FEEE
049C
0653
0484
06C3
081A
04A7
0107
00D0
FFA2
FEE4
FE97
FF3C
FFA1
FD86
FD3A
FCA7
FC31
FA55
FB78
FD17
FF9C
02F5
0541
04D9
065B
078F
0507
0058
FDE0
FB5D
F8A1
F4E5
F8CB
F98E
FECE
0581
02E6
0848
099E
0269
0460
0287
FFAC
02CE
FF12
FDC2
0266
FE83
FCDA
FFAA
FA7E
FA29
FC0E
F951
FE44
0382
05A3
068C
0905
08B3
0629
00C7
01B8
000E
F958
F74A
FAC4
FB31
FBCF
FC22
FDB0
FEEB
00C1
0050
FF3B
FB11
01E6
01F4
02B4
07B2
0789
0089
0309
0098
FF61
FCC0
FCDB
FB58
FBA8
FDB4
01E7
02BE
0508
0608
01F8
FF63
013F
0082
0047
FE70
FD0E
FB7A
FC2C
F9F1
FD2B
FCFB
FC77
FF66
003B
033A
070F
0514
0583
05D1
011D
FFD9
FD3A
F9F9
F8F5
FA12
F9C0
FD9A
FE75
FDEF
FEEA
02FD
021B
0598
054D
0391
0525
0527
055A
05CD
040C
037B
FD27
F984
FB08
F7C8
F6B5
FCBF
FD42
FE7B
04B1
04EA
05CB
087B
0572
01D7
FEE5
FA4A
FAD3
F934
FA29
FF2B
FDE8
FFDD
0182
FE04
FF11
00D4
FE0F
022A
0303
FEEB
02DB
036E
038F
05F8
04B2
0132
0396
060D
02ED
04C2
059A
013B
0290
03BC
FE94
FF0F
FEB9
FC3E
FED1
FFC8
FD1F
FAB0
FBFE
FF48
00C7
0079
048F
0357
0041
0065
028B
FE9B
FFB2
FEC3
FBD4
F950
FD6D
015D
016D
022D
058A
0411
FEDA
01BE
FD8C
F814
FA28
FEB1
FEB8
0106
049C
02F5
0060
046E
02B0
FDD1
FF37
FFF6
FB7A
FF16
043E
02AE
FFD1
04C5
FD2F
FB5B
0022
FC6A
FE4D
FEF6
F9B4
0086
FFF7
FE88
0627
06EE
FF93
03AF
FF58
FF58
FB6F
0066
0162
FBFD
FBC9
05BC
FCE6
F9C8
01E0
FA17
F9EE
04A3
FE98
01FC
08DE
04F6
0293
0529
FFBE
00D5
FD7A
FB48
FD68
032C
FF92
0329
03A6
014A
010D
FF10
FF2E
FE00
FC5E
F8E9
F6FE
005B
02DB
019E
0894
060B
0273
0659
011E
FE1B
FDE5
FB72
FAC6
FFD3
FDE5
01F7
038F
FE2E
FFF4
01F6
FC02
FC15
FF0B
FBF9
FCEC
043D
02D5
03B0
01B3
FF28
00BF
FFDD
FEC5
01F2
FC98
FD40
01E5
FFBF
02B3
0789
0165
00A0
FEF4
FE2E
FB8A
FC0A
FC9B
FB88
FCDE
01F8
02A8
02D5
03BA
0206
FF31
FE65
002E
FD36
FDF8
FED0
0165
0203
FE24
FC60
01AE
FCD3
FBEB
FF5C
FFA2
FEDD
00C1
FE4F
FDE1
0269
0475
02FC
01FB
03A9
FF54
FF20
02BB
00A9
FEDB
FF25
FD5C
01B1
044D
FFE9
009A
00BF
FD87
FD36
FE66
FDDD
FE50
FF85
FC30
FF8F
0081
0018
FECA
010B
013C
0341
02A5
041A
01F4
FC94
FCC2
FEDD
FEE9
0065
FF80
FE39
0176
FF7B
FEB2
010A
0038
0085
0389
013A
0224
01D9
02CE
0201
00AD
02D8
0203
FC3D
FD4D
FB91
F9BA
FA6A
FC51
FD45
FEC4
FEE3
04C5
063D
0592
0601
04D4
FF14
00A7
024A
FF16
FF2A
FF87
FE9E
FEDE
FDA1
FD9F
FDF7
FC0E
FD54
01C4
0001
00C9
034B
0360
006B
0298
0056
FE31
FC29
FE65
FAAE
F925
FD35
012C
FFA2
03AF
088D
07B1
050C
066D
03FE
0036
FC8D
FAEB
FB90
FB16
FC1A
FD25
FA5A
FE26
FEA2
FFD0
0132
03A0
0259
01D3
0071
016D
029B
01CB
005F
0131
FE4B
FDE5
FEF7
FC89
FB3C
FC4E
FB06
FE43
023F
056A
076E
05B7
0649
063A
01CE
FF4B
0194
FB9E
F8BC
FBD4
F866
FA73
FEAC
FD63
FC27
0130
017B
01B2
06DC
0610
0299
01A8
030C
0348
0078
0323
FE97
FA10
FCEC
FAC6
FAAE
FE18
FC4B
FEC5
019F
018F
06B0
06FF
0258
028A
0306
FDFE
FE3E
FF8A
FCEE
F9B6
FAD8
FCA5
FF4D
007C
012E
0238
02C3
0699
0336
06EC
0691
0033
FD94
FD9C
FBB4
005C
FF9E
FAE8
FC5E
FC65
FAB9
FDBC
FC14
FE8E
0197
01AA
0283
0875
077E
063F
074A
04A1
0209
FDA3
F835
F771
F47A
F35A
F86E
FA9C
00CE
0758
05A9
0886
0D23
0872
0710
01C7
FD75
FE83
FD16
FB25
FE6E
FA76
FC60
FED0
FC9D
FE92
00E4
008A
01AC
02FF
0309
03C3
0340
03F3
0470
FF9E
FD89
FE85
F995
F63D
F6DE
F8E7
FB86
012B
01B5
046D
0757
06DC
0868
0749
036B
0257
FC86
FBD5
FC32
FB01
FBA1
FD87
FD4A
FD3F
FFF7
0158
0327
04F4
039C
01BB
02F4
05CC
01F5
00C6
01A4
FF3C
FF3A
FF1A
F96F
F90D
FA62
F5D5
FE49
FE97
FEA3
0325
05BC
0487
0B7C
0B5F
05E5
02D7
0266
FAE8
FD0C
F981
FDB7
F9F2
F75A
FA5D
FEE1
FCA9
0284
05D2
035E
074F
0807
042F
04A7
03B7
018E
FBEB
F826
F9D5
F913
F3AE
FC40
013F
FF16
0199
043C
03E4
06F0
083C
0702
0711
03F2
031E
FDC5
FF4A
0001
F935
F5A3
F868
F535
FAF4
FD75
FD4A
0405
0942
0697
081E
0706
0180
01EE
FF18
F99D
FCA3
FD60
F91A
FBA1
FD43
FB31
FEA1
0626
05DF
0289
037B
02E1
02FF
0895
0631
0077
003A
FCC7
F7E6
FBB2
FC68
F909
F952
FAA7
F979
0287
0527
04DD
096E
0923
01FD
05A3
03A5
FC8F
FD76
FD6D
F97A
FBE8
FCB9
FB9E
FA5F
FD07
01B5
009E
03C3
058D
01F0
022A
02A3
030A
0541
03A5
FD53
FF21
FEC0
FDD1
FD6C
FCEC
FB89
FD5F
FA72
FDC0
0358
FF6D
0344
08C3
0220
03C0
07CC
026B
036D
045A
FD29
F95F
F7C2
F7EF
F753
F970
FDBD
009B
0111
065A
0518
08B8
08CB
0582
0368
0270
F814
F9EF
F987
F993
FC84
FCE6
FC44
0117
0005
0219
044E
036D
03DA
02B2
FE22
002D
00CA
00A2
00AB
FFEF
FD73
FC26
FB62
FAE8
FC04
001B
0234
FF99
01D0
01F9
0271
037B
075F
063D
0463
0263
FDDE
F92C
FA0D
F7A3
F9B5
FB9A
FE36
FF9C
0191
03F9
0625
0505
042B
027D
FFD8
FD17
FE8E
FC38
FCFB
FEB3
FC83
FCF1
FE8D
FDCE
0006
022A
0159
037E
0140
FE3A
0253
0556
054A
0622
046C
0089
FF97
F9A5
FB96
FE1D
FE0B
FB7D
FF14
FF4C
FFEE
03BC
03C2
0087
FFDC
FFA3
FB2D
FC97
0357
01BA
0032
02E8
00EE
FFBF
FEF4
FE97
017F
FE3B
F929
FDE9
FF02
FF24
03D2
041B
FF5D
0140
00A6
FF1E
FE81
FD55
FD3C
FEA6
00CA
0283
040C
0046
01E2
0018
FFAF
FF2B
02B0
FD13
FE3E
01FE
02CC
0547
0541
FFB5
FD51
FA05
FD5C
FBBA
FB63
FE38
008E
FECA
FF11
0076
04EC
03C4
0098
0177
FF84
FC15
01EA
FECE
FB26
FF0D
0124
FF16
06E6
056E
0220
FF46
FDBD
FE41
FE61
FB51
FF38
0062
FE14
FFDE
020B
0144
03A0
01F5
FDEF
FE39
0290
01B8
FE83
00B5
FD7B
FFA9
010D
01E4
00C2
00CD
FE0A
FE4F
FEB3
00FD
FDF8
FE47
FDF8
FDD3
FFA6
FE2F
FFCE
0416
FFF6
0042
0281
0140
FDC8
FF8E
FE6C
FB7F
FD26
006C
036F
0137
03DE
046A
0134
01EF
0283
FAC4
FC0E
FE55
FC42
FDE6
01A1
00F9
0273
021F
FF5D
02D4
0086
FD19
00B3
FD1D
FCD0
02B6
FE99
FFCD
037C
000A
FDC6
FF49
017E
0069
FFA3
0104
049D
0260
02E5
0427
00B6
FE55
FEE5
FD1C
FC9E
FE89
FEF3
FF1F
FD5F
015C
006E
FD03
FECA
011B
FDCB
00CC
009A
FFCF
021F
01B8
FFAA
020D
01A9
FE4E
FE85
FF67
FF23
0134
0444
0213
021C
FF0F
FF6C
004A
048D
0210
FCE6
FCAB
FE79
FB67
005E
FF80
FBB8
FD26
FDF8
FA63
FF73
02E5
038A
0484
033F
0547
0201
04DF
0410
0169
FFCC
FCA6
FBC8
FCD5
FC4C
FCE0
FD00
FFC2
00CC
00C0
02BD
01BB
01E8
02F1
FE2B
FE80
FE23
FA3F
FBF5
FE45
FB3F
0308
030D
0123
04C5
0313
FE7D
0321
FF43
03CB
037D
000B
00E3
005B
FE9A
012D
FE93
FDE3
FBD4
F721
F96B
004A
01EC
035E
07A9
0474
03A1
03B2
0212
FFB8
FFF8
FA60
F9F0
FBF7
FF2E
FF34
016E
0369
002B
FF61
02F7
0081
013D
FFED
0055
00A8
025F
01EA
01E5
FEC0
FE53
FDDE
0063
FDFC
FFCC
FF99
FF00
FF2C
029B
04ED
057E
0100
0234
FEA1
FD9C
0167
FFCE
FCB1
FF5F
FD75
FC31
00E1
0500
0331
000E
0027
0237
FC7D
FC4B
0188
00B7
0092
02FD
FF24
0131
019A
FFA2
FE0C
00D3
F9B4
FDE4
FD26
FBF0
048B
0802
FFCA
0233
03F3
FE8A
FE3D
0338
0069
FBF7
FE3A
FE6C
FE2B
00D8
0201
FEAB
017E
013D
FF12
FD92
0348
033A
0222
0232
00A8
FE2A
FDF7
FB60
F9E2
FA1A
F924
FBDA
FFA7
FF18
02FF
01CB
02B1
0277
02EC
04A3
0456
0389
0678
0644
0064
05A6
FF71
F860
F936
F561
F67C
FA7E
FC4A
00FB
012C
FFE4
060F
042D
0120
0224
FDC9
FB56
FF9D
0016
00D9
0558
03CF
02B4
043B
FFBE
00AB
FF07
FBDA
FD3F
FAB8
FD18
FFA1
03B5
040C
0184
0174
02FD
FCBD
FD76
00DA
FEE7
FE80
058E
0326
017F
0642
049D
025F
02D4
FE18
FBA3
FC84
F850
F92A
FCC0
FCE8
FE02
FF7E
FF52
014D
012A
FEA2
FF5F
FF93
03C3
018E
029E
0852
04CA
0316
0653
FEBA
FC57
FE56
F965
F9F7
FCCA
000E
FE02
0196
0312
0371
01D3
039A
002E
FE7D
FF30
FCD5
FE06
00F8
0060
000F
018D
0094
044F
FF27
FA92
FD17
FC99
FB76
FEF9
006A
FFAB
FFEB
01CA
FFCF
0139
01A9
FE06
FFEA
0226
0213
02B1
FEEA
0062
0390
FBE4
FC3F
006A
FAA3
FB49
002B
FF24
FEE7
0442
0089
FEDF
FF29
FF36
FFBB
00E3
007D
0363
0181
02DB
05BE
04BB
00E2
FF5B
FBBA
FB05
F889
F9DE
FF38
FE4C
FF97
030D
02DF
03B0
03EE
FE59
FB72
FC78
FD1D
FB42
FFDE
0149
004E
00DC
04AB
025A
009D
043C
0066
FA8C
0147
0348
0076
01E9
02DB
FEDD
FF37
01C8
02B5
FF45
FE3E
FF9D
0399
011C
0490
0249
FF24
FF5C
FF27
FD4C
FBE4
FB96
FCB3
FC1C
FFA7
06C7
0508
0002
0328
024F
FCBF
017F
00CA
F974
FB3F
FC21
FD01
01EB
0340
0161
0156
0195
03E9
011F
FF5F
021D
034B
FF84
01A6
0487
01FE
FEFA
FEA3
FB20
F580
F8A9
FC6D
F940
FDB7
0654
00E6
02FA
0CB6
077B
0430
03A1
003B
005A
FC22
F9A2
FF3F
F8B5
FA5F
FD66
FC0D
FDA0
0059
FEF6
FEE0
0370
04D6
036E
004A
03E5
015C
FBC9
004C
03D6
FC0F
FAEE
FF3C
FBBE
FC47
04A7
0319
0021
02E1
040D
006F
002F
04E0
01BA
FBB7
FC84
FDBE
FB7E
FAA0
FCF5
FEC9
FC0D
FEEC
0282
0150
0321
073C
030C
FF5F
FFD5
0268
FCF0
FE47
0267
FB17
FF53
010C
FE5C
00C1
FFC6
FD3A
03DA
0308
0585
0723
0394
00F7
04F1
FE48
FD02
01D4
FD1A
F59A
FB95
FF12
FC8B
FCEA
FF86
FDBC
FAAC
00A7
0595
03EF
0583
0503
012F
0375
063D
0293
FFD5
FD29
FC59
FC74
FA38
FEDC
FDE3
FA54
01EE
02AE
027A
056D
02F3
0101
02E4
029E
02C1
FF13
FB94
FC40
FA4E
F980
00C0
03F8
FDC1
0125
029C
0376
054D
03A5
0238
003B
F793
FA37
FA91
FABD
FE84
FFDA
FD60
007F
0356
0468
02BE
048B
03AE
010E
02AB
0535
FEC6
FE22
00E1
FCE9
FECF
0481
FDE0
FB02
FC7D
FAE1
FC8C
FDFB
009D
00A4
007F
00B7
0504
0426
03A8
0433
FE55
FD38
001D
FC7F
003C
015C
FA82
FE49
FE5F
FB10
00F1
FED7
FB84
01DB
03A6
01D5
0742
07FB
026C
01F1
00C8
FEAF
FD76
FCB8
FADE
F74A
FC17
0146
FFC7
001A
0268
04CC
0494
04A1
0500
02DA
FC7E
FCEB
0045
FFF5
FDFF
0341
FC38
FB51
FE62
FD94
FFAD
0163
02AA
FFBB
0352
05BF
095B
06DC
0679
0212
016E
FC5E
F995
F779
F42F
F520
F85B
FB50
FF27
062F
0968
087A
09F2
0A6D
04AF
027F
0145
FC44
FB67
FA78
FB99
FEF6
FD57
FA90
FDF8
FEE6
00CF
036C
0365
0292
01B8
0120
0157
0278
02F1
FE69
FBB5
FC07
FAE6
FA15
FCA3
FF20
FEF9
0154
048C
0632
0899
080E
03A9
048E
00B0
FB92
FC3A
F936
F8D4
FBC1
F7E1
F7CB
FE4D
FDF7
03D9
0801
042C
0801
069B
0030
021C
02A7
FE43
FECB
FE1C
FC5D
FCE2
FE57
FE81
FD71
FB87
FD32
FE8F
FD85
02CC
0371
0168
03B1
06C2
0760
026E
01FE
FF22
FA25
F7C8
F8C6
F680
FBFF
FAC2
FEE9
06A2
090B
0899
0B1E
086E
016B
FF9D
0020
F8A6
FC57
FC2D
F788
FB91
FF29
FB98
FEC8
029C
00E8
0368
044C
04F6
0540
03F3
0350
0047
FD2C
014F
FB5F
F989
FBDE
F8CC
FA93
FFD4
FE24
0190
0393
023C
05D8
0677
042F
0493
02CE
FF3A
FDD9
FE5F
FE70
FE64
FD1C
FECE
FB3E
FCB7
0153
00E1
001B
071C
00D0
00E0
03C7
00EF
FF86
FFEE
FDB0
FBCD
FD51
FBFD
FB0D
FE41
FE00
FD9D
FFED
0176
01AE
053C
0608
FFB8
00AF
0446
FF13
FE82
01AD
FC30
FBF6
FF0E
FBC8
FC9B
02F1
FE4A
FCB7
0389
0464
05C2
033B
0357
06A6
FFC3
FEF1
051C
FE44
FA08
FD1A
FB4C
F8F9
FEE4
FC6B
FB10
006D
0365
0141
0346
020C
0039
FFD2
FD85
FDCF
017B
015C
0103
0299
0364
0022
01C4
030C
FEBE
FDC5
FD21
FBDC
FF80
0398
FF51
00AC
0396
0101
FF7D
01C9
00DC
FD91
FCDD
FB9C
F9D6
F893
FD0B
FF85
003C
03B5
040B
0307
03B3
0387
01CB
FF46
FD2D
FFB3
FBE6
FBDD
FDFA
FF74
FF59
047B
04BC
026D
011E
0010
FE9F
0142
0170
00B8
00C7
FE37
0137
0670
FEED
00AB
00D7
FA19
F84A
FE7A
FCE8
FE6E
026B
0051
000F
0394
01FB
006B
0219
00A1
FF45
FE29
FCE5
FF6D
FE8F
FFBE
044E
032E
040A
0298
0010
00DD
FF08
FD5C
FB76
FC99
FEB8
0048
004F
0321
0670
0448
0140
01DF
FD02
F86B
FE5F
FDC2
FEE1
FECB
FF6A
FE70
03D5
02DD
FEC1
00FD
012D
FACF
01DB
FED0
FC08
0466
03F7
FDD6
0381
022A
F9F1
FF5B
FFB0
F9F5
FEA5
01F6
FD13
02E9
0670
0300
05D1
0566
FEBB
FD46
FD95
FAC4
FD4E
FF80
FBDC
FC57
0138
FFC0
0066
02AE
FED8
FE0C
010D
FB89
FE8D
04C3
FFED
FF08
05C8
00AA
FE23
05D6
FE88
FB5D
02B4
FCBF
FBDD
032E
FFD0
FF1F
03BB
004B
FE60
FE59
FD4B
FDFC
FFF2
0130
FF2C
018F
0448
0140
0048
0397
FEB5
FED5
FF02
FC80
FF68
0022
FAFD
001F
033F
007F
0362
0517
0036
025C
01C9
FD0C
FF46
FFCA
FB33
FFFB
FDB8
FE84
009C
FE89
FD77
00E4
FF9A
FEC1
0154
0378
00EA
003E
03BE
0065
FE08
00B4
0155
FF88
0022
018F
FF49
020A
054F
0383
0436
00EE
00E8
00A0
FB2F
FC40
FBFE
F925
FDE9
FCB3
FB58
0223
02D1
000A
0634
0336
0447
0317
FF4E
01AD
0047
FBCE
0152
FF95
FBFC
FDD6
01C8
FCC1
FFA3
018A
0007
00DC
028D
0078
FFA1
FF29
0116
0118
0108
FFAC
FF2B
FF37
FDBB
FE2E
0353
FD22
FCFF
01A8
FEC1
01AB
05AE
01B4
002E
033C
FFE8
FDAF
0373
008A
FDCC
0085
FF4F
FE90
001C
FCD5
FC9D
0034
FD66
FDED
009F
FE72
0000
0102
FD29
000B
FEE3
01FB
FF7F
FF1B
03EA
0177
0136
03CA
0323
00A1
0206
00DD
0259
FF0D
FE83
FFD9
00F7
FFAE
00BD
FE33
FFCC
FF65
FC57
FD34
FEA3
FF08
0229
0128
FFB0
0090
01A3
016E
01E2
01A6
FE73
FB57
FB50
FE8B
0111
FF06
0200
019A
FEF9
0054
022C
02E7
04BE
0157
0197
0388
0618
05EA
0114
FE92
FCB4
FC04
F873
FB07
FB67
F8FD
FC76
FF62
FEEA
0801
02FD
0109
0535
0013
0035
02B8
0086
FF08
0060
FE0D
0140
013E
FF80
FD2C
FE1A
FDA1
FF4D
000C
02C0
00BE
023A
0133
FF03
FF7F
FF92
FC74
FD3A
FD8C
FDDE
FDD2
028E
02C9
0584
0457
0105
017E
01A7
FFA7
0256
FB84
FD49
FF25
FA5B
FD49
0088
FC91
0181
0239
FFA6
01FC
0574
007D
03D6
03BF
FD1F
FCD1
FEE9
FA9B
FF79
FFB7
FC29
00F8
00C7
012E
0514
02D7
FF2E
FDCD
FCD9
FB18
FEF3
0026
FD1F
FD3C
0633
0125
0218
05CA
00EB
FCAA
FBAE
F972
FC4F
FE67
FFBD
02F9
042D
0414
052E
04D4
FF09
FED7
0088
FD76
0087
0092
FC04
FCE8
FFDA
0199
010E
0004
FFB7
FACC
F867
FBDE
FA4C
FF00
0301
FFB9
0054
0387
0315
054C
0305
01FF
FFF9
FE08
00D4
0450
046D
0322
FF8B
FEFD
FCC7
FF4C
FE1A
FFAC
FF3B
0034
FE98
FEE5
FEAE
027F
001B
FF4A
02F2
00D1
008A
00A0
FD60
FDA0
003D
00E3
0070
00DE
FFC6
FF61
FCEE
FF9F
02DF
FD49
FAF2
0083
FF4B
0176
018A
028A
002B
FFAC
FEC5
FFDA
0113
0345
FF48
FD2C
FED4
00A7
FEB8
030B
0466
FF48
0108
0554
FF84
FF5D
0039
FC7B
FC20
FBA2
001C
FF1C
FE5C
0041
01BB
FF35
00FE
037C
01E5
FE8A
0077
0102
FDCB
FE2C
00BF
FE32
FBD8
FF0A
FFE4
FB27
011B
00BD
FDA4
023B
047C
0149
0244
0270
02EF
FF45
0129
FE15
FDD0
FBD6
FF03
02D6
0534
0478
04DD
02E3
FE4D
00CD
01C6
FB25
FA39
FD97
F7F9
F449
FC3D
007A
FF58
028F
03B1
00ED
02DC
06CC
05CB
045B
0342
015A
FCDC
004A
03AA
FFC8
FA13
0079
FD85
FAA7
FC6F
FD54
FBAF
02D0
022D
0394
047F
02FB
03FE
01BF
FE20
0149
FD30
F99C
F7E8
FAAF
FC48
0046
0569
0418
035F
03BE
04A2
052B
06C7
022D
FD34
FB9C
FC05
FC50
FFAF
01B7
006C
FC89
F939
FAB5
FEB6
FD8F
01F8
024D
FFDE
0247
0A59
0464
03D2
02E0
FC98
F832
FC3B
F8EC
FABA
FAF4
FC09
0266
04F7
069B
0A85
0746
0348
03AC
0375
0209
FFA5
FAA6
F770
F984
FD9F
FEF4
FD12
FB51
FE4D
F98E
FDEC
0584
0610
0357
0574
017E
01C4
0547
02E4
FFE0
FCA4
FA13
FA37
F8E3
FE06
FD64
FB05
FFC2
0586
0693
0A7E
096C
03FB
0392
00A2
FDF8
FED8
FB8C
FA20
FB1D
FD07
FD2D
0145
FE05
FBE0
02B9
FE72
0259
0527
02BC
034A
00A2
009E
00D6
FF03
FF47
FC37
FAC8
F932
F890
FDD0
0159
0143
050E
0665
0475
0614
0777
008E
FFC4
014B
FD12
FABF
FA47
F93E
FCE6
F9B1
FEDF
06F0
0172
003C
0619
044F
058F
06F1
0273
FEA4
FD0E
FB91
FD06
FE65
FEF7
00EB
FC73
FBF4
FEAA
FEDA
FC83
FE3D
FD64
006C
02D3
0416
06A2
065D
0369
079E
043D
FFF1
FF0C
FA35
F535
FA8E
FA7F
FA52
FDB5
00FD
05F5
063E
083E
0A93
05F8
025E
FFDA
FAE4
FC31
FEE2
FC4D
FF97
FD2B
FB75
FD3B
FC2F
FD89
01FB
FF2D
035D
0478
0356
05F3
07CC
059E
0712
002E
F7CE
F72D
F786
F4B6
F776
F8BB
FE35
02E2
0576
0B86
0DA3
0830
077D
0309
FF46
FBFA
FB75
F879
F934
FD49
FC51
FCE7
0052
FF7A
FFA7
0163
02BE
044B
0486
041F
0441
061B
036F
0374
02C3
FD21
F6F0
FA25
F454
F56A
FC6D
FAE1
F9DB
0326
021F
0210
099D
0812
0422
06A4
03AC
FFD5
0220
0013
FCD9
FE25
FAD1
F920
F999
F973
FD22
0130
01AB
00B6
043A
0771
02CB
01BA
0439
FE61
FECB
01C5
FF33
FCC8
0127
FF9D
FCDC
005D
FEBB
FE70
FE82
0018
030D
019C
017C
0793
02A5
FFBD
0115
FCDB
FC2F
FD18
F88A
F6D9
F911
FC2B
00FB
023B
062E
0913
05A9
052C
05ED
036F
02B2
0302
FE2D
FCE7
FD06
FA5E
F949
FABA
F868
F779
FE87
0392
051D
0887
089C
092B
05C9
0647
029D
0000
0080
F931
F8A6
FBB2
F6AF
F901
FE85
F8FF
FBC0
00D6
FD9E
0205
050E
04B8
05AA
06D2
06DF
0329
0294
0289
FC61
F820
F7EF
F5BD
F77B
01B3
0358
0291
0710
05AB
02F1
02B1
02AF
0046
0163
FED3
FD3A
FF7A
FCC1
FCBB
002C
FD77
FF5F
0079
FF53
FFDD
FFDD
FF8F
0059
01A7
0259
01A2
0128
009E
013C
FFC9
FBD3
FAC7
F851
F6DD
FCD4
FF7E
00AE
0498
0567
03C6
041A
08C9
02E8
FEE5
041D
FE6E
FC81
FE39
FA30
FB1B
FDB2
FB6A
00BE
0213
FDE3
0094
FED6
FFC0
0456
02FC
017F
02C9
00A9
0302
0110
FE26
00F1
FBF1
F7F2
FF13
FF87
FDE7
03D2
0278
FEA5
0555
031D
0102
0449
03DF
FE71
FE96
FFA6
FDA7
FC2F
FE61
FDF7
FD43
FF5A
FF2B
FD07
01B0
02F2
008B
041E
0234
008A
03C6
0226
0025
0420
FF84
FD27
00CB
FE1F
FB1F
FE9B
FE16
FF28
00C7
001E
023A
00FB
0222
02AC
000D
FF96
FE68
FBEF
FAF7
FCF9
FE1C
FF93
02E2
0180
0343
041C
01AA
FFD1
0072
FE73
FD33
FC7F
019F
00B1
FFDC
0208
02E8
FF0F
FE97
FF4E
0045
008C
FF06
FF1D
006C
FE88
0060
FEDA
FDF1
0006
0287
0013
007E
FFD9
FE49
FE5D
FDE0
02B3
0218
FC60
FF13
FEC3
F9FD
FDE5
034E
FE06
FFF1
01E6
0020
0410
0835
033B
FF76
FE99
0072
0097
FE64
FFD2
FFAB
FC89
FCCB
FE48
FE0D
FE52
FFAA
FFB6
FED0
0164
0170
FFCF
0133
02F7
04C0
020A
0526
03DB
FDC8
FCEC
FD36
0082
0133
FCF1
FDDA
FFEA
F992
FE13
FEE2
FA4C
FDCB
FDBF
FC9A
FFF5
0565
061F
071D
0678
04E3
0509
034F
05A4
0378
FF98
FEF6
FC0D
FE1C
FD90
FB13
FA7D
FD0A
FE32
FD3B
FEF9
FF18
FF54
FE10
FEC1
02DA
016A
0034
0098
FD8C
FE8E
01B2
0530
04D4
03FA
033F
FFB7
FEC8
01AE
FFCE
FEA5
FBE4
FB87
FC47
FC3F
FFF6
FEC7
FE06
008E
FCBB
00D3
022D
FF6B
04F9
0577
005F
0824
04CE
FDA1
0036
0002
FBBF
FED2
FF89
FC8A
FCE4
0028
FFDD
0380
0314
01B5
FD90
FDC9
FD89
FB0F
FE1F
02BC
FF67
0048
01EF
FE7B
017A
FFF3
FFDE
040B
02C0
FF5C
00F9
FF82
0234
0309
0059
0024
FEAE
F87B
FD91
FED9
020A
0310
FE8B
FE7A
01E2
0227
0548
0652
0351
01AC
FE74
FBEA
0001
FCCD
FE4F
FB7D
F6EB
FC5D
FF11
FC57
0296
0395
029D
04BD
01CF
0469
04BD
00A2
02C6
04F8
FF35
022F
FFBA
FAB5
FD7F
FE61
FC0B
FD43
FF98
FA9E
FE75
00E0
0032
04B9
0693
006D
0125
0218
FE34
FEC8
000C
FD07
FD7D
FDE0
FE70
FF1A
00F0
030C
0269
0404
0637
00BB
0278
03A8
012D
02CE
FF7D
FBCE
FC91
FB4D
F951
0021
0035
FA84
FE3C
FE75
FF09
0357
05C1
03F7
0126
FEC3
FF8E
FD6A
01C8
FCF5
FB8B
FE58
FD3A
00EF
02EB
00E4
0738
0749
01F6
0633
019B
FE1E
FF70
FDFA
FC3E
FEE2
FECD
FADD
FD5F
FBF9
FD13
FE87
FBAD
FDF1
028D
0175
034E
0954
06BD
0353
0650
00E9
FCFF
FCCD
FAC8
F89C
FD99
FE29
FCF2
FE40
005F
0149
0114
012C
03E1
0027
01E3
FF84
0019
007C
0418
FF54
FFD6
FD9A
FE4E
FDFB
FDAD
FF73
0517
000B
01A6
0470
02A7
FFA4
0123
008A
FC6E
F878
FC63
FC3E
FE03
0119
FFF5
FF35
02B0
FFF9
FFE1
023E
0142
0293
03AB
01FE
0153
0345
004D
0185
0027
FF78
FAA3
F8FC
F895
FBAB
FB4A
FF71
0157
03E0
04EB
06F7
0721
08DA
0571
00D9
FF25
FC64
F9B6
FB62
FB9A
FB47
FF04
FDF3
FD32
FF40
FEDB
00AB
0261
FE97
FF79
013C
FB83
00AB
0332
01DF
02E3
0155
FCF1
FF16
FDFB
FD42
0127
0161
FF45
01A8
023D
0399
0534
0266
01AD
FD1D
FA25
FA82
F9C5
FD5F
0289
014B
0494
025A
0030
0340
0348
00BE
046D
FFA1
FC98
FE9C
FFF1
FD35
FDAC
FE56
FE72
F988
FA5A
FEAE
FF5A
0097
03EB
02D3
0447
0483
0268
017F
01C2
FDCF
FEA4
FC88
FF32
0007
FFAC
02D6
049A
01C9
00AC
FFFF
FD7D
0030
FE65
FE20
004E
010B
FE5B
FEC0
FE98
0057
FED0
FF3A
FFA3
002E
FF17
01E2
FFA2
02E7
022B
FE88
0001
021A
FD82
FFFB
FF0F
FBE4
FCE6
FEAB
FA38
0098
03F0
0069
019F
0136
FD67
02B7
023F
0089
03B6
039F
0116
00EB
FD56
FF71
00CC
FB98
FD4D
FDF7
F91D
FE6A
02CA
00B8
0413
04AD
0318
05C2
0292
03AB
0079
FBFF
FC35
FAE9
F9F7
FD70
003E
FD67
FB8D
FD52
0002
FFDF
FF05
0096
FF2A
000B
0364
02A3
02BD
01F4
0064
FEFF
01AC
0117
0003
FEE0
FE6A
01B2
03C9
0393
04FC
01C2
FC94
FFFC
03B4
010F
0089
FF22
F85E
FB93
0138
FED0
FF79
FDDE
0026
0020
FDB3
009F
03CD
FDFB
FF9D
FF94
00FF
0032
0072
FFC1
FFF5
FEA0
02C9
002B
0014
0391
0058
FD69
05C1
01A4
FF78
FF03
FD3A
FF71
0135
FF4E
0202
00AA
00FE
034F
01B0
016B
0044
FCB0
FA8C
FA00
F900
F96B
FD23
000A
0368
0583
050B
09C4
0485
01A1
FEC8
FC51
FC3E
FCA4
FB57
FF8E
009A
FE8C
017A
0197
FD76
FF1D
FE1F
FC68
00FD
038E
01AC
061B
0630
014D
0277
0171
FCD1
FC09
FB8E
F590
F67E
FE9E
02C7
FFEC
07AB
0916
033C
056F
0583
FE53
FE17
FBFB
F88D
FBC8
FDE8
0057
0216
0164
FF3F
FF4E
FE3F
FFE0
0049
0074
FFEF
021E
01B6
024B
0086
FF83
FE74
00A6
FFBB
00EA
FDAD
FE6C
FEA4
FD0C
03C3
087D
053A
0434
00C8
00D1
032F
FF62
FE39
FE48
F7E4
FB81
0066
FD39
0315
0202
F9B3
FF4D
01EE
FE3E
0211
0367
FDEC
00D6
0192
0484
0615
0351
000F
FE0B
FF7C
FE82
FDB1
FBB9
FB01
FA23
FF8C
0263
042E
05FF
012A
00D7
0391
00EB
0066
016B
FF13
FE1D
FE9F
0041
0157
FF8F
FEAA
FDCB
FB51
FFAC
0447
0090
005E
03D2
01BB
00FD
05E3
0250
FEB2
FDE2
FC6D
F8D2
FAAB
FB7B
FD56
FA20
FF5F
068C
04E9
02F3
0A43
03D7
01FD
052B
FF80
FCCA
FF28
FA1C
F9F3
FD46
FEC0
FF0B
FE9F
037E
0346
FF28
001C
0261
005B
FFEE
FF62
021A
049D
0042
02F9
0527
F7A2
FABE
FB40
F511
F858
007C
FD0A
0356
0883
0B03
0947
0B44
052F
04C1
FD5A
F8E8
F95B
F58E
EFC6
F72A
FB27
FD5E
0362
0913
0393
0764
0A48
048D
0333
059B
FD10
FC5A
004E
00E5
FC29
FE43
FB36
F99C
FC2F
FC6D
FE85
02E7
FFDC
0526
0596
04E4
08E9
08D7
000B
009B
FF4A
F802
F816
F663
F63C
F9D9
FB0C
FF34
0349
0735
080A
091D
0AAB
0911
05F9
018C
FE2F
006A
FCD6
F8F6
F92B
F8FB
F7AF
F782
FB09
0109
0215
05ED
0762
04AD
081E
0843
02D6
0223
FF6A
FA70
F842
F725
F968
FB81
F93A
000F
0291
0486
06A8
0629
07D6
06A6
024C
0220
04A0
FE62
FD7C
F9AB
F736
F9A3
F94D
F677
FB4B
FBBC
FE42
0351
0917
0645
0640
05EC
051F
0225
0203
FDB2
FD31
FB09
F82E
F712
FB85
FB37
FE0E
02C6
03ED
0512
07E1
0404
03E0
0476
03F1
01C2
FFF8
F88D
F89D
F882
F5F5
FA07
FF38
FC82
013C
0533
033F
09F1
0811
01E9
050D
01C6
FD92
0080
FC63
FAB9
FE50
FD2A
FBA2
FF81
FC74
FAFC
001C
FF48
0240
03E5
025D
01EE
046C
035F
0448
048C
02A6
FD6D
FC4D
FDD6
FBF1
F96F
FE7F
FC96
FF18
0355
01BC
03B5
06A7
0362
007F
017F
00A0
FEBC
FCD5
FBE6
0004
FFA8
FDF1
FE43
FC16
FD1D
FDBE
00A5
035A
041D
0400
02AC
0367
04E1
059F
FFDF
FFCD
FC22
F9CC
F9D7
F998
F958
FC5D
FCC7
00D0
03B8
042D
07F0
0754
028C
05CF
0541
FFA2
00A8
002E
FC6F
FCE4
FB2A
FA7C
FB22
FB3C
FAA5
FEEE
00A5
0267
0511
0566
04A4
0711
029B
02E3
01A0
FE32
FAFB
F7C9
F7DF
FA05
FBC8
FBC9
01A8
0325
04A2
0723
037B
00D3
0354
FCDA
006C
FFE3
FC91
FD7A
FEB8
FCA9
01AE
FF49
014F
FFB5
FE65
FFE8
011D
02B1
06D4
0380
FFF9
0162
0025
014E
FEDA
FC88
FB18
F84C
F6D5
FB2B
FD64
012F
0275
01A2
043C
0603
04E0
0477
0296
FE8D
FF47
0070
FC8A
FF6A
0041
FC49
FDC1
00AF
FE3A
FF8B
01CB
016B
FF3A
0311
02BA
0031
0107
01D5
FBD2
00DC
0208
000B
FE38
FDED
FBA6
FF00
01A8
0168
02B1
03CB
FEB5
034F
017B
FF1A
017E
FE51
FD6E
0081
FC7B
FD17
0188
FDE2
FD5B
FE79
FDF9
01EE
0302
0166
0394
0339
0088
0047
00D3
FEA8
0239
0015
FE96
FFF1
FE31
FACC
FD97
0158
01BA
02C6
0365
04CE
0169
04F9
00CF
FE14
FF33
FC33
F618
FB50
FC3E
FC38
FFAF
009B
00CA
056C
047A
01F3
04CA
007C
FD52
FDF3
FDC6
FB20
FDE4
00FF
00E8
01D9
0511
01AD
0090
022C
0120
FA00
021D
FEFB
FF0E
005D
FDA5
FB00
00CB
FED3
0080
01A9
01CA
FE37
029D
019E
00B7
0288
0143
FF0E
00B7
FE33
FD09
FCCF
FD9C
FC57
FC0D
FE18
FF2F
FF2F
00FC
00E9
0302
0198
0294
0065
FF7D
008B
010E
02DB
018D
0448
030A
FF53
FE86
02EA
FE65
02AB
0211
0018
029E
01D8
FFF9
0514
FFC7
FAAD
0010
FBD2
F8E6
FE62
FC52
FBA4
0128
00E8
016B
00D9
01E9
00C8
FCCE
0175
00D0
FDE4
01DF
01D0
FFF0
0481
039C
0276
05C7
01E8
0026
0189
FC6B
FF34
01CD
FDF8
015C
010F
0181
01A8
FFB2
0091
FEE3
FB8F
FC55
FDFB
FED2
002E
0116
FFB3
01AF
0131
FED8
02DC
0126
FF7C
FEA6
FCB9
0111
00B8
00B8
0313
02DF
FEDD
0264
01DF
FCC2
013C
0054
FA30
FE91
0100
FCFB
01C3
020F
02CB
03A0
FF50
FEE9
FFAF
FC48
FD07
FA90
FAE1
FF4F
FE7A
FFC3
01B0
0399
035B
0534
04E6
0235
FC80
FCF5
FCD4
FFE6
00DD
FFDF
FF4D
00EF
FCB2
FE8D
FF5A
FF8F
FDB3
0081
FB73
FBD4
0144
0012
022E
071F
01DF
0019
0384
FECD
FE16
0261
FF72
FC45
000E
FF66
FF2B
0219
0456
03EC
FFC7
FDC5
0089
FF6A
FE3A
FE50
0076
FD21
FE97
029E
02C4
01CD
042E
00FA
FCEA
0309
01D4
FD4E
FF7B
01A2
FCF8
FF7D
FF11
FDC6
FDB7
FA90
FD57
0089
0163
0349
0492
0277
01F7
03CB
027E
01D6
036E
0000
FEDC
FAFA
FEA2
01BE
FC10
FBD7
003D
FAC0
FDD6
03F3
FEDD
FED2
02BE
FDC3
00CA
07F9
0380
015E
025D
00AF
FE17
FE75
FE4A
FC3E
FC9F
FC85
FCFF
000E
0237
004E
011B
FF84
024B
014C
01DD
FE90
FDEF
FD6E
FCB7
FDB2
01AA
008D
01A3
03A4
0312
01DD
FF8E
FF9A
FDEF
FD9C
02C4
012B
FD7D
0271
FE10
FA0C
FF94
FFB5
FF06
FC4E
FE35
FD2D
0129
FF95
0245
FFF6
FE0E
0075
0369
FFDD
0272
FE17
FBF3
FF45
FF51
FE05
01EE
FEB6
0201
0394
FF82
0111
02D9
FE00
FEC5
001A
0076
02E9
016D
FF41
FFBC
FE90
FF89
00BA
FE3F
01C3
00B7
FE13
0254
0308
FEA9
0204
FEB2
FD0D
003C
000E
FDF2
FFCA
FCBA
FBF1
00B3
005D
0269
037C
0022
FFFF
FD39
FDF1
FF77
FF1A
0110
0211
034D
068A
05EB
048F
0496
FF50
FD67
FDD2
FB16
FDDF
FCF5
FCE0
FD37
FFF5
005C
0627
01B1
0157
02CC
0050
FFC2
0105
FC92
FE12
FFAD
FD95
0311
020B
FB09
FF0B
FC72
FB1E
00B3
00FE
00E7
04B2
024D
011C
01C0
00A0
01C3
0057
FE13
FE1F
FEBF
FD7E
FD91
FDF8
0127
029C
FFC1
FE4C
FFE7
0188
FE98
00A3
FEF9
FF4A
00A1
FF83
FF36
FD89
FFA2
FFB0
FDE0
02F4
FF3F
FDB4
04F8
05E5
050F
04F9
FF9A
FC57
FC84
FBFD
FB46
FE75
FA50
FB71
FE40
FCD7
0175
040B
FF43
007F
0221
FF57
003F
032E
0470
0095
FF4D
003B
FFD5
FD59
002F
FCB1
FD42
FF81
0050
0131
0426
0419
035E
0369
0605
043C
01EE
FC05
FB5B
FB81
FEB0
FEDC
0072
FD26
FDA9
FB7F
FA2F
001A
012A
FF01
0205
002D
04B8
0512
07FE
074F
0408
0297
FEBE
009D
FDD3
F981
F5ED
F793
F9EA
FE62
0387
02C0
03B6
0947
03A8
002F
0709
019A
FBC5
FD36
FB5E
FB9C
FF67
FD51
FCC5
FE40
FEB9
0363
0565
03E2
042E
01C6
FE3B
03BE
0314
0042
FEA6
FCD0
FD1D
FD6A
FCE1
007A
FE0B
FD85
FD74
FDB1
00BE
0399
0284
01F8
018C
040A
0340
0073
FF4D
FE42
F999
FCA0
FF8B
FC2E
FA39
FE48
FD63
00BF
0540
04DA
034E
04A8
0434
054F
035B
04A7
FF09
FA7D
FBCA
FC2B
FAF6
FE47
FFC3
F9E7
FEF3
00A1
FCE9
0040
00A8
FC51
FFB9
0105
049F
077C
03F8
0478
0682
FF6F
005B
FF33
FA52
F8BD
F786
F950
01F9
0443
05F1
0753
0603
0431
0415
FD84
FC40
FCDF
F989
F943
FDFA
FBF6
018E
01BA
04F6
071C
02CC
00DA
0288
FC1B
FDFF
FD9F
FE53
0156
05A7
024F
0223
0075
FEC6
FC1A
FAAE
FC31
FB3F
FA0C
039F
036E
0710
0B2F
07F0
0497
05E3
FDCB
FAFE
FAAD
F7DB
F811
F929
F7CA
0060
02E9
0477
05A7
05DC
02EE
045E
00A9
0130
008A
010B
0015
FC9B
FEC6
001A
FBD6
FCD9
FEB1
FC00
FF0F
0078
FF9B
00D7
0210
0046
0427
05DD
044E
05BD
032E
FF45
00D8
FCDA
F56C
F782
F7E3
F511
F96F
008A
064C
0A53
081E
0B08
095D
0183
FF8C
FD08
F831
F8A5
F78B
FC93
0031
FDA2
026A
0555
0030
01D3
0240
FF18
FF9B
03AD
024D
04B9
0741
067A
0264
FFD8
FB8E
F835
F466
F262
F181
F798
FC1E
02CC
0A71
0C26
0A3E
0BA6
075C
00DD
0272
FE6E
F8F8
FA91
F97E
F86F
FB31
FDA1
0154
FF47
02BF
04CF
0348
0616
0780
037E
04D4
0772
01B8
FDFC
FE44
F7E0
F32E
F544
F461
F726
FE5F
009C
05B7
0C79
0A5A
09CC
076E
0412
00C0
FE02
FC26
FCF2
FD32
FD8C
FBB7
FA91
FB07
FDE6
FB4C
FF52
0180
0078
033C
05DE
042C
09F1
067D
030A
0064
FDA9
FB5B
F6F1
F69B
FBF6
FA8E
F9FA
03F0
0427
0499
0859
056D
01D2
014A
FE9F
FC54
FF7E
FE04
FCC4
FF27
0162
FFC0
FE0F
FC67
FB92
FC5F
FD29
0068
FEC7
0477
0547
05D6
077E
076B
035C
023D
FCC6
FAD2
F945
F77A
F916
FB37
FCE5
0125
0421
0407
0601
02AB
004B
01B4
0018
0145
007A
FC31
01B7
043B
F984
FD1B
FFDE
F7CD
FDCB
040C
FF9D
FFE7
04D6
03C8
02FE
048C
0433
0104
FEE9
03C6
FF06
FE09
FD5D
FB2F
F853
F99C
FADC
FE5B
0079
01F3
0567
0743
0553
09B1
05AF
044F
01DE
FCE9
F84A
F815
F600
F654
F6EF
FE66
01CE
0219
0517
0BAB
06D1
048D
055B
0204
FDB6
FF9D
FC83
FD59
006B
FF2F
FEA4
FEF1
F84F
FD74
FA6B
F909
01CC
0253
FF5F
059D
0779
0575
0516
039A
0046
FD63
F990
FA2D
F89E
FB2A
FF53
FF98
0021
077B
05D6
040E
030E
0331
0084
FD44
FE57
00C3
FD95
FFFC
021C
FC50
FD90
FFA3
F86B
FBCD
005C
FF6F
01BE
03F4
01C3
01C0
0385
01FA
023A
047C
00CA
FEA2
FEDB
FBF5
FC2E
FD13
FC23
FDF9
FFCD
0013
FECC
00B7
026E
02B7
0100
055A
01D7
037A
0407
0026
FFDA
FF09
F8C5
FCEA
FE29
FD17
FFE0
020F
034F
0536
01DE
0152
FE4C
FBFF
FE59
FF7D
FD29
FCCF
FD22
FB00
FFAB
03CF
03BF
019A
0091
FF37
00B5
0190
03AC
048E
0166
FF9B
0146
027A
0125
FF10
FE7E
FAFE
F94A
FD1F
FE8F
0022
04A2
0412
FEE2
024C
04F9
0291
0027
FC78
FC1C
FD7E
FDCE
FCAF
FD85
FC29
0191
015A
031C
0630
0190
FD54
007C
FD7D
FC52
00E9
FE6B
FDD3
027B
001C
03F6
0730
01E9
FEF2
FCE4
FAF3
FB21
FD98
FD59
FE81
0240
0219
02A6
0418
02FC
006E
FE7D
FC60
FC33
FC62
FF2D
00D3
05B7
082A
06DB
0696
060C
FEE9
FCB7
FB9E
F934
FCDA
FA78
F9CC
FE9B
FF48
FF62
0270
FFA1
FE5B
00BA
FECA
005B
007E
0188
01F3
0298
03B7
051D
0186
0280
0250
0142
FFA1
00E1
FD84
FD3A
FCF2
FD24
FE22
FE30
FD65
FC90
FB01
FFC7
007A
012C
04D5
0590
039D
0523
019E
0307
0216
01C1
0200
0141
FE09
FD5A
FF42
FC25
FB82
FF3C
FB5E
FBFA
FCF3
FC0C
FF17
015B
FF89
03C3
FF77
004F
0507
0286
04C3
060B
009F
013C
02DF
FBB8
FE7E
FFEB
FDC3
FFCF
FF23
FE7F
020F
01E6
0459
0720
051A
03A3
FFBF
0079
FCFE
FA6D
F982
FB15
F59A
FAB7
FC35
FAE2
FFE7
019B
022F
02CF
0697
048D
025F
03B9
0457
FE94
FF87
0020
FDA1
FDA1
FF20
FD50
00C7
0223
000D
FF6F
0202
0122
0244
01B2
022B
019A
FFE2
FD9E
FD01
FD87
FCB2
FB1B
FDAF
FC82
0136
0472
0328
058C
0541
01B4
03AD
FD4D
044D
017C
FB89
FC89
FDDC
F955
FB61
FB62
FC3B
FB9F
FDDD
FEAD
0125
03B5
0872
06D9
06EC
094F
0377
FDFF
FE4C
F9D4
F94A
FBF4
FB53
FD7A
01EE
FF48
02DC
0421
00E1
032B
FFD8
FE2F
FF6E
019D
FFCB
01DF
0581
03D4
FF7F
FFF3
FDAB
FBFF
F8FF
F9BB
FB53
FAB9
FEB3
0280
020D
07AE
079C
0468
0100
017A
FC8D
FA00
FC9B
01BF
FD75
FEF9
0416
01BA
012E
038E
040E
0152
FFCC
001C
0214
020B
0160
02D0
0065
FE63
FF70
FC89
F8D5
F9B6
FA35
F7D5
FAB6
FF1C
0427
0486
070B
0697
0390
025C
0233
FE50
FEDE
FCD1
F8ED
FC4B
0252
005D
00C0
FDEB
000A
0199
0015
0221
059C
022D
025A
0292
FD5B
FD5C
FFBF
FA1D
F736
FBC9
FD18
FC98
FF41
0329
03C0
03CD
020D
0364
FFC7
FFE2
FF3B
FFDB
00CE
02AA
FF85
0149
0464
0059
00E3
FF60
F9F5
FD8B
FC03
FB26
FFDC
02CF
01F2
031C
01C7
FF91
FE05
FDBA
FD4F
FC80
FE78
019D
FED7
02E7
02D3
020C
0500
032D
FE84
FECE
FAC6
FB15
006B
0053
0091
02C0
FF0E
FF8E
00A1
FED8
0393
015D
FBB0
FDB4
00B4
FDCB
0387
0920
0410
0375
00CD
FEF3
FB3C
FE2D
FC4F
FD1A
FD84
FF5D
FC5D
FDD3
FF41
01A4
028F
FF7F
FF93
0257
FF7E
FD15
0441
028B
FF32
05BA
0410
FF2D
04B6
024E
FCF0
0272
0007
FAE9
FF68
FF5B
FD40
0290
FEAD
FD19
FF13
FC03
FA7D
0170
03B2
02B6
02BA
0286
FEA3
FF8D
0208
028F
008F
FF9F
FCE8
FE2A
FD69
FEB3
0018
FD67
FB1A
FDE8
FDD8
FFD8
03B3
0423
02D3
045F
02BE
00D4
0410
FF5B
FC0B
FEDC
FA86
F8FF
FCE1
FE15
00D5
0283
03CF
0692
03A5
024B
01F7
FBA3
FAFC
FE7A
FEC2
FC23
FFE3
FDA8
FDBC
0085
026E
01E0
022C
FFC2
FDBB
007B
02AF
00E1
0224
0320
0015
FE91
FF47
FDAD
FD7A
FE23
F9FA
FC30
01D6
0039
01AD
05CD
02DC
0245
02D2
FFAB
FF21
008E
FCE3
FEAE
0128
FE07
FF01
FFD2
00E8
028A
0162
0165
01A4
014E
00B3
FDF1
FCB3
FE39
FBC5
FDB3
0260
FEBB
FE04
022E
0001
0295
04A6
0183
0231
0181
FF4D
FF64
0035
02D0
00DB
FC1B
FDB4
FC36
FC02
FECC
01B5
0157
02A0
0165
0179
0549
05A3
0122
FF5E
FAD3
FC25
FD59
FC31
012F
0236
FF36
FFC2
0072
FF79
0457
01F0
FF18
020B
FF40
FE2F
01F3
00D5
FF6A
0099
FEFA
FE33
FF44
FFE7
FCA5
FC15
0171
0297
0226
002D
019A
FECB
015F
FFC0
FDB3
FE36
FDEF
FA68
FB31
FE5A
008C
01EF
04DF
05EC
0337
0444
057C
0424
02DB
FE58
F931
FB2D
FE56
FD1D
FFED
0462
FE3E
FD31
FF9E
FCDE
FDA7
0289
FCE7
FEFA
016D
0131
02A5
04B8
0249
001D
FF71
FE40
FB93
F9AE
FA19
FBAD
FF04
0691
06E7
0739
07DC
0662
04E3
036C
FF5E
FE95
FA60
F5DC
FB10
FE3C
FF1E
028C
000F
FDAA
FF77
FEF2
0104
01DB
00D0
FFFE
0165
FFF6
047F
048F
03C7
003E
001C
FCB0
FBF1
FB82
FCA3
FC31
002B
024F
073B
06BE
081E
0537
0143
002F
FE1B
FBA1
F8F6
F9C5
F982
FC88
FF31
04F4
073C
0236
04D8
0589
008E
0138
0097
FD37
FEC0
FB48
FCDF
02C2
0181
00B2
0268
FC31
FE51
FC7C
F9D3
FCCA
FE1B
FEC8
0349
030C
0500
0495
0184
024E
0598
FDE2
FDDA
FDE0
FB31
FBA1
FEC6
FBFA
FEE5
FE1A
007B
FFD5
04A5
08B4
034D
FD52
0196
FD60
FFFB
0231
FFF6
FFDF
FFE0
FC54
01B9
FEB6
FE50
FEEB
FE05
FA8E
004F
FEFE
FC74
0153
06A7
0400
06C4
047F
01F0
FE62
F8A4
F7B4
F8A9
F90A
FB50
017D
FFCF
0915
0896
0474
098E
02E5
FBEF
004D
FD09
FE69
FF26
FCE3
FCF4
FC32
FABC
FD1B
FE7F
FF66
0047
02F2
0302
044B
098D
093B
06CE
074D
06AF
FB7F
F6C2
F8C8
F019
F0F6
F71E
F7F7
FDD8
0348
07A6
096D
0BB8
0CB1
0898
023D
023E
FE3E
FCB8
FD18
FBE6
F944
F934
FB37
FEB2
0083
FE78
01D4
0259
0276
040A
08CD
067C
0690
05FA
0177
FC06
FABB
F740
F2FF
F222
F5F6
FC19
FF27
04F7
0B0E
0710
08DD
0C75
045D
0225
017F
F9C8
F800
FDA0
FC84
F9E2
FBBF
FCC4
FB92
FAA8
FD51
00D5
0409
048B
0679
0791
0BFD
0946
04F8
01AA
FC36
F671
F73F
F3E1
F422
F893
F9A9
FE87
0668
07CC
0B04
069A
0453
0637
030B
0016
0241
FCDA
FC0D
FDC3
F987
FB6D
FCFB
F56B
F771
FEE6
FD47
009C
066C
0411
06BA
0B1B
0735
03CF
0186
FE30
FCA6
FB6B
FA72
F9C3
F87A
FAD9
FBB1
015E
0459
0797
067E
08E6
04C6
076B
0759
02EF
FD41
F9C1
F35B
F581
F772
F64C
FA27
FE99
0118
05BD
0815
0926
0B61
0510
0588
0530
FC76
FFF3
FF16
F7D1
FE4C
FB3C
F50F
FB49
FB83
FA3C
0021
034F
058E
088F
05FB
08FC
0718
05A3
08E7
0137
FAAA
FAFE
F95A
F8AB
F8F2
F69E
FB15
FB76
FFD5
06DD
06A2
0522
07F5
056E
0141
02D3
014F
FFC6
FA19
FC51
FDBE
F93D
FC79
FEC9
F5F9
FB27
0137
0008
0317
0759
04AC
05B9
065E
06F1
058B
0029
FBDA
FEDC
F856
F5B3
FB52
FB95
FCF8
0172
02AA
03B0
0525
0620
0385
0032
0081
FFE8
FCF7
FDBC
FFA7
FF55
FDA9
FED6
FD99
FA32
FC1C
FC32
FB4E
FF95
0414
054C
04AC
069A
08F1
034B
FFA8
03B4
FD75
F93F
FB3A
F498
F6AA
FBA4
FC3B
02FE
06C1
0536
0857
0513
029C
050E
01A3
FD9D
FFCF
FD93
FB27
FDF0
016B
00FD
FC60
FF43
FD00
FB3E
FEE2
00DE
025A
05B3
05B2
0246
023C
04C9
0060
FF24
FBA1
FAB3
FA17
F901
FB0A
FDF1
FDD8
0045
03B1
02D0
035C
035C
02F9
FFA5
0207
0299
0046
0370
027B
FE35
FF74
FF11
FEAF
FEDA
FF94
FD47
0090
054F
03EF
0193
01B1
FF4E
FD71
FFD3
FEC0
02FE
0280
FAAC
FE71
01EE
FD2B
00D2
0155
FBB1
FD61
0043
FFC3
0050
039C
000D
FCB2
FFAD
01AD
FE2A
FDE4
FD6A
FEB6
FDA6
0100
0066
0538
0487
FEF1
0028
018C
FE1D
00C9
0080
FCEA
0414
0621
0286
044D
01A0
FA69
FBBC
FBED
FE49
FE29
FF15
008B
0304
0329
055C
00B3
0201
FFA2
F9F9
FDB2
FE64
F988
FEF8
FF1F
FE03
0076
01EA
00FC
0059
FF48
FFAB
FFB8
0059
0426
0148
01C6
05D4
032A
037D
0414
FC9D
FDB4
FEF8
FC16
FE82
00EC
FE06
FEC7
00CC
FD9F
FEC2
02B7
FD08
FDEB
0366
002E
FF0C
03B8
0255
0403
0322
0414
FF1D
FC4F
FC51
FDFA
FC85
FEBF
FFB9
FDC8
006F
00EA
0272
0338
0041
FF4C
FEF1
F952
FD45
01B3
FED5
03E0
01E1
010E
06D9
02CC
01AC
0390
FB39
FDA9
000C
FD0D
009B
036E
FECA
0279
06AB
FF6A
FE10
0293
FB5B
F8E6
FE49
FCB3
FE3E
02E3
017C
00C0
023A
0324
FF47
0080
FE9B
FD1D
FC16
FDC7
0169
005F
016C
023A
0143
02BF
0044
008C
FD9C
FEED
0068
FE0B
FF1D
0104
002F
041A
0321
FC82
0184
0013
F953
0080
016E
FD68
014E
01D8
FE74
05D6
0148
FF74
02D0
FF8C
FDCF
002A
FE17
FF4F
FEC9
FFE6
0266
00C2
FFDC
FCEA
FC1C
FE8F
FECB
FED0
0132
FECA
039C
01CF
FF3C
0464
03D3
FE08
FD0A
FDD2
FDD2
FEF9
0199
FDEE
FFA4
FE0C
FF77
02FD
0174
FFEB
0547
00ED
0048
0600
FF63
FCBE
04F4
0051
FB58
01DA
FD35
FCBB
000C
FD60
FDA9
00E7
FE64
FD60
FAC5
FE4A
FB2F
FD54
015A
FFA6
FDFB
FFD7
FE13
0244
05E4
0397
031B
0356
0102
0272
0346
036C
0392
0082
002D
FF34
FEBB
FDB0
FD2D
FA4A
FB1F
FF31
FE1D
FFA8
02AC
FFE1
FF52
01C3
006F
008A
0098
FFB5
FF07
00DB
0072
FEC1
0024
0063
FFAE
0121
0282
0389
019A
0095
FF62
0071
01A5
FD2E
FCB6
FCD1
F9EA
FE47
0082
FE88
0013
02AB
FD62
0203
0637
02D5
010C
030E
0206
006A
FF5B
0135
0120
FD74
FFD3
FDE9
FF7C
00E4
FF5C
FB4E
FF5A
FF64
FFDD
014F
008B
01B2
01A7
FDDC
01B4
03DC
0034
FF0F
FBBE
FAAD
FAB7
FDBB
002B
FE38
0020
024D
FFC6
0521
05FB
FFB7
FF1A
0118
FBE3
FEC1
0012
FF79
016B
0020
FE2D
0347
0472
FF1D
02BE
FDBF
FAB8
0215
0296
FC81
02A2
000D
FB53
01B8
02B3
FFDF
FFB3
FC88
FDA2
FC4D
000D
0220
01DC
FF9E
0143
FE1C
FFC7
0098
001C
FAD2
FCFF
FCE6
01CB
FEA9
012C
01A0
FCE8
FCF6
0166
001B
02DE
04DD
02E5
0304
0528
02B5
0144
FFC2
FE37
0009
FC0D
FB97
004B
FDBF
FC52
01B6
0036
0154
043B
0011
FD1B
FEA4
0099
FFFD
FE6A
0285
0064
FCF7
0189
0401
01FD
018E
007B
014F
FF2B
0012
0207
017C
FE19
FD33
FB9A
F94F
FD0F
01F6
FCAB
FEDC
03EB
0397
0444
03AF
044A
FF73
0012
02A0
011B
FEA0
FFA0
FC1D
FB24
0092
02D1
FD4B
FEAB
FFA5
FDE9
FFCA
0234
03FE
0282
FCE5
FF7B
0139
00EB
FF41
01DF
FB14
FABE
00A3
FD1C
0148
0571
FEDA
FE07
FF11
0324
03C0
FF09
01D4
FE40
FD87
FFE4
0006
FC6A
FDC1
FB98
0172
017B
0522
07B3
0456
FFD5
03E8
021F
FBEC
FF1C
0003
F811
FA89
FCBA
FE26
FEA0
FE7F
FE82
FDDA
011C
0217
FFBB
001A
0109
FE95
02CB
05A3
053A
0262
007B
FF7D
00A8
FE01
FC0C
FDCE
FBD7
FA72
01F6
0212
031E
0611
0357
0088
04FE
01F4
0093
FEBA
FAB1
FAD0
F9F4
FB3A
00EB
01BF
FE77
0347
05AA
04C9
03E2
025B
FF67
FDD9
FFCD
FECC
FE1D
FE97
0093
FAD4
FCA0
017C
0137
FDF1
FF6C
FFF6
0326
06ED
06D6
0752
0535
01D8
00E7
FE86
FBEE
FA70
F4E3
F3F5
F6D7
FC23
01AA
042E
05FE
090E
06C3
043F
0970
05A5
025E
0121
FFBE
FD5E
0168
FBE6
FB58
FB20
F9F5
F8D3
FB61
FC6C
FE25
FFD4
02F9
06AE
07BA
082D
0657
007F
FEE8
FE4C
FAD5
FB0E
FA68
F8D9
FCD5
FEA6
0638
0A4A
0882
07FC
0350
002A
FFE7
FC6E
FBD1
FC54
FA8C
FBA6
FD4F
FF1A
0138
013A
FD3A
023B
007C
0062
039D
03AC
0187
0536
0401
0351
0040
FD44
FA36
FBF0
F93C
F8CB
FA67
FA39
F981
001C
03DF
0641
0770
09D3
04A7
032B
02B9
0477
FFB9
FD5A
FFE1
F83A
F7CD
FDED
F947
FC8F
02A0
FC01
0161
0499
019B
0533
05AA
0131
0214
0329
0141
0070
FFF5
FE6A
FB14
FB81
FD99
F9CA
FA7C
FE10
FF9A
03A2
05DC
06A9
089D
05AB
0413
0353
FFFA
FBCD
F871
F326
F74A
F7EB
FA0B
03DA
0398
051E
0C66
0615
05BC
0A5B
0335
FCD0
0230
FF08
FB14
FFC0
FF82
FC26
FF03
FAB9
F8D0
FC9D
FA90
FD1F
030D
03BC
0451
0469
086F
07A7
076D
0258
FF41
F766
F7A1
F7FC
F3FE
F6B9
FACE
FE72
0548
0851
0846
0A10
0728
058A
045A
0163
FEB0
FCE0
FAF9
FE1B
FCC0
FABC
FF22
FA2C
F7A5
FB33
FA9D
FF4C
0594
0569
0584
07F7
0979
0677
0369
0311
FB93
F4A8
F369
F4E3
F68F
FAAF
FE7D
0086
072D
0A0C
069F
08AC
05EE
FCC4
0003
FED5
FA0D
FD8E
FE35
FCEC
FE9E
FF19
FD73
FC8C
0091
FFC6
00B9
0113
0531
0659
05E2
04A1
02BB
045C
022E
FD04
FB7C
F941
F5D8
F621
F5A6
FBB1
FE19
FE7A
0409
0498
044A
08AB
06CE
062F
0847
03F4
006E
0278
034C
FB91
FB10
F789
F5C1
F937
F91A
FBD6
01A3
0317
0446
058C
0803
091E
0641
022A
00CB
FBE5
F9B6
F93C
F920
F935
FBAE
FF0E
0211
07D1
087E
06B6
05BD
049A
0339
0088
FE7D
FFA0
FDCA
FB35
FD05
FC79
FAFD
F876
F77D
FB2C
FAFB
FFE1
0602
0408
077E
0A93
053F
07FE
062E
FF46
FDF0
FC58
FA01
FD81
F8B1
F8F0
FE34
FA82
FAFF
04A8
0132
0473
0A74
0340
040B
0933
0342
0225
001F
FC9E
FBAB
F8E0
F74F
FA64
FAB9
FC3F
01BD
02CD
007A
04F8
0239
02FB
022B
02E5
FF2E
FD84
009B
0234
FC1F
FE92
FB64
FAC0
FCF7
FC90
FE7B
02B9
02B3
0625
080B
050E
0596
05C6
FE78
FD65
FDF4
F7A2
F81B
FDA8
F8BE
FAF5
02ED
0213
0055
0514
01E2
0258
00AB
010A
012E
037D
031D
02C5
0088
FF51
FBB7
FBAD
F623
F5FA
FAF6
FB1F
001E
0936
07F8
0799
0849
0730
049B
022A
FCA6
FB44
FB35
F705
FC91
FC9D
FDD6
055C
03F2
FFC2
06AE
02C2
FF42
024C
010B
FD64
FFF9
FFAA
FF49
FFE4
FE7B
FEE1
FBE9
FAA3
FD8C
FFAC
FDCD
0329
07B8
0406
05B4
07FE
0245
019D
FEC9
FEAD
FE1B
FAB8
FBC5
FAA8
F7B9
0058
0043
005A
03DE
009D
0003
FFC7
FEA1
0312
018A
01E5
0115
0443
017B
0235
FEAD
FCA6
FDF7
FC75
FCFC
0019
FF58
02B4
014A
023A
04A5
0197
FFA9
00B8
FE8B
FDB6
FB4F
FC7F
FC4A
FE6C
FFB9
0039
00CE
010F
0061
0024
FFE8
0187
FFBB
00BF
0209
006E
01F0
010B
0126
FF8A
FC0F
FA9F
FD4D
FDB7
00D0
02CE
021B
025D
0561
02ED
0363
04F2
0048
FBF3
FC66
FB94
FDB2
FF67
FFD9
FDD4
FE63
FF6F
FFA1
0085
0364
FFE9
FDF6
01BC
02A8
017A
02DC
01FE
FEC3
FE3F
FCF9
FA32
FF4A
FDE6
FD91
FD94
02D3
0454
04C9
025B
03DD
02CE
0275
0267
FFB3
FFFD
0193
FD2D
FF2F
013F
FEC0
0128
FEBA
FF1E
0343
0130
FEFC
02A3
01CF
FF22
FF5A
FF50
FEBD
FF6D
FD0E
FAA3
FC58
FC41
FEF7
FEF6
00AC
04DE
0325
028B
03FC
032B
027B
0081
FFCA
00D4
FF7F
FECB
0264
FF95
FCB9
00EB
0059
FE48
0276
0185
FE65
002F
01B1
FE99
FCFD
FB4B
FE4C
0087
FEE5
FE7A
0140
FFB2
00E5
0320
04A5
02F4
017C
00BD
FE2F
FD4F
FFDB
FDEB
FE38
FE51
FD2F
FC84
0337
FFF2
FE12
FF92
FC6F
FF22
03A9
FDD9
0396
039D
FF27
047A
011E
FF7E
02AB
FCCD
FCAE
0137
FE5F
FD1E
0065
FF66
0059
0339
0296
0399
0161
FEBE
FE84
FD10
FDE7
FC8D
FD2D
FCF9
FD8D
FFA9
000F
002E
01D1
0242
0038
02BE
01A3
014A
02E4
0281
0222
02F1
FF27
FE3A
FF27
FE13
FC35
FD7C
0100
FF2A
FF38
0117
0239
0369
04C8
039D
0094
FD87
FE78
FC9D
FB7C
0055
FD55
FE8D
FE93
FCFA
01DF
0385
0086
052F
04EC
FFD2
0324
0209
019D
0421
0000
FCFE
0004
FA48
FAE9
FC98
FB16
FDDE
FF69
FC9F
FF03
04A7
03E1
046B
05DA
02A5
FF14
FE90
FC12
FE27
FD0F
FF5F
FD84
FCA5
FF1F
0123
00EF
0492
0493
0309
0034
00FD
02A0
FFC8
FDAF
008A
FD57
FB33
FF97
FEC6
FFC6
FF4B
FF28
FE65
FD9E
FF82
FEB6
FC69
FFD4
02FD
FFCB
FF61
000F
FF50
FFB2
029C
020F
0099
0119
FED2
FE32
0021
FF36
FFF7
01CC
042A
0335
02CD
0178
0238
0081
FE8C
FC87
FA8A
FA46
FDE6
001A
009E
FF43
FF0B
01F4
FD0E
FFD5
046A
FED1
FE42
063D
02E5
008A
0089
00FA
00E0
FED5
FEB8
004C
FBC2
FA56
FF46
FDC1
FD66
0675
01B3
FF49
0425
0311
FFAD
02A8
019A
FFCE
FE9B
FCC3
0033
00EE
FF9F
0134
01AB
00CE
FFA4
001E
FE93
FFF5
0188
FF20
FE04
0456
0274
FDF7
FF9B
014E
FB48
FC2A
FF6C
FC83
FC8C
FF88
0104
0433
041F
0452
FEF9
FA29
FF2D
FFFC
FE04
01AC
0260
FEA5
020B
0443
03A9
02EA
0070
FE39
FC44
FA4D
0103
FE78
FF00
01D6
0028
FD82
01C9
0293
00F0
00E8
0089
FFD7
FFF1
FCF5
0018
FE25
FCFE
018D
02F4
FC4E
0025
FFA4
FCAA
00AE
04CE
FE7F
00B0
00AA
FDED
FDBF
FF52
0054
0000
FC10
FF28
FEAE
FF1E
055D
03F4
FEF1
017F
010E
FDAB
FF7A
007B
017A
00DD
FF85
038F
02BC
FE75
018A
0185
FC5B
FF5E
FE27
FAC5
FD18
0103
00DA
FFF9
0490
04FA
FC6D
FEEE
0257
FA8D
FA95
0005
FC94
FDD9
0499
04C3
03E0
03E9
031C
009C
FE85
FFC4
FECC
FA81
FC45
FDF4
0088
FFE3
0150
0246
0254
00DA
0245
00BB
FD19
0000
01F7
FD0E
00AE
0501
007F
00A0
02C3
FE96
FBF8
FE83
FF86
0037
01A5
0169
005D
FFE1
FE27
00A3
FE79
FCB8
009D
FD81
FD8E
0400
048C
0015
FFB9
0073
FEC5
FA41
FBF1
FCEF
FBCE
FE46
01BE
006E
02B4
03F3
0117
01C6
03B4
0487
0317
FFA5
0343
052D
FF13
03FC
02A2
FAB9
FB40
FCB4
F8CA
FCA1
012B
FD3B
002C
0494
02D4
FE93
0077
005D
FBD2
FBE0
FC4D
FFCE
FE7A
0244
03E9
050D
0163
028E
0294
0018
FE55
01F0
FE8F
FFDF
020D
FE71
FB34
020E
0128
FF78
00B8
01C2
0232
FFE1
0236
0342
028F
042C
00F9
FCED
FAF8
FABF
FCC5
FE1F
FF0C
FDC2
FF88
FF08
019B
02CC
020A
FC1B
0164
0032
FE6E
009F
036F
FF2A
02E9
0010
FE3D
0280
031C
FDF8
00D9
01AC
02EE
017C
0094
FF02
FDF2
FDD8
FD9B
FBDD
FEB9
FF2E
FC41
004C
02A4
04C6
06A1
03E5
032A
0543
FE60
FF11
014B
FC2B
FAAC
FB76
FABE
FF30
005F
004E
0194
FE80
0083
FFE5
FEE6
0149
01D0
FD6D
FF99
014B
03B9
02D0
02D5
013F
019B
FCA3
FE31
FF0D
F9D9
F9D0
FD65
FF16
02C3
07C0
06C9
0550
076B
03D5
017B
FEFF
FC04
FB78
F8D8
FB63
FFCA
FE9B
010E
00AC
FFC7
011C
0083
FF01
FCE7
FA24
FD66
FF38
01B8
056E
0549
0367
02DA
055D
01FC
FC4B
F898
FAD3
FA35
FD1C
0258
063F
01C5
0278
0370
038A
03D4
02F6
FD9B
FB47
FB8A
FA89
FE7F
FF89
003D
017D
FEE8
0008
04A3
03EC
0057
0150
0003
FE36
00A2
00E2
FEFC
FF4D
FD96
FCCA
FB86
FD8E
FEA7
FB53
FF1E
03B8
04B2
0558
0476
02C2
0196
0186
0258
014D
FA83
FBC2
FB2F
F947
FFD3
0096
FF35
031A
039A
03DD
03DB
03A1
0612
02EA
FDB5
FDEB
FF94
FC54
FD68
00E3
FC8B
FDEF
FDE4
FB8C
FD52
FAD1
FBC4
0291
00DF
020A
06DE
02A7
0233
0590
01CA
FDBE
FD0F
FAC1
FA8D
FA71
FCEE
FE94
0052
035C
02D7
0241
07E1
03DB
FE4A
01F0
FEEB
FC27
031E
015E
FF04
016A
FDEB
FB3E
FC6C
F9B5
F8A6
FCB0
0051
04B1
0796
071C
075B
06BE
032B
0134
FF90
FC6D
F851
F706
F82E
FA22
FA88
FF01
0114
FF29
0431
08B2
048D
0691
053C
01E4
0156
01EE
FFE0
FDFB
FDAE
FD71
F949
FA48
FDE6
FB23
02FB
04E6
0140
03E7
08C8
0755
0587
035E
0168
FD83
FAE0
F9C0
F807
F47E
F87B
F80F
F742
0078
0627
04BE
0AA9
0C3B
0893
06C7
0623
02E6
FF93
FB9A
F7FE
F9D2
FB52
F72E
F92F
FFE3
FFDB
0145
0286
025F
0606
02CD
078D
023B
04A9
032D
FD1D
F7DD
0188
FBA2
F98F
FC7C
FA96
F850
FEF3
007A
0570
06EE
0744
05D9
04FB
0507
03B6
FDDC
FCEF
FAEA
FADE
F771
F726
F9F0
FAA0
FC6F
022D
0475
0575
0972
0772
01EF
04A5
016D
FDEE
FE20
FBF8
FB09
019F
02C7
0118
FEE5
FB2B
F964
FE65
008D
004F
03F8
0362
02DC
046C
0630
02D9
0248
FC69
F78A
F4B9
F5C7
F87D
F908
FC5F
0012
016F
094B
0B22
074E
098E
0647
02E8
03E1
032E
004F
FC07
F9FF
FBFB
FA38
F7C3
FB4E
FBD4
FACE
FCCF
02F9
0626
0B6E
0819
08B4
05E8
0450
054B
01C2
FA61
FB08
F52C
F2B8
F649
FA17
FABA
FF70
0227
076C
059C
05BD
0774
07D1
043A
0482
0315
FE9E
FC29
FBD0
F908
F90C
F9B7
FB6C
FAC4
FF44
0423
045D
06D1
0A45
063D
04F5
0502
FFEA
FDA4
FCC5
FA82
FA16
FE0F
FA87
FAC2
FBB6
0053
021F
0223
0278
04C7
011B
0599
0267
0096
0209
FE32
FCED
FF7A
FBB0
FC55
FD21
F9BA
FABA
FF04
FE89
00DB
0482
060D
0574
0702
05DE
04D5
0388
FE18
FFE2
FD34
FAE8
F95A
F56B
F75A
FBFD
FBAE
0304
0951
0208
0688
0444
FEDB
0241
01D6
FFED
0064
FD73
FF74
FFD1
0091
03BA
026D
FCA5
FD93
FD8B
FA26
FD97
00E0
018F
00CA
012B
01E0
03DC
032A
0245
FE60
FA72
F9C2
F9C7
FCA5
FE6E
038E
0721
0712
081B
083F
02BA
00A5
FEE0
FE67
FB98
FB21
FAFC
FD70
FE99
FF3E
00BB
014E
00D7
0213
01BE
FEDD
051F
01EC
FCF2
016E
0243
FC48
00BB
0238
FB41
0184
0097
FE26
FDE2
00F4
0176
024F
0054
0172
FBE5
FC0A
0191
0210
0238
049D
02C4
0360
0215
FE23
FFA9
FF31
FD93
FD06
FC9C
FE4F
01F5
0218
FF86
00F6
FE09
FD12
FF1D
FF9A
01A8
04A3
005F
04A3
0300
0178
0088
FE79
FC57
FCAB
FB00
F9D3
FE07
0056
0091
01F6
052D
0612
0468
0005
0178
FCFB
FC63
FF54
005C
FFAF
0330
00BC
FF7C
FDA2
FEDA
FDCE
FC81
FC8B
FFA6
FD0E
0322
0484
01BD
02C8
022E
FD8E
0073
FDEC
F970
F94C
FE60
FBCB
00E5
02A4
02DE
04F4
0270
FFBC
FF29
FD15
FED9
0071
00D4
0167
0200
0190
02A8
009B
FFF1
0094
FDA9
FF03
FF0F
FE0A
01D6
0316
0186
FFBB
FEF2
FBC9
FEC9
FC56
FC8F
00EC
FFBF
0070
0481
0089
021A
03FE
FF60
0076
014C
FB4C
FF1F
01CF
0011
03E4
0506
0138
0476
00EF
FF0C
FE95
FE29
FCF2
FC7A
FF11
FCB9
FD9A
FFEE
FFE5
0082
04B6
0421
FF3D
00AC
0466
FE65
FD72
FE11
FD6E
FC42
FEAD
019D
0359
03AD
042E
03D3
0268
01E3
FEDC
FE55
FD2E
FDFD
FF7B
FE46
FDC5
00C6
FFAA
FC04
FE0F
FD03
FAC2
FB7B
FEAE
FF4E
0335
04D0
0506
0837
0690
0303
0184
FF41
FC48
FC9F
F837
FA9C
FF29
FDB4
FE9B
022E
0055
0211
01C7
F92E
FC3E
FD0E
FE72
FFED
00D4
02E3
02FC
0079
03AF
02E4
00A5
FECF
FD36
FE10
FF9E
FD1D
0186
008D
FCB0
018F
01F6
0005
02D8
FF9F
F9A8
FEB9
00BB
FD91
0088
0104
0081
02AE
0277
03FC
02AA
0132
FEBD
F9CC
FB59
FCF6
FD61
FDF4
FDC7
FCAB
FF7B
017B
066E
06DB
031D
022B
FF35
FE71
0397
0617
0529
03B9
0321
008C
00F0
FFA3
FE1A
FBF8
F736
F827
FE55
FC0C
FC81
0242
FFE5
FF4B
0561
0621
0393
0541
0074
FC16
02E3
009E
FBC2
FE30
FFD5
FDDB
012F
0560
0475
02BA
FF93
FBEE
FDDF
FF39
FCA6
FCF1
FD66
FD06
FF21
007E
0011
0569
03CD
FBCC
FFA2
01A3
FF70
0443
0614
01F7
0343
035A
FEB0
002C
0004
F7E8
F980
FBFA
FB2F
FCAF
FE9B
FFF2
0240
07BE
0624
015B
0140
FF3B
FBBB
FDB0
FD3F
FB76
FEBB
FF7F
FCB8
0279
03FA
FECC
0264
015C
FC81
FF7E
0168
00CC
FDC6
0050
FEEE
FF27
00C3
FF6E
FC42
FED7
0005
FFD2
FFE7
FFFD
02B5
029C
01FA
0424
04E9
FD78
FD72
FF01
FAFE
FE20
042A
FF2A
FE43
03D5
FE8D
FD27
051C
FE99
FBCB
FF1F
0E47
0A7C
F95F
FB65
03FA
047A
01D7
041D
F9C8
F3E3
F4FF
FBAC
FEFF
02C1
05C4
FF3B
F9A2
FC86
FDA9
FFB2
0BC7
084C
FB25
007C
FBAA
F996
074D
0B7A
092E
07A1
0080
F8B8
F6F7
01A8
0755
089D
06AD
F967
F774
FBC3
F73B
0429
0A62
FFA9
FC4E
F971
F5D0
F54E
0242
0C09
082D
0686
03FD
0090
03B5
0A34
0A9F
0272
FC52
F2DD
E814
F273
FBD4
FEFF
0825
01B8
F698
FA22
078E
0864
0EC3
1C72
0E1A
FEC3
01F5
FCE7
F7FD
0146
0171
F946
F3CF
F47F
F8C5
FDB1
0555
002C
FD69
FBB9
F534
F938
03FA
042F
0E69
0F79
040C
0052
FDB0
FC47
FDA7
FC29
FD33
FB82
F224
F567
045C
09C4
08B9
13EE
0A23
F5B3
F905
FF3B
FAA1
0354
061B
F820
F053
F657
FA29
FC8A
04B4
0A51
0B97
07D1
FEEB
0621
05D3
F94B
FE5B
FDDB
F044
F26C
F903
FDA7
029D
0281
0478
053E
018E
0672
0E74
0AC7
FCD8
FF11
F840
EF78
04B1
0EA3
0A1D
04A6
F585
EC11
F138
F91C
015F
0DE4
042B
F15D
F896
F934
FF60
164D
1A4F
035F
F85E
FDD4
EF12
F97F
1449
0F5C
FCB9
F469
ED2C
E9EF
FA42
1462
1AEB
0E43
0063
F60E
E936
EDA6
02BB
0A8E
03C5
019C
FC73
F145
F85F
0CD4
17A5
1230
082B
FAA4
EC00
ECED
FCFF
094F
0BF6
05D2
FFBF
F629
F2EA
04D7
1140
062E
00CC
FDB4
EE9E
F0C2
07C2
0F12
0B3B
085E
FE9E
F739
FB6E
048E
0CBE
0846
FFDC
F5C6
EE12
ED23
FA16
FEFC
FD3D
0C80
0A23
FB33
0743
181A
0522
003F
FFE5
F187
F703
0342
FE8F
0F2A
09F4
F4F3
F2AC
EAEA
EC66
0A6A
069A
0654
1C20
FAE9
E6F1
0870
0CFD
FF72
1479
0F96
E6CA
EFE0
FB99
F642
0B95
1A8E
07F4
FDB2
FBCA
F048
F436
00D0
FD53
04D3
FDC2
F0F9
008A
03D1
FC05
0B3A
0934
FBC8
FD52
FE8A
FD24
058D
0F59
0632
FC80
FE18
F67A
F522
0317
0961
073D
FAC4
F75E
FDCF
F6CC
FFA9
110B
088D
FE97
FC6B
F628
ED6B
FD77
0CD2
0617
040E
0350
F6C9
F2AC
0192
07A7
0518
055C
0189
FCD3
FA73
FE1F
03D1
01BE
FC93
F91D
F73F
FAD4
03B6
01B4
0157
FED6
0490
039C
FD55
0C51
09B3
FB69
FFBC
FA08
ED35
F150
0337
02B7
0604
127D
0644
F92F
FB3A
F9D4
FAEA
01F6
0A10
093F
02E7
F95E
F992
FF8F
FAA0
021A
09CC
FAE5
FC82
00E0
FA75
FEEF
0C90
0AE3
06DA
07AB
02DE
F6C5
F7DB
FBC7
FE06
FB79
FB61
0406
FBF9
FBD2
0746
07EC
0128
05D7
0572
FA70
FED4
0586
FE8B
0237
025A
FECA
FD41
F860
FCAD
FE84
FEA6
034F
FFB3
FF37
FF9D
FF17
02DC
0844
0B45
07DA
FFED
FCBE
F80C
F6E1
FD86
01DF
0416
0134
FC74
F7D1
FDDC
0228
0250
03A1
03E7
0172
0208
FEF5
0163
0380
040B
FEFE
FF5E
FA3F
F5B2
F6BF
F8EA
F8DB
0492
054D
01D7
0D15
0E21
04C2
05F9
05ED
FB2A
F0B8
F1DD
F9AA
F6BF
F7E1
0486
067F
0058
047F
0AD2
05ED
0016
07B9
02C6
F48C
F77A
FE01
F805
F85D
072D
02FA
FC94
FFB4
FF7C
FD02
01AC
07CC
0930
0414
036C
FEAD
FFD9
040E
0231
FE7A
FB07
FB1C
F5C8
F398
F87D
02A6
0531
01F3
0485
06D6
0460
01D7
048F
039D
F9DC
F97A
FD8B
00D9
0238
068D
FF51
F9DA
FAC0
FB9E
FF9B
0888
097F
0391
FD98
FB03
FE8E
07B7
0B52
0B71
FB74
F835
F968
EF61
F5B9
03FA
FDB2
FE5E
084E
FB85
FCA2
0E19
07C5
096E
1122
FC7F
F5D7
F9A1
F6F2
FC97
04F6
027A
0161
FEC0
FAF8
012E
0A6F
0763
FDAA
FCDC
F7E8
F4A4
00AF
0984
0306
FB66
0414
FDA4
F6B9
05BC
044A
FE17
FD56
FBDA
F66B
FA11
09CB
0D5B
06A9
09DD
07A1
FE99
FC10
FE33
F8C9
F8A4
FD40
FAAB
F318
FD0D
03A8
05BE
0E22
080C
FF71
FB01
F5CD
FF64
0AC5
059E
0770
03D8
F4CB
F0B4
FB77
F893
F890
01FB
FD70
FDEA
0B0C
11B6
0C09
08EB
07A7
FE48
F56A
F9B1
FEF8
F7B8
F775
FADC
FDAF
F63A
FB24
0987
0597
0594
0E7C
011A
F75E
FBE9
00AC
0060
007B
08B8
0445
F591
F9EB
005E
FD2B
FADA
01AC
00D2
F6EF
FB15
0A45
0938
0814
10AD
11F1
0469
FA5E
FF59
F66B
EB62
F409
F78E
F778
F6C0
0418
0556
FF4C
0B04
0E51
036B
0622
03F7
FC6C
FE75
0484
FB5C
FCDC
02BA
F9B1
F8DA
06B2
FE80
0005
0473
FB94
F5E0
FAA0
FD64
FE65
01DA
0A2F
080D
04D4
060B
0249
FBB9
00BF
FB0A
F7D0
FED6
F67F
F3F0
0458
04E5
013C
0D27
0C2D
FA30
F7F6
FCE0
F4BA
F3D0
06F5
044F
F173
FBC6
0DB7
FF8D
0053
14B1
030D
F730
05F8
0666
00F3
04AE
053A
00A6
F5D1
F304
F58E
FA60
FC62
03E5
0150
F7D9
F667
FBE7
FF3B
0AB3
14EB
1A97
0F0A
03C4
FE68
F56C
F7A9
0068
015C
F58F
EA05
EC0B
EF00
F8F4
0B66
1259
1033
0CD5
FF25
F2A8
0217
15FC
117B
12CD
135B
F8B5
EBD2
F208
EA67
ED12
03E2
04F0
FBD7
034D
01C5
FF65
0344
0734
07F6
0A86
F820
F99D
031A
F595
F350
04D7
047E
02D1
0B74
0DEC
06F6
FF20
FA4F
F7AA
F472
FE5A
09A0
0256
04EE
05E0
F652
F4E1
FEE3
01AC
FDEF
0326
FD09
F0FC
FCDF
0228
01A0
128F
13A7
0B8E
03CC
FD20
FBC8
F6CB
F304
FCCA
F51D
F037
F6A9
0257
03C2
0723
0854
0242
FF91
FD08
0592
0A0E
06DE
0BB2
001F
F39E
FCD5
FDF1
FD7A
0181
FC82
EF52
EF1E
F7D6
FDA6
08DA
1061
0FA8
0882
015A
0120
019A
FE0B
00CF
FF85
F691
F682
FAEF
FF44
FB88
FF1A
0143
FA5E
FB9E
0492
03F9
04F3
0C5A
089E
FF1C
0377
01CC
F8D8
FE54
0341
FD14
F775
F43E
F3DA
FC8C
01AF
0D56
1192
0447
FD3C
FA7D
F2EE
F976
078A
08E2
0148
FFF6
F916
F519
FF8C
05BF
081A
09C5
05E0
FFC4
018E
0644
04F6
0900
0422
FB79
F869
F398
F1D8
FB8E
F91D
FA2A
0539
064A
00F2
0260
09DC
04AC
FE4E
0187
0044
008C
FC4B
0170
0AA2
FF1C
FDA2
001B
FE0F
F8D2
FD17
0025
FF7D
FE50
FF2E
FFEE
048E
05E6
0C78
0E0C
0208
FB79
FC8A
F743
F289
FE14
FF9D
FC67
FCE5
0346
FEE8
FF1E
01FC
06E3
03CB
FF6C
0635
0368
FCD6
031F
0095
F5EB
F8F1
01F5
FC66
FB9A
0477
0717
01C3
FBE3
02A8
0313
F8F2
0337
08DB
FB42
FAD7
02FC
FE7C
F8C1
00EA
0710
FDAA
FA8D
05F4
0075
FB01
05C9
0C2C
FF46
FB53
0219
00B1
FD48
FF99
0083
FAEE
F41C
F7CE
FC01
037F
06C4
0B22
06AC
0285
FB7D
F9FB
F933
0143
0635
01C9
FFB9
0552
FDA2
FC96
0482
063B
0143
FEFF
FD23
F9DC
F7F1
FD54
FFA5
FEEF
006D
06C7
04D4
016C
05FA
FD1C
F359
FE82
00B0
F8FA
06FA
0C37
FA23
F774
FD0A
FAE1
FB75
0194
0894
02B1
F572
F966
073B
071C
09C3
0D69
050C
FAED
F615
F823
FB19
00AB
03DC
0287
FCAF
FBEB
FE42
FAF7
0110
05DF
050E
00CF
FF4D
FC78
FC68
FA01
FF83
05ED
052D
01F4
01A7
02E0
0286
0247
01E1
0102
01C2
FB5F
FCEE
01BF
FF7B
FCFD
0575
0815
FF1D
04D0
03B0
F47D
F7D2
FE16
FBA4
FE2C
0A7C
0705
FEAD
0821
03BF
02D2
047E
FFDF
FC4A
FA3D
FAD0
FC5C
F9E5
0018
01BD
FA7E
FA66
0389
FE27
FE1C
07A7
083B
FE98
0271
0498
00B2
FD69
061A
0272
FDA4
0298
006D
FCAE
0001
013D
FB12
FD7C
FACF
FD55
0426
02FA
0750
0860
FB61
F728
FBB7
F9AF
FA27
07E2
046B
F8F7
FBB9
FDB5
F723
FCCC
0A50
0A29
00E1
FEB7
FF39
F682
F8D4
0AC4
082B
0055
0AFD
FF60
F1A4
FD07
01F3
FDBE
04D4
0BC5
FE0D
F672
FDA5
F81C
F17D
FF6E
0982
05B0
0A2B
0B88
0234
F87A
FAA6
F91A
F3E2
FC51
0354
FE2C
FB22
08F4
0DC0
FEC0
0293
0A99
FA30
EE76
FF6D
04C6
F4C5
000B
0C04
00CE
FE8D
0D02
0743
F8B3
F86C
FB1F
F569
F630
07C6
0984
F95C
0145
06B7
F73A
FB9C
0DD2
06E6
FFF7
0B04
0565
F910
F7A8
FC63
F7AF
FB9C
0398
04FC
0506
068D
035D
FF5E
FAB3
F6EF
F361
F61D
FF1B
0574
0720
0982
0B2A
046A
FD90
FCE9
01D1
088C
0846
065C
0246
FF3C
F6D6
FD80
05B3
FDD3
FFD8
004D
EDFA
EF7C
F6FE
F630
0680
1996
0AFC
038A
0A2A
F4A6
E9A6
0257
09FC
FD74
08EC
0F95
F948
F637
0AA4
FD0B
F96A
07D2
0378
F36F
FBAC
0390
FF05
FE52
04A4
FADD
FA77
059A
03B8
046E
0AE3
FCD9
F51E
F2A2
F64A
0727
0FF5
0B2D
1653
05F9
E238
EE0D
FC8E
ED1C
FEFF
0F08
F67D
F53F
0304
07F3
0E27
19C8
1943
08BF
F169
ED47
E856
F027
FF88
0CB8
0C86
01F6
0130
03B7
F8DB
FD30
0057
F72B
EF36
F466
FDDF
016E
0FD5
1BC2
09B2
FF46
FC51
ED6F
F5CD
05AA
025D
03E4
0842
0055
FE5F
090E
0A9A
0933
02A6
F8DC
EB30
EBE8
F5D4
0023
070E
0BA2
08FC
0569
01BC
FF4C
045E
FF53
F7E6
FD7D
F858
F48C
0218
043C
FAEA
006F
0247
FC12
FF84
0BCE
08D3
0441
FF68
FFB0
FD41
F881
0381
0851
FDAD
0065
092F
F8D9
F7AC
022C
01E0
FC3C
0328
05F3
FC0C
F99A
00BB
FE3C
FB62
04C6
0B3C
00AB
FA41
0254
FAA1
F285
FE5F
0025
0032
FF04
03A6
035D
F875
0035
08D3
FBFF
0023
0877
0187
FBB1
FF98
02C8
FD9B
00D1
0A9D
044E
FED6
FF4E
FE1D
FC91
FA2D
009C
0481
FE75
010D
046F
FFFD
F6BF
01EC
025C
F4BF
F681
00A6
FEC1
FFB0
0314
0813
006A
FCA7
073B
072D
00C9
032E
03E4
FEC2
F7C3
FD1A
001A
FD8A
0327
06B1
0150
FD03
FC57
FF23
FAFA
01D6
0A70
0977
02D9
008C
0235
FEA6
F87B
00C0
0098
F5C1
F79A
FD17
FA48
01FB
0C96
08AC
0793
087F
0200
FF94
FE8D
FC1A
F9D8
F811
F3BC
FA20
012C
0352
05D9
0916
05BC
FF5C
FEAA
00BC
007A
02E0
0216
FCBE
FD1E
004A
F916
FE19
0462
FFF9
0139
0197
FA1B
F8C2
FF75
FD5D
0545
0926
0920
037F
FFF5
FAEF
FED0
F950
F959
00E1
FFFB
F612
FB98
FF64
01E9
0808
0C22
052B
FE9A
F9FE
F45E
F9A0
0139
FFEC
04FF
0616
FD50
FD36
046A
0515
FFA1
F771
F324
F217
F5A4
0705
1385
0F43
0B0B
0A89
0033
FAFD
FF5C
FDBD
F66A
F905
F096
F096
FD4C
FFD9
08A6
1251
0E08
0E57
0490
FAC1
FA3F
F8CF
F504
FA2B
FEC8
FCDE
FBE7
0684
0D9E
07EE
015E
FE61
F8DC
F496
F515
0166
09CF
0BBD
0C7B
08E8
FCB0
FF47
005F
FBF7
FFE8
FFC0
EF39
EC3A
F9AF
FFE6
070D
1564
1925
0C67
02C2
01F8
FC6F
FC7A
0183
FC7B
F415
F2CB
F4FC
F4F3
FDA8
0784
04B1
04DC
0731
045D
0287
0657
0566
0273
FDED
F5FC
F8E5
F8DA
FA29
054E
01A0
FE40
013A
00F7
FFFA
015A
06F8
08AE
FE97
FECC
00CD
FD5C
FEE7
072B
04FA
F7EC
F9F2
F7B8
F11E
F817
0491
08CD
027F
06E3
07FF
FB45
02F7
0C60
01FB
FDA5
FAA8
F47C
EF20
F7BB
030D
0274
0281
05B6
FD59
FA83
052D
0C09
015A
04FA
0F30
FD9F
F965
0811
FD48
FA15
FC09
FA4C
F69F
F3BC
F953
FF1E
00E9
02B9
0A6B
09CE
FB16
01EC
03F8
FB5E
03C4
0B05
05AF
FE85
F9E6
F96E
F5BA
F14C
F987
025E
0264
0607
0CF9
011F
F891
0C77
0DF6
FF54
0773
0324
ECF8
EF17
FF0F
F8FE
01A1
0EFF
00EE
F3B1
F8D5
FC8E
F948
0CF2
169E
0352
FC8F
02C9
F5B3
F1EF
0952
0DD8
0278
05EA
00D6
F1BF
F34C
FFBB
0262
FED8
FB95
FF15
FA08
005F
0905
103A
058B
0257
FEF5
F602
F37B
0158
0806
02FB
FCF6
FEF9
F7A4
F633
0A2A
1385
0594
0BE3
06CC
F027
F392
FA67
F643
FB5A
F720
F981
FDEB
FEF7
08FC
0F78
0B9C
0967
0B71
06F1
01D1
05D5
066F
F59D
F592
F786
EE5F
FE7C
097E
FD9E
FFEE
037A
F334
F296
FAFE
FEBF
0CEB
0FFC
0879
110F
01D6
F4B5
FADA
FD28
032A
0827
FF7A
FD71
FC90
F257
F4AB
058C
0146
FEF0
07A2
FDFC
FA32
07C3
08EF
083B
03DA
0284
04CA
F6C5
F5F2
F8CD
F82B
F881
F5FD
0348
03A2
0814
1157
0917
077C
039C
FF72
F9B5
F3B8
FEBF
FA5C
F3E8
06ED
0147
F990
FA38
0029
040E
FF84
082E
0D12
0609
0156
FD72
FD2E
FD35
0139
FF72
F77E
F765
F163
F4AC
FE60
0137
0A96
0D5A
08EF
0760
07FC
099C
01A1
03F2
006C
F1C2
F45C
F912
F7B7
F9C0
F85A
F989
FC4A
FFE3
FF2C
037C
07A1
084B
1073
0C56
035A
03CD
FE78
F7AF
F9B8
FE50
F530
EFA7
F6EC
F79E
FB25
0BE4
10EA
0A7F
0272
005E
FBA9
0173
0E66
0DC2
0637
FB0B
F298
EE96
EDE3
FA6A
0890
01F1
0227
0246
03D2
FEBF
06F3
1595
05D2
02A6
025B
F53D
F352
FC02
0170
FE21
0243
04B2
F8EF
F6C7
0181
06EF
010C
0722
0749
FA67
FA6C
002C
0841
078B
0342
0469
FB46
EF66
F748
005F
00F4
02FB
079D
FEE9
F5D1
FF59
0C14
0937
0D5D
0DCC
FD45
F0C5
F2BD
F53E
FB37
0367
04B2
0235
FE0D
F8E5
FBD4
01E6
05B0
0AE1
0BAD
0606
FEEE
034F
01D5
FDD6
0585
FF5B
F85E
F37D
F53F
F793
FB8C
FFA6
0A10
0297
FCBF
074C
0808
FF2A
091E
0603
F2CE
F082
FB23
F936
FCE5
0B54
0D3F
0247
FBC9
F940
FE35
0162
FFBF
0BDA
0698
F5E5
F82E
0257
FE89
0336
0F32
040D
F7EC
F854
F715
F965
02AE
0723
02CB
FDD8
F77A
F9D6
FB33
01EA
08F6
069D
0075
022C
FD37
F654
FEC9
01C0
FFD6
FF30
FFE8
FE95
FD0C
01DA
0444
0654
04A6
06C4
07DB
0116
FFDC
0348
01D5
FA11
F6BD
FAC4
FD8F
FEBD
044D
FBF8
F66C
FADA
FD49
0144
0E47
0AF8
FFA4
02E8
00ED
F346
FF4F
07DE
0079
03B5
0055
F780
FF00
017A
03EA
07B0
041F
00A9
FD0F
F0CF
F4CD
FDAC
07AA
09CA
0689
0431
FF39
FB2D
FEBF
06B7
01BE
FFB8
010A
F67B
F87A
00FE
040D
0A71
0AAE
FF1D
FDF9
F7F2
F612
FF41
034C
FF16
FE98
FF64
F841
FC0F
065C
0C59
0B9D
063C
FC68
FA17
F71D
FED4
FEE0
00F7
0188
FC61
FA26
FED2
031A
07CE
070A
0677
FF93
F5A2
F509
FD65
FD9C
0907
0D4F
004C
01AC
01A7
FD4A
F9D8
015A
01EF
F7CF
FA77
FD7D
FE5F
FBE3
0759
0AC0
F988
FDF4
04E0
F9D2
013C
076D
034E
01A9
0457
0657
027E
FCD3
FDE6
F9A3
F634
F198
F484
FBC1
FBE8
0745
0785
05C8
0835
03F3
03D8
070D
07FA
FEEE
F4CC
F980
F713
F5C3
070C
12F8
056A
FB96
0167
FEE4
F7F6
06D4
0B71
FE77
F669
F7E2
FBB7
FA4A
FFE4
0DEA
FE87
F669
FFFF
FA97
F8B2
0248
099D
05AF
011D
FF79
F97A
F931
03A0
0798
0828
0076
FBA3
F8EB
F912
FD5F
07A8
0EC9
0611
F67B
F561
F7DA
016D
0ECC
12D9
0BCD
FD73
EF7C
EEEE
EF2E
F829
0609
07B3
FC9D
FCE5
0114
01A2
00C9
0A43
0907
FAAC
F794
FBE4
FA87
FEDC
0BDE
0F68
02F1
FCB3
FC18
F61E
F702
0150
0C20
0091
FA53
01A1
FDCE
FF69
0A29
0BA9
FF88
FA51
FCAB
FFC5
0273
0A6B
0A97
FD93
F528
F796
F512
F753
079B
0724
FFB4
06AF
057C
FD75
02DB
075E
F66C
EE60
FA4B
00D9
F83A
080C
1703
0547
FCEF
084B
FA56
F0F5
FB23
041F
0590
0582
08FF
0517
FCB9
FF98
FBF5
F491
F980
06C4
F719
FC84
0D56
01B9
F984
06A2
083B
0327
047F
0A7E
0346
EE1F
EC30
F3A1
F410
FD4B
0A1E
07FF
FEE9
FDA2
028F
025A
07D5
15EB
10D3
FE83
F679
F640
F533
F859
040D
0685
FBF3
FF67
FB2D
F93B
0712
0842
FDC2
03A9
0034
F8C9
023A
0741
05A9
050E
F6CB
F6DF
F704
F4C3
FEF0
0CF0
0558
FFF4
00BA
FA04
F89A
0D6B
0ED5
FF31
067D
FE78
ED0C
F4F5
FF73
027D
09D7
0A75
0149
FA73
F9D6
FD79
009C
0164
FF7C
F968
F5D9
F805
05FE
0C95
06BE
0389
0206
F6D1
F42B
0553
0BB9
0119
087A
FBC8
EF27
F959
043D
0664
0A47
104C
0742
F56C
FA88
FC3E
F569
F776
00F6
FD66
F878
059C
06C0
FF0E
06C7
06DA
01E0
FB12
0121
01A9
F5C5
FD51
05E8
FBAB
0029
0788
0564
01D5
FE2C
FE56
FAFF
F9E7
FA90
030E
0687
015A
040E
05E8
FD03
FFF7
0444
01AC
FB84
FE9C
FA03
F97A
025D
0304
01E2
0721
0264
FD25
FB81
033F
0103
FFD1
05DF
FEE8
F2EE
FB0A
003A
0008
0325
09F4
00C1
F72E
FBF6
0086
FFD0
0674
0C1C
035E
F8D5
FA9A
FEAA
FD81
0114
03B3
0240
FDF5
0009
05AA
0424
044C
092E
01D5
F967
F659
F87B
F7E1
F701
011B
071C
FD88
0102
0A14
03A8
FFA9
0BA0
0724
FA17
FBFB
FF0C
F8B5
FB2D
05C8
001F
F9E5
FB7B
FEB6
FD70
025E
057A
0469
00D2
FEE8
010E
04B5
01D8
0823
0714
F917
F6AD
FCB9
F8A1
FF61
0A68
08A2
0364
0332
FB2C
0223
0356
FFF8
0204
0124
F3BD
F0C9
F6AF
FA87
0375
0ACD
0374
FF67
FCC5
FA40
FF4A
0709
0633
0401
FF60
F88E
F66F
00B3
05D6
0461
081F
FE0A
F219
F92F
0020
0489
0B2D
04BF
F8DD
F7F7
F2E5
FB93
12C0
16B3
0A8E
048C
FC10
E8BB
ED65
FC6A
FE9F
03C7
092F
FF24
F9CA
0127
049F
0467
084C
0345
F5A9
F2DA
F4AD
FC01
05A7
0870
0F8A
0649
FC93
FD2D
FF1B
019C
FFDC
FCC5
FC04
FBC8
0031
080F
0F1C
0B2F
0947
0361
F2B8
EE3C
F620
F96C
F7D8
FB52
FFB4
FED2
0793
0FF7
1016
0E2E
0D05
0331
F6F0
F5BB
F219
F3B3
FAA8
032B
068A
0548
05A0
0315
0096
F8E2
FAD0
FE6A
0416
071E
065B
04ED
FFC9
0200
0025
016C
02E7
FE84
F7F9
F6DD
F239
F8D5
02AD
000E
07CF
0FE8
0412
0017
0D54
07D7
FAC4
03DC
017A
F318
F359
F4D4
F495
FD94
0794
0877
089B
019B
0054
019B
FE70
0079
0C30
01BD
F577
FB19
FFD4
FDA7
FFE6
03EA
FE02
EC84
E94C
F6E2
FBC7
0109
1954
1443
0298
0621
09A3
F9B0
FEEF
0C58
FB8D
ED58
F66D
F5B1
ED92
02F0
14D3
0771
FDB3
0923
FAE2
EF12
037C
0F3D
059B
0290
FD9E
F6A1
F4CB
0010
0A84
032F
F906
F6CF
F320
F0C5
0257
13A1
0DA1
066E
012B
FE2A
F74E
05A1
12FD
0375
F637
FA58
EC5C
E4FD
01D5
1292
030F
0AAD
0EA1
F399
EF2A
044A
05DA
0968
1392
1361
FFCC
F1CA
F848
0446
F542
F89F
FF0A
E70E
DCDE
0020
1177
0B20
1E0B
256D
FF79
F906
02B6
FA88
F91C
03B9
FB27
F0E2
EE5C
F7B4
FD1A
05E8
0E22
0D27
FFB6
F959
001A
039F
069C
1521
1397
FF7C
F2E5
F652
EFF0
F4B3
0A44
0C05
FB75
FE42
F71D
E91B
F4FD
06D3
100C
0D16
0D4D
10E3
00B6
F67D
04EA
FC24
EEA8
FC06
F900
EB20
03D0
0C5B
FF26
05D9
0A21
048C
04A0
01DE
0F12
05F6
EAED
EF4E
F892
F11B
039C
13BE
0B02
FF3E
FBA3
F3C8
F2C8
FB4C
081C
036E
FE78
0D49
0254
FD93
0DF0
0A00
0357
0377
F647
ED25
EA1C
F958
F88E
F931
0C97
094B
00D9
0786
0EAB
06DC
00A9
0359
FA14
F584
F7F0
FE9E
0979
0258
FCC9
FA2F
F36C
FCD3
01DB
018A
042F
04A8
0725
FE09
05DE
0FDC
042F
0054
0373
F6C4
EE06
F6B1
FCF7
F6F1
FF50
0100
FDAC
0869
080C
0E90
1160
0317
0445
FCB5
F31A
FE0B
04F9
FCCB
F4DD
FAA0
F379
F516
07A6
02D6
0325
0A82
FDDC
FD98
0479
0B65
0513
0367
05DC
F350
F3C5
FD2E
FBFB
FEF8
00BE
01DB
F849
FA3A
0547
0021
0881
0C94
0549
0853
FDFC
0140
092C
FC39
FA05
F8B0
F36A
F059
F9AF
074F
04AF
0574
0872
0100
FB87
0075
0910
02C8
03AB
05DE
F4FF
F38F
FBE1
FD96
01F9
0AEE
0982
FDF3
F77F
FC67
F7C8
FD2B
0716
0B16
028F
0628
03BF
FBE2
FB14
045D
FD36
FC00
FC8E
F73C
F4EB
FA21
FD55
03BB
097B
0A83
0AB2
09C6
03C1
0379
FED1
FC21
F950
F99B
F831
F7E0
FF85
0540
FF69
0326
0454
004F
FAFE
0428
068D
06C0
0862
0151
FAE0
FCC3
FECE
FB38
00CF
0298
FC95
F59C
F804
FF5E
00E9
05C2
0ADF
0976
FF48
00E5
033A
0152
0188
011D
F8DB
F59A
F9C2
F981
FC49
0723
062D
FF43
FB43
0201
0403
04C4
0A26
0A2C
0046
FA0E
FED3
FFA4
FC57
02A7
0430
FE55
F89F
F85E
F904
FC9C
02F7
07F2
032D
FF25
FDA7
FB7E
012D
0429
0B5E
0751
FFFE
F8EF
F5EA
F2C8
F9C2
0111
00CC
027D
029B
FF45
013B
029A
03CD
0225
FCDA
0717
075A
FD78
FFA5
04E1
F8DF
F664
042B
FEBC
F4E7
0569
01AD
F41E
FECF
06E7
0479
0A15
0A06
041A
F95E
EF76
F8B0
FFFF
FCDE
0357
0861
0227
FDF9
FEDA
FD4B
FFC8
0471
01DE
0300
0400
FA4C
F547
F9C8
F787
FC38
0B32
04B0
01A7
063D
00C1
FC9D
09CC
0A78
FF1A
0112
FD10
F442
FC1E
0604
07FE
0C57
064E
FCF6
F8B6
FBCD
FD53
FDD8
01AC
FA06
F701
FD93
FEB6
03D8
0C1E
0AF4
0221
0362
FCC9
F830
017A
018A
016E
0254
FB5B
F93A
FD1A
F875
01D6
0747
FD73
FF93
04E7
FD60
FFC2
0B43
0933
06DD
FF71
0213
FF1C
F9A2
0375
033E
F8AA
F62B
F470
F5B4
F92D
04C6
08DC
FF6C
00EC
FFA6
FA81
FDDE
0A38
0E3A
06A4
FDF9
FAC1
F57F
F750
FEAE
0A77
0B15
FBE2
FCC6
FDE6
F779
0356
0D66
037E
FBDB
017B
FE3A
F5B8
032D
0940
FB23
F6FA
FDF7
F905
F5B4
079F
0CEB
FE3D
016F
08A2
F942
F8BC
077D
0623
FEC4
004B
FF64
F6E5
F230
FA13
035F
FC87
F947
0542
02AF
FE34
098A
0FFA
0BB2
0954
051B
FBE5
F597
F610
F69E
F4A2
F728
0231
0A3C
08F2
0A12
104D
FDC4
F419
00C9
FA65
F270
0058
0497
FC56
0336
09CE
FD8C
F817
007C
F84B
F65A
0426
013A
F574
F6FF
04E6
0611
0926
130B
0D1D
FB6D
FAFF
FED3
F63B
FDEB
0458
FBA8
FD0B
0103
FAD9
FCF0
0031
FF74
063C
0AB7
0260
011F
0371
FABE
FAAF
08A1
0451
F8AF
FEFA
FE56
F87B
0467
06EA
FFA1
FE92
F5A6
F297
0295
0985
063F
0CF2
0AFD
FFBD
F4C2
F07A
FFE4
05CA
0574
09E8
098B
F5B3
F56C
02B7
0254
01F0
040E
F6D3
F79C
0279
FBAA
065F
144E
0639
F838
F567
EFBA
FB0D
09BD
0C43
1595
0DAD
F657
F720
FBF0
0177
09D5
0BA6
0170
F24A
E2EE
E545
FBE4
0A69
0BB1
14BA
0516
EEEA
F659
FA73
FDB0
0D48
0B2A
01AD
01D3
F8FE
F3CF
0765
106D
02A0
0907
007C
EFC5
F86B
F7C4
FFF1
0870
012B
026B
0203
040A
FEDF
06C7
086D
F9CA
F3E5
F503
EDEE
0129
0801
0AE4
0B9C
FFFA
F898
F8FA
F944
FF0E
02A1
0042
F7AF
FCD1
FA8E
FE9B
0CD0
153C
0BD2
0362
005D
F47A
F3D4
FE8C
FD62
00D7
FE84
FCE4
FDA2
F961
FEED
05D6
00EE
01F3
00DE
F7FB
FBBA
02A0
0577
06D7
067A
FEC3
FB4E
0627
053A
055A
0784
FDF5
F8DD
F582
EEF7
F64F
0387
0303
00A3
00FD
FA81
FE1B
0398
0497
0849
0C92
06A4
FEBC
FE6F
FBBF
00DC
05B6
0800
0337
FAC4
F78B
F831
FF04
02D1
023B
03D7
02A2
FD66
FCA1
017A
0886
0536
029F
00D7
F844
F579
FAAD
FF8B
00A6
012C
0758
0347
FE97
040C
01F1
FE60
FEB2
FDFB
FB2F
FA91
005D
07DB
035B
0125
04B7
02A8
F7B2
FDBF
0588
FB0C
00C7
0A6E
0161
FADF
037A
01C3
FBDF
FFDB
024E
F997
F815
FAC8
FAB8
FED1
04A9
0BAC
07D4
03D0
0345
01DC
FEAD
FBA8
FB73
FAA8
F485
FA30
01D7
04C4
04D6
05B2
0088
FD9F
FC51
FE3D
01A1
FFEE
008D
FF4D
FEEB
0124
022C
0579
083A
FF31
FEE8
FBF8
F3D0
F62A
FD11
FF0D
0109
077C
0533
031A
0607
039C
FEED
FE22
FA7B
FA8B
F9E0
FBF3
02B5
08E4
02CD
FD43
0125
010A
FDD5
07F7
08A1
00A4
FE73
FA51
F2AC
F802
01E4
029C
038B
05FD
00EE
F8D4
F88D
FCCA
021C
088E
0BE7
0C51
0502
FEBF
F950
F877
002B
04BB
FFF5
01A7
FBFF
F37D
F5D4
FAF5
0540
07CC
02DE
0C6D
079B
F9ED
FFBE
06A4
FFDE
FE50
0560
FCE4
F776
F7C9
FDB6
0148
FC95
FFBE
01A8
F71D
FC99
0680
0258
04E7
0D45
0389
016D
049D
02C9
FE93
FBDB
FB70
F641
EFA5
FB5C
0388
FF6E
08AD
14CB
0897
0263
02AE
FC0F
F6E9
FBEB
FC4E
FBB3
F880
FD18
007E
038B
06C2
0A95
007D
FA59
FDA2
FB0A
F96F
023D
06B7
FC29
001E
08D7
FF73
FCC9
0120
FA62
F18F
FFF9
044E
03AC
0C3E
0F39
0422
FBD0
0082
01C9
FA8E
0253
033C
F91D
F6ED
FCE3
FB7E
FBD5
04DD
042C
FA0B
FEC5
0223
039C
05B4
04F6
07DC
00B9
F2E2
FDFE
018E
FEAA
053E
02FD
F927
F715
FBB5
FF3C
03FD
0CF5
0C7D
FE7A
FACB
FE9F
FE38
00BC
07DE
05DA
F771
EFEA
F17A
F329
F9A0
081C
0FF7
055D
0670
07C7
F8C7
0568
11B5
020B
FE51
0207
F62A
EDC1
FD2B
086A
016C
FED4
043A
F641
E6D4
FF29
0C0C
FF90
0C58
17BE
FDE0
EE48
0430
0632
F59B
0388
0CC5
F365
E7D4
FD1E
FD62
FCEA
0A15
120E
0439
F833
FECC
0433
0426
069E
0FB8
07F9
EE7B
F4AB
FDAF
EA8E
ECFC
095A
FAD3
F5F3
11DB
04D1
F947
12B5
1539
0076
FE18
0489
F76C
EA23
FE9F
0AE7
F65F
F836
FFFC
F235
F53B
0D18
13E6
0E7F
0E7E
07F1
FA08
FCE8
00D4
FB77
FC12
FA62
F68E
F45E
F31E
FCF8
08F1
0AA0
09FD
0DBB
0244
F723
FE58
03CB
FD44
0993
12DB
FD4F
FA8B
0662
EC2F
EF38
05FA
F375
F1B4
1104
0A9B
031D
12F6
1130
FDC4
FFB4
FDFD
EF51
F007
0084
0484
FF48
0195
0358
FAD9
F5EC
F407
05C6
109C
040E
0DED
15BA
F703
F3D1
FD85
F117
F8AD
0B4E
FE48
FFBE
07DC
F6DC
F566
0C63
0869
0589
04FB
F615
FABF
F79E
F80D
0FD0
0E59
06FA
0B63
FC36
ED6E
EE6C
FB03
F5BB
F4A2
0AEB
0215
FF7B
1485
0CD6
041E
07F1
02F7
F327
F5F5
002A
F4C8
F7F0
04B9
FBE0
F4F7
F871
03D6
083C
FE65
0637
0857
FE4D
FD29
0BB2
0D78
0576
0B0A
0890
F042
F404
F0EC
EF05
F2D8
025A
03D5
F9EA
0A10
0B38
FF1E
086E
097B
00CA
017F
026A
FA09
FAD0
FB27
FDD4
00DB
FC0A
FDBB
025D
FDBC
FA1B
03E7
0001
FF67
0E5E
0DBB
0001
0620
0505
F4E5
FA29
000F
F22E
F6C8
FF46
F993
FE88
05E6
0177
0156
0395
FF8B
0370
0BBF
0E86
1041
0572
F5E6
F135
F115
EED3
F819
04E5
03A5
02C2
0529
0066
FE62
0B9D
0CD9
00BF
08B7
044E
F37B
F4D4
FC51
FB31
FDA2
07FC
0689
FAF7
F90A
FBBD
FCBB
FD0F
05CE
0A8B
00D8
0182
080D
08E4
0452
04F6
084A
FA25
F290
F85D
F3E8
F404
FC2D
FCCB
FF2E
02A6
0413
08DE
0C80
0BEF
0A34
0352
F8A9
F3E0
F6E4
F77D
FE60
0120
FFE6
0037
FDCC
FAAB
022F
075F
03D9
082C
086C
FD4F
F9B5
003A
0224
FE75
01F7
0350
F6C3
F102
FC53
F9B5
FE61
0FB7
0E4F
052F
0B43
0A2F
FF26
FFA0
050C
0094
F07D
F1BE
FCB3
F999
F7D4
06E2
08F6
FA43
F63E
0379
04B4
004B
0E78
1002
F9B3
F9AB
0019
F83A
FB9A
0913
0448
F7D4
F644
F620
F8AE
02C2
0982
0A0B
0605
003C
FF3C
FD66
04B7
0B01
06FD
0173
0271
FC82
F387
F7A2
FD78
F974
F709
FCA4
FC68
00B2
08EB
095C
06E5
0246
FE3E
F7FD
F73E
04EB
0DEB
04F1
FDEA
FF64
F0EF
F2B8
0B44
0B55
FF16
052F
F9CD
E96C
F883
077D
0916
0DA1
090C
FF17
F2BF
EED6
F3EF
020F
06A8
070C
0F08
04AC
F509
FC94
0288
FFFE
06CE
0E1C
FF8C
F6F1
FE08
FAB8
FB8D
08E2
01A9
F5C1
F444
FCE8
0288
06F2
0EA8
0B4B
FAF8
F661
FED3
0137
FF99
0A45
0630
F3A8
F22D
F8F3
F83A
027F
10C0
0B7E
F9DB
013C
0306
F9AC
075F
12A2
087F
04DC
0265
FA34
F71D
FCD5
FF53
0138
FE1F
F983
02D1
FDBB
F7EA
02D8
020A
F4B8
F73E
FF1C
FF44
FF68
1160
1055
01C6
00AE
0349
F9F1
FE1B
0944
0A1C
008E
0316
FE12
F260
F885
FA6A
F9E6
F976
00F3
FD98
FF0F
039C
01CB
0212
0549
01A9
011E
01B5
0707
00FA
FD1A
FDA7
0112
FDAE
FFD3
0796
0408
F7C5
F684
FC3C
FBEB
FF50
094C
0D70
0597
F451
EF11
F601
F56A
FF74
12DD
061D
FA4F
0442
F9BC
F527
04D8
09AA
0763
FC32
FB8F
FFCA
FDD8
0647
0E43
07BD
F8BB
F1B9
F4BE
F35A
FB6B
0B47
0B7A
029F
0351
0028
F5DD
0243
0C08
0007
F7B2
FCE0
F940
F203
092D
0D20
FCB8
02AF
000C
F3E1
FAB4
0877
0519
FA40
038B
0744
F8DB
FE51
164E
0349
F185
0286
028B
F6D3
0143
0AFE
0190
F866
FFED
F84E
EFCF
FE2B
06C7
00C6
07C6
0A7B
FDD6
FCB8
06E0
046A
0321
02D6
FB99
F6EF
F7C0
FBE6
065F
07D4
05A3
023B
0109
0082
0158
0873
02A2
F91F
F3E8
E8D4
F1B0
0A38
0A8A
09ED
0E25
0131
F5B3
0392
0782
044F
0D6C
080A
0023
FAEC
F5A0
FD17
0389
F3B8
F2CC
0109
F923
F3C4
0B61
0E93
FE01
01B5
0679
F153
FA2F
128B
0688
0669
17E5
FEAC
EC02
F55A
F50E
F454
02F9
0256
00F8
FEE9
F457
FF51
0A76
1404
1922
10B2
F76F
EE44
EF56
EDA4
F89F
0E14
075A
F61B
024C
01BC
F47C
0440
0F78
FD20
F97B
0430
F739
F997
0E7C
0876
FD1B
01AE
FF64
F970
F59F
050C
0905
FC56
0166
0380
FA1D
FCD1
0513
07AC
0856
0647
FD34
F415
F281
F662
FFF2
FD86
0374
05B0
F924
FB12
0770
FCA7
07AB
0F3F
F8FD
FBFD
0607
FEA3
01E7
0BFF
0093
FA87
FED9
F873
FAE9
FDE6
FB58
FE28
0312
FCC1
057D
0D71
042E
049E
FEA2
F0A5
FA3A
005A
0089
05E3
068C
FC2A
FCF4
F99C
F5E4
0237
03F4
041C
0BEF
0054
F7D1
FF15
FAC4
FB63
08CE
070F
00DB
091F
FF24
F442
F959
0758
FE38
FFA5
0634
FE2C
FC02
0554
04DD
00E9
0039
0028
FAC8
F56C
F823
00EE
0178
0473
0944
0923
0029
0071
04CA
FF47
FC26
00A8
01F0
FD8E
FBE7
FBEC
FCAE
FDE7
FE4E
0003
FF26
FCA8
019B
03E5
011E
0467
0876
0132
FB50
FBFC
FD55
FA86
0041
0970
037D
01AB
040A
00D0
FF01
02CE
05EC
01C9
FD85
FB67
F6C7
F8D2
FE1E
FFB7
0214
01D6
FF0F
FEF7
00C1
03BE
0311
0418
0305
0055
0114
FF3D
FB98
FD76
FB78
F80F
FF66
03F6
008A
05E4
0A1C
0129
002C
0507
FF73
FB99
FEE0
FF5F
FDA3
FF2A
018E
FED5
FCC2
FF65
FE20
FCD7
03A6
0250
FBDB
FFD5
FF75
F9F4
0158
0671
01A0
04C0
05E9
FD39
F88E
F9AD
FA11
FF85
02F7
03DE
0569
01ED
F91B
F9D3
0568
03B8
030F
0D25
0536
FA29
FEB2
FB81
F783
FF5A
012E
FAD5
FD9C
02A9
FFDB
FD01
0558
FE09
F718
048D
0D1E
FFD1
000D
0628
FB56
EEBE
0062
058D
FCCC
01EB
043A
F59B
F6D2
0105
09CD
0969
0273
00CD
0047
F300
F9B4
07E1
0120
059E
0F31
0195
F8CE
FE83
FF72
FD8A
096E
0516
F6E2
0012
FF74
F622
012C
0499
FFC3
02FF
FD6D
FED2
04E5
FB65
FDFA
06D1
FE41
F7A6
0170
0224
0063
0EB8
0E66
0233
FF48
FB94
F4EF
F754
032B
003C
F559
F5C8
F3D8
F48D
0656
166A
13C6
060F
02A2
F95A
F4D2
FEEA
079E
01A7
FBC0
FF3E
01C1
FA9D
0374
096A
FA46
F1A9
FE89
FFE7
FFE6
0B36
0B60
0291
FD2D
0716
FF26
F7F8
02AE
FF2C
F3C4
F9B5
0251
FAE3
FE40
0A54
040F
FDE9
0211
FAEB
F938
F96D
0097
04A2
FF5C
0244
089C
001A
FFEB
0B23
0818
FA19
FC06
FF26
EFE3
F6AC
09E7
0669
05C2
0EA6
035F
F544
0023
01FC
F4A4
FB5B
025F
F8C5
F869
0051
0989
07CA
0A85
0A3C
FF1C
F720
F657
F229
F662
FDDB
FC8E
0020
0BE8
071F
075A
0C00
037F
F3CE
F609
F9E7
F803
0200
0CCD
096F
012E
076A
0897
F760
F5AD
00DF
FA39
F43C
FD0A
F8D5
F40D
0219
0802
1049
10A6
0ECB
0BCC
032F
F6B0
F46D
F7CC
F933
FC8C
0427
FA6D
EEB3
F975
01C4
F8FF
0AF1
138A
FD7E
F536
01A9
FBAD
FB3B
12F7
0C7C
FFFA
01D8
FE1D
F6EA
FA4C
FD6D
F724
F49D
F87F
FC91
01AE
065A
11EF
13D7
0C1D
02DA
FBD6
EC47
EEAD
FDFF
01EA
0015
07D1
0797
F76D
F754
0A19
0714
0475
0B38
FCC0
ED42
F16B
0011
02CF
0769
1304
0E20
F206
F2F6
F395
E912
00E4
1D13
0DD1
062C
0E7D
042B
FD2E
0B0E
097A
F6D8
F69A
FD7F
EE98
EB9D
032F
0383
F643
F86F
03D1
07F6
033D
0EE3
1F89
0335
EE14
FB98
FCC0
F714
0A3E
131C
09CE
F9FB
EFFA
EA85
F596
FEDB
049F
001E
FC43
FF27
F6CB
FD2F
18A1
19B8
16F2
11E3
025E
E9E3
E249
F4C6
F5FA
F29E
0BA4
01B6
F7CB
0A12
09FF
051D
0A43
06BD
F810
F56D
FF1E
FCB8
0215
07C3
05AD
F807
F4CB
FEF0
FE26
F9BD
04C3
0576
F8AA
F6FA
0975
0B2A
04E6
141D
0AC5
F55A
F24B
ED5B
ED28
F70B
FE3E
0227
01EF
FCA2
0224
0C73
04F7
0951
14C5
066D
FB36
0103
F78B
EE1E
FD15
016B
F804
FEF5
FCA3
F05F
FE6E
05CC
FD60
0914
08F7
017D
07AF
0B83
0816
0494
FCFC
F6AB
FBD7
FE9F
003F
05ED
F68F
F01B
F271
ECDD
F460
0D0C
15E2
0B4F
0E97
1162
FB15
FD3A
06F5
FD3A
F9C2
F7E6
F34B
F4ED
F769
0170
0CF7
0B3D
06EC
0A4E
02E7
F8E6
0786
06DB
FE5D
020B
0398
FC96
FAC7
FEBF
FE25
FD20
FB4D
F532
F6DF
FBCF
FF9D
0AE9
0F2B
0F8F
07EF
051B
064B
0165
02B4
00EC
FA06
F2B9
EC48
EC5F
F403
FC6D
0727
0C60
09FF
05C1
0B36
07F1
024B
0927
0812
FBB2
FAA6
FCE6
F8E2
F634
FA99
FCDA
F772
FA33
007F
010A
0511
0CCE
09D7
0545
076F
0427
FF8B
00C3
018A
FAE3
F2CC
F526
F3EB
F3AB
FE55
01AE
FEF8
02F5
06D4
052F
0657
0B2A
0921
0613
0307
FD75
FD7F
F61B
F814
F9B2
F5BA
FB40
FDDA
00BA
05AD
056C
02C7
03D7
08F2
063A
027D
05BC
001C
F9E8
F208
F90D
FD43
F8F4
005D
04D0
F965
F6EF
FEA0
FD6D
FF8A
09E3
0A6D
06AB
0B1B
095D
FE01
FF19
0613
FF52
FA98
FD16
F87A
F36B
F5FB
F94A
009F
091B
0BAE
0AD5
08A7
0049
F840
F8EB
F74B
FE2E
0A7C
044A
FC33
0098
FE72
F37E
0220
0BE2
0186
01F4
05AD
FA43
FB92
088E
066B
0528
06A3
FAB0
F7E7
F3F0
F1C4
FB32
FEA2
015F
0D56
0536
FEFC
02CF
FF78
039C
0E60
0D59
FFE6
FCAD
FAD1
F1D8
F78D
064C
032F
F973
F70B
F80E
F8C4
0421
0A65
09FC
0396
F884
F68D
0001
0509
0FFF
106D
0032
F9FB
F8AE
F519
FB3E
066D
0530
F8EF
F9A7
FB5A
FCD3
0689
0AC8
0D9F
0356
FCB3
04E7
FD75
FA18
0608
FC62
F517
FFBE
F8D5
F7BC
047E
02B9
0174
06A9
FC55
F7F7
FE32
0084
030E
08FB
09F3
FF6D
F99E
FE26
FAD7
F9D0
0229
047C
0046
FF86
036F
00AA
0005
078C
063C
FD28
FDBC
0309
01C3
FE1E
FFC0
FE1A
F54A
F548
FC30
03D0
039B
035E
05B6
FCB6
F951
01C2
092C
061F
FDD6
FE80
F9DF
F6D4
04EA
08D6
0608
0271
FF41
F9E0
F3FA
00D6
0765
FFF1
0250
FE11
F814
FC30
0195
057E
07C5
004B
F748
F7C1
FBD5
0086
08E7
0A4C
FF49
F87F
F976
F774
0032
0DF0
0E6A
0615
FDD8
F848
ED97
F6B6
FFD4
0A1C
0A9E
00DF
FAAE
F6DD
F91F
062F
0C49
0655
FF83
0062
F44E
F698
0334
0803
0603
0935
04D9
FB6C
F6F2
FFDD
FD89
F36C
F52D
FD9E
F53F
FDA7
0EF3
0D91
0591
0B97
0A0B
F4F3
F1FF
02E2
0833
FFBC
0542
063C
F0B0
ED2B
0055
05DB
0038
05C0
0452
EFB7
F56C
08F2
0A04
0BFA
1939
0723
F0BE
F5EC
F948
FBBB
05E4
0515
02A9
FE52
F264
F83B
FFDC
00F6
088C
092C
F8C2
F19D
F936
05B8
0C3E
128D
13B7
0118
F142
F7F0
FAD1
F948
0908
0D26
001C
00E6
FCEF
F9F7
0545
0781
F7E4
EE50
F1CE
FD8F
FE84
0AFB
1B78
0571
F32D
F580
EA16
EF9C
0CD0
10BD
127E
161C
FDE1
F023
03CA
06C4
FE7C
0780
FA97
E411
E59D
F609
02EB
133C
1A88
1154
00DE
F288
EBC3
F83A
0045
013A
0A9C
0811
F8F5
0650
0CA1
FF42
FD6F
055B
F5C0
EC2E
FBFC
FA76
FC93
0D15
0AE1
02D8
055E
FBCA
FEAC
04CB
FDA4
0133
FEA2
F3EC
FD44
021D
0264
0856
0DE4
FE13
F620
F705
F4A3
F911
0A95
06B0
026A
07C6
05AA
FC51
FFFA
03C7
FE39
FBA2
04C5
FCC3
F546
FD84
01CF
02F4
09FB
05CF
004A
FF8E
FAA1
F566
F747
F9BA
FA35
FF60
FA11
FA1F
05CC
0D99
0841
0AA9
0899
FE80
FAD0
00F6
FBF0
021F
0666
0146
FCC6
F997
F9A7
FA64
0466
0CBC
06CC
0112
FCB7
F5B2
F702
FE64
07BE
08ED
0925
05A7
F62A
F15B
FA31
0326
FFEB
0206
03C2
F568
F03D
FF00
0515
05D0
0D5B
135E
01FE
F8CA
00B7
FFD5
FC7A
0172
04A4
F6CA
F3FB
0126
02B0
0246
06F7
08EC
05F0
FB91
F6F7
0286
0031
F631
04E7
055B
F3A1
FAB9
0290
FEC2
0383
07B8
04EE
FFF0
FB81
FC34
035B
070E
06BD
08AA
FD43
F074
F9FD
FD9F
FA48
0499
082C
FFBB
FD5B
0064
02A5
01C5
02D3
FDC3
FCF7
FA3D
F9BD
00BF
089E
0692
07F9
03A9
FE26
0096
0031
FB73
FCB1
FC19
FA32
FBB2
04E8
08B2
0862
08DE
062A
01D6
F929
F93C
FBC9
FB10
F7A7
FE62
01B8
FCD3
0334
090F
0165
FC72
00C8
FF04
FB76
FE3B
00F6
FFFA
FF45
FF3E
FFBA
0750
0494
01FC
063D
FD98
F772
FA61
F94D
001F
09DC
0398
02D0
0312
FB0C
F72E
FBC3
FB33
FA78
0380
0733
037E
04E0
0A25
0338
018F
01A0
F43F
FCE0
FBAA
F7C6
FADD
F99D
F7B8
011B
0B46
017C
05B2
0B82
FA81
F1E8
FD98
F70F
FC6D
119E
0E1A
0005
01DA
FB8F
F9E9
0378
087B
0265
FB91
F448
F102
F766
029E
0D01
1356
1002
0645
0158
FC2E
FAAE
FAB7
FDA9
F465
F1B5
F824
F6E1
FD0F
0C3E
0FE0
0C95
0BB2
05F7
F803
F4BD
FC85
00D0
0037
FFD5
F762
F806
0549
06EC
0D74
0C75
006F
F8CF
F5F1
FCA1
041E
0AB7
078D
046A
FDA0
F6E4
FECE
FEDC
0150
03D0
FA33
F53F
00C2
0189
024F
09A1
07F9
FBDF
037D
0590
FD2F
0181
0465
F892
F77E
F8A7
FB26
F4EE
FB6F
071A
0389
03E0
07CB
0244
FFFB
00E4
0525
06F4
0206
FFD5
0165
FB27
F6DA
0045
FCD2
FA88
FE4F
FCC8
FDE4
002D
02F0
054E
0214
0410
07B8
FD02
F491
FAD1
F784
F56E
0059
0AC0
04FF
06E8
0765
FD80
FA5B
00FE
FED1
FEDC
FDCE
FAAE
FA83
0267
FC88
04C3
0613
FF59
005A
F884
F669
0020
FB3A
FCB6
0FCB
0D42
FD0A
0B7B
0C32
F8BB
006C
0846
F716
F9E1
FF08
F35A
F40F
FEE9
F89D
EEBE
F93B
0290
017D
0E4B
1544
1051
048B
FECB
0287
0364
0179
034B
014B
F644
EB64
F55D
F6BE
F6EC
09DB
08B1
FAF9
0116
09B3
FDD2
FC29
0C12
0BBB
0409
066E
0750
F1F2
EAE1
FD1B
FE6B
FBA5
07F8
0935
0106
FF9B
074B
06FE
F3FB
FD26
0C19
F7FF
FA99
147A
07F7
F33C
FFB7
FC96
ECAC
000C
0E03
FFE3
F6DA
014A
FFFE
010A
101E
17DD
029A
F3FE
F73F
F7F5
ED1B
F7C0
07DE
FF30
F412
FFCB
FC06
F7B3
120E
1CCA
0D05
0FA4
1156
FB09
F3A0
F11E
EEFE
FA60
FB5D
F957
0941
008F
FAB7
07F0
FD29
F70B
0BD4
FD31
F667
13DF
0370
F15F
07F3
0C76
FCE6
0266
0C45
FD59
E816
ED61
F73E
F3AC
00E8
14AF
0C62
0C4E
11B0
023F
FD1D
01E5
FC7B
F7DE
F4DD
F3B7
F715
F850
FED1
067B
0891
046D
05CC
0520
FAF1
FE3D
0958
FEF3
FA9A
05CC
FC8A
F712
0AB3
067E
F499
FDCF
FA32
F422
FD97
0635
0B88
0DCA
0734
01AD
FD5F
F9CD
FDC7
03E5
FC47
F841
FE05
F605
F60F
0498
0499
0271
05CB
030D
FF62
FE80
0837
0670
FD15
01B8
FFC7
F9A0
FF84
064F
FB32
F757
FDC1
F851
F1D8
03D0
0A19
0433
092D
07BC
FC40
F6DB
0221
FE88
FFFA
11E2
0D91
0203
FD55
F32D
EE9F
EC8A
F920
0777
07D7
008C
01D8
FF2C
FBA8
0814
1046
0682
02BB
F9C0
F32D
F37A
FC7E
03DD
05BA
050B
03DF
FCBA
FBBC
0351
08EC
02E7
0162
069B
FD6A
F608
FF5A
0364
FF06
050C
09B0
F656
F3B7
FEF5
FFD4
FC46
04C3
0A17
FC80
F595
0244
05B5
06E6
0C56
0D74
FE7D
F234
F061
F3DC
F6E0
0039
0673
081E
029E
01CE
030E
0684
08EB
0C36
07BA
FDEB
F299
F4A7
F5B4
FA68
0250
080F
FFE3
FBD1
FD6A
FDD1
009C
03FD
040D
090E
0018
FC59
07F5
0752
FEB4
04F4
0134
F385
F16E
F73F
F909
01C9
0BCE
0A7B
0638
FE2A
FC2B
02DF
0278
039F
0645
FBBA
EF1D
F60A
FB04
FEA2
0ABF
0D90
FFAD
FA8C
0199
F8C9
FB31
0AB5
066C
FAC8
FC16
00BB
025A
03FD
023B
0588
0061
F22F
F52D
FE23
FD41
FF92
09E3
0549
0081
0329
035A
0349
055C
06BE
FF78
F711
F7D7
F8EC
F5E4
FDC2
02FD
004B
FDAC
000A
01E5
FE93
0189
02E5
0321
0187
07C2
01E6
06E6
0840
FBB0
F550
FB20
F389
F554
F8DC
FC01
FA46
0380
0910
0DBE
13A9
0ED2
038C
003D
FD53
FA6E
FC41
FF93
FA5A
F72C
F46C
F881
FE8B
02AC
0354
08CA
0613
FF0E
0041
0273
0454
063E
032E
FCA6
F33E
F66B
016F
0712
0CA4
1115
06E2
F95C
F2AF
F671
FC91
0255
071B
0410
FA7A
FA68
FE00
0920
0D77
098C
01D5
F4B9
EBDE
F295
FC2A
05F1
0786
073C
000B
FCB0
0075
0A54
08A2
042C
FE43
F697
F45C
F990
0356
07A2
0188
FAA1
F9FA
F944
FCC7
096E
0BE5
0C84
0B08
018A
FB32
F8B6
F89F
FEB7
0135
F88B
F925
FD88
FDD4
0259
0FB9
0B84
FCB2
F69B
F065
ECDD
FD24
0D20
0A22
098A
0A0C
0111
FCF9
0656
0A46
FB18
FA40
F9CE
EBAD
EFEA
00B4
07F6
0A3D
0920
077F
FFD7
F83E
03BF
05E0
FD3C
FE93
0070
F2FA
F36C
FE52
030D
0073
08D2
0738
0048
FB6E
0282
0D6B
0819
0161
043D
F76F
EF12
FB83
0316
FED1
04F7
084F
F849
F511
0334
034E
04A3
0992
017F
F88E
F454
F965
FDCC
FF8C
FF3A
04C6
072A
FA88
00BE
0FD4
0334
FE8F
07FB
FFB9
EEF1
FF84
0B17
FDBB
FB21
0268
EF13
EE12
FD23
032B
05CC
0C59
FE89
F5F9
FFC6
FEE2
FF86
0DCC
1002
0789
012C
0118
FC37
F87B
FFB2
048F
0027
FCFA
FC4F
F0B2
EF51
0014
05E7
04AA
08F6
02B1
F9DA
F718
011E
0BB7
09A6
0370
036E
F811
F6BA
0085
039A
0474
08F4
03C7
FB78
F6FF
F035
FC62
08A3
FFDC
014F
0BB3
FB61
F7C8
0EF8
08C1
FB5D
0B6B
0565
F3CB
F896
FD32
F999
0297
0119
F4E0
FDD9
083E
003B
054E
12BB
0449
F91D
FFEC
F27A
F2BF
0B19
0C31
0E43
1582
FD3C
ED04
EF75
ED32
FC11
07C9
00BB
0587
FFDD
F3E2
FD68
0EF6
1734
10BF
080E
F9BE
EA9B
EEB4
F88A
01D0
0B6F
0C3E
0784
FEAB
F872
F80E
FA41
007A
0169
FF3A
FE92
FD8B
071E
04D7
0239
0010
FD12
F844
F4C4
FD4A
00EA
FE2C
0840
0615
FE6F
FEF9
0072
079D
0869
05D2
01BF
F611
F501
F650
FDAC
05B8
03D0
0245
F950
EE10
F4A3
0141
0830
102B
0EB3
03DC
0179
0389
FE46
0297
FEC4
F831
F15E
F1A2
F910
FCBD
0571
0CD4
0310
027C
0134
FF7D
02A2
0069
03B7
FEC1
00B9
0420
0082
0042
FBF2
FB55
F962
F315
FAAC
0083
02D5
0705
0A5D
04EB
FB29
FFBD
FD9B
FBF7
0749
04EC
02E9
001C
F8FE
F9C8
FE71
0481
080E
0BE8
0382
F845
FE59
FEF3
FE3B
070C
0434
FB28
F969
F8D3
F712
FE45
0772
016D
FE5D
0582
FDB8
FB0F
05ED
0995
FFB6
03AE
0AB0
01CD
024F
068C
00B6
FD6E
FAF0
FC80
FB38
F6E5
FE83
FF6B
FF5A
FE55
FF32
FEDB
FAB2
F8E4
07A2
0AB1
06FF
06F1
0514
F7DB
F7D9
FDBD
018E
0202
06AD
026C
FA1C
FA42
024A
008F
0260
089D
FF17
F971
003C
FF54
FDA6
04B2
04D7
FD07
FF28
FFEE
FA58
FE3A
0240
FCDE
FA98
007C
0230
0475
06CD
0A03
FFBD
FC4B
FA21
F13E
F5E9
00AB
FB7E
FEDD
064B
00DE
FDD7
074D
0BE6
08E4
069E
02E0
FE0B
FBFE
FABE
FC66
FFF7
FBE4
F826
FD10
FF3B
F933
01BE
0647
FA56
FB0D
00B7
FF96
0617
095F
0B31
0751
FD5D
FB1C
FD4A
F9BA
029D
08D3
0032
FDF0
FE5A
F555
F79E
043D
0475
0128
00B1
FD19
F9AD
FC6F
0509
06CF
03FE
0237
FE92
FD77
FBD6
027C
076C
024F
F9F5
FCC7
F4A9
F72D
0787
0EE9
076B
0573
FF1C
F3EC
F676
FD57
00E2
0393
0335
0463
FCD3
FBC2
03BC
FF4F
0460
0C47
0460
024B
010B
F719
EDCC
FD2B
02F6
00EB
0658
0329
FAB3
FDB0
FE60
FE06
018E
0337
FBD0
F941
FC07
0494
07E0
0D48
0E13
0AA7
001C
FC6A
F6E2
F22B
F831
0051
F6F1
F921
FE33
F984
02FA
154E
1062
04BC
054C
F894
EF9E
FEEE
015D
0093
0F96
01A0
F60D
FAB1
F90C
FD71
06F5
FEB7
FEB9
0341
F7AD
FD04
08F8
0261
02E4
0C45
01CD
F9A7
FE3F
FE7F
FE96
068D
088C
FE67
FB92
FD0A
FE60
FB27
FE76
06C9
008B
FA5C
0029
00A0
0047
FF1C
0481
FF8C
F980
053D
06B0
FC78
003E
FC71
F62D
F8FB
0447
06EF
01A0
0518
07F9
0175
FA8D
00F6
02D8
F2DA
F9E2
0354
F433
F72F
0C71
057D
01E8
0F7F
0C60
FD5A
FD5B
FF9E
F461
F2A5
FD72
0029
F578
FE88
0D09
032F
FA98
0712
00CB
EF34
FD42
0ACC
0447
0149
040E
0161
F740
0091
0F41
03B3
FC00
FCFF
EEDE
EB18
F8D6
05AA
075F
08D2
0969
03D3
03A0
0B97
0935
FF18
F4BD
F6CD
F649
F603
FF57
0370
FAA7
F64B
0048
07A3
06C0
0CB2
0B93
FE12
F939
009B
F5A4
FB9E
1A80
0F5C
008C
0919
F965
DC3A
EBA8
00BA
F8A8
0458
1166
FD2D
F3E9
05C0
0B63
0909
0F53
0AD1
F51D
ECCC
F613
FF82
08E5
0C7F
0DA3
061C
F8EF
F3BE
FC2A
FC5D
FFB7
04CD
FF7E
F597
FC63
05BC
07F6
0846
0B43
02D7
F0D0
EAE0
F3E3
FF44
0ED1
177A
1467
0799
FE36
F952
F74E
F79A
FE7B
FACA
F721
FDBC
F85C
F6D1
0D76
11B2
0034
FB93
0434
FBC1
F52B
094B
0CDD
F52C
FA2F
FE47
FA9D
0C0E
11ED
0EA0
0FB9
F353
E2FB
F29C
EC80
EF2F
0A82
FCA6
FD43
0C08
01CB
07C1
1514
1155
0EBC
0698
F43B
E8F4
F15D
F9B8
FC3A
0AF9
0BD3
FC66
FDE1
FB87
F668
0232
F9A1
F5A4
030E
FC96
0021
12DA
1257
0D24
07B4
F775
F68B
F651
F80F
F99E
FF0B
0100
FCE8
028A
079F
0432
0D86
0612
FD0E
FF9A
F033
F075
F6DE
F78E
022B
074B
00C8
08ED
09F4
010C
0342
053A
FB67
00B5
FFB7
FE5A
FF26
047A
FEF6
FD97
0422
00BD
F9AE
04D8
0031
F7CC
F62F
F3ED
F8A5
006F
07F3
1183
0E67
079A
0C31
0123
F819
0493
FCF3
F1BA
F64B
F35E
EE8E
F75A
FF23
026E
11C6
1258
08D7
0D86
05DF
F83A
0145
FADC
F304
00F5
0018
F618
035C
09C6
FD71
FD21
FDE2
F7D1
FC35
0027
02B5
04D0
0630
0396
016B
09DB
07EE
FEEC
039B
FD63
F0D6
EEC6
F528
F9F8
FF67
0A63
0D99
0782
01DF
0121
033C
FEF7
04AF
0AEC
FD59
F271
F512
F71A
F074
0074
0E1B
02EF
FB18
04CE
01E5
FFFE
090D
113D
08FA
0094
0086
FD09
FAB5
FE48
FBA7
F6AA
ED7B
F32E
FA1B
FC7B
0727
14FE
0AD5
0085
0776
07D1
FD36
070D
09A8
F881
F4B3
F8D2
F336
FB7B
08A7
0404
05CD
078F
FD22
FC18
0222
FE7B
00C8
0537
FEB7
FB2A
0019
02C8
03C9
008C
FFE0
FBFE
F9B0
F805
01A9
040A
FEFC
0423
08F4
FEA8
02D8
0BCE
05CC
FFA8
FEE9
FD10
F97D
F757
FFC3
FF79
F780
F771
FC1B
0034
0117
0958
10B6
0662
01F6
0436
F9A2
FFD9
07B8
F8FE
F42E
F946
EF94
F0DB
FB41
0609
00D7
00F0
06EA
06F6
0549
0CEF
0C23
08A0
06A7
FDA1
F83D
F776
F423
FA97
F71C
F68D
FDE3
FF7C
FFC4
0B9D
0CF7
0121
032B
02E2
EE9C
F204
0264
0085
07EF
0ECE
00AD
F892
FACF
FB6B
0107
09C1
0C6B
03F2
FAB7
F63B
F967
FDE6
04FB
0AE7
04E6
F970
EFFF
F75F
FB7B
FC71
0A94
0B09
FD6E
02A6
06A6
FBBE
0715
120B
0685
007D
05AB
FE01
F1A4
FA29
FF6E
F46E
F81D
02EB
FEBA
F53D
0245
0DA0
0330
0975
0E94
FEA4
F835
02F3
0646
02F8
08FF
07D2
F7B9
EF43
EFB7
F473
FA4E
0829
0B44
02C6
038D
0467
FF2D
0583
06CA
079E
FEC3
F991
FB9B
FB5B
FEB4
0187
022E
015E
F878
FEBC
FF9D
FA62
FF2A
007D
F649
FBC7
065B
04FF
0929
161C
098D
FEAF
FCC9
F4E2
F012
F81F
FEBA
FF6F
F97B
FA6A
FBDA
FE65
08CC
1039
0878
0026
FBB7
F3AF
F568
FEB4
012E
FE90
03FC
FE44
F788
0173
0F67
0A09
047D
08FA
0170
F679
FDFB
0858
0397
F629
F7AA
F8A5
E8E7
F4CA
1019
0802
02B0
0948
F683
EBE1
001D
0C0E
08DB
0C7E
0B16
F80B
F5E1
F999
FE9F
06BB
022A
FCB4
FEA6
F167
F3C0
08BC
0A2F
02AB
0DBF
0138
EF93
FDED
0BBF
0217
0613
0E63
FA1F
ED51
FE3B
03D1
0445
1107
0A05
F56F
EBA9
ED44
F388
FB05
06D3
0A27
FD1B
F561
FF50
078F
0AC7
1961
2025
00E7
ED40
F289
E99B
F102
0D9A
12AC
0091
03A5
FF75
EF61
F443
09C2
09ED
FFF0
00D7
FC03
F5F4
FBB5
0971
1294
0D45
02FE
061F
F7C2
F064
FE24
001F
F92D
0370
043D
F02D
FC7A
162C
1185
0787
0A53
F8E3
E810
EB8A
F515
F727
FB90
084C
0E28
0519
0752
15B3
0896
0149
0447
EAA3
E9A2
0003
FA69
010C
154B
0043
F674
F8EE
F53A
01B2
05FA
0587
11F7
01EA
F05E
00C5
0C9A
023E
0C46
10D7
F564
EBEA
F7D3
F189
F8D7
07F4
0A86
0591
FE5B
FA37
F8CB
FE89
0760
08C4
0361
F911
FE98
00B2
FC79
0638
06BB
FBDE
F371
F7BC
00A3
F71C
0703
125E
FB98
FE80
05AE
F5BA
02CA
1078
FFD1
FB28
FEAD
F68E
F584
004C
0929
08B8
0718
FDD5
FA99
F87B
F6B5
05A4
0B88
04E0
09A2
06B0
F681
F9AF
FEB3
F31C
F470
0177
F57B
F3A8
FE8C
0319
080D
0DE1
0D31
0950
FCCB
FB27
FCEA
F994
027E
0578
FEC7
FA0C
FDD2
FD83
FD28
0769
09D4
06D8
0161
F7C8
FED7
FD4A
FC00
041D
04D7
FA45
FC27
FF63
F8E0
0060
0588
FA97
FF13
FC59
FBF1
0798
0B08
0C77
0B04
034B
FEE1
FF94
F962
F999
FB3E
FAA1
F76D
FDA0
FCB5
FC3B
045C
0809
03BD
034A
0456
03DB
FF31
0539
0451
030E
001D
F940
FE6E
FE42
FC8F
058C
045D
FB2B
FAA9
01BE
FF95
02CE
0AC7
00C8
F639
F9B3
F947
FD33
0481
09A3
093C
FB42
F607
FDEF
FC4E
031D
0B12
0453
FB06
F869
FCF1
FD53
0124
0770
046C
FCE1
F830
FF83
028A
022E
0830
0B2C
0104
FCEA
0037
FEE8
FCDF
0305
FF3A
F7D4
FF12
0248
FE50
0492
096A
FF37
F491
FA57
FAC6
F40B
FE9B
0922
01D0
FD8D
0677
049A
0327
06AB
0B43
FEB5
F993
F951
F3F6
F510
FE24
0561
043C
FDE8
0025
FD31
F9B6
0407
0A4A
045B
06DD
0245
F91A
FD79
03D5
05B4
0334
02C0
FAEF
F322
F539
FCAB
0185
07DB
02CC
04C9
044D
FDE7
FF5B
046A
FDDE
FB52
04B7
FC60
FD3B
073C
FFEC
F77E
001F
F792
F8E7
00F0
05E4
01AD
01B9
FE79
FFFE
0537
033A
00B0
0E0D
02AA
F643
FDD1
F936
F56E
09EE
06CC
FAE8
04A9
03A1
F503
072E
12CA
0488
0426
0673
EE38
EE3B
FE74
F90F
FE6F
053C
F8D6
F5ED
01C8
071C
0BFE
12BB
0889
F907
F289
F523
FC6F
066B
0F41
07D1
0225
FD10
F627
F7D6
020C
05AE
01C4
FCCD
F7D8
F70B
010E
0502
0638
0921
080B
FF64
FB85
FAED
FB8D
FF1D
01E2
03A0
FF85
F940
FCCE
0560
0306
05DF
0452
F733
F485
FCE4
0197
040F
0E78
09CB
F77B
F349
FA1F
FAB6
0807
08CF
FD16
FD2A
F8E8
F8AE
05E9
0B81
065A
0487
0543
F522
F868
FFF7
F77F
0026
0571
FB2F
FB92
041C
06DD
0A07
0B4A
01E0
F9C5
F5E1
EE94
F293
01B9
0279
03C1
05E8
0298
06E1
0659
075D
0C39
FEEE
F093
F4DD
FB67
FE78
0594
0C98
0825
00A5
F9C5
F446
F60B
FBF6
FBDA
00C3
01FB
044C
0326
FF97
0E9C
1070
0137
0659
02AD
EAE6
F12B
02FF
FA49
FD41
0C66
0242
F9B2
038F
0060
0519
0C14
FBCE
F8B9
FECB
EB37
EBF2
0648
01C6
FC6E
11BB
10CC
FB9F
01C2
0AE7
F5FA
FE4D
1072
016A
F483
F7A0
F5FB
EB81
F58E
0A31
0D3D
01F5
0343
FE43
F367
006F
09EB
034D
0ACB
0D9D
FFE9
025C
067F
FA84
F684
FF25
F96F
F28A
EEAE
F62E
FBCD
FFC5
07D6
0CA7
0B97
0288
00F5
02CF
FD8D
0282
0A14
0437
FC69
FEBF
FDAB
FF33
0357
0165
FB38
F32A
F536
FF60
0B3A
0AA0
10AD
106E
FE2A
F1DE
F18F
E826
FAA3
0C9D
03D7
07D0
1061
FC5C
F684
06D1
0464
F7E2
FEEA
071C
FF6E
F62E
05BC
0928
FDA5
FEC5
F7A0
F2E9
0182
06D3
0713
0FC9
0415
F77F
F738
F87C
0507
0DE3
0CB5
135E
047E
EA7D
F089
FF9E
FBBC
FAA0
FEB0
EA40
E5E2
F7FB
0809
183B
203A
1AB0
1342
FF6D
F22A
F2D1
F88D
F659
FAF2
00F6
F5F4
FA49
0B52
FAE3
03B5
0DF8
F615
F5FF
020E
FC7F
00CD
0F8C
10FC
0332
FAF2
F9FD
FBC6
F85C
F96D
FEFD
F5F9
ECAC
FAAC
028E
0536
13B1
15BD
013A
F997
FEAF
F71F
FC48
0B8F
056B
FCCB
F8B5
F56E
F5B0
FB2E
0587
04DC
0315
0486
047F
0156
0622
09B7
0789
F860
EF6D
FB61
F5B1
F74B
0A08
0000
F630
FFB8
FDFE
FE7B
0750
10AB
0C34
01D5
0115
FD93
F52D
0138
0FBE
0275
FEEC
FC9F
EC06
EAC6
F958
FE6D
03F7
0D8A
08A2
024B
02E1
036E
04D6
06F4
0690
00AD
FC1C
F84C
F95B
FFAA
FC21
F835
FF50
FBD3
F9D7
07B9
0A53
0110
0383
03D9
FEB7
FDC2
09DE
0A06
0011
FFBA
FD9A
F812
F2A3
FDFD
0514
FDE1
033C
0805
0281
01A6
0511
0751
0287
05EF
0552
F79A
F862
FA68
F94B
F8B9
F902
FF04
037F
0146
0557
06A8
0140
FC8F
0063
02AD
028F
04D6
071A
0307
FE1A
F8DF
F6BA
F956
FB29
00AE
01C3
0046
FE8C
036B
0015
033A
0E8B
0AB4
0531
045A
F967
F19D
F2FA
F986
FCBF
FBD6
FED8
037B
FDED
FD4A
0528
02A9
00B9
07B0
06FB
008C
02CF
0822
01B7
FAE3
FF3B
0095
F69A
F847
FF66
FBFE
FA20
04CB
046D
FC26
F9AD
04C6
0089
00F0
0A84
07D3
FF0C
015E
FCDB
00BD
023E
FE48
FE50
FBF5
F200
F8D9
0188
FECF
08BE
0E3C
FF25
03B6
0A32
FD9C
FBA9
03DB
FD94
F6F1
F982
FD6B
FA08
FE69
011B
FB27
F836
0343
08BA
0831
1308
100A
0382
FA26
FC27
F609
F394
FF1F
F944
F178
F2FC
F87D
06BE
0DCD
1021
0B53
0635
0048
FCC0
FACB
F9D3
003F
0702
FE9D
FBE7
FD39
F2D0
F514
03BA
0495
08B0
092D
0324
FFD7
003F
01B8
09A3
0DEE
0317
FCBB
F837
ED18
FF3A
04A3
FCDF
FFFE
FDD9
F16F
F81F
07E6
08D0
0BB1
0DD7
0128
FB12
F800
FA95
044C
0756
051B
0273
FB6F
F6DE
FCD6
FEFC
FD39
004E
021D
F7C1
FCAF
0676
05F5
0978
0AF3
02D1
F8CD
014F
FB69
F46F
02BC
F65F
F305
FCE7
FC0F
049A
0C4D
0F8C
0F6B
08A2
FFFE
FEBF
F938
F8D4
FDCF
FB3D
F512
FE6D
0494
FEE4
083F
081F
FB83
F5A0
F627
F6BB
FD50
0A0C
1023
0E3B
086A
02AB
FD8E
FD13
F9DA
F899
F9FF
F66F
F206
F8B0
04B9
0B57
0DB9
12EC
0857
F81E
F6F4
FFC0
F9B6
FA32
0BA3
0276
F677
F989
FAFE
FA19
0345
07F4
04FA
FBA0
F9C2
FD6F
002B
071C
0CD4
0BEE
FF98
F278
F43B
F68B
F85A
0011
0B09
FE9F
F1E4
02B0
02B8
FC0A
0B86
0BB2
FBED
F8E8
011F
FDE7
0333
13FE
06C4
F1BD
FA93
F458
F122
0270
0AEA
0218
039E
FDD1
F9AF
FF9C
FFD0
02B5
0AA6
0392
FD49
0444
F881
F20A
092C
0105
F547
0AA3
05C8
FC03
0A8B
1147
FF6D
FE81
FC91
EB04
E843
F651
FB5C
FD6A
063B
0F0B
093D
0A23
1085
0E86
0225
F6F1
F780
F7D1
F399
FF99
0AC8
0283
FE4D
09FE
038E
FFB1
053C
0162
EFDB
F07F
FC7F
FC5C
011A
0F14
07A3
F78E
F97C
067D
0247
03DF
10BD
09A5
F8CF
F896
FB1E
F625
FED2
0A57
0487
F172
FABE
0658
FED8
065D
1585
0592
F2F9
F0BA
E9B7
E96B
02FC
1A85
107C
1401
14A6
F654
E98E
F68F
FB8A
FA01
FC18
06F7
02C2
F1E4
FCB0
1291
106C
065C
09AE
F58E
E743
FAFF
FFBE
FFF2
0F40
0B45
040B
FD58
FED6
FBD0
F299
F945
F73A
EFFD
FA1E
040F
0BD6
109D
0C83
0B4C
FFCB
F81E
F5D1
FB92
FC0F
0107
0613
FD9F
F751
FEF2
F8DD
0062
0FB8
082E
001C
0368
FBC4
F72A
FFA4
0739
02A2
03C4
FE92
FA93
F792
F470
0597
043D
0186
0CAD
02A0
FF17
0988
0296
FD31
FAFB
FB75
F84B
FAAA
00B4
0295
FEFD
FD87
FB0D
F8FD
FA81
09BD
0BFA
FE3C
FBCB
FED1
FAB6
042C
1144
0E46
02EF
FFBE
F58B
EFBC
080C
FF32
F32E
D81E
CCF9
BE3B
BBFA
E26E
2449
502D
718B
7FFF
7FFF
4A85
0615
C67D
8000
8000
8000
8136
A7B8
EC12
459E
7BE6
7FFF
7FFF
5C28
0E63
C6F8
96CB
919A
B5EC
E79D
2194
39AA
4126
3EFD
1C95
EEAF
C8EC
A659
9758
AA40
DE84
1ABB
4F0D
7C6F
7FFF
5895
2EEA
FE99
D0ED
BEEC
C376
CB01
E49C
0188
1B6F
23A7
1C8E
0FA6
EDC9
C500
B69D
BC32
C94E
EB32
1A3F
3707
43FD
4C96
3C10
1CC4
FD3B
E2FB
D615
D5EC
E81C
FD7C
029D
13A9
1C73
0C4E
FE23
F8C5
E7A4
E336
EC7E
032F
16F9
23E9
2AC5
22C2
1430
0FBB
FCF4
E8F3
DD44
D710
D81A
EC77
0F5A
1F58
1BAF
0CC0
F873
E8C0
D84C
D4FE
E47D
E44D
F3ED
174B
28AE
393D
3773
20E9
0CFE
F6B8
EB72
EB83
E5F2
F0A6
F77A
FA93
1612
245A
1107
019D
F6C4
EA98
DF58
EAF2
F360
F53E
0386
15B0
2098
2413
1524
FA32
DEF8
CDC2
BF63
AE4F
C079
F85C
3499
61DB
7FFF
7FFF
7FFF
2970
E9EA
9D96
8000
8000
8000
8000
A290
0C6B
7300
7FFF
7FFF
7FFF
4643
DFAB
929F
8274
94A6
BF33
0AE1
3E30
4D90
5ACF
49DD
0916
C92B
AB15
8A27
8000
AF42
F348
2C64
703F
7FFF
7FFF
5C48
22BC
E7E1
B906
AC73
C75A
DBDF
F25B
1816
2746
1D5D
1384
FA63
CAD7
A179
A22D
B421
CA79
FFCD
3BEE
514B
5A1A
5850
3BF2
0879
EA75
D8F0
CB0D
D92A
F504
011C
1ACE
2776
23E0
14FD
FDC5
E40F
D91D
D2B8
EBAF
11C4
21DD
294C
2FEC
2628
1149
FDA2
ED41
D167
C816
D535
E11C
FDF0
2204
27AD
1B53
1325
F705
D3B3
CF70
CBB6
D189
EBA6
072F
2A09
3F94
3E16
3D75
244E
019E
F093
DD90
D434
DFAD
F680
0C72
1AD4
2965
28AB
1232
FAC9
E6B6
CBCD
C6C0
D5E8
E471
F863
187B
2C25
308A
280E
176C
F8A7
DD44
C69B
B72A
A30B
A0E2
D409
2711
6BAB
7FFF
7FFF
7FFF
7775
10AC
BFB0
8000
8000
8000
8000
8000
CB5A
492C
7FFF
7FFF
7FFF
7FFF
2378
B694
8000
8000
9A58
DA0A
279C
49FE
573F
6531
45AC
0327
B88C
8000
8000
8000
C1C0
18A3
5CB3
7FFF
7FFF
7FFF
6219
299F
DE25
A82D
9E8C
B5B7
DD6F
0C85
2DE5
25BD
0611
F968
E293
B886
A292
98A7
9834
C3A2
161B
582D
6C6E
6CAD
50C9
2361
082F
FEC6
E809
CFED
D4AA
E7B1
0570
2A5F
391B
1C44
F577
DEBF
D586
E1B9
EFF3
07F0
119A
0FAC
2AAA
3B1F
2229
0B10
EAD0
CD45
BD98
CF3B
F443
006C
1481
2753
156E
15BB
0FC9
E96F
BDFB
B3B2
BEC9
D13F
FA9B
2CAC
4259
4436
40E1
32C2
2098
FEB7
E69B
D8EC
D06C
E64F
07EB
2103
30E0
2A9D
1802
FF30
EC6B
E4AB
C7EE
C01F
D978
E268
02C5
2C7E
3059
3138
1AC9
F8B1
ECEB
CE65
C30E
BCD2
AEE5
D7C8
1165
522D
7FFF
7FFF
7FFF
5F7E
FFEA
D2D3
82F3
8000
8000
8000
9FCF
E563
3907
795C
7FFF
7FFF
6A75
1672
D5C1
A09E
8F28
B195
D4E9
1475
3F46
42D0
4295
2436
E356
BD02
A8FC
99E4
AB60
E172
102E
3B05
70FE
7FFF
6D78
45B1
10D6
D245
B05A
B63A
CD33
EC09
0365
1646
20FC
1A3C
074A
F68B
D49F
B893
B63B
C28B
DCF6
14A6
39CF
499C
5452
487D
2394
FF42
E5E4
D6FA
C978
DA81
F2D9
FFA5
0FE6
1452
0F1A
0783
FC11
F26B
EF05
E6CD
FFAC
12AC
1A64
34C7
349B
1CF1
0F88
F8BC
E61F
D2E7
D633
DA30
E55B
FAC9
0E02
1A9F
13FF
07B0
F8A9
E1AF
D5E9
DF75
E2F1
F608
141D
2408
31DF
2E56
28FC
1779
F78F
EEB1
ECD1
E1B5
EF57
FBCF
03CC
11AE
1E08
19D4
1022
FCDF
E7A5
D348
DBF0
E77D
EFDA
056E
1A0F
218F
22DB
1B44
08E1
F53B
E376
D1FC
C8AF
C015
CDD5
F191
29DD
49C1
6D7E
7FFF
77BC
34ED
FAD2
B54F
8000
8000
8000
9165
B8C1
02B1
4ED3
7FFF
7FFF
7FFF
4555
FF87
BE35
9CDE
AC80
C9BA
F1C4
1527
28CF
3160
329C
1BA1
F386
C618
A283
97C0
B53C
EBF0
2231
50EB
7197
6C82
4BBD
2A44
0231
DB05
CA2F
C80D
D855
F2EF
0832
168D
18A6
0B29
F888
E1EE
C937
B840
BE0B
D07D
F3F8
1D35
38D6
457C
45FC
39F5
20AE
02D7
ECFA
E077
D690
E15E
F7C5
0497
12C4
1823
0C24
F904
EDB8
E85B
E9DF
F9F2
0C9C
0CF8
1BD3
26D1
1C16
124A
090C
F407
E10A
D75C
DABB
E75C
FF10
0C4E
193D
19A8
08E2
FD4A
F0A7
DBB5
DD08
E597
EDC1
093C
1B80
296D
3431
28C3
17D9
FD1F
E62B
E5FF
E311
E558
FCC3
0C4B
129E
1AFD
1D11
0F96
0016
EEA4
DE1B
D90A
DEE7
E828
FB20
0B68
1C77
2386
1EE9
11A0
0143
DF71
C116
A4CD
A7C4
D982
282C
688D
7FFF
7FFF
7FFF
4740
F55B
9D88
8000
8000
8000
8000
8585
F901
743F
7FFF
7FFF
7FFF
7CA1
02C5
8477
8000
8000
8AC4
EF41
483B
5CCC
6AA4
67C8
296B
DE5C
AE4E
821F
8000
8B42
D777
1B88
70F9
7FFF
7FFF
7C68
3B23
F92D
B4F9
99FD
A956
C715
E644
11A9
332E
31E6
1936
093D
DB51
A11C
91FB
9B0A
A4ED
DF8F
30BA
58A0
6FA0
7800
4FF0
1E88
FAB2
E62A
CB49
C970
DEA3
EED6
05B6
20B3
2070
1B01
F963
E4D3
E49F
D09E
E734
1A3F
1F92
2D89
466B
30E0
1085
08F0
F1DF
C51A
BC2A
D57A
D7C2
F345
1D80
265A
2152
18D1
FE88
DDA4
C271
C4E2
D014
DF9E
0A05
32FB
4A26
502B
4800
2FF8
0347
E0BF
DC05
C3B8
CC0B
EFDD
01E6
2413
2E6B
30FF
250A
FC84
EC98
D84A
BA2E
C6B5
E0A3
EA9B
0E16
33FB
432A
2611
292D
1026
D853
D012
C8AA
B43C
CAB3
C9C4
DAD7
0944
4663
758A
7FFF
7FFF
7FFF
3006
E20E
AC18
8000
8000
8000
8000
A59A
E5B5
4D4D
7FFF
7FFF
7FFF
610A
0218
B3AA
8B7D
A94E
BBEC
E89C
2BD2
32BA
2BA2
4041
1B98
DCBC
B60E
A1E0
8DD8
A829
F781
39E8
5E44
7FFF
7FFF
578C
21A8
F9EC
CE01
B0B3
BDD0
E44E
EEE3
0A55
289E
1CAC
0248
F418
D783
AEB1
9CD1
B4CA
CA01
E993
2DDA
558B
4E86
4F40
3F28
1676
F4ED
EB65
E641
DB18
E836
048B
0FA7
1825
2531
0E7C
EABD
DBCD
DCC4
DE50
EF4F
1BEC
300A
28CF
3869
32E4
0F1A
FDEA
F07A
D6B9
C4D0
CAEE
E1B3
F173
0D16
218F
18A4
0734
FB24
E47A
D16B
CD1C
DCA4
F302
0853
2FD3
4C45
444F
3BB2
293F
06AF
E3D6
D663
D865
D746
E8F0
0A22
1632
22E7
30BF
1BD8
0212
F1FE
E0D9
D0B2
D157
E348
F414
01BA
176D
2721
21A9
119C
0271
E6C2
D3F5
CE00
CCA0
C85F
E0AA
0CF5
38DF
5AC2
7BB0
7FFF
68E3
18F4
DD83
A50C
8000
8000
8E66
A54B
D0D7
19A5
5768
7DE8
7FFF
7860
31C4
ECD2
B69A
933C
9BB7
C821
F311
1D3A
396C
38F0
2E4D
0BAE
E163
C38B
B20B
B2CF
CF6C
F991
23BD
5247
6BF1
66A8
4A40
1FB7
EB60
C5B7
C040
CA18
DC6B
FB11
1885
2054
1E51
1C87
0395
E4D6
CCFA
BBB3
B769
CC46
EE87
194F
32C1
439E
4747
3000
0FA9
FCD8
E6FF
D8FA
DDB4
EB8C
F619
0545
1631
1AF4
0AEC
FF4D
F877
ED48
EC1D
FE11
0479
1093
28FC
2ED4
28CD
246A
0E2C
F652
E0FC
D6C4
D1C5
D5EF
E404
F50D
0700
08FF
0B3B
0A58
F15A
DFC7
E8E3
ECCB
F7D6
0E11
1BD2
2172
2104
2B1E
1EFB
0471
FDEA
E935
DA82
EAD4
F72A
FE44
0969
1633
17EB
11BC
11B6
05BD
E73A
E123
DE36
E2EB
F9CD
0562
0E64
11C7
0992
060C
018B
F70E
E5AE
CB64
B063
C81A
031D
3DE5
5C4D
7FFF
7FFF
6CEB
22CF
F23F
A64D
8000
8000
8000
8000
BD1B
2071
75CC
7FFF
7FFF
7FFF
400F
E9B7
A7DE
8995
949C
C9E3
0721
2645
3996
456C
3883
1128
E725
BBE9
963D
8D92
B8E9
FC92
3423
65BA
7FFF
6F99
4126
1A83
EF5F
C5E1
BD24
C275
D26C
F2C4
1B2C
29D3
18B9
0FA3
FC56
CD16
B95F
BDE8
BB85
CB7A
026D
317E
4722
5093
4B85
2AA9
0AB5
F780
EB71
DF67
DFED
EC86
FF16
0DE7
1C89
1AEC
01AA
EB5F
E389
DFA2
E612
FF23
18BA
1B61
26F6
340C
24F5
0F53
FF0F
E89A
D313
CDB2
E0AD
EE6E
FD7B
1494
15E2
0E1B
0482
EF7A
D994
D18C
D8C3
EC1C
FECD
1CCC
2FB4
34E3
3B06
3112
1B84
FC89
DDD0
D759
D643
DBC5
F647
0B40
19A8
23A9
2014
10BD
0070
EE36
D6CE
D2A2
E7C6
F03F
FFCA
1DEE
208B
1E32
1A11
0702
F5D0
E11F
CA6F
BF89
B2D1
AC03
CC84
19E6
6067
7FFF
7FFF
7FFF
7FFF
1615
C4D7
8000
8000
8000
8000
8000
BB11
3883
7FFF
7FFF
7FFF
7FFF
453A
CB32
8000
8000
85AF
C1AA
2241
52BE
5B99
62F4
472D
00CC
C05F
92DF
8000
8000
AFE5
03CC
5688
7FFF
7FFF
7FFF
52F7
1451
D5B3
A9CA
A2B6
B4D6
CF0C
F66A
20D0
329E
2560
0992
EBAE
B544
97BA
9FEC
AB59
C8E6
0DE3
4B86
6B3B
7ADE
699D
3664
FA82
DFAD
D3BC
C6CE
D9D6
F304
FE16
1E91
322D
23CC
0EAF
EBE1
D248
C751
D9AA
0082
1FAA
2586
2D42
306A
2239
1A1D
07F9
DDF0
BA14
B141
CFE2
EC42
146D
323E
2326
11E2
0791
EE88
D62C
C25F
BEC0
C72F
EF16
2BF5
4EEB
5B4E
4E42
306B
1E8E
FCC8
E6C3
E0D9
C3DB
CCF2
F7AA
0E2D
2AFD
329B
1AED
05DC
EFD3
E2E5
D0B6
C50B
D58D
D94C
F7A4
2F6D
38D5
344A
25D6
FE60
EE84
DB1B
CB9D
D461
C342
B775
DF0D
1A61
540C
7398
7FFF
7FFF
68B7
19E4
DB16
9E68
8000
8000
8000
987D
CC76
2247
6994
7FFF
7FFF
7962
3387
EB70
A01D
8957
9FDC
C339
02A4
28A3
318F
383F
2FA2
0D08
D940
BA8F
AD79
A1CA
C48A
03DD
36BD
682C
7FFF
736E
49D4
118C
E5AD
C6FA
B853
C687
DE96
F3DF
1607
281E
21AC
0DB5
FA4E
D919
B6A3
AF57
C134
D23F
F779
2623
4127
4D16
4C7F
3665
1486
F282
DF1C
DC6C
DD8F
EE9B
FED2
02B8
0A59
134A
0C4E
FBEB
F4E4
EC61
DD64
EFAA
1665
26C9
35BE
3E62
24F1
0EDE
0468
EF74
E11A
D8AD
CFA6
D4DA
ECA7
0647
131C
12FD
FC2A
EAB1
E153
DC46
E508
F9D5
FBBD
0839
236B
3BA0
3D23
3809
1C83
F6B0
DE54
DDC6
E26B
ED56
F5D9
FF50
0A2B
2057
2A97
21E4
02C9
E5D5
D4F3
D3B6
E4DC
00C9
0593
02B9
0B72
1549
116C
0F08
FBBE
D5ED
C22F
B94A
BE7A
E9DA
21F4
4B27
6588
7FFF
7FFF
634B
0DD2
C080
8000
8000
8000
8202
B04E
E564
33F4
7C33
7FFF
7FFF
7A31
1E0C
C31A
9253
8E3C
AEAC
E1DC
15A4
2AA0
2EFF
375B
2D96
0013
D144
A570
8EB6
9CDB
D76E
1EDC
5453
7532
7D75
61EB
394C
17E1
E20E
B5B1
B0A6
BDCD
D918
FF94
1DBC
23C6
17AD
093B
FDF8
E7DC
CB24
B903
BE4D
D627
0792
38DB
4B1F
49FD
3525
138B
FDFC
F58E
E8DE
D536
D279
E9CF
029C
178B
2EB5
23A4
035B
ECEF
E6CD
E658
EF9A
0310
FF37
037C
1C77
23D2
28BF
2777
1097
F194
D8B0
DD99
E974
EF5D
FB85
0437
07CC
056B
002C
FAA8
E2D2
CBFD
D756
E754
001D
25F9
2FE5
31FA
2F2C
221E
1949
065F
EE93
E4BA
D0E2
DBF7
F91D
04D9
0B18
1AA6
10F6
047A
FEA4
FDF8
EABF
E3B5
E9F9
EF3F
02E5
1C36
1C5C
1833
099B
F67F
DD9E
C978
B266
AF39
D3E7
1E23
5A7C
7FFF
7FFF
7FFF
53D7
FE2E
A9EC
8000
8000
8000
8000
8000
E83E
625E
7FFF
7FFF
7FFF
72FA
06FF
A5ED
8000
85FF
A5C8
F0C4
3CF0
53F7
554E
528C
1E03
D9BF
B094
8B4A
8000
8AD9
D0DE
18DB
662D
7FFF
7FFF
73C4
3C32
061E
CB08
AE7A
B3E5
CCB5
DE9E
FE90
258A
2A67
11DB
FFB6
DF59
B09D
A6FA
B868
C28E
ECEF
2D98
4D78
5920
608D
43F1
0EAD
E643
DE08
D164
CBC5
EB1A
0298
0D00
22EB
2FB9
1EC7
02D9
EACD
DC7B
D287
E2C6
0DEA
1BC5
271A
3240
2720
0CBB
00E7
EE4D
D050
C8EB
DB9B
E62E
0322
1FA3
2DCB
2B38
0F17
FE0E
DD1B
BA3D
BDEE
C759
D8D0
FFD5
26F3
4C89
4B2B
4480
3D40
0A5A
ED2A
DE67
CD2D
D079
E893
05EF
15D3
1FDD
2EA3
1E2A
FA05
EB63
D37E
BE12
CA36
E31A
F816
105A
3324
3ADA
306B
2C81
0CFA
E423
CF21
BCB8
BCC0
BEA1
BD67
D303
FC5B
4216
7DBE
7FFF
7FFF
7FFF
3D76
EDAF
A359
8000
8000
8000
8000
8A7A
DE8B
5579
7FFF
7FFF
7FFF
6BBE
0F5E
AE77
83A7
96C5
AE74
E829
2ECF
4540
46AE
4C31
24C4
DDFC
ABA9
920B
8000
9378
E57A
2B69
66A2
7FFF
7FFF
7809
39BC
03C8
D40D
B007
B65C
D6BD
E0BC
FE87
1DB9
183A
FF00
F223
D333
A278
9311
AB56
C248
EE57
33C8
5E98
6375
67D8
549A
219C
FA20
E924
D241
CB39
DEEF
F43A
114F
1DFC
2836
173B
F458
DBA0
E00C
D6D3
E88B
0FE5
23A7
2A43
340B
2F8F
1EF4
0235
F600
D68E
B845
CD02
DF3E
EF43
1459
287F
1E8C
0FD2
FBD1
DE08
C688
C522
D0EA
E6AF
01FD
26FC
4538
4DCD
4B15
3A03
10DB
E8E8
D9E1
D4A6
D71A
EE94
06F3
141E
192C
2254
191F
00D2
ED91
DBAD
C334
CBDE
E1C3
F4DF
1176
26A2
3381
2DF4
17C2
05EE
E6C1
C57A
BE46
B3FA
BE7C
F63E
353F
5AED
7D10
7FFF
7DD9
24B1
E126
A70E
8000
8000
80D0
9F81
C910
18F1
6682
7FFF
7FFF
7FFF
4024
E851
A552
8835
999D
C112
FF41
319C
4352
3EB0
2DF5
02BE
CF87
B7BB
A7C2
9D5F
C27B
FE55
24FD
570F
7FFF
778B
506C
287A
F5DB
C5D4
BA4A
C6CE
D99B
F666
1709
23DB
1D08
1066
FA4C
DC78
C142
BAAC
C3FF
CFD2
F762
251B
3E5E
4ABE
47A0
30A9
0C1A
EF03
E479
D5B4
D553
EE5C
F5ED
002F
1397
1AA2
0DB5
FE2B
F6D3
EAA3
E98D
F99A
12BC
1B7D
29E5
31F0
2445
1358
042F
EBA5
D727
D14F
DD32
E452
F4F5
0632
12AD
108F
075F
0350
EFD8
DBC9
DF6E
E1B0
EC9D
0D29
2219
2D02
2E20
2731
194E
FEE6
F093
E9A6
DDB1
E408
F85E
0724
151F
196F
1B4D
11DE
FB19
F1DF
E9A6
DB74
DDB8
ED3C
FA73
0B84
2383
24A7
1406
0CF8
FE15
E715
DFC3
D05B
BD51
BF05
E372
19B8
4E0A
6B05
7FFF
7FFF
5009
0944
CF62
8E56
8000
8000
8000
9B27
DFA3
396B
77BB
7FFF
7FFF
5E65
1220
CE02
A355
9FBE
BE1A
E874
1B09
3612
421D
42F1
2B80
FA62
CF0F
A268
8FAE
A077
CE64
07C5
3F3B
69C4
7B87
62AA
357A
0908
E1CD
C770
C5A6
D2A8
E8DD
0232
19A4
2383
1B2A
06CC
E8BB
C1F9
B3AE
BAF7
C6B8
E5B3
1482
3503
45CC
4A70
41FC
21DC
005A
E5EE
DE6F
DE31
E712
F9AA
068D
1694
21CA
124E
0213
F2AA
DBF7
D834
E75F
05C2
1CB3
20F2
28BF
2301
11FE
09FE
FDEB
E518
D3B5
CFF4
DD06
F7E0
1680
220D
1CAF
114D
FE7E
EE25
DDEE
D2FD
D823
DE96
F070
175B
2F08
3693
358C
2441
0E50
F715
EA74
E5BC
DFCB
E98A
023F
1507
23B0
2605
1341
FEEC
F29B
E47E
DA01
DA28
DF53
EB96
FFC0
194F
28A5
2048
1359
051F
ED5A
D857
D092
BD8C
ACD8
C041
04AA
50B8
7FFF
7FFF
7FFF
7FFF
23FC
E34B
818A
8000
8000
8000
8000
A732
19FA
790B
7FFF
7FFF
7FFF
4F44
E7AC
80FD
8000
812D
B9DD
190D
5548
5A05
5828
46CF
08E9
CAD0
A631
8000
8000
A779
E842
2FD1
7FFF
7FFF
7FFF
6723
318F
EDB5
B249
A889
BD3D
D457
F5DB
1689
27E3
19EB
0574
EF11
C65F
A158
9E25
AA47
C4FD
029A
43DF
56BA
62B8
62C2
39E4
060A
F1B2
DDE6
D06E
DA78
F5D6
0516
11D6
2483
22DA
07C1
F6CE
E4CB
CE25
D02C
F69E
12F2
2E42
3E7D
3ACC
2304
0B07
F988
E43B
C209
C4E7
D41F
DD2F
0446
28AB
2DAC
23E2
09B6
ED33
CC49
BFD5
C905
D115
E2D9
121A
4040
5781
5953
4A49
231B
F78A
E162
DA76
CB80
D8D2
EE47
FF8D
1E73
382E
3736
1A97
F32F
D99A
BC48
BD2E
D916
E3F6
EF79
0D4C
2BBA
3EE0
3B04
294A
FF9B
D077
C1A6
C5EA
C49B
C901
C61A
E2F6
2822
672D
7FFF
7FFF
7FFF
5487
EEC8
B769
8000
8000
8000
8000
8172
D5BF
46E6
7FFF
7FFF
7FFF
6588
0E8E
C18A
931B
9362
A2B5
C7AF
1136
4090
4CFE
546C
3147
E6EF
B0F7
9A85
8E05
9B82
D234
1471
50CE
7FFF
7FFF
7FFF
433B
0311
D6C8
B80D
BB63
D347
DF59
F063
1506
2454
1A1D
0C1C
EC17
ACA7
8D81
A4D6
C8CF
EC2E
1F00
4176
4FDC
5445
50CD
35B1
0BF6
EAA3
D173
C295
D78D
FC91
0910
12AA
21E9
15BE
F906
EB51
ED50
E02C
DCD6
FC3F
22BF
30A5
3FA4
400D
256A
08FA
FB67
E3D2
CA5E
C79B
D17A
DB7B
F6EB
1AEA
1F0D
0E91
00F4
EEB1
D577
CFFC
DEAC
ED3C
FB1E
14CF
3483
454F
41C5
3442
1EB9
F55C
DA67
D9C7
DBDE
E48B
007B
0BED
0F3D
23C9
25FD
07B4
FB29
EAB6
CF00
CA7B
DFD3
F0D4
028A
1786
1E67
2092
1F1A
10C7
FE0E
EC45
D2C4
C295
C133
C92B
F62C
2D01
49B7
65CC
7FFF
7CEA
3C06
F827
BCE0
8000
8000
8000
9DB4
C157
0490
464B
6F6C
7FFF
7FFF
5886
0BBE
C3FB
8DEC
8D83
B6FB
ECB0
22BF
39A6
37FD
2EDB
1024
F004
D300
AE41
A08F
B7C6
E446
1C2F
4F74
7486
721B
4FB9
2C4B
04B1
DAD7
C6E4
BFAB
CA76
E796
08C7
2060
2450
12C0
00E1
E712
CE06
C9D2
CCA2
C76C
E12F
0E76
308F
4AEB
51B3
31EA
0B7E
F04D
E61B
E502
EB33
F2D8
F477
F86E
0DBD
1DA9
1617
0497
EF4C
DE25
DF3E
F41A
1195
1D88
1E8C
28FA
26E0
251C
1F71
01A8
DE57
C889
C498
D444
F193
0825
0D73
087A
0064
05B1
FD9E
E636
DEF8
DEDC
E49E
04AA
2954
32F6
2EB3
246C
122A
05FD
FEDA
EFA7
DFD8
D973
E540
FB3F
0F90
2871
28E8
1591
0382
F39F
EBE4
E656
DD4B
E1C6
ECA7
FB60
1752
2951
1FD4
111A
F935
E21A
D975
C863
BB63
D363
0537
39A4
5ECD
7FFF
7FFF
5FF1
0969
D13A
87BF
8000
8000
8000
90F9
D67B
366C
7FFF
7FFF
7FFF
713D
153B
C422
9461
9113
AC5F
DBB0
1622
37D6
464A
502E
38BE
FBFB
C5C9
A302
8773
910F
CC1D
098F
3ACE
75A8
7FFF
6EF0
44CF
14EA
DDF9
BD28
BB98
CE3A
E369
0070
1CCE
202D
1505
0D23
F0F6
C93D
B02A
B0AD
C04E
DB18
0E38
3CBF
49CF
4F19
4736
28E8
02C8
EBEC
DD24
D460
E012
F5D8
0497
15CC
245D
1C1A
050F
F16B
E746
E11C
E376
FFAC
1678
1ACC
26D0
2800
1A04
0805
FF0A
E8A3
D0C9
D3A0
E297
EC84
0913
1A56
11C9
0A71
FFCE
F123
DE7A
D9B6
E26F
E8DF
FF7F
1D70
332D
39B3
30A3
1E94
08EC
F010
E2F3
DB1E
DAB5
E62F
FB51
13BA
203D
25B2
20FC
0816
F527
EF20
DC7E
DCA7
EA41
F0E4
030F
175A
1D64
1CF1
0E8F
FCF2
EAD4
D648
C8E4
BE59
A89A
BF63
0869
55E9
7FFF
7FFF
7FFF
7FFF
1BAC
D902
8000
8000
8000
8000
8000
AA05
2ACF
7FFF
7FFF
7FFF
7FFF
4E62
DA5F
8000
8000
8000
AA15
0BAD
469B
5156
66C9
5210
0A01
D042
A107
8000
8000
B14D
FA9F
4326
7FFF
7FFF
7FFF
61BC
23E4
DA81
A0B4
9FBA
B7C2
D260
F605
1F0E
33FB
232A
0E26
F65F
B89B
9012
98ED
9F4E
BD32
0897
4735
5C7C
6B79
6E43
445C
0901
F427
DF46
C531
D7FF
FBAD
05EA
1BD2
2C3C
1A7D
F71F
E786
CC24
C402
CEAE
EAB5
1E3C
32C0
3D8D
4FFE
3040
16B2
0C10
E87D
C92B
BD06
CBA2
DEC0
F4E1
270B
2963
104F
0CEF
E736
BFC9
BD02
C5EB
D38B
F44A
2147
4553
5A74
5D9A
4909
2869
F81F
D490
CD60
C736
D252
FAC7
0C36
1E80
372B
2F97
1873
FD79
E55F
C6B4
B713
CBBF
DECA
ECE8
1E65
35CA
300B
352B
1599
F364
D9A9
BB77
B789
ABBE
BEE5
06D9
403C
6F91
7FFF
7FFF
7FFF
2D61
E503
9EA9
8000
8000
8000
8000
BABF
138E
6AE6
7FFF
7FFF
7FFF
4688
EC00
A744
8000
8FC6
C2DE
FC22
39D5
45A4
3FB5
37F1
0368
D25C
B0DB
8E44
90E1
B8A1
F518
370F
6E32
7FFF
7FFF
5C47
2BCA
F079
B8E3
ABBD
B6D2
CF30
F2A1
134F
25F2
23C5
0FF0
F7F4
D77F
B854
AC6E
B9C9
CB9A
FBFE
31BA
4D8F
561E
541B
33B3
04E1
ECE7
DDC0
CF82
D440
E4BF
F8F3
0E23
1EE3
22E8
1B18
0286
F36C
E4CF
E15D
F2CD
043E
179F
28FF
31AA
3008
16B1
02E4
F1BB
D4C0
D24B
E102
E866
FC5A
0A8F
0E74
0E04
06CB
F3DB
E208
D264
CF71
DBF1
F26F
133C
2D5F
3E9C
3E15
3542
268E
0681
E869
E35E
D2F8
D576
F0F4
00E0
1120
27D9
21D7
153A
03F0
F285
DE4C
D6A5
DE0E
E9FE
FC52
15AC
223F
256B
1B81
0C5B
F7D0
E1FD
D550
CE63
C73F
C6AB
DB99
0801
39E7
5D50
7BCB
7FFF
6734
2302
DFB5
A887
8000
8000
8000
A143
CC32
0F41
523E
7E8F
7FFF
72BD
3C7E
F904
BFC5
A34C
ACEE
CA9D
F334
1F44
327C
3277
2A54
0915
DE0A
C13F
ACE7
B056
C9E7
F43E
2A55
564D
71E5
6CF1
418C
121B
EB1A
CD6D
C942
D031
E3F0
F7F3
07CD
1B07
1FB3
1055
002F
E10B
BF93
BBA0
C963
DBFD
FF05
2048
34FF
3AE5
392D
2E9A
0C8E
EF24
E3B9
DDE1
E44D
FA10
0FA9
16CA
195B
12B2
06B7
F2BD
E645
DE82
DFAA
EF89
054B
1964
2B1F
2DBA
2B0A
1960
06A2
FD86
E50B
D631
DBF2
E0E1
F1BC
02DE
1642
14B1
FE10
F244
E39D
D595
DE6F
E736
F31D
0E43
28EF
37B7
3B7D
3715
2070
FCC9
E9D0
E5BC
DEE9
E09F
EED7
FDB0
0670
11DD
175E
1971
0AA6
F05C
E614
E348
DFE6
EF35
FCC1
0470
1366
1B18
12B0
0AE2
F6F4
D6D1
B4DC
AACA
CC54
0425
4523
7B78
7FFF
7FFF
7FA7
21DF
D540
8000
8000
8000
8000
8000
B47E
264C
7FFF
7FFF
7FFF
7FFF
4931
D57D
81FD
8000
9A69
CDA2
1A11
44F8
4DB5
4DA4
3729
F7BA
BC87
9646
8000
8000
BC12
02FB
483F
7FFF
7FFF
7FFF
5565
2177
E48E
B1D3
A970
B9DB
D0D4
EEC3
0DF5
2131
1C8F
0D9B
FDC0
D2BD
B245
B491
BEE8
DCE7
1A88
40DC
5084
52FB
43E5
22E3
F6E8
E3B1
E10D
C906
D951
F7D2
FFC6
19C1
2182
1815
0E76
FA63
EE79
E5AC
E071
FC69
122E
1B33
2DB9
2864
154F
FFAB
F769
E809
CDFC
E198
F154
F192
1762
1FA4
2311
1374
F6C3
E488
C40E
C0E8
D215
D87E
FDDD
1E7C
3E41
4D55
412B
381B
1C9A
E976
DF87
D75C
C8E1
DE19
FBA2
10D4
211D
29E0
2876
0621
F057
DFB9
C8CE
C735
DFBD
EC00
043F
24AC
3C0C
36F5
28A0
1726
F5DE
D523
C9A4
C239
C009
BE49
C2ED
E21A
278A
67FE
7FFF
7FFF
7FFF
750E
07B6
C729
8000
8000
8000
8000
8000
B9CA
2544
7FFF
7FFF
7FFF
7FFF
31CD
C9C1
856D
8E13
AF31
D3DB
1CB0
433C
4129
4E7E
4274
FAE9
B380
94D6
8000
8000
D06D
1987
4BA8
7FFF
7FFF
7FFF
5307
1CE0
E2F6
ACDC
A97F
CDA1
EC09
0972
2612
2072
01D9
ED1A
DEFC
BC8A
98E3
96EF
AAFE
CDDE
17F7
5EC9
69EC
5DC2
5146
26E7
F9F2
F530
EB98
CF93
D838
FC14
0F92
2A75
3605
2196
EF0E
CE0A
CEE9
D42B
DEE8
0537
1AF0
2671
399E
42DA
3095
0F1C
EE66
D1E6
B70F
C636
E35D
EDB5
09BC
256D
2AA4
182D
066A
F054
C3D5
AF5C
C041
D84E
F70B
232D
4A66
543A
4B5E
448A
229C
F9B7
DBC2
CC7B
C96C
DC09
014E
1805
1ACC
282D
28B5
0745
F228
EA4F
CAA6
BC2B
CFA2
E317
0252
1D95
3439
390C
2289
0AAF
FB38
DCAF
CE33
CF0F
C21F
C314
EE75
1563
4208
61DB
7BF2
7FFF
580E
18B2
E0EE
A627
8000
8000
8FAD
ACA6
D878
1BA7
51A6
6F97
7FFF
68D7
3182
F53B
B780
9315
AB07
D4EA
FEEA
2FE7
3774
263D
16E3
FD25
DE5E
C9D2
B8F4
B29E
CA8D
FC90
3012
60B9
78AE
6841
418D
1A0F
F46D
D722
C6E7
C4F8
D6D3
F2F4
0BC9
1F58
1D8C
05D4
EB03
DA23
CE86
CB65
D25F
D61D
ED89
139F
30EA
487F
4B9F
2C0A
02BB
E8AE
E2E6
E48E
EF86
F562
F557
01D3
1573
1940
1C13
0CFE
EF47
E0FC
E772
FB96
123D
1BCB
207B
147C
1B5D
19BE
0EA3
05F9
E56F
C879
D227
DB8E
F08B
0C22
0C41
02B5
FE67
F900
F46C
ED90
ED03
DF75
E780
075A
2523
357A
3480
2414
0F11
0298
FD03
FA22
F5AE
E4D1
E134
F3BA
0E08
20B9
1CEE
0C52
F59B
E49C
E89D
EF39
F3DD
F50B
F077
FD2D
1694
27E5
2353
0AEC
EF5A
D869
CEED
CD40
C5F9
D85D
FB97
23E1
547E
7FFF
7FFF
6FF0
14EB
D2A7
967A
8000
8000
8000
8B68
BC17
1AEE
79A5
7FFF
7FFF
751B
1BAF
D02A
AD47
AA09
B999
D555
F90A
1912
3CC1
5469
3AA6
FFAF
C534
9AF6
8EC7
A37B
D4B9
094A
3280
5D0B
7FFF
7B5D
5053
1AC1
E0BD
BB1A
BA49
D099
EA39
F82B
05D3
0D6F
0CBA
122C
0248
D7C5
B8A9
B4C5
C437
E783
1863
3B65
45B9
3D45
383C
29E5
0BD4
EDE6
DC67
CC65
D638
F51F
092F
1A65
236D
1533
FEB8
F7DB
EAFA
E49B
E818
F541
0B4A
154C
2911
310D
1B4A
0F99
FFF7
EC24
DC79
D5AC
DE24
EB82
020E
174B
1C16
1784
07C3
F041
DC58
D7E3
DB61
E1D7
F3D6
1121
243E
2F76
32D6
2CE5
1770
FDCD
EF1F
E5D6
DDA8
E8CF
F539
06D3
192F
1A05
1BB0
0EF1
F670
F07D
DB26
D5EC
EBE9
F345
F5C7
1697
201C
1CB3
1A00
0ACD
F7F5
DF9A
CFFF
C1D6
A958
AEA3
E9DA
33D2
6E53
7FFF
7FFF
7FFF
4526
F3CD
965B
8000
8000
8000
8000
8000
FF52
6A32
7FFF
7FFF
7FFF
69CC
FBF5
9A7C
8000
8000
A407
F5D9
41D4
5A56
650D
5D37
1987
D044
A316
8000
8000
9680
DC3F
225B
763D
7FFF
7FFF
7F4E
42A0
F8F2
ACA3
A0EF
B051
C2EF
E33E
0697
1A35
1A6B
0EF9
01E1
D89C
AE60
A1A5
A70A
BD4C
F9F2
3B80
5D75
6B5C
6DDD
4E2A
145B
F0EB
D87C
C29A
C3CC
E820
F802
0908
2600
2A6E
0FBB
FFE4
F367
D971
DFE4
F649
08FC
1F29
2918
3412
2648
0C6C
FF68
E409
C56E
C46F
D416
E13F
FD39
21B1
2B86
2604
14B3
0037
DC97
BFEE
C185
CA53
E3AE
1457
32BD
43C5
4D14
3F90
2BE0
09E4
E8AD
DD4B
C7CA
D65B
F9F4
094A
2210
2C87
24FC
1A17
F787
E47F
C88B
B10D
C32D
DDAB
F692
1E11
3B77
3F48
2F6A
26E9
0A96
E067
C8E5
BDB9
A60E
AC05
C1F6
F90E
3E2D
763D
7FFF
7FFF
7FFF
41B8
E92D
ACFD
8000
8000
8000
8000
A41C
0490
5485
7FFF
7FFF
7FFF
43E3
EF8B
9AC5
8000
A095
C670
FAA6
3A11
4924
47D7
4733
1B01
D11C
A026
80D9
8000
A4F1
F3D5
3BA3
74C6
7FFF
7FFF
6A33
313C
F855
C2EF
ACFC
B66B
D39D
F2BA
0AB2
21C9
20ED
08B7
F3FC
D3D6
A68A
979F
A93F
C6D0
FA24
3865
5CA4
6589
5F16
4361
173A
EE78
DD2A
CD14
C846
D946
F469
0CC4
1F63
2AF0
1C8D
0215
E3BA
E3E7
DC18
F0C7
16E3
24DE
2B3C
39E1
2EC7
19D3
0854
F447
CF47
BC4A
C92F
D42C
EFDF
1495
1D2E
1CD5
1255
002B
E7FD
D8EA
CE6F
D3D2
E9C7
025A
2352
3D91
3A23
31FB
25A5
1004
F3AF
E259
D780
DD08
EF80
0CE3
1D01
2587
292A
1701
F952
EFB4
DDD1
D014
D256
E888
F326
0581
2061
2856
1F5E
1E0C
0227
E5A4
D83F
C259
B49A
BBC0
DFF9
201F
4BDA
6B03
7FFF
7FFF
48A6
FF0E
C0C0
88A7
8000
8000
9851
B4C4
F9F4
4449
7336
7FFF
7FFF
559C
0F2C
C37F
9A8C
8FF4
A9A1
E785
1B17
3749
4244
37E0
1A09
EAF1
C952
B42B
A2F4
B540
E5E9
14CB
48E1
6E0F
759B
5C8E
2E68
06D4
DBE8
BD7B
C614
CEA7
E28B
0604
1B26
2389
1B76
0642
EFDE
D17D
BF66
C28D
C393
E0CC
0D2E
28A8
43AF
4DBD
3A2B
1E0F
FC0A
EABC
E4DD
E265
EC2C
F902
0019
09F6
14AA
0F71
0010
F337
E982
E249
F004
05DF
0F8A
1F45
2D87
2AA0
1EA6
12F5
0304
EBCB
D63F
D640
D792
E76B
01BC
1072
1130
0BC6
FD77
F21A
E4AF
E31C
EACA
F0A3
00AE
1B80
24C9
2AD9
268C
1587
0118
ED62
E36C
E37F
E306
F1B2
030B
0EBE
1D87
2D5D
2265
0D97
FBFE
EA15
D61E
D6CE
E0AD
EBA5
FBE6
105B
1C06
1BBF
130A
0310
E5C3
CC08
B9C9
C508
F15B
2DCA
56A8
7FFF
7FFF
7FFF
31C9
E53D
9AE6
8000
8000
8000
8000
B444
1722
7CD7
7FFF
7FFF
7FFF
4A10
E57B
951A
8000
965E
B90B
FDD1
31BE
436D
4A6C
44DF
17D7
DE6E
AF5F
8F7A
86D9
B1F8
EE28
2FDC
668B
7FFF
7FFF
543D
2343
F7C2
C23E
AED6
BC5E
D2E5
EE29
130F
2A4B
29F9
0FD6
FBFC
DBAA
B544
AC99
BD0E
CD72
FD2F
2D18
42DA
4C75
4AC1
33C1
0914
F08F
ED08
DCF3
D8F1
F280
0104
0E86
1E2E
1F67
0EC9
F7BC
E852
E1E6
DF73
F716
121E
1E68
271C
2D6A
1AFB
062E
0087
E46F
C93D
D7A9
DEF3
EDD7
0766
14CB
1FBC
19F9
0220
FA63
DF4A
D05A
D6B4
E3D8
FA97
154E
2EFC
3F17
32B9
32FB
1D99
F62A
E04E
D559
CB52
D66A
F66F
1305
168B
28FE
30D5
1697
FF64
F431
DA06
CEE2
D473
E6BA
FA91
0E60
20B9
2296
154A
1688
FDE0
E32E
D9BA
CCD2
CAE9
C5C0
C0AA
EAB4
24E9
5F50
7FFF
7FFF
7FFF
7383
0660
C323
8000
8000
8000
8000
8000
BCBB
2A53
7FFF
7FFF
7FFF
7FFF
3882
CAA5
8000
8000
95ED
CA3F
1BFA
4C82
532F
5933
41BA
FE65
C4F5
A183
8000
8000
B9C7
07D7
4C7E
7FFF
7FFF
7FFF
483B
11AB
DD25
B546
B09F
C69C
DE00
FD0B
21AF
2DDA
151C
FCB9
E436
BA40
9F25
A431
AD00
CE59
0C2A
46D8
6530
63D5
50EC
2708
F6A3
EEB7
E877
DA1B
E530
FB93
05C3
2133
306C
2188
F37D
D052
C889
D56E
EE17
11BD
24F5
265B
2B16
3295
2A34
1377
F7FD
CDD1
B20E
CB2F
EA3B
FF81
1820
20F7
17DD
0CDB
FF11
E7AE
BFEE
AAE6
B6D6
D7DB
07AB
3679
575E
5A42
43F4
3D1A
1C54
F023
DB66
C19F
C6B3
E586
0537
2759
2CE2
2C39
2449
033B
F738
E40A
C171
B6D7
C5B8
E0E0
03D8
2AC6
410D
2F78
1E4E
0251
E72D
DD08
C5E9
ADA2
A89B
CA3E
1B23
5E26
7FFF
7FFF
7FFF
618D
0074
C8B7
82C2
8000
8000
8000
8862
D938
45EB
7FFF
7FFF
7FFF
7C09
26DB
D0C4
8E8E
8000
9E59
D1D4
1415
3C8D
4557
423D
255B
E938
C1E3
ABB8
8EFF
959E
D572
11DA
4288
7FFF
7FFF
7A7F
42EE
0BDE
D0CE
B0C7
B1B9
BA50
DB63
FF9C
197C
2C58
2A80
19AF
FB0E
CB1D
AD85
B3DE
C146
D856
0B97
34E4
41A8
49F1
4AA9
2E1A
0672
EEC3
D56E
CCAB
DE6F
F4EA
0453
1729
1CF8
0EC6
0875
FDCE
EC6C
DFB4
D6D5
EE71
1121
1FF6
3B04
42DA
2520
0E29
0611
F343
DF51
E0AA
D995
DBEE
F43F
027F
0EFE
0E44
0143
EA39
D6E1
D826
E420
EE31
FC95
13B5
2C50
352E
3E98
3C83
18CB
F671
E36E
D611
DBFA
E937
FB1D
0288
0CAB
1EA3
2363
1650
09AF
ED6A
D44F
CFD2
E3FF
F801
FF6B
101B
19F7
1018
1537
16EF
FCB8
E450
D204
C3A4
BF3D
CB49
FDC0
2933
4A9A
6700
7FFF
7FFF
4FF2
FE2A
BC01
8000
8000
8000
93D6
B4FD
F15A
32E2
726A
7FFF
7FFF
6A48
15AD
C534
9971
9C98
C733
F208
1196
222D
2891
2923
1E34
FE07
CF5C
9FAE
92C1
AC5D
E6B2
2A92
5707
6830
6DA3
527C
2CE6
0C2B
E3F5
BE0C
B485
C2E8
EB84
1684
24E3
1F38
155B
02C5
ED67
DC07
CF02
BCF7
C03D
DC67
0735
3826
4E91
3FAE
2B8E
0E09
F968
F790
F391
ECB0
E859
EC9D
0531
1FC0
2823
15C0
F35B
D87E
CFF6
DCAB
F9B2
1184
1193
14AF
1C6C
27D5
2F38
1D12
0124
E4A4
D0D7
D8B4
E923
FC1C
0679
0218
FFE3
015F
02E8
F5EC
E164
D97B
D9B4
EBFB
137A
2B37
31CA
33AE
22BD
166F
0EB0
F77C
E4E2
DAE5
DA5A
E730
028F
17D0
1D1E
17CC
0ACA
FE00
FD0E
EFB9
E19E
E18C
E306
ED90
0615
1C1F
2240
14FC
0621
F9F1
E8F8
DDD1
D253
BBB5
BA4B
DF8F
227C
5F56
7FFF
7FFF
7FFF
5938
0306
BF36
8000
8000
8000
8000
8056
D5AE
4401
7FFF
7FFF
7FFF
7FFF
1A5C
BCE5
81D8
8000
A3EE
E04B
2565
45D1
4A35
498C
2B08
EDA2
BEB6
9C96
80C1
9585
D68E
13DF
56F6
7FFF
7FFF
735E
4156
0E49
CF8E
A664
AC87
BF66
D9CA
0394
24E0
2C34
2042
0B55
EB2C
C321
AA40
AF05
BAB5
D977
1886
41FE
4CFC
5707
468C
15DA
F424
E9E2
DB3D
D6E6
E90B
FC98
0CF9
1F7A
2E1B
241B
0886
EF8E
DF43
D01D
DE17
FD9F
0FBA
1E82
2FCD
2CFF
1CA3
0CB1
FB24
DD09
CB7D
D4F7
E25D
F0AE
0D1C
1F34
1902
0D74
01D5
E47D
D218
C9D7
CEF3
E4CC
FC3F
21EF
423F
43B2
45CA
34C4
108F
F472
E096
CF41
D14D
E21B
FAA9
0D69
1D43
2C2C
2088
095B
FA12
E39F
CF20
D28C
E1B5
F02C
036A
1D61
2AFD
24F9
168A
0724
EA68
D09F
CC8E
C241
B487
B4CB
D270
1986
62DD
7FFF
7FFF
7FFF
7FFF
1F7D
D5B3
8000
8000
8000
8000
8000
A273
198A
7FFF
7FFF
7FFF
7FFF
4882
E0BA
849C
8000
9199
BA89
04A8
3733
4396
53C0
4712
0930
C576
9FBA
8000
8000
BA1C
099E
4DCF
7FFF
7FFF
7FFF
61FF
231B
E2D4
ADD4
9F48
B85E
CD44
EC89
11E2
2129
16DF
0790
F47C
CF7B
A1E7
A09B
B3A6
CC22
0A88
474D
585F
5D92
50BE
2E77
067D
F0F0
E8BB
D932
D811
F7A5
0BFC
18D9
29D5
1E9F
FF77
DB0C
D6E4
CD13
D679
FC47
172F
2814
3760
3CED
332F
1685
0654
EBB2
C3A7
CD49
DCFD
E169
08A6
1C16
15F8
12E6
F8C4
E02D
C887
B128
BEB0
D9A0
F456
2530
448B
58F8
584A
4474
30AC
062E
DD8A
D45D
C761
D0A6
F8AB
0ED9
1797
2C95
2733
0F76
FB24
E9B3
D10E
C467
D225
E6B3
F3F2
190B
31D3
2C00
218B
159B
F64D
DC5E
CF7D
C4E0
C6C7
CB72
E6A8
158A
44FF
6463
7ED8
7FFF
689A
179C
D782
97F9
8000
8000
8370
A36D
D5D5
17EA
51E9
7BA4
7FFF
74C8
39BD
FC2A
B883
96AD
AE39
CA6F
FBCB
2A5D
3665
302D
1D04
F997
D51A
B9BE
B183
B89A
D448
02C4
314A
5BD5
777E
705B
4C46
161E
E6AD
C4D0
B852
C14F
DE55
F9CE
0DDF
1EF2
214F
12B5
FF08
E28D
C649
BC46
C3DC
D0FF
F873
2162
372D
4B05
45FB
2AA4
0E20
EDF9
D9F6
DC98
E4A3
EF7B
035C
0DEE
1425
1685
1139
0449
F17F
EA09
DD18
EACB
0314
13CB
2840
2D0D
27AD
1E43
0E91
FC89
E142
D676
D32B
D840
F3A4
051C
0DF4
10BF
04B9
FABE
EDA6
DE27
DF1C
E559
ED22
0363
1BDD
3282
333F
2A24
2020
0C68
F996
F6D2
E90B
E6BE
ED93
F7DB
0663
160D
14C7
0CEA
0126
F2C3
E39E
E8E2
E97A
F219
0248
0960
151F
19DB
12DB
0C71
F369
DEFF
CE43
B522
B960
E099
129A
485B
67E3
7FFF
7FFF
53BF
0989
D3D1
88E2
8000
8000
8000
9D55
E6DD
4109
7FFF
7FFF
7FFF
5E79
1260
CA5C
A03C
A29E
B69F
E4A7
17D9
2952
37D8
3B42
1FBA
F144
C4E5
A16B
8CB6
9B99
DC9F
1DC7
4EB8
7CFE
7FFF
63DA
3BD9
11B8
E625
C85C
BDDC
C5FE
D585
F501
0FA6
1A7C
116F
06B1
EE1C
CE73
C076
CB1F
D5D3
E923
1171
3839
401C
4018
3B05
1AA6
FC28
EB58
DF48
D96E
E8A7
F94C
0900
1428
1EF4
11FE
FA1E
EB7E
E9FE
E8B8
EA99
0A56
14EA
0BDC
1B53
21C4
1819
1335
FE90
EA6F
DCD8
DE47
F269
FFEA
0DC2
16D1
0D44
FFF2
FAE5
E92D
D641
D48B
DA3E
EA42
028E
1B0F
3528
35BE
29FE
1FC9
0E16
F352
E208
DE3E
E20A
EC52
030E
168C
1B7C
1D4F
1866
0305
F2CB
EB68
D803
D80F
E989
F71A
0951
1CEB
287F
22EB
12BE
FEDB
ED9D
D36E
B9B4
A49E
A1D8
D826
2DB7
6843
7FFF
7FFF
7FFF
55A5
FF4F
A877
8000
8000
8000
8000
8000
ED55
6558
7FFF
7FFF
7FFF
7FFF
1464
9D56
8000
8000
93BC
E8B0
4744
5E56
6585
64D4
2725
DA09
AD5B
8000
8000
8069
D424
151F
6C67
7FFF
7FFF
7FFF
47B1
0761
B8D8
9519
A3C0
B759
D9DB
073E
23C9
2B66
1A1D
04D0
E7E9
B135
9F0A
A922
AD71
DCF3
2BB1
593C
66FC
72AD
5967
199F
F4C3
E2D6
C3FD
C067
DBEE
F693
02C4
23C4
2C7F
1C18
04CB
F620
DE27
DC5C
EA64
05C1
24BC
29AB
34F2
3994
10F1
FC5C
F0A4
CC42
C102
CDB6
D66C
EB3F
11E2
29A4
20A6
1659
02B9
DC65
C408
C8E7
CC40
DF02
0658
2FD5
4A63
5B32
5146
34C7
0876
E562
D745
CF44
D34E
EB77
0296
102A
285E
3C9A
223A
00C1
E671
C98D
B8C0
C75F
DC15
ECDF
0681
2B6C
3835
3816
339B
0A77
D9C3
C468
B7F1
A995
AD6B
D832
1D5B
58EC
7FFF
7FFF
7FFF
6BB6
02A5
C1B1
8000
8000
8000
8000
8000
CEC5
475A
7FFF
7FFF
7FFF
781E
124B
BAB0
8345
85B3
AD14
D95D
149D
3EBE
4A45
52C9
3258
E669
B2B5
8F41
8000
97EE
D826
14EE
5431
7FFF
7FFF
7FFF
4B51
04BD
C90B
A9DE
AF78
C5E8
E31C
0064
1B1A
273E
2177
0DF7
E96E
BA54
9D86
A21D
B8DC
E140
20E7
443F
4D38
5637
49A0
281C
062B
E9F4
DC41
D1BE
DDE6
F8FF
0E76
1EE7
21B0
1676
F75D
EA05
E085
D3EE
E710
00EF
1757
27A9
3806
3DE5
24AA
0CC1
FCDB
D742
C223
D5EE
D711
EC76
10A7
102C
17C4
1646
FCEE
E9B4
D2F2
CDFF
D37B
E089
03F7
1E14
39CE
468D
3B12
397C
1A9B
F59D
E5FC
CEF8
CC90
E7C6
FAA7
19BB
2B4F
2311
2119
0989
F5AB
E73E
C906
CA63
D831
E793
02F2
2020
31C6
2346
1602
151D
F1FD
DEB1
DFA5
BEE2
C149
CF08
DE4A
1276
47DB
5C3A
6C18
7FFF
6BDD
22CA
DF3D
AACD
8000
8000
93B4
B8E0
DEB3
07F1
3A92
6AE6
7D55
71B4
46C1
F72B
B2CA
9A36
AE90
D527
02C1
24BA
2B27
273E
231D
084B
E318
BE4F
ACF6
B059
CD02
01E7
38E3
52D8
5F48
62A7
4292
180A
FC65
D5F6
BBAD
C7EE
E3EB
FDAF
19B3
26D3
195B
00C9
F723
E80B
CD09
BCE9
BC7E
C8C1
EEBF
20C7
4667
507B
3CDC
248B
0859
EF95
EF54
EA26
D982
E3BA
F70B
04AE
17A4
259B
1314
F3BD
EB05
EB0B
F026
FEEB
0483
0BD0
1532
2567
3102
2640
111F
F44C
D797
D1D3
DC47
EE55
F22C
F7C9
0480
0E4F
0DCD
0A9C
F854
DEC3
D108
DF05
F9BF
16FD
2361
1FF0
1A7A
184A
199C
17BF
0647
F3CD
E136
D731
F1E5
1103
16FD
110C
0B1E
FE2C
F7A0
FB0C
FB50
EC82
E183
DFB6
F015
1141
23E8
1CC8
09F5
F791
E7FB
DA8B
CB19
C777
E1C9
0D36
3972
72A8
7FFF
7FFF
4BF3
FFEC
BD28
8000
8000
8000
8000
87FE
DD70
4B09
7FFF
7FFF
7FFF
6937
124C
BD27
9879
9CF1
B269
DE3F
13A3
3CFF
4973
4755
22FD
E359
B6B5
9732
8805
A0BB
D786
110A
480A
7C32
7FFF
6B6B
3A00
080A
D808
C22A
C659
D0AD
E720
FFC0
1543
27CC
1CB0
01E0
E39F
BBE1
AB56
B7BF
CB2F
EF00
1AD7
3655
4581
4BAE
461F
1E84
F951
EBAA
DF6C
DFCC
F1DC
F9F1
0673
1266
1569
12EA
0042
E704
D6D7
CD8E
E912
0AF8
1DF2
2D72
3444
29FB
1962
127A
06EA
E265
CE82
D253
DD70
FB1B
1652
1987
193E
01CD
EF51
E2FE
D4A0
D025
D5DC
DFA9
00CD
2A10
419C
467D
417E
2D7C
0A04
F131
E62D
D0B4
CD00
DF64
F879
13DB
2719
334E
240A
04CA
F60A
DCF5
CAC9
D5A0
DE32
E294
FDFE
1D25
2CAD
2C74
2BDF
137C
F26A
DE1F
D13A
C869
BC48
AF54
C810
0546
517D
7FFF
7FFF
7FFF
7FFF
1757
CB70
8000
8000
8000
8000
8000
A474
1BDA
7FFF
7FFF
7FFF
7FFF
5843
E42E
8000
8000
8000
ABB2
003E
4A41
5B45
6198
590D
1525
C712
9F05
8000
8000
A655
F42A
39F1
7FFF
7FFF
7FFF
6853
2420
E2AA
AE87
9D19
B553
D61D
F16B
13EA
2E4F
2439
0DD9
F9B7
C46C
905A
9020
A056
BE23
0442
45CF
602D
6895
67F6
4D83
1762
F8A0
E9DC
C8EE
CBD1
F151
004A
14B8
1DE1
14CD
F7C5
E10A
D8DC
D958
D8DC
FAD3
1D3B
311A
40AA
488E
37FB
1A27
FCC6
E1E7
C0FA
BD20
CAB8
DEBA
F4B6
1667
2DA5
1B2A
033E
F4FD
CA45
BBD1
C93F
D633
F22E
194E
3DBA
5481
52D7
4CC0
2DDD
FB70
E2CC
D54C
CB50
E100
FB49
0FB9
19AF
22F6
2B69
13C5
F48A
E31E
C979
B6F5
C3E4
DC82
F22F
11ED
2FB8
37DC
292E
1F23
0370
E497
D6A0
D6DA
D2A0
CE28
D71E
0127
2536
4F35
6BFB
7FFF
7D15
3D3E
F312
C3D7
8C3D
8000
8000
905A
B557
ED61
2E45
6FEF
7FFF
7FFF
55C7
1293
CBF2
9E49
9CAF
BCE5
DCA9
0E56
3119
33A6
2BAC
203A
F523
D039
BDD7
B465
BA00
DF53
13DF
437D
6497
74A4
5E2B
2A7F
FEAE
DFC9
C695
C8F3
E04E
F894
0A17
1B42
2035
0EB8
F5D9
DFD7
C46A
B091
B2C9
C974
E52D
0E5B
3639
4CDD
4C60
4253
2161
FC66
E813
E1A3
DFCD
E75D
F586
069D
0FF1
1524
1772
08BA
F2D3
E9DC
E480
E8CB
0620
1CD5
2EA2
3625
2FC9
2580
0B94
F3BA
E439
CD50
CA51
D629
E040
F757
08DC
1275
1486
0335
F52A
E869
DB93
DFAF
EDBB
FE49
1886
2DAB
382A
3188
276F
120D
F6C4
E946
E396
E175
EA23
FD2B
0C48
1490
1BE1
1984
08B1
F98A
EA05
DD9B
DE7C
E7C8
F425
03E3
0C0A
1735
1952
0E38
0309
F2B5
DEFB
D1A5
C49A
C299
DEEB
0FA5
474A
69B9
7FFF
7FFF
5A6E
0659
CB44
8A8E
8000
8000
8000
9C76
DC8C
36D8
7C98
7FFF
7FFF
70D3
263D
D0D4
9CE7
9683
A5BC
CC1A
0A26
2B48
3B8D
4129
2DD5
FB9E
CEBB
AD52
9AD1
9F5E
D147
0CA6
3EEF
6F16
7FFF
69F2
3EF2
1046
DF9C
C317
BF83
CBED
DD2A
F728
14BA
2290
1F35
1584
FCDE
D860
B9A0
B0CB
BF17
D5EB
0387
2CD6
3A1D
4543
41E6
29D6
0FB4
F982
EB0E
E06A
E3EB
F7F2
06B6
0B8E
15E8
0F4B
FA72
E7FC
E543
E3D8
E839
00AC
0E5B
15B1
2AAE
2E11
24C2
1D35
0CEC
F465
DD18
D853
E121
EAC5
FB96
0AB6
09F2
04AD
F80D
E76E
DF38
D887
DFA0
F0A8
0372
1BF3
2CCB
30BC
34B0
2566
142D
FD4C
E691
E19C
DF64
E2B5
F9E9
0937
14E0
1CDA
19DE
09ED
F94E
F47B
E563
D6FE
EEE6
F238
F897
171D
1FD4
14F1
0FE9
FB2F
ED40
DA97
C862
B91B
B089
D4AD
1B12
570D
7FFF
7FFF
7FFF
6EA6
0586
C37C
8000
8000
8000
8000
8000
CE36
4696
7FFF
7FFF
7FFF
7FFF
2E17
C7B2
8000
8000
944B
CD8B
1FD2
4AA9
4B83
4FD9
3469
EF2E
C1F1
9E45
8000
8641
C884
0CF2
55D4
7FFF
7FFF
7FFF
494F
0DBE
D380
A4CB
A97B
BE3D
D3B7
FC14
2124
2779
20EC
0BB4
F058
C041
A239
A75E
B14D
D191
1806
3F9B
5645
646D
5209
299F
FFA2
EB76
E18F
D39C
E9AB
004E
0AF0
1C65
244B
169B
FF2C
E71D
D843
CEF2
DB9C
FA47
103D
2A2D
395C
3673
260E
10E4
FBCA
E2C4
C54B
CFCD
DD8D
E885
086F
21A2
20B1
11C5
FE43
E393
C57A
C95F
D49D
E0D3
034F
285A
3D18
4C57
4B04
369D
1304
ED53
DA2C
CAA6
CCAE
E333
FA34
140F
2493
2E7D
29E4
0B85
F6B7
E009
C60B
CD28
DE9A
EA8B
052F
210D
2AE1
25B3
1F93
05E1
E57F
CDAE
C7A5
BBDD
B682
BC9E
E131
2E3C
6C71
7FFF
7FFF
7FFF
6681
FEF1
AE42
8000
8000
8000
8000
8000
C9E2
492F
7FFF
7FFF
7FFF
7FFF
2059
B914
8000
85B3
9C83
C6C4
1039
3F5D
531E
612F
4660
F65A
ADAF
8347
8000
844F
CA05
0F27
5212
7FFF
7FFF
7FFF
58A0
1458
D520
A554
AF7C
CE7B
E5F1
0376
1B99
2179
1B67
09EF
ECD2
B564
89BD
8E70
A8D2
D705
1D37
4564
536C
5F46
59E5
3E09
1416
F3B2
DB22
C7B4
D77D
FB89
0CCD
1602
1FD5
11F0
F8DC
E85D
E8C3
DC22
E36D
FEB6
1AD6
2CC1
3A00
3944
2042
0695
FD05
DCA1
C9D0
D204
D5C1
E3DA
0907
2062
1F62
0B19
F3FE
E30B
CDA4
C774
D465
E5CC
FBE1
1B38
3A2B
4CFF
4940
3670
18D0
F710
E44A
DEA2
DD4D
F280
06D1
0D47
166E
250B
1D0B
011F
E9B3
D9B2
CAAE
CB84
DAE8
EFCA
0881
1E99
29E1
2A7F
204E
094B
EE2A
DBE8
CF24
C570
BE75
CDCF
00B2
32B6
50EB
706B
7FFF
7D55
2DAC
E85D
B6F5
8000
8000
81A8
A878
C863
096C
464E
73D0
7FFF
7FFF
49C0
0960
BBE9
8EA9
996E
C348
F532
2393
3491
2DEA
26BA
0E47
DE8A
C9EB
B1EA
9E90
BBE1
F6FD
278F
58E5
6E1B
6D5F
5305
29EA
036B
DBAB
BC81
BC39
C9EB
ECB1
1444
25EB
23F8
0EB5
F699
E763
CEFF
C380
C8CD
C7F6
DFF1
13A3
3D05
51FF
4ECA
3062
0A52
EC67
E575
E7CD
E71E
EA5B
ED0A
F90F
10A2
1EE9
1BAE
06EB
E9AE
E22D
E44C
F3C8
0D7A
19E3
1C29
21E7
2D14
2842
2089
08CF
DE09
C7FF
CB83
DB6F
F9D5
0A1A
07E7
FE3F
FC0F
0047
FAC5
EB84
E01E
D0E6
E09A
04B5
2C63
3D44
3574
279E
139E
085F
0AAB
FBEF
E71E
D433
D47F
EAFA
0A2B
260A
2B60
0F5B
FB03
ED0D
F372
F384
E861
E34F
EA17
FA19
1B64
2ADD
224E
0A20
EC1F
CC27
C700
C9C4
D168
F05D
260E
48B7
7FFF
7FFF
7FFF
2BDC
DC31
8C8A
8000
8000
8000
8000
AE19
0E4E
7490
7FFF
7FFF
7FFF
3A2B
CC51
97E0
9CF9
B2EE
CFFD
FAE3
16D9
2826
4119
4871
1666
D856
A206
8000
8F56
C9F8
08CE
383A
624A
7FFF
7AC1
58FE
3492
FA1D
B806
A531
B858
D870
F5BA
0F7E
1F3F
1266
02CE
0472
E706
C5AF
BCA1
B9F6
D27F
07E0
33FC
4367
3F63
3F83
273B
04FA
FE6D
F3A6
D969
D531
EB8A
0782
17EA
20DC
1EDE
FD55
E8A9
E556
E276
E9A2
FB5E
0E05
167A
2117
2D74
1A29
04FC
FD50
E782
DA99
E271
EA89
FAA0
0A9F
1958
2645
1096
FEC4
F017
D251
CBA6
D4C7
E335
F887
0E62
2A2C
3A7A
3B2E
353B
1404
F24A
E47F
DF8A
DBB8
E781
00E9
0CE2
1094
2063
2013
09EF
F070
E08E
D727
D418
E440
FB4F
06A5
17E2
277B
2555
21D2
1308
F22F
D563
CC67
CA7C
BE97
B69D
C898
0311
459B
7A0A
7FFF
7FFF
7FFF
29E6
DE2F
8E1F
8000
8000
8000
8000
9099
FD1D
662F
7FFF
7FFF
7FFF
5CDC
0122
9AB9
8000
8B26
B78D
031F
4390
516E
5377
4433
0A00
C77D
A610
8815
8000
A9A4
F223
344C
7825
7FFF
7FFF
6465
25DC
EB91
B869
A7B1
BD46
D83A
F477
1224
2488
1A19
04CA
EF4E
CB49
A0EC
9CF8
AE4D
C67D
FF41
45A3
60C3
6943
5F94
3B37
02EF
E2AE
D8A8
CAC0
D0DA
F367
0820
19F6
3003
2C83
1465
F32B
E070
D5D1
DC38
F0FF
106F
270B
2FA1
3808
305A
0DE2
FA05
E2DB
BB34
BCF2
CF04
DE44
0104
1EFB
2F22
30AA
1765
FB3A
D688
B987
BAD3
CA1A
E32D
0D44
2D58
4DC3
4FF4
4683
3BA5
0AF1
EA47
DC3E
CC4E
DA1C
EF2C
0361
143F
1B0C
2844
15A2
FED1
EDB4
CCF4
BE77
CD94
E1C2
FED2
1981
34D7
35A7
27F1
1F87
FA02
D67D
C377
A249
973C
AC28
EACA
3E33
75C3
7FFF
7FFF
7FFF
4733
F459
A70B
8000
8000
8000
8000
93D5
08A4
7061
7FFF
7FFF
7FFF
5F82
F549
96F5
8000
8696
B1D1
F703
2EDA
42A7
4D65
4E17
187B
CFDA
A7CE
8000
8000
A137
EDD7
3246
78AA
7FFF
7FFF
76C6
3CDC
006A
C37C
A873
B25D
C3FB
E16E
06E8
1E3F
1DE3
0F6D
FD48
D644
AD88
A7B9
B459
C7F9
FDBB
3441
4E8A
5906
5A2C
4028
14BD
FAF4
E483
CE87
C8D1
DE54
F07E
0437
19DC
235C
1045
FCAF
F611
E726
E717
F6C8
13C5
27BF
2C5E
3910
2B86
08A5
015F
EC97
CCB1
CCC6
DC0C
E347
FA4A
14C6
1D8A
14F7
068C
F70A
DB15
C96B
CE04
D46B
E1E5
096E
28C1
3AD4
4533
3FB4
2DCA
0CAA
EFE4
E772
D7E4
D8DC
F80D
0AA9
16F7
23D7
21A5
0B66
F655
E7A0
D531
CCB1
DB15
EF4E
FBCB
168C
2F9B
33D7
234D
16C2
FD04
DAD9
CABA
C58F
BAAD
BAE7
D4D0
0057
363C
6401
7EA7
7FFF
75CF
2DB8
E4CA
A888
8000
8000
80C6
A014
CA00
0C7A
4739
74D4
7FFF
7832
3E9C
013C
C46E
9DB1
AB57
CC4A
F6B4
2C1D
3E2F
375E
256E
014F
D47C
B46B
AA87
AE9A
C53D
F617
29DC
53F4
75D5
71CA
4BAC
1BCA
ECB0
C91E
BFC1
C876
E127
FB74
1044
20B8
245B
1397
F8EC
DE5E
C686
BA3A
C48D
DB23
FA25
1E18
3B14
45C4
438B
31A8
0E9F
EA2F
D698
D8D2
DBBF
EE82
04F2
0C69
12DE
1AF9
106E
03EA
F46D
E1B5
E24E
F030
08B8
1DEE
27D2
2A3B
2236
153B
0D6D
F5EF
E708
D542
CF99
DCC7
F5D9
08C8
1895
14F3
055C
F725
EB17
DD48
DD61
E0C8
E988
0133
1C67
311B
3A1F
3033
2036
0B80
F4D7
EC4B
EB88
E119
EFB1
FCA6
FF79
10F3
1903
114C
01E7
F0B7
E73D
DC51
E1DF
EF6E
F8D9
0A0E
1B8F
1EF9
1DC1
126B
FEE2
EDAE
D885
C703
BBED
C138
EE5B
287A
552B
795C
7FFF
7FFF
4133
F7DB
B8B2
8000
8000
8000
8000
A649
F62E
5376
7FFF
7FFF
7FFF
56C9
F6EE
AF22
90B9
A052
C697
FBDC
29B8
3AF4
3EAE
3B7D
1C7E
E57C
B6FE
98DD
880D
A863
EE61
225F
559B
7FFF
7B60
5758
3257
0720
D790
BC10
C357
DBC4
EBFE
07D0
1A48
1364
07B5
F561
D9C6
BC78
B2BB
BC75
D2B1
FBB9
302C
4C23
4B8D
4D14
39D4
0FD8
F84F
E944
D6DA
D5A9
E2FB
F78C
08AE
15E2
1F6B
12B2
FA21
F218
E6F3
E71D
FB5F
0CDB
1E80
2847
2B4C
1F9B
0841
F96E
ED4C
D5C0
CC3A
D90C
E7FB
F856
1799
264D
1C89
10B7
FD0B
E205
D6D9
D569
DC3D
EDAF
04FD
2041
3261
3811
34F5
1F6C
FFAD
E8CC
E036
DB9D
E3FD
F8CE
0D3D
1998
246C
2828
161D
F899
E82A
D622
CC1C
DA5C
EA8E
F795
0EF0
1FC8
2919
22EB
17DA
FF49
E16E
C9F7
C917
B81D
A4F0
BBEB
F47B
3FE3
7E89
7FFF
7FFF
7FFF
41D3
F708
99FD
8000
8000
8000
8000
8271
F24B
6391
7FFF
7FFF
7FFF
6AAD
0227
8B2F
8000
8000
A30D
F664
44E6
5BE7
6553
64A6
2FA0
E278
ADEE
8000
8000
85A9
D70E
2453
789F
7FFF
7FFF
7C2E
3FAB
0465
C247
A45D
B117
C343
E697
15FF
2CE3
2311
1089
F54C
CB38
A05D
915C
9405
AC13
E9E2
389E
6127
742A
74C4
4D6B
167A
0048
EE6E
CE9B
C8F1
DBDD
EAB7
0EA5
2DBD
3085
1A74
F117
D8F0
D48B
D546
F6D8
112F
1CA2
2CFC
3C2C
3760
1E55
0930
F0DC
BA26
ABE5
C85B
D945
F372
1D3D
2851
2449
1963
0B39
E73D
C3E0
C11F
C707
DCB0
0D1B
3316
44D8
4B6F
4B24
354F
0F4A
EEEA
DB6F
C3C8
C88F
E6F3
07FA
1BCB
2805
2D4A
1CC6
FBF5
F701
E04A
C17A
C2A7
D218
E93B
11EF
30DE
3783
2860
18DD
015F
E3D7
D6C7
D574
C367
C1BB
C9D0
ED9A
2760
56C9
740B
7FFF
7FFF
54A0
0912
C921
8E70
8000
8000
874D
ABC9
E227
26F0
69E6
7FFF
7FFF
672E
25EB
D531
9617
9120
B556
D72C
0C0D
34A8
37A0
2EDB
2475
01DD
D41C
B6FC
A7F3
A9E1
D438
12E6
418A
6717
7E0C
6AB6
325B
09E1
EA23
C748
BDF2
D0B0
E9E6
04CA
1CD0
268A
1D60
0522
E9ED
CADE
B41B
B00C
BCF7
D298
FD51
2E0D
491B
5245
4BEB
2D09
090F
EB9F
E250
E274
E578
F0A7
FEC8
069A
1310
15E6
0E61
FD64
E8E6
E6CE
E512
F8A7
1A94
20CE
29C6
3393
25E1
15FF
064F
F131
D72F
CC49
D41E
E21A
F480
07F4
0A99
0411
FD68
F133
E76D
E1BA
E257
EAA6
F980
137F
2DE9
386D
342C
2926
15F1
FE50
EE01
E7AE
E82E
E21E
F063
07A2
11B9
1E10
20BA
0A02
F87A
E950
E4B6
E440
E864
F3A3
FFC0
05FA
14A4
191D
0F52
0219
EBFD
D8E5
D2BF
C78D
CE40
EA8C
157C
470D
6A4E
7FFF
7FFF
48F2
F0C4
B489
8000
8000
8000
8894
A55D
E62E
4697
7FFF
7FFF
7FFF
606C
04B9
BE8E
99A4
A17D
B579
D061
FD7E
22B6
3BE6
4DF4
313F
F085
BD46
A24F
98C7
B53E
F098
1877
3B0B
692E
7E84
6E29
415D
067C
CEB8
B42F
BC44
DCE5
F50F
0169
0EBD
119E
113B
1ABE
03AF
D224
AB66
A6B2
BA9C
E60A
2302
403A
3E9F
3B32
3589
2B8B
16E8
F628
D95E
CAB1
D53B
F4D8
1543
1CF4
1687
024B
EB79
EACC
FB90
EDA8
EA63
0029
0BA4
1B0E
3687
3A13
211B
0CA4
F7D8
E3E5
E0B6
DF99
DDD4
E3F3
FA8F
0D2E
13DA
16EC
0944
E9CE
CD69
CF48
E6D0
F0A3
FD66
1688
252B
2CD4
2FAE
2C91
1630
F529
E895
E111
E592
F35B
FF4F
0BC7
13B9
1986
1BC4
08DE
FB09
F14B
D67B
D76C
E891
F155
0097
0F48
1ECE
1C64
0B15
0845
F1BF
CEC2
C277
ADEA
BAD4
FB14
3C33
674B
7FFF
7FFF
7FFF
23FD
E46D
8F9D
8000
8000
8000
8000
AA4F
1A9D
7FFF
7FFF
7FFF
7FFF
4A06
DD4F
8A4E
8000
8F43
BA02
02D1
3EC0
4A13
5731
50D1
0E55
CFD7
ADF4
81BC
8000
B6B5
F836
2E27
6B60
7FFF
7FFF
58C9
2776
EF3B
B26A
AA68
BFDA
D9BC
F76B
1575
1FDF
1780
0D12
006A
D47D
AA14
AAD6
B373
C51E
0BD4
45E1
4F82
53D9
541F
30CE
0530
F0A7
E213
C599
D5CB
F6F0
01C8
1418
26EA
1C9A
03C8
F75C
EB6A
E310
DFFA
F4E5
1011
1C33
2A0D
37BE
256E
0334
F4AD
E8D3
CAB1
CC78
E361
EBC9
FEC8
20BB
2610
16E9
083F
F29B
CEC4
BEEF
CEE3
DBE0
F2FD
1DDE
3BC5
476E
490E
3ED0
21D5
FC9A
E0A1
D812
CEE5
D5F9
F620
0B33
16EF
29FC
25F1
0D3D
F7F4
E768
D04D
C175
CF36
E6EB
0164
2421
3B6A
38C1
24A8
0FE7
EEF3
CFC1
BF27
AB5A
92D5
A35F
F392
54A7
7FFF
7FFF
7FFF
7FFF
318E
E66B
86E9
8000
8000
8000
8000
8F39
1C51
7FFF
7FFF
7FFF
7FFF
5910
E783
8509
8000
8000
AC79
0462
4474
5A71
60D7
53FC
1173
C03A
9470
8000
8000
9358
F014
426F
7FFF
7FFF
7FFF
78F9
305B
ECE7
AC53
94A8
A704
BE4B
E1FD
162A
3443
2F26
19D8
F600
BE4E
93A0
900B
A4ED
BFD3
FCCC
4407
5F33
6825
6EE2
4BAA
16AF
EB23
D91B
C667
C7C2
E70A
FFCF
12D9
3328
2B5F
14F0
F35A
DBFE
CB74
C272
EDA2
12C5
2489
3AEA
3C62
352B
1B8D
008D
F77B
C66B
B88B
D6B0
D93D
FC44
2CC0
2784
1B82
0D42
EC46
CF9C
C16E
C1C4
CAF3
DE0D
08C6
3854
51A4
5B9A
5384
37BD
0EFD
E511
D337
D2E5
D0CA
E8AF
09E3
1147
24B9
30F6
14CB
0038
E9B6
CF34
C1C0
D164
E70D
F2B2
106F
2E6B
2945
2E0A
1E9D
F9B2
E69D
CA02
C886
D0B9
CE3D
E482
FD16
1822
4B2F
64FF
747D
7A4D
4E0F
0776
C855
A077
88A7
8000
9CFD
BEC9
D77B
1733
4F3B
6DAC
7D69
5ED3
3192
F95B
B5BB
A6DA
B68E
CBBA
FC6E
1E6D
292F
2160
1510
FBF8
D739
CA7E
CEE1
CC51
E4C3
1023
31BF
4A7A
592F
53E7
2EB6
055D
E8B6
CBE2
C4F8
D998
F071
0604
1E9A
234D
1BD9
03F4
F1FE
E1AD
C4FA
C3EE
CEAB
D8B8
F81C
1C85
35F4
3A50
2D80
1BDE
FF6A
E98F
EC6F
EC85
EE6A
FFD1
0B3E
0EAC
1483
14A4
0455
F592
EBEE
EA32
EA1A
F711
0E8C
1E1D
288A
2EB2
28C5
1364
01B8
EBA2
D7AF
D522
DAD1
EB04
F55D
018D
128A
0C2F
FB32
F7C6
E9BB
DAD2
E022
F2AD
FE8F
1387
2B67
2F9A
2960
2431
117B
FD32
F11F
E995
E7D4
E7D1
F359
04AE
0DFB
168F
1F40
1392
FDC1
F05E
E709
E127
E742
F79E
FEBA
04F0
1276
11E7
04F2
FCDA
E990
D1ED
BF19
C60C
EBD1
1F14
4906
7721
7FFF
7FFF
42F6
FEEF
B671
8000
8000
8000
8000
A05F
F613
52B3
7FFF
7FFF
7FFF
60B9
0C15
BCDE
978F
A322
BD2F
E9EA
14A0
2A16
35DA
3487
16B0
E8A7
B9F3
9B29
9363
AA48
E09A
22C0
5775
7B33
7F1C
6097
32F0
0700
DBC1
C2E6
BEAF
CE21
E41B
FEDF
1445
1C30
0F6C
FDDE
E5E9
CAAA
BE6B
C8BC
DDE0
FDDF
227E
3C54
4432
4006
30E3
1149
F668
EA46
DD4D
D667
E057
F182
0555
12EC
1758
0DEE
F7E7
EF1C
E437
ED72
FDF2
0BAD
1D66
202F
2377
224E
0F91
075B
F606
E078
E118
E4B1
F70C
0C94
0E46
19BD
1255
FA42
F003
DBDD
CD84
D4D9
D99D
EB04
0BD4
230A
36B0
3C76
33CB
235F
079B
F05E
E10B
DD87
E53E
F0A3
048C
1567
14DC
151A
0E16
F7BC
EBBB
E08A
D7F1
E0D8
F0F3
02BA
149B
2397
2A71
1DC8
1197
00BB
EAEB
DB43
CD31
BD58
AF94
B409
ECAF
3BBD
6FAB
7FFF
7FFF
7FFF
46DC
F52E
A526
8000
8000
8000
8000
8000
E576
55EE
7FFF
7FFF
7FFF
7B13
14CB
A25F
8000
8000
9D7E
F023
3E58
54E8
5C26
5BA0
2451
DAF0
AE22
88BA
8000
92BF
DC35
1F13
66BD
7FFF
7FFF
7D0F
3D93
004F
BBD8
9EF0
AA9D
C2F9
E450
09B8
24F0
246E
0FC7
0281
DD39
A99F
9AD0
A6FA
B4A7
EDB6
36D7
5AFB
6A93
6E9A
4F53
1AB2
ED78
DC29
CA39
C424
E3D6
FA22
062A
2076
2A3E
1589
0174
ED0A
E0AB
D3FD
EB98
1016
21D0
33FB
3BC4
2B96
12A1
FF4C
F08C
CA0E
C1C8
CDA8
D941
FA57
21A3
2E2B
2BEF
0DAC
F82F
DA84
BBA0
BD36
C833
D695
04E9
3495
504D
5514
4F38
35E4
07B6
EA28
DF2F
C952
CF5B
E529
02FF
19C2
2B97
32CD
2092
FCC2
E91A
D1B9
C54D
C8F7
DA5E
E8E0
0B40
31B8
3C85
3344
0AAA
05CA
00B7
00B7
FBBC
F536
F4FE
F2F3
F266
FB04
0238
FE0D
01D7
0926
068A
08A2
0851
048F
FF90
0160
008B
01A2
03D6
FCE0
F5B7
F721
F7FA
FB03
FBB4
FACB
FECE
0181
058B
0E69
11C8
0EF8
07BC
03A8
02A8
FC5C
F7CB
F39C
ECF4
ECFC
F55D
F86E
0186
0720
024C
05AC
097E
0AD0
09CA
0537
0377
02CA
FF3A
0293
06BE
FCC8
F30F
F5B4
F158
F1C4
F7B2
FC1D
FDEE
0492
0ACA
107D
11E3
10A7
0B74
0297
FF2A
FBD9
F36D
EE65
EF5B
F07E
F5F7
FE37
04DE
0647
0795
066B
0649
0713
0924
0626
FF71
FCE5
0178
0279
000F
FE90
FA70
F5F1
F56D
F814
FC26
FB0C
FF3E
0313
FFAB
0902
1378
0F82
0C63
08F6
0132
FD5E
F647
F19F
EF1F
E924
EE96
F6C4
FD15
083C
0ADF
0B78
0CD9
0DC3
0C67
0A1C
03DF
00D3
F839
F94A
FA4A
FCA3
FCE3
FACA
F732
F932
FD02
FE37
FE03
0128
0231
068A
0F3F
0F24
0CBF
0949
01BD
FB35
F847
F58A
F592
EEFA
ED26
F61D
FD8E
04D5
0A69
0BC3
089E
0836
0A68
0A32
029D
0081
FDD8
F698
F655
FF64
FB92
F7CD
F979
FC5C
FCC2
0597
04C9
0138
027A
04A9
092E
09E3
0863
063E
FEE5
F768
F98E
F85A
F8F9
F476
F05B
F1E2
FAC5
05A2
0C3E
0759
072A
0CCB
04EA
088A
10AE
02C6
F700
FA06
F2B4
F239
FF7C
FC21
F2FB
FAB1
FE08
FDDA
0772
0C4E
0732
08D8
08BA
0B97
0F7F
08AE
F997
F960
F3F4
EEF7
F723
F706
EE41
F765
F981
F79F
0983
105D
060F
0E21
0EC6
0904
0D61
0CF2
01CC
FCF3
F5EC
F22F
F7A5
FA9E
F689
F9D6
F8FB
F7A3
03B0
097A
0787
0B7F
04D8
FF43
053A
0874
0304
FDA8
FBD6
F5CC
F4A8
FDCA
FCFE
FB21
FA44
FAF0
0039
086A
1142
10F3
069D
0226
0268
FD18
F890
F9A6
F4EC
EC12
F525
FEAE
04E4
07F7
08BA
0568
0611
05D6
0900
05A0
FE8E
FD09
FE00
F951
0099
0549
FA6A
F746
FA17
F6AF
F806
FB91
FE15
FE56
03AA
0852
0D0A
0E07
0B8C
017F
FDA5
F9E6
F806
F67C
F4CB
F6DA
FAE7
FD14
051E
0C71
06E1
05FA
072B
01FA
0041
0519
FC5C
FB7C
FD14
FAEF
FBC5
010A
FCB9
FC1C
FAEE
FB00
0000
000D
FF52
001B
0035
02ED
0795
0715
04CE
0080
FCC8
FCF3
FB7A
FB3B
FFAC
FBE3
FE5E
032C
023A
062E
0A60
0407
02AB
03C2
0274
FF9B
FB7B
FB00
FA61
FA4C
FF96
015D
FFE5
FE8A
FE89
FDAA
00A5
029A
FF07
FFB0
0125
FED4
0324
04E7
029E
018C
FCEA
FC67
FFA8
FFF5
0129
0468
FEEF
FFDD
032A
00DC
01FE
03C6
FF81
FD69
FEC9
FEED
FAFC
F95F
FD19
FF8C
01A1
0315
05A4
039B
02F8
0297
04B1
0166
FC06
FC2C
F9DD
F90F
FE4F
FE07
FE10
FF42
FE58
FF8B
0158
07B7
058A
00A9
0015
01E4
FE11
FF52
04D2
01FF
FE8C
FFDE
FBEF
FB58
FD71
FD6C
FE3D
FDA7
FE6B
0649
053F
01E3
05DA
04B5
FCD3
05A1
00A9
F925
FCE1
FE94
F95D
00BA
FE56
FCB5
00B0
018A
FF65
0477
0322
FF33
0035
FAE4
FB01
FE5C
FF57
0341
001B
FEBF
00BD
0046
0405
047B
0263
00CA
FF58
FEA5
02FB
FF43
FEE0
FC18
FC75
FCF9
FFA7
0188
0317
FD5C
FCAF
FE88
FE68
02A8
05DB
00A5
0351
099B
043E
04B8
068E
FE1A
F9CA
FC3E
F9E0
FE6F
FE13
FBFB
FBAF
FA31
FD60
0268
0120
0183
01D4
FE22
FE64
075A
03CF
FEB0
FF00
02E1
0149
003A
009C
FE80
FAE4
FC9D
FF3A
00E5
03D4
01B1
0231
01A9
010E
01FA
029F
FD39
00C7
0034
FB13
00F4
06CD
FB54
FC70
022B
0168
FE79
01A3
FFE7
FC69
FEFC
038C
031F
0006
0226
007D
FB7D
FE34
FE21
F8DC
F6F5
F9B0
F833
0043
068B
095A
05EE
04CB
03EC
0231
0192
0256
FDC4
F97E
FCEB
0050
04D0
0710
0163
FCF7
FDBA
FAD9
0038
01A7
FDB0
FCD0
FFDB
FF3E
04BF
0BFB
0374
FB5D
FD3A
FC62
F64E
FA5C
F84E
F4CD
F90F
0358
07D6
0AEF
09CA
0426
016C
0166
FF3E
FD0E
FD7D
F8F1
F74C
FD15
0127
05CD
0467
FCEB
0184
00DE
01A6
089A
0428
FEBB
0037
0005
059F
088F
014F
FE63
F863
F990
FE7A
FC19
F772
FB19
F993
F9F5
0569
0B75
03B2
0226
FFED
FEF4
0177
04D9
0441
F950
F786
FCE7
FC12
0097
0806
FF3F
FB52
04E6
066A
074C
09EB
0326
FC9F
FBD3
0203
05F2
0283
FC8C
F868
F64E
FA06
FFD5
0292
FC76
F7B7
FD56
0228
0258
07D0
07D3
FEAE
FEE8
07C6
04A6
008E
FF1D
F846
F283
FAD5
01F5
00D9
FCD1
0119
01AD
0167
079E
0CEB
013C
FD0D
FD22
FBC4
0088
0284
FE14
F8FB
F752
FD00
0312
00E1
FF99
00C7
FBC1
00AA
0C95
0B9F
0612
011D
020F
FF93
FE22
0034
FBA2
F2A6
EFDD
F7C9
FE8D
02C1
084E
02DE
00CE
0968
06ED
0891
0601
FDBC
F9BF
F847
FAF6
017B
01AC
FD7B
F80B
FB6F
FF5A
FF44
04B1
01A1
FB2D
0008
0446
06B4
0CAC
0856
01C9
FFD6
00BC
FF93
FE2C
F555
F42F
F30C
F725
FE72
0652
05D2
03F3
0290
042E
0915
06EA
0245
020F
FC51
F604
FDBE
0155
FC6C
013D
FE16
FA9E
0020
0544
0232
FFE1
FEF3
FB73
FC4A
0246
048F
02AF
042E
FF37
FFF9
FFA8
FDB2
FAD5
FAEA
F7AF
F82D
FEFB
05A6
01AB
072B
06A8
0299
0764
0698
0077
026C
FEC6
FC45
F9B7
FBD2
FF4E
FD56
FB42
0056
FF09
0182
02ED
016E
0195
037A
000B
04EE
01B2
FB97
FC82
FAF4
F857
FC7C
FC22
FB62
FDFE
FEAE
0112
0709
0C7A
06C0
0373
0357
011A
029E
02B9
FFBE
FBB9
FB77
F980
FA99
FE6B
FD24
FC61
FF9D
023F
0695
098E
053D
0731
03E3
FDC3
0037
0126
FB28
FA8C
F810
F4E3
F9AC
FF6C
FA34
FF6E
02B0
011E
06FB
06ED
0538
0860
06B3
04D1
0477
00E2
FCB5
F807
F7F6
F4E3
F555
FC51
00E2
FE40
049C
07A1
09D2
05A9
035A
0018
FE29
FBEE
FE8E
F9C0
FFC3
FEEA
FDC4
00D5
034F
FF72
FDA2
FCB5
FF51
FD3F
010F
0198
0265
062F
0855
0453
094D
037E
FDD4
F6A1
F224
F2D0
F667
F70F
FAE4
02E2
065A
0933
0C3B
0BD6
079E
041D
0315
FEBB
FA71
FD2A
F951
F72F
FD44
FBE9
FBB9
00AB
0019
FE77
0082
01E9
06B0
047C
0AC5
0C82
0AA3
049B
05E7
FB66
F74B
F449
F0D9
F1D5
F5E7
F951
016E
0402
0571
0A59
0A6D
052D
098E
07AA
013B
0194
FEE9
F853
FAC9
FA65
F95A
F5E4
FA3F
FC95
FE27
FF93
0A31
0860
0684
0CEF
0D78
065F
057A
0066
FCAC
F7EC
F41C
F59B
F2EA
F60D
FC01
FBAD
FF39
08E1
0AA0
06A2
0924
0A62
05D2
0457
01B6
0120
F7F4
F152
F265
F59D
F379
F8F5
F9FA
FC2D
FF99
06FC
09AB
0A26
0C33
0A93
05C0
0AED
0A24
0293
FEC1
FB09
F7AB
F443
F4B3
F349
F6F9
F8A5
F83C
0598
092E
093D
0E0C
0B48
0779
0A20
0410
FC8C
FA8B
EE99
EB94
F484
FC89
FB48
FD20
FECE
04D5
057B
085E
0B9E
0794
0300
08FC
03FA
0565
085A
FDC1
F322
F526
F290
F154
F78D
F755
F9D0
FFC5
0489
0D2E
136B
10DC
0D14
0988
066F
0355
FEA2
F6C5
F177
F3E3
F413
F714
0032
001A
FD30
0276
07A4
0463
06CB
0965
025D
FFEA
03D7
06A9
0447
F9F4
F7A6
F5D2
EFD9
F2DD
F9A1
F7A6
FA58
0215
083D
0F02
157D
1369
0E7B
05B4
0361
FC38
F7D3
F33A
F150
F0EB
F555
FBC3
0224
0078
02BD
048E
0535
088F
0901
0476
FFFD
010F
0318
02EE
0307
FEDD
F377
F3D0
F4D5
F4ED
F76C
FA1B
FC97
FDFE
02E9
1032
14C2
0F3A
0B62
09A0
FDB0
FDF2
FC26
F322
EEDA
F31B
F342
FC41
05C7
0A4C
074A
01CB
0798
09B6
0441
0504
05D4
F9CB
FAF2
FF95
00A0
FB06
F8E4
F5C5
F32C
F60B
003A
FE4D
FDF2
0302
06D4
0B3E
14C1
106D
09CD
02CA
FD4A
F9C6
F8F5
F10A
F2EE
EE56
EE17
FF60
071F
0788
0B5E
0A59
02BF
09EE
0D00
05D2
FE71
F9B8
F60B
FA52
0043
0260
F995
F65B
F6D6
FC7A
0146
05C5
04C0
020C
FD73
094F
1222
0BA5
0808
024B
F516
F7DC
FC87
F70B
F647
F6B5
F078
FB74
0AFA
0D80
09C7
0689
02D4
099C
0693
055B
0441
F758
EF4B
F760
F960
FD9B
004D
FBA0
F88B
FEB9
0751
0BA1
07E5
04A7
01E8
FD79
063F
0D11
035A
FBDE
F5FE
F568
F628
FA69
FD32
F950
F68F
FCB5
02D4
0A47
1103
0AE6
0616
0445
050B
05F5
FE72
F684
F13A
EEA4
F388
FE7F
042A
FD22
FE5E
0214
025F
0988
0E82
02AC
016F
00AD
FF5E
0373
0964
02FB
FB73
F770
F6B3
FA48
FB4F
F95F
FA15
F86D
FBE5
052A
0AD5
0CF4
09AD
067E
FDEC
FF34
0196
FC5E
F877
FA8D
F800
FB80
0350
070D
0118
033B
00A4
FE3C
0528
06F2
008B
FFFD
FB14
003E
0335
0190
FCA2
FB2B
F725
F780
012E
0282
014B
044E
036D
049E
076D
0AC5
0494
0291
0014
F9DA
FA7E
009C
FA2C
F96E
FAE0
F783
FB36
FF70
0122
009C
016E
04BA
097A
0650
05C4
060A
005D
FB3A
FE53
FBF6
F8F8
FBDF
F953
FC1A
019A
0432
0656
02DC
005A
01FC
FF29
0214
0603
FF7C
FC46
FFBF
00F9
FE98
FDB2
FC32
F93F
F797
FDBA
FEB5
FF48
0677
0548
03C2
08B3
08E3
037E
FE89
FA19
F931
F9EE
F7BC
FB3C
FF4D
FC06
FC81
084C
061C
0187
04BB
FD3C
FB35
0337
021E
02BB
059C
07AC
00E1
FF21
057A
032C
FBE5
FD7A
FFE0
FB4D
FEB1
028F
0082
FFED
0080
FE35
FF9A
FB59
F9CD
F7DB
F8B2
FC19
FE3C
FD4E
0070
0564
05D1
0788
0ADD
09F3
0551
0114
028A
0139
FEBF
0199
FE91
F77A
FCE6
FBD3
FC6F
FECF
FD00
F827
FC5B
009A
0413
0671
08A8
0A7A
067D
0257
00EB
FEB0
F903
F388
F37F
F630
F850
FD10
0656
0885
08DD
0D47
0A16
050B
032F
005A
F8E7
F9FA
FAE6
F97A
FA62
FD16
FE67
00DF
FFF6
00DB
0282
FF0E
0325
028E
012B
056F
0908
03FD
04EB
0112
FB3E
FDCD
F8ED
F541
F7B1
FAB5
FD76
FE90
04E1
0881
04BF
05B1
040B
0155
0121
FEB0
FBDF
FD8D
F923
F6C3
FE0A
FD03
FB5E
008B
0008
0295
0C57
0B08
0905
0C08
03AB
FD21
FD99
FE77
F8FE
F79C
F86C
F512
F999
FDF1
FF33
0213
0027
FEE5
00FD
0677
04FC
02F2
05EC
02EB
04BA
06A1
0016
FB88
F939
F74F
F5C6
FA58
FD91
FF14
01C8
0557
0B5C
0C83
0879
0313
FEF3
FC0F
F989
FAE0
013B
FBEA
F963
FC51
FE4C
019B
0559
02E9
FE1F
FE48
01AD
03BD
0827
055F
04A4
03C6
00F6
01DE
00A7
FB13
F7FF
F1FD
F33C
FB79
0073
019D
02FE
0469
06C4
074E
0814
01BA
FBD1
FAEB
FCF8
FD61
004F
0345
FE90
FAAE
0085
0088
FF93
0101
0054
FCC4
FDB1
0085
087F
05C2
0052
FFC0
FE03
FAE1
FD4E
FC22
F57B
F52C
FCD9
FE7B
0487
0B85
0A14
02BC
07B5
05AF
FE77
0083
FE27
F6A6
F796
FB94
FE24
005E
FBC7
FC7D
0178
FF93
022D
07B0
01B4
FD58
0586
03B0
049E
0AF1
0444
FBE8
FFB0
FED9
FB6C
F960
F8E1
F9DD
F976
FD85
0530
040B
0238
04C7
FFBE
FD85
030B
0331
FF9F
FC50
FDA8
FFE8
FBA7
01F9
056A
FD41
FDD8
05F0
0604
02AE
0349
02F1
FD69
FDD8
0471
0093
FC1C
FDBB
FE27
F86B
FA60
02B1
FD83
F8E7
FE4B
0042
0511
0838
093D
07A7
FE68
01B0
027D
FCAC
FC8E
FAA0
F5AF
F81B
FBC9
00DC
0227
01DE
04AE
064D
04C8
06A7
040B
FD83
FA68
FA69
FC75
0453
01CA
FFD0
00A4
FDD6
FBF1
03E8
0159
FC40
FBDC
FCB7
FC60
04EB
07FF
0400
FE71
FFC2
FE84
03C5
0351
FEA6
F8B5
F5D0
F555
FDF8
08C0
011E
FF0C
07AF
036C
036A
0ACC
008A
FA68
F9D0
F7D6
F962
03F7
021F
FD7E
FD2F
FDB8
0396
07D5
01F5
01C8
FEA8
F5FA
0048
09E6
03AC
05FC
0540
017C
034C
04F5
002C
F8B8
F66A
F83E
F623
00E8
0551
02A7
0157
FEB6
FFD4
04B6
0026
FC02
FEA3
F85B
F946
0425
046D
FDEE
034E
FF51
FC19
01BA
020B
FF57
01A5
0141
FEBD
045A
0681
0874
0479
01B5
FE1B
FCB4
FE31
FAA2
FB23
FE89
F969
FE8F
0606
00C0
0221
0550
0042
FF4A
0363
FD5E
FE75
FE85
FDD4
FA89
FF5A
01E1
FE0A
0122
FDDD
FCBB
0154
00FB
FF7A
000D
02DE
04D4
0707
083E
042C
FD6E
FF6D
FB67
F882
FA9F
FB89
FBF1
0112
FED8
038B
064E
0324
FEB9
009E
01B2
FE4B
005B
009A
FE3F
FE62
FE90
FD4B
FDB1
FF51
FC29
FB33
0105
00CB
006C
04FF
029C
0084
0434
0242
01B7
0541
FD45
FABD
FC6F
FD7E
FAA1
FE06
FCCE
FBA4
FE49
FE76
02FF
075B
0553
0685
0672
06E3
05E4
FE6D
FA0D
FBBC
F6F4
F800
F9CB
FF18
FFAD
01AC
0484
07F1
043A
052A
00D4
FD3B
01A9
FEF3
FDB1
0294
013F
025A
008F
007B
0123
FCE5
F716
F786
FC61
FECF
0230
05E7
04F1
08D2
093B
06D3
06BD
FD9A
F584
F6CE
F45A
F6E7
FF18
FA98
FEBC
0510
047B
0A29
0DC3
0667
0245
FFCD
FEF0
01AC
FE69
FC24
FD26
FD4B
FD27
FD68
0075
FDD8
F82D
FAA0
FED1
00A9
057F
07A9
022A
0861
0810
01CB
0474
FF70
F716
F4B8
F55A
F592
F80F
FE22
01EB
01CD
049C
0A71
0933
060D
0417
011F
FE8D
FE48
FEEC
00B8
FFBC
FD53
FD0F
FE32
FB85
FF5C
FCA9
FC9E
0216
03D8
044A
080E
0A4B
06FE
0313
0140
FB7B
FABD
F6CA
F2D3
F439
F514
F960
FF96
0458
0AD6
05A3
0728
0AA0
0A8F
058A
05CE
FCDA
F9CC
F917
F8BE
FB40
FBE3
F5CC
FDF5
FD30
00C9
06B2
07C5
053E
05F8
01E9
0387
0647
07C6
030B
FFF7
FAB7
F8D3
FA82
F38B
F5AD
F6D6
F466
F989
0308
062D
0903
0B1C
0D2F
0951
0B91
0950
FD3E
F88B
F79D
F37E
F417
FC25
FB0B
F8C1
0036
04A3
052D
063E
0518
0303
FF60
01A0
0881
092A
04BF
00A7
FF13
F8EF
F7C5
F89D
F66E
F1BD
F562
FCC2
02BA
0E00
110E
08EC
0B8A
0A91
02D2
02A5
FD10
F642
F2F8
F181
F7A0
FFAD
FD7C
FC5D
004D
0227
056E
09E0
0763
055F
0507
02D7
0769
0A6F
05C5
FAE6
EF9B
F0F1
F425
F40E
F67B
F7E1
F6EE
0224
0BAB
115C
125A
0E18
061A
0530
02F7
011D
FCCF
F69C
F39A
F2C3
F71D
FDDA
FFE6
FF1C
FD4C
0229
0619
08FA
08DC
061F
01C4
01AD
0347
05C2
FFED
FAF5
F3FE
F1A6
F568
F80C
F62A
F9B3
F9C0
FDEC
09C6
1119
1376
1190
0B76
09D5
03E5
01DC
FF18
EEFB
ECBE
EF21
EFB4
F6CC
FCEC
013D
0367
0746
0B33
0D4F
0BFE
08FA
0348
FF48
FAED
FDB6
FDF2
F950
F60F
F57A
F711
FAB0
FC41
0012
00C4
FF38
051B
0C3A
0E99
0D99
0B17
03D5
030B
0258
FCCB
FA61
F2A8
EF4E
F28F
F490
FDFD
00E2
0291
082C
0597
06D3
0BEE
0B18
0622
01DC
FEEA
FFBE
FF91
FB0B
F670
F470
F4B1
F912
FB0E
FEF8
0203
020C
0394
097A
1051
10AB
0AD0
04C8
FFC2
FD5A
F8DD
FA9B
F381
F24B
F20D
F395
FF96
0BA0
050A
03F2
0662
05F6
0801
0DF3
08C7
FEA1
FB9C
FB36
F747
FD08
FF44
F5C4
F279
F647
F96B
0424
0526
FFA3
0140
06FC
0586
128B
152E
07ED
02B4
FE86
F575
FBD0
FAA0
F1A5
EFD4
F12A
F1F4
0260
0A5F
07BE
0A62
05B8
071E
0E73
0C45
04ED
FE1D
F6A0
F3C9
F5A6
FF3A
FD21
F6AD
F4B3
F896
FCD5
061B
072F
0407
0288
0580
0607
0BC6
0FB3
074C
FEB9
F835
F71F
F5C2
F31F
F253
F1CC
F293
FE2D
0784
0D63
0F0C
104C
0EC5
09BF
07C7
0474
F73F
F398
F013
F00A
F54B
FDD9
FD5D
FDCC
FDEB
003A
03C5
0A19
0A15
0A1B
055E
042E
059C
0CA3
037C
FE08
F99F
F210
F0E0
F303
F65B
F934
FA64
0262
0244
0A7B
1195
0E03
0B09
09BA
0450
01AD
FFF3
FA07
F54A
F4C4
F3A3
F923
FAFA
FA2C
FC74
FC99
0272
09DF
0A76
09CF
0CDA
05BF
0370
05D3
044B
FC7A
F7A9
F3AB
F3F8
F709
FAE3
FE4D
FFE7
FEE1
04DA
05D9
0B07
0AFC
0447
00A0
FE26
FE67
000C
FB42
FAB2
FA37
F82E
F7C8
00FD
0541
014B
03DE
044F
0473
07AC
0846
0180
FE13
FC0A
FB7C
FAEB
FAC3
FDB6
F731
F706
FF6E
FEE7
FF94
0258
010A
02EF
041C
0876
0C03
07E0
05C0
00A8
FD5A
FCBF
FA4B
F107
F744
F683
F779
00EF
05A8
012B
076B
081F
04BA
0901
051E
FE9A
FF6C
FBF5
FA44
FF79
FABE
FA7D
FE2F
FED7
000B
04CD
05E4
007D
FD12
FE0E
0111
0097
0686
041D
FE29
FF70
00BC
FE3F
0024
FC49
FA4C
FCB3
FED5
FED0
050C
04EC
0302
0899
072D
03CB
0317
FDD1
F65C
F895
F930
F928
FE54
017F
00BB
0017
090F
083B
03C8
0771
0152
FA30
FD29
FB7B
FEEB
031B
FFDB
FF1A
004F
002D
0160
04EE
010A
FE60
FA3E
F8B0
FD7C
034B
0411
0441
04AE
01E7
01B8
FE8B
FD90
FAED
FBB2
FCC4
FA88
00DA
02FB
031D
03BF
018B
0090
0227
FE8F
FE71
FF0F
FC99
FFA7
0761
021E
FEFC
00F1
FB98
FE39
0202
FE88
FCE9
FD2C
FB76
FD22
0290
02B5
050E
0028
FB20
FDE3
FDA3
FAA6
023B
FF41
FAE2
0081
0363
040C
048D
0092
0031
024D
025F
FFB4
0164
FE58
FD84
0129
01B7
0282
03C0
FE20
FDD8
FE98
01F3
FE59
FEED
F92C
F5CA
FB7E
FF5F
02C9
04C7
FE78
FF77
01D8
0116
01FC
03FD
FF3C
FD47
0036
02C8
025B
02C0
FE3F
FC78
FD83
016C
018E
00E8
FEFD
FE42
FF39
03DA
09CD
0468
FEE5
FEAA
FD4E
00AB
03EC
FFE2
FF27
FE4A
FC06
02A9
097C
016C
FF0E
FE49
F853
FC00
FF8A
FFB9
FE30
FEF1
FEE7
0089
0331
03C5
FC41
F983
FD19
FE92
00FC
00B7
FF1F
008B
0487
061F
099F
0B40
0098
FD42
FE81
FDB7
FFA6
FD2E
F9C5
FB85
FDA0
0004
0477
06C9
018A
FCA5
FDF3
0059
FE61
FDFE
FD5A
F7F3
FAD3
0136
0283
0170
FFD2
FB98
FE4E
FF2D
FF04
FF4E
FAF0
F841
FDEB
0273
06C5
08AA
05A7
0548
0470
052D
04F3
0104
FC52
F9A5
F73B
FB44
024D
FF0D
FCA9
FCB8
FCF8
0117
05B6
04E1
015B
FDCB
FE55
032A
03E2
0400
02C2
FB50
F8C0
017B
FEC6
FB27
FF1D
F981
F552
FD70
058F
0568
0497
0194
027F
05A6
0691
0536
0257
FB8A
F94C
F739
0106
0213
FEC2
0008
FEDB
0032
09B7
082E
0477
0268
F98E
F9C8
014E
0385
019A
FD2A
FC5D
FCA1
FF2E
02FD
FDB3
F993
F8A4
F7B5
FED3
0BD7
0BEA
0526
04D0
017A
02B9
077F
049B
F84A
F8B3
F4EC
F7AE
017E
0305
FF7B
020D
00FD
0047
05AF
0629
FE87
FCB4
FB54
F953
02B3
06C5
03E3
FAB1
FF5C
FD37
F9ED
03A9
FF29
F7F1
FA6B
0221
0476
0AEC
082B
04FD
000D
028F
03B8
067F
FCB5
F79F
F2D7
F19A
F8D0
023B
0041
001B
002C
0378
055C
0889
0A44
01AC
F757
F8BA
FB3C
FD6B
01FF
FC09
F7E3
FAC4
FA9C
028E
037C
004B
02FE
01EA
006B
0B76
0E87
069C
068F
047D
00FF
FF1A
FE95
FB19
F568
EE05
F2B5
FC90
FF1E
0268
061F
03FD
07E2
07CD
06FF
0332
0046
FA72
F8AC
F93D
FE74
FC17
FC20
FA44
FD1E
FD79
002B
FF91
0554
0611
0491
084A
090B
0695
0365
01D5
FF98
FED1
FE1E
FAE9
F869
F71D
FA79
FC74
00AC
0878
08D1
01E9
047E
085B
0295
0338
FF64
FA89
FAAE
F53D
F690
FC22
F7B4
FA51
FF02
0063
0549
0C16
0741
05EC
096D
056B
008B
00A4
0077
FBD1
F9FF
FAE6
FD88
F84E
F73A
F9FE
FB4D
FCDB
03BB
0898
0884
06E5
097E
0854
07F4
0741
0225
F5F4
F665
F8EF
F2CE
F41E
F9B6
FD3E
FEEF
014A
0685
0B4A
0658
0677
050B
FF00
0135
FEB1
FCC8
FCE0
FF0A
FE49
FEAC
FEA8
FDA3
F7F4
F9B1
002D
FFBA
FF8E
0658
0648
012D
06DE
09AA
04B8
06C4
FC69
F72E
F9E8
F4EB
F5A6
FDC2
FBC1
FCBD
0488
0541
0812
0C84
070E
00FF
030C
0111
FD7B
FE16
FE11
FBCD
FBDD
FCC1
FDA2
FECB
FD4B
FBA6
FD56
0320
03C1
02DC
04C0
0191
035B
070D
0476
0361
019E
FC25
FE49
F4D3
F4E6
FABD
F970
F9D9
FFC2
0261
0790
0BA9
0A72
0990
08A2
0570
019C
00A5
FCE0
F91C
F758
F22F
F6F5
FD80
FB95
FD2C
0260
04C9
0165
068F
0B2D
0698
03E4
09A2
006D
FF10
03E8
FED3
F76F
F9FE
F2AA
EF98
F686
FDB2
FD34
FFEF
06C0
094D
0894
0D71
0B7F
05BF
0101
FDEF
FE2B
FB9E
F818
FA13
FC5A
FA8D
FE5B
025A
FE1E
FE2C
016E
FCDC
03E0
09F9
0781
0874
0459
053A
01B2
FA22
F621
F795
F0F7
F0B6
F8DA
FDC1
FE8D
0983
09A3
07CB
0DBA
0B87
0613
03B9
FBCF
F7A4
F8D9
F7CD
FA21
F64B
FA28
FDF9
FB27
0308
05B4
0353
0441
0429
06C6
0A78
09B8
093A
0691
FDD6
FB4B
FC61
F59A
F4A8
F174
F037
F493
017F
0981
0642
0923
0F29
0B5C
0922
0A48
03FF
FA06
F796
F5AC
F3D7
F91F
F7EA
F4F0
FA6D
FC4A
021C
0527
04C0
0624
09CF
0888
0D07
121D
07CF
010B
FD4F
F5E5
F5B4
F900
F322
EFDD
F098
F761
0069
0506
0D09
0B55
0874
0AF0
0C18
0996
06AE
FE55
F954
F605
F560
F95A
F80D
F3CA
F83A
FC19
FEF7
066D
05FF
0645
05A6
0A45
0D82
0AE2
0805
0358
F718
F3B4
F60C
F361
F3BE
F4A0
F4EB
F8AF
0446
09AB
0D01
0DA6
0B9A
0921
0AF5
06B1
03C6
FCFC
F395
F5FF
F900
F529
F7B1
F76D
FA8A
FF03
0211
0407
077B
0820
0672
06FC
0934
0885
064E
FE5E
F813
F4FC
F83A
F5A5
F385
F7D9
F6A6
FAAE
07D3
0C0E
0FD8
0FF0
0A62
08A4
090F
0165
FDC9
F945
F2A5
F059
F67F
F9C8
FD20
FED4
FCB0
FCA9
0085
0158
0709
07D3
03E6
03E6
0A40
0BC8
084B
0573
FE7D
F797
F631
F697
F3F5
F3CB
F7DB
F43F
0186
0948
0CAD
1233
0E89
04FE
09DC
0511
FFE2
FB23
F3D0
ECC0
EEDF
F53F
FD4B
03C1
FF72
0022
0450
0717
096B
0EAF
0567
015C
FF6C
01EF
0270
0554
FD12
F8DC
F7ED
F6BC
F956
FD85
F8D3
F6C8
FBD2
0283
0908
1396
0F89
097D
067E
00CE
FFE9
0050
F69A
EFC4
EED4
F1E1
F8D5
03C1
0899
03EE
0558
0431
0A6B
0CF8
0463
FF8E
F809
F71F
FDEE
02F1
FF89
FAE7
F467
F6D4
FE1A
0229
03A8
02F2
FF08
01EA
0C63
14E9
12A7
096E
0045
F97B
F657
F608
F57C
F1EF
EB50
EE2F
F78F
02DE
0B8B
0944
0986
0DA9
0993
0EC3
077B
01C1
FADE
F4F1
F674
FB91
FF35
0129
F6DD
F974
FF18
00A3
0116
03D2
FFED
00F0
0706
097F
0BCC
0C1D
FF61
F8CA
F9E2
F652
F315
F6E4
F44B
F581
FC78
01F1
095F
0D12
0A65
085A
0724
07A8
0498
0114
FAE7
F594
F822
F9BA
FA51
0022
FFC4
F9D9
0011
03B6
0307
069C
05ED
01F0
0161
0327
024D
052C
01CC
FA30
F762
F826
F970
FA6B
FAAF
FDF2
FBED
00BA
0516
0922
0CA4
084B
044C
0233
067A
FB0C
F86A
F916
F5A3
F6FD
001E
0025
01AF
05AB
076B
05AE
082C
075C
0309
FD5E
FE92
FD0E
FBCA
FD16
FE0D
F9CA
FB93
FBFD
FD33
0228
FFCC
FABB
FF3D
FF6D
0449
07D1
03AA
05A0
0481
026C
04CD
016A
FEEA
FBC2
F724
F7E6
FB08
FB77
01E8
0396
0109
03AA
0910
07F3
04F4
FDF9
FE5A
FAC8
FAAA
FE39
FC5E
FB4F
FD87
FED9
0027
0249
03D1
FD74
FCF6
FDFE
FE53
0179
0359
043F
0325
FFD5
04BF
03B0
FDC1
FC4F
F824
F8DF
FEE2
015F
046E
0A2C
08DA
0B6F
0A63
0313
03AD
FEA9
F194
F57C
F44D
F218
F89D
FCFB
FD23
0157
053A
093B
0695
018E
03A4
01CE
0099
008E
0202
FF8B
FFA4
FF4E
FCD9
FE6F
FD1F
FE9F
FEC0
FF57
0297
032E
0592
09C2
05A7
0323
02B7
06D5
0035
FE6F
FE01
F592
F64E
F62B
F6A2
FB06
FD55
00C9
0227
03FC
0C94
0783
084D
0597
FD82
FBAD
FB5A
FB84
FE24
F859
F87E
FC7F
FF7E
FF6A
051C
0570
02DB
0056
04A0
04D9
0706
0269
01A1
FB45
FC77
FE99
FBD5
F949
F929
F60C
FB33
01FF
07FE
0437
05D6
06B2
04A5
0614
0723
0060
F90F
F62A
F517
F7AD
FE5F
FB80
F9BC
FE51
FE12
0107
07C6
0959
05AE
03D0
FFEC
0361
0A7E
0224
FE3E
0042
FAB7
FA81
FDB7
FA49
F938
FB31
FB48
00F6
07D8
078D
05C8
0523
05F9
092D
015A
FE69
FE86
F635
F268
F924
FC22
FC6B
FB5D
FE4F
0125
075D
090C
0887
0520
0131
00CF
01CF
041F
0402
FF03
FCCB
FBEF
FCF3
FB94
FBC1
FD71
F8C3
F9BA
00AC
0479
0945
085B
027C
0497
071A
013A
FD6C
FD94
F3BB
F5D9
FCDB
FB3C
FF00
02E3
FD49
036F
0685
05CB
03E0
01B7
FD56
FCC4
027D
04B6
056D
01B8
FDAC
F8D6
F985
FC47
FE78
FCC6
FC7C
FD77
0471
07D3
0CC7
0627
01F0
FFFB
FB06
FBE8
F9E7
F4FE
F909
F67E
FB8C
0320
0548
03D9
035F
0642
06DF
022E
04AE
FEEB
FB6A
FF26
FCD4
FF8A
03A3
FEEE
FABD
FDE5
FCB2
FFFA
017D
FD72
0131
0357
004A
07CE
0BFB
0148
0278
0130
F83B
FC1C
0009
F5B5
F309
F61D
F73D
FC48
05A2
090A
0395
04BF
0831
0579
07C8
051A
FEC3
0017
F8EA
F7E7
0554
FF4D
F79F
FDCF
FD2F
F77C
0704
0ADE
FEF7
02AB
02DE
FE58
063E
09B3
04FA
FFB5
FC90
FDBC
017C
FC7D
FAE6
F777
F4CD
F61E
034A
0848
0197
02B0
08CB
FE79
00C2
0B73
FE72
F405
F9B3
F3D7
F77D
0765
067C
016B
0783
0648
07D5
0E90
082B
013F
FF5E
F939
FE3D
060B
005F
FD82
0053
F5DF
F487
FA9F
F7C1
F574
F968
F8A8
0152
081F
0D5D
0A7E
0B7F
08A0
0376
059B
FF53
F771
F288
F165
F217
FCCE
03BD
0075
0475
04B9
027A
0932
061F
031C
FD30
F69D
FA56
03F6
07E3
0671
04D9
0252
FD35
FCEE
FF56
F928
F4B6
FA0D
FA09
FA79
092B
09D4
042F
0679
01BD
00A7
FF5F
F984
F93C
F56E
F098
FA8B
095A
0702
0690
0C4F
05F8
02C0
03EB
FFFB
FAC3
F945
FB55
F6E9
FB97
06CF
01E1
FA9B
FF62
01B3
FE5E
FFCC
044C
01AE
055C
0230
0378
0AFD
0558
FFED
03E0
F945
F9BF
FE8F
F4DA
F57B
FDEE
FC77
FC34
033F
06EE
047E
0574
04A3
0449
047F
0027
FE2A
FFBA
FE5C
FB61
0035
01D7
FAE1
FEB7
01CF
FDD1
051B
02C1
FEAE
016D
FF52
FB12
FFBE
0384
01A4
019A
0220
FE9C
FF56
FE40
FAFA
FCBB
FCF6
FC93
FFB0
02FA
02E7
0204
0296
0475
052F
01F8
FFA2
FEDE
FE88
FE01
FD29
FD7D
FCE9
FAD5
FD80
FBA7
004D
0699
0537
05CE
0671
0186
0277
0479
FE77
FE1C
FD03
F6D3
F868
FC91
FA63
FFCF
028B
FCC7
002A
041D
0014
0142
0272
0300
0311
0746
032F
0101
0270
01D8
FD8D
FDD5
FC5A
F7BB
F8A5
FAC1
FD11
0003
FEA5
FF22
0295
05AF
0428
0A57
087C
0240
02EF
FCEB
F886
F6FC
F6C9
F4D4
F85C
FAE1
FFB3
04C7
0A60
0C7D
0D75
06A7
0825
030F
FEB0
FBA0
FAFD
FA34
FA4C
FBD8
0373
FDA7
02B2
044A
FFED
FDC0
0015
FB01
FF5D
01AE
02C8
0187
0333
0332
0170
FDE0
FC7A
FC43
FAEF
FA58
FE89
FDF6
FE6F
0663
0539
055B
06A1
0336
01C1
0551
0225
043C
0061
F84D
FAB9
F651
F924
0085
FCBA
FDF8
00B6
0258
0785
0601
07DF
066C
FE15
FEF2
019B
FB77
FAB8
FD17
F95D
F8B4
FEC0
FE76
FE38
FC83
0135
0177
FF3D
061C
0566
FE5C
0608
0821
0634
0384
002B
FBAE
F613
F71C
FB4F
FA0A
FAB1
FFD7
01CF
0311
0701
080A
04BC
030B
FD3B
FBAC
FD0F
FFFB
FF07
FBD2
FC1A
FE96
FD20
01B8
00D0
013F
FD71
01F2
036B
0609
04B9
02A5
041C
0400
FF43
02E0
F8C8
F332
F867
F663
F513
036F
07E3
012E
05A5
0AA4
0804
0702
0621
FEFC
F7C1
F75A
FD0F
FE24
FB32
FC93
FB01
F97B
004E
04D8
01D8
00DA
FFCB
0190
08B5
0A71
0E57
08E3
0104
0327
FF92
FA52
F782
EFC9
EC02
F05F
FA5E
0443
08E9
0A83
07FD
0767
0917
0C54
0817
FB79
F736
F4EB
F3A1
FCBF
0068
FC5A
FBA1
FA35
FEA2
0474
06F6
057F
FCDA
FA90
041E
0A1A
0B3F
0C7D
030E
FD49
FC5D
FA96
F81A
F540
F3DF
F42E
F8F2
0736
1202
0D02
0972
094B
0336
00F0
0197
FC40
F0C0
EEA8
F49D
FB79
0283
04AD
FFFF
FCC7
00E7
0628
0455
0363
024D
FFF2
0263
0A15
0BFA
0737
008F
FA76
F2AE
F418
F4C3
F461
F1E6
F964
0173
0841
118F
1199
0C07
08FF
0625
0597
044C
FB24
F71D
F3B3
F00B
FA89
FEEA
FC6A
FD5C
FEEB
FE01
02D8
069C
06D6
0104
00EE
FF56
0422
0681
0480
FF50
F7B6
F583
FCBD
FAD8
FAE3
FB89
F8E3
FAF3
0556
0C4E
0BAD
0971
0BAD
0479
06A9
09C3
0361
F966
F4D8
EE27
EF60
F9D5
FA71
FD34
FC6A
FDBD
0620
08D7
092A
0C63
077B
0039
0339
0532
03FD
FFF2
FC03
F5C8
F555
F835
FAC0
FC25
FC88
FBA1
FE8A
0227
0F35
0F05
0934
08FC
059E
020B
0170
FDA0
F6CF
F394
F253
F58A
FB4A
003C
0299
0229
029B
0575
091F
091C
07BF
0436
FC4C
FEB3
0302
0359
0074
FA8E
F8EE
F607
F70D
FCE2
FB49
FB5A
FDAA
FB25
0357
1300
12DE
0E5E
08B2
00D6
FD74
FB16
F644
F51D
EEF0
EAD2
F22B
FF9D
0A1E
071F
0A21
08B2
0450
0CEB
0CEC
01AA
03C5
FF59
F459
F9DF
0152
FC03
F6D6
F5F4
F3EF
F9EC
0012
0175
04B6
0762
0628
0D45
0F6F
0E23
079F
FE3A
F7AF
F53B
F5DE
F574
F156
F621
F4CD
F972
0321
0865
07F2
0A2F
074D
08BC
0E58
0B1A
04F8
03F1
F818
F43E
F755
F4D3
F237
F454
F3FE
FC68
05A7
04F8
0827
0D65
0D19
0CC5
0D04
0745
03CE
FCD3
F721
F488
F4BF
F680
F8AE
F542
F862
FF01
003F
04F8
08EE
081A
075D
08E4
0ADF
074B
002A
FC34
F826
F611
F994
FA05
FAE3
FAAF
F9C9
FEDE
0322
0487
0785
08CC
0384
0721
087F
055B
0619
0410
F8B5
F767
F826
F43A
F572
F7A4
F62D
FCDB
024B
0842
1056
0E12
0C00
0A7E
0776
0120
FFF8
F87A
F416
F39D
F675
FA6A
FD44
013D
007B
FD43
02D9
06B1
0470
03F4
0308
FF9D
0077
043D
02D9
0264
FF1E
FBE2
F940
FC0D
FBBA
FD7B
FAA9
0178
027F
01FA
0986
0DFA
06D5
0661
04C4
00AC
FB30
F6F0
F5C9
F4D8
F3C7
FA0B
FD7D
FEAF
01DE
04F3
0641
07F6
0981
084A
02CE
FEAF
FFBB
FBF9
F999
FEC8
FA88
F4F9
FC13
FF07
0241
02F9
03AE
FFF4
0122
01A5
036E
044A
0277
03A2
FD8B
FC5D
000D
FDC7
FCE1
FEFC
FDAB
FBAA
FE18
0067
03D5
0036
0213
056F
02AC
02DD
03F0
007B
FBAF
FD39
FD5F
FC87
FEC8
FF02
FDA7
FF5F
0049
0526
030D
0267
FECC
FCF1
FD7B
034A
0072
011E
0194
FE76
FEDC
0216
FF57
02D3
008C
FCC9
FFB4
02A5
02B1
060A
03F6
001F
FFB5
FE7B
FBD8
FC22
F885
FA10
FAA4
FF09
066C
044A
0323
0523
0191
02DC
0189
0000
FE99
FA26
FC16
02A2
04B0
03C1
00F0
001B
FCFA
FC63
FDD4
FF4B
FE34
FA6B
FC9C
FF2E
034B
0580
03C5
0115
FFDE
FE6D
FF19
F984
F9A9
FA20
FC07
FE75
059C
0730
0565
048F
02E9
01E7
0248
FE6A
0000
FFFD
FECE
0488
0732
04D8
04D3
FF53
FA95
FBDA
FBCB
F873
F7F1
F659
F860
FD0E
00C3
0571
01FC
008A
FFD4
FC76
FDE9
FEA7
FE38
FCFC
FF25
051B
0ABC
0C6A
075A
020C
0140
F918
FAC5
FD62
F9C1
F9C8
FC6D
027A
0530
05BB
0661
00AC
0115
0188
FF40
FF69
0045
FB91
FE7D
03F4
05BB
0740
04DA
F96B
F96B
FA3E
F6B2
FAF3
FA3D
F758
FC6A
038D
09C2
0BBE
041C
FD89
FDC5
FE38
FF8A
0235
FEE5
FC04
0019
FFF9
073A
09F2
0488
FFF2
FD7A
0158
036D
0066
FFBB
FBA6
FA1A
015B
0605
0425
020C
FD40
F978
FE20
FE4C
FF33
FCFE
F8FC
FD24
0157
03D5
03F4
0340
FC5D
F9CD
FF01
0111
FE42
FE75
F71A
F967
FFB0
05A1
08AD
0856
04F4
029B
0606
08F0
06E0
01DE
FAAB
F51C
F9BD
0085
FF49
FF80
FF1B
F960
FB2D
01FA
03E1
040E
FDCD
F7C2
FDF7
007D
0720
0857
FF57
FE45
0221
0092
0315
0059
F65C
F319
F572
FB23
038F
069D
0334
01B7
043D
0281
03B4
03BD
00D5
F907
F91B
FDD6
04FF
0A2A
07BB
FF7D
FF50
FE88
FE96
00A5
FF3E
F7AB
F6D1
FD9E
0434
072C
0A69
052F
01E5
FF09
FF40
004C
FBC0
F39B
F7D4
F416
FC23
0729
0ACA
0430
0695
07F1
0300
00C6
0339
FB5A
F31C
F6E2
FA3E
FC89
0392
0409
FB13
0058
0085
0172
0962
0383
00F2
01AF
FF7F
04E8
0EF9
0470
FFC9
01D1
FA4A
F7C5
FADC
F591
F3F1
F5B3
F8B6
0021
0785
0D52
086E
050F
06B3
08B5
071F
FFC2
FB91
F932
F565
F712
020E
0002
FC31
FDD9
FEF3
FEA5
062D
0495
FFB3
016D
FFFA
FF31
0799
052C
FFD6
FCD5
F80A
F78C
F95D
FD21
FBE7
FE59
02F1
093D
0F55
0F15
0A26
0396
FD77
FCF5
FAC9
FBFE
F53A
F308
F89A
F8D9
FC85
054F
00AB
FD8D
02AC
049D
02D8
0A0F
0801
0341
00B2
01E4
FE8E
FC2E
FA22
F644
F13B
F313
FC0A
FDD2
011D
087B
0630
0879
091C
07E8
08F5
047C
01F4
03AD
00F9
FBA0
FFD9
F91D
F3C3
F9EF
FAA9
F9CD
0018
027C
0321
088C
0C00
0AC7
032E
FE9D
FC50
F6CA
F625
F629
F693
F9AB
FBEE
017C
064D
0980
09F7
0838
0510
0544
04B9
0013
FF1C
0217
FC79
F9D0
0000
FFDF
F924
F326
F74A
FA6A
F94A
007D
06DD
064A
0B12
0EEA
0B74
0D33
0914
FD07
F8BE
F76F
F585
F45A
F5DA
F7B3
FAB0
FD80
03BF
06EF
0BE6
0697
0388
040B
042F
0148
0145
FFE1
FD3A
0087
FF4E
FD34
FF5E
FA3E
F506
FB1E
FEDF
FE60
0468
095D
0266
0392
0648
00E2
0257
FFC0
F7AA
F9A8
F9DF
FA01
FF52
001D
0108
0546
0509
0481
0708
05F1
0077
FF66
01DF
FCAD
0089
0076
FE67
FC78
FEC5
F7C9
FAB1
F9A0
F330
F97B
0481
0078
0A5F
0F6A
0721
0702
0B64
029E
02B7
00F8
F68F
F51B
F8BF
F4EC
F6E7
0080
014F
FF19
027F
023D
05E2
06AC
0631
03F0
0474
0379
007A
01C6
0399
FDCC
FCDB
F9D8
F4B8
F942
FD13
FA69
FEAF
FEC8
FF40
0266
0339
0739
0445
0051
0532
04FA
FB48
0140
0111
F533
F6CF
FEF1
00F0
FEC9
0048
0360
0289
03D6
0642
04DC
0034
00E0
FEBB
FB7F
011C
04AC
FCD4
FD52
FD19
FDDB
FEB0
FA7A
FFCA
0293
FDFF
01A3
0637
0540
0162
019D
00F9
FEE1
FFEF
FF4D
F673
F5C0
FC83
FB53
FF62
09A3
0723
004E
06F8
05E4
0084
02F8
0395
FBCE
FC7F
FDFD
02F4
FEC2
FD48
FBAB
FB5A
F9C4
FC7C
FF64
FE56
FFD5
03B2
0636
0AAC
10D1
0D6F
05CD
00BC
FFD4
FA8E
F609
F2BD
EF24
EF3D
F659
FD48
04AD
07D8
046F
0699
04AD
0354
06D3
05FF
0208
0169
00D2
FF60
061D
FF02
F6B2
F85F
F351
F531
FE6E
FE37
FE93
FF70
045E
0A6F
0E29
0D78
09AC
007F
FD4A
FC7C
F6E8
F5CE
F827
F62E
F53C
FB2E
05B2
0ADF
0688
033F
0689
0330
055C
0512
001A
FCFC
F915
F847
FAE5
FAEF
FB06
F70E
FAD0
FECE
0133
030F
07EB
0742
0566
0A1A
0D52
094D
07DA
00C0
F9B8
F672
F52B
F4F5
F31F
EF56
F44B
FF46
01C8
091E
0B40
0833
09C3
0EBF
0BF0
0B2A
05BE
FF58
F5DF
F541
F726
F7D9
F546
F681
F531
F929
0281
06DD
0825
0A70
0526
083A
0D01
0C88
08C6
022A
F7B6
F45D
F44B
F46B
F5BF
F56C
F393
F920
0181
0773
0B4E
0E78
0D26
0C85
09E3
090F
0815
FE59
F61B
F1C1
F402
FB65
F88B
F974
FDA4
FCE3
0028
0555
054A
03ED
0217
012E
0256
0674
07C5
005C
F9C0
FC6A
F7BA
F995
FA79
F841
F78B
F8F5
FF07
0987
1255
0D6D
0C3F
0A9F
0306
0116
005A
F639
F082
F1D1
EEDA
F601
033C
0433
0142
03D0
FF87
053F
0A45
07E7
0795
024B
003A
0440
0788
03D8
FB35
F637
F3F9
F259
F907
FC3B
FD37
FCE0
0054
0102
0BCA
10F8
0D6D
06B9
0440
FEFC
007F
FB75
F68C
F5E2
F000
F148
FB60
0097
028A
023B
019E
061C
0B54
0930
0943
0853
FC6A
FF30
0047
FF3C
FEE1
F9BE
F4F1
F498
FB51
016B
00B9
003A
012A
02D3
0569
0D88
0C9F
06D3
031B
FE7C
FD5C
FA4C
F586
F6B0
F340
F2CC
FC70
0053
02E9
08F7
0548
04A7
0A15
0CAE
08FB
04CE
FD9E
FC99
FA1F
FA36
FC53
F64D
F300
F61D
F94A
01C4
0587
040E
08C8
0971
09D3
0EF9
0AE5
04F2
0124
FA1F
F54B
FB68
F74F
F590
F7BE
F30C
F89B
0136
0300
05F6
04F2
03EC
0651
09E2
06E9
03FC
009B
FAD6
F9C9
FA9B
FCC0
FD84
FA03
FCB8
FD65
032D
04A0
0076
01D9
038F
FF83
0451
0664
0396
03E1
FF8D
FCE5
FDA0
FD6B
F5E8
F758
F7B1
FC01
0412
060D
07DD
082C
0654
072A
0723
040B
FE15
F6B8
F72B
F6C7
F9D1
FDF8
013B
009E
FFF7
006B
02E1
064F
050E
FEDD
FF5C
FFE0
033F
031C
02B6
05DB
FC7D
F99F
FB9A
F9B1
F9B2
F90D
F7D2
FB04
036B
0847
091F
0AEB
08CD
05A8
08FA
026E
00C2
FC9F
F1AB
F694
FAE8
FCAA
FF89
02AC
FDAE
0182
0344
0151
04EF
0597
0103
017F
00BD
030E
0631
00EF
FC00
FC4E
F777
F946
FCD6
FC47
FCD6
FF25
FF3D
0330
0646
07FB
04C0
0683
040B
FFD7
FF95
FD6D
FB85
FCE8
F9C2
F887
FDFD
006A
010A
03E2
0507
055B
07B8
07C7
FFBD
FF46
FF2B
FA47
FACC
FAFF
F7A7
F94A
F9B9
FEB1
0464
038D
04F6
055B
0066
015B
0416
0344
047C
FEC1
FCB3
FC82
FE68
FC7B
FB99
FC74
F8B4
F6DE
FFB9
047A
06F9
070A
0906
0708
06EF
07EB
0333
01E8
FA70
F343
FAD8
F97B
FAA3
0066
F981
FAE9
06FA
03B6
01B5
0393
FED7
FAE8
0039
02A8
05B4
02F8
FE71
FED1
FDB8
FC63
0028
FCD9
FAFE
FD5F
FEBA
03BC
0C46
098F
04E9
0419
01EF
FFAD
FE97
FBA5
F6EE
F3A2
F3F5
FB1E
0392
03C8
04D7
07A2
07E8
0648
09D4
05D4
FD97
FCBC
FAD7
F8C9
FE57
FC6C
FB43
FB70
FB9C
FF6F
02F8
FE0C
0219
0175
FF29
0527
09F0
043D
03E2
01E0
FDC8
FE31
FEE5
FA3D
F925
F7B6
F720
FCF0
0268
0537
05FF
FFC1
079C
08CE
0502
077E
032C
FC6F
FC47
FDFC
FD5E
FAF5
F767
F582
F902
FB1A
00AF
022B
02AD
01D4
04A5
034D
08D1
088C
0246
FAE2
FA91
FBEF
FBCB
FA72
FBA2
FA4F
F878
0217
0647
0B2B
0B8A
05AE
00E7
0472
00B9
0067
FC4F
FAD4
FA50
FB89
FD8F
03FA
0303
FDF3
FB0F
FC95
003B
02AC
0421
00F3
FE60
02EF
05BF
06DA
01B2
FD5D
F8CC
F9F5
FBBE
FB74
FDAB
FC7E
FCD4
0488
0921
08E4
07FD
0587
FFCF
0026
FF6A
FF14
FE19
F9FA
F63A
FA8F
FE51
0218
012C
FF81
FDF2
0253
065A
086F
061F
01E3
FA85
FB7C
0082
0395
0143
FF9C
FB68
F8F5
FD15
015E
0062
01D1
FB8B
F9ED
0303
042D
0592
0605
FF45
00A0
048F
0110
FEBB
009A
F8E2
F66A
F572
FCF3
0503
000B
FD62
0642
01A8
0458
0CA0
011A
FCD4
FF46
F7DA
FA42
04BC
0350
FA01
FF0E
01D2
FE5F
02F1
0500
FD8C
FE22
FB5A
FDD4
0484
0653
0394
049B
0503
0033
0412
0441
F7DF
F6EF
F90D
F3E2
FD37
058A
0347
019F
0471
03AF
028A
FF80
FE06
FC05
F732
F87B
FE58
0379
02BA
0321
0372
FEC2
015C
0407
FE65
FC45
FC89
FBF7
02D5
0945
0FBD
09D1
0487
03FB
00BC
FC4E
F9A8
F5DF
F678
F29C
F977
043B
0512
07A7
064D
FDBE
FEE4
FFF8
FE02
FD47
F9E5
FA3B
FF9A
0221
0718
08A7
0567
FEE0
00CF
02CA
FD9B
FB4B
FC1D
F710
F82D
FE9D
04E8
06D0
0488
03AF
FFCA
006A
019C
0013
FEA9
FD6B
FD7E
0081
0361
06D0
0296
FFCE
FF1A
01A0
018C
FF1D
FC00
FCAC
FBC3
FA40
FF1D
019F
FC1C
FF8B
025C
FDCB
FE7E
03B0
FF89
FB2F
002C
FDBB
00CF
0552
0000
FCD9
FFB0
FE92
03B7
03EE
01E7
01E6
031C
0004
011C
001D
0145
FCE6
FB70
FDA1
FE04
00A8
0287
0072
01D2
0180
01A7
05DB
05C3
FE24
FC8B
FD9B
FACA
F9F3
F91D
FB1C
FEBB
FE04
0127
04DD
052B
0234
019F
FD20
FF64
007A
FA7C
FE10
024E
FEA6
0567
0872
074F
07E1
03FE
02DA
02A3
FD36
F613
F6CC
FA00
FC90
0058
0412
0641
06D6
0427
0281
0154
0116
FAC4
F515
FBB8
FB0B
FD17
0394
0284
03E9
042B
0200
024D
00EE
FD49
FAD8
FAB7
FF7D
FF3B
FF0B
031E
0655
0722
0550
047F
0183
FCD6
F967
F8E0
FCA7
FB81
FCE2
02DB
011C
FD9D
035D
0207
FE8C
034C
00F8
FB67
00C1
01BA
0271
0439
0190
017E
029E
FC6C
02F8
0206
FC3C
FFD7
017A
F851
FE22
00B7
FDA6
0160
00C1
FC61
FD14
FCE6
FB78
FFAC
00BA
FB86
FE5E
0390
005C
FE68
031D
0510
038F
0A46
06C3
0467
04BE
FE23
FAC1
FAD0
FAB5
FA33
FA88
F770
02BC
0598
04D6
073C
061F
0037
004E
FE2E
FF3D
FD8A
FC8D
FB7D
FF9D
FD6E
FDE3
057A
0027
FA94
FBEB
FC55
FAFA
FEA4
019C
00A1
049B
0DD4
0A42
0323
067D
0104
F936
FC6E
FE34
F54D
F87E
FBE0
FC1B
0412
0A31
0636
0752
0404
000C
FD61
0174
02AB
FAEC
F9A4
FA86
FBD7
0044
02F4
FF03
FC73
FE56
0047
06E8
082E
01D1
0197
02DE
FCA2
0316
FEA5
F902
F67F
F814
FC84
00E4
05A5
041F
FF1C
FFCB
082C
053B
02CA
02CF
00AD
F9D2
010D
02E9
035A
FF0D
FCB1
FAFC
F9F4
FE2B
FE7E
F802
FA31
0036
013F
0A91
0F64
09A5
033B
043A
0287
010A
FCF2
F42A
F095
ED23
F24A
FEB6
00CE
058D
0399
046D
08E2
0A95
069C
0427
FC54
FB29
FEDF
FD34
01B8
07B9
FB58
FE71
04E2
FAF5
FA32
FDD1
F4F9
F5D3
020F
05A9
0830
0C7B
079E
05DC
0530
037D
FE5E
F3E0
ED67
EEC0
F4DA
FB7C
075C
08DA
0A5C
075D
0A98
0958
0867
0366
FD0F
F423
F326
FB3F
FB3B
FBFA
FE9E
FB4C
FE02
030C
0646
0510
00A0
00FD
0476
0344
09CD
0AA1
02B5
FF95
04A5
FAD4
FC20
FAE4
EF82
ED7A
F420
FC0F
066E
0924
096C
0732
08E7
0AB3
0BF8
08D1
FF87
F313
F2F3
F738
F76E
FED5
FA78
F7C3
FD03
0201
0613
0A7F
077B
0409
01AB
0615
0B4B
0CDA
01F4
FBED
F81B
F3BD
F507
F4B2
EE37
F1DB
F8B5
FE35
1147
199D
0F37
0CC1
0938
0351
0574
01C2
F914
F282
EEE7
EF93
FA7F
0532
041C
FBA7
F8A5
015D
005C
0849
0C97
01DF
027B
0540
058C
0CA0
09B7
FEF8
F382
EE3C
ED5E
F51F
F73F
F517
F75F
FEC1
0A21
1333
18FB
1449
0661
066A
056E
FE0A
0179
FA05
EBEB
EFD0
F3A2
F410
0004
02B6
FC11
0059
0923
06F3
0B6A
0E00
04F4
FC8E
00C3
FEBB
007F
00B4
F91D
F09C
F267
F52B
FABE
FCF0
FE97
FF32
0066
064B
0FE3
1370
170C
0B8F
074D
009F
FB96
F9F8
F46C
EA99
EAD4
EEEF
F65F
0227
077C
07FB
0C61
0C19
0E95
0C9D
03B9
0373
FE88
F84D
FDAE
FE39
F938
F362
F460
F3AD
F4EF
FE7F
02ED
004E
04AF
0AAF
0F1E
132E
187A
0CCB
0093
FDC7
F6A5
F25B
EFC6
EE60
F0FC
F244
F945
02F0
0A01
0C1B
0C0F
0BBD
05D4
07A8
0A55
0142
FFC7
02A2
F90A
F75E
FA94
F58B
EE7C
F145
F8CC
F920
FF58
086B
07B9
0B7F
1000
12D0
11C9
0A77
00EF
FCC5
F446
EF1F
F5B7
F0C6
F18C
F7B5
F8FB
FEDB
0AE9
0E06
09DD
0805
0BDC
09C1
098A
0506
01C1
FB61
F4CD
F389
F0B1
F2D8
F567
F534
F7B4
014C
0735
0C06
081B
0B56
0E7D
0A52
0AE5
0B42
0362
F8EA
F456
F2F8
F35F
F4A1
F0A3
F219
FA80
FD73
0662
0D6F
0D2D
0E8B
0B07
0BD1
0C06
06CF
FF25
F95C
F173
F1AF
F238
F36F
F816
F7A1
FCE2
0687
0937
0CCB
0E1D
075C
081D
0B3D
0552
02A2
0111
F983
F540
F451
F637
F58A
F5FE
F6C7
F86D
FE3A
0700
0693
0EC1
1137
0DAB
0DF4
0BE3
04A4
FE8D
F790
F304
F0C0
F3A2
F57F
F6CE
FB54
01F8
03B3
055D
08DE
097F
0847
0666
05C9
032B
04D6
05F6
FAFB
FA9F
F7EA
F420
F679
F695
F610
FB7B
FCE2
0011
0A31
0FA1
0C00
1016
08C9
0286
01EE
FCDF
F84E
F5F3
F3BD
F8C3
F6D5
FE8C
0505
0191
030B
07D1
0450
0584
05D7
039A
0109
025C
00F4
FCF0
FA32
F932
F368
F633
FC30
FBD9
FF53
04A6
0598
05AC
0CE3
09B3
0842
095D
FD1A
FB9C
FE6B
F85A
F927
F77E
F3B7
F2B1
F81E
F9E0
FD3C
0190
073F
06A1
0D4B
0FAA
0B8F
0A29
0938
FCA6
F760
F802
F5ED
F17A
F87C
F7D9
F9B6
0549
0602
04FB
05D7
FC60
FE80
018E
0075
0758
0619
0054
0224
044D
FEA5
FF87
FB96
F58C
F2E7
F74C
FE0C
067A
082F
0A08
07D8
04D7
0899
0667
FDC8
F90C
F7A0
F597
F9F2
FEAC
0057
00EB
03C1
07E7
0568
0143
03F6
FB9D
F82B
FE52
027C
06CE
0684
041E
01D1
FE83
FDAB
FE81
FB42
F72E
FA39
FB17
FF18
07AD
07D1
03C8
042D
02BF
FF6C
FD4D
FDD1
F7DE
F406
F8EE
FDF0
0224
0742
0643
049A
032F
013A
0156
00E7
FDEA
FEDC
0316
0119
07DC
09DB
0084
FEDF
FEF4
FB8D
F9A2
FBBA
F97E
FB81
FC45
FF3C
0316
0236
FE2A
FF46
FAC7
FD7D
FE17
F8E0
F74F
FF25
008D
0365
0909
0950
0283
01A7
0117
0444
009F
FFEE
FF0E
FC7F
FE55
064F
056D
0146
FDF4
FDA1
F6FA
F8BE
FF45
0006
F99B
FBD9
0068
03B1
06EB
0AAE
0246
FE4E
FDE1
0106
FF42
FBE2
FC2D
FBE8
FAF8
0030
08A6
04CE
FF3B
FE75
FB80
FE92
013C
FF40
FCCB
FA20
F966
01CA
05F2
069F
06F8
0303
027A
05A8
0627
040F
0375
FD98
F894
FA21
021D
04DB
004E
FE3E
FE3E
FCD4
015A
0133
FF51
F9E3
F65F
FC11
0227
036D
0408
01DA
FBA7
FEEC
0417
01B3
FEDB
FFC0
FA0B
F981
0324
0853
056E
034B
FF8B
010F
01E5
0674
03BF
0017
F874
FC53
0024
0432
0457
0168
FA58
FBEB
FEBD
FFD5
FD80
FE66
FCEA
FC79
018E
049E
0349
0498
FCDB
FA58
008B
00A1
FF54
011F
FA6D
F7BA
FEDE
FF0B
0569
06B6
FC89
022C
039E
01B4
077E
0152
F807
FB95
FD90
FCBC
00B7
0400
FFA3
FCE7
FEE8
04EE
02F5
02FA
02C8
FCEE
FC53
0294
03BE
01C8
FEEA
FE02
FF3B
FCC6
FEEB
FEA8
F8E8
F73C
F9B9
FD88
00EE
0767
070D
0237
02FD
01F2
05A9
FF4A
FFD1
0024
F672
F58A
02AE
01EA
FAF8
02A7
0087
FBB8
0655
069C
025E
0547
00D5
0201
04C4
03F2
0420
FFA0
FB06
FCF2
FEC1
FD02
F9F1
FC48
FA61
F725
00C7
064E
033D
0214
06CE
0147
0177
0648
011F
FD5A
FDB7
F773
F799
FE06
FDC8
FE75
FFBC
04FF
07B0
0995
09A2
0801
02A7
FD17
FD09
FE36
F9CB
FB45
F9E6
F85A
0100
026E
FDAA
FEF4
0124
FE1B
FFC6
02E9
0617
0280
00B4
011E
041F
0730
0497
FFD5
FD9C
F7C1
FA20
FA35
F9EF
FF56
FE8C
FBA4
053D
07BF
0723
0640
0155
FBFF
FBD5
F875
FA3C
FFCF
F9F9
F9AB
01FC
FF16
02DF
0460
006F
00ED
062E
013A
028A
0402
0329
0341
0291
05E9
03B9
F8FE
F7CA
F8DA
F5C5
FB67
FE53
FBF0
FF42
037A
0764
0C11
0C33
056B
FC99
F791
F881
F794
F76A
FC83
FCDC
FD36
035A
05C7
07DD
07A5
0129
022E
023D
FE47
01D1
02A3
FE96
0522
075A
0228
011C
FCC1
F476
F556
F949
F96A
FEE9
0450
02E2
08AB
0CB2
0DB6
0AAA
0657
F8E5
F3FB
F67B
F146
F77A
003F
FB58
FBF4
0508
0312
03B2
08FC
0579
02D9
034B
FF8B
FE49
078E
0436
00AD
0151
FD4E
FE3E
FF3B
F62E
F473
FB71
FBA4
FC24
0460
07DE
0784
0752
0735
0685
02AC
FCE3
FAB4
F956
F4B4
F978
FE0B
FD29
FEE2
069C
FE30
004F
0A85
0378
FEC3
034C
FE69
FA2C
FFF0
02F8
FFC0
017A
00B5
FC99
FE1F
FA9B
FCDF
00F9
FCF1
FCB9
0362
040D
037E
05AF
04CE
03A3
0325
0311
FD5F
FC51
FCAB
F793
F759
FDFB
FBBA
FA44
0141
03CF
055C
07CC
0654
031B
FFC0
FDD4
01C6
01D4
0237
FF88
FE66
FB00
FD0E
FDAE
F9C9
FB85
FC45
FAC6
FE71
03CA
09E3
056E
036F
0AD6
065B
017F
02E8
FD77
F7A1
F883
F7D9
F991
00D7
0166
FC80
01B9
084F
0726
06F9
01CA
FEB5
FA74
FE55
0448
04E9
005B
FED9
FC41
FB56
FDFE
000D
FB10
F862
FBA0
FF1F
0248
0715
0C20
024A
000A
0561
0173
FDF1
FF0E
F89C
F6FB
F4CC
FA12
040C
01DA
FD7F
00E2
028F
029A
0791
0546
01CB
0286
020A
003D
043A
0498
FF00
F6DF
F88D
F96D
FA22
FD21
FE61
FCD8
030D
057A
0728
0B61
0710
03FF
0107
FE68
FCAB
FBF4
F4EC
F380
F6D1
F9A1
FDBC
0481
05D5
07B8
06BC
0863
05EB
03A2
05FA
027B
FA10
FF1A
017D
F9A2
FAB5
FA91
F6C4
FAF0
FAB5
FBBF
FE23
0345
02EE
07EF
0D4F
0DEC
0B86
0717
0654
000F
F888
F994
F39F
EEE1
F2A9
F430
FA1F
0215
01C0
02F5
0712
0A49
096B
08EF
06DF
046D
FF45
FC1E
FFCD
FDBD
FA0F
F9F6
F9AA
FB52
FCDF
017D
0261
FD41
FCBD
023F
05AD
086E
0A74
083B
0006
01BA
0066
F8E5
F832
F8CD
F420
F157
F90B
0472
050B
073D
078C
0610
0952
0A8A
0749
01AB
F876
F8BA
F528
FACB
FD5E
FE20
F9B6
F850
FEF3
0514
03B1
088B
0370
015C
0359
0AC5
0FF3
083E
00D5
FBD6
F224
F0E5
F8DC
F67A
EF95
F3E3
F85C
FF9E
0C1B
0FB2
09A4
0C11
073C
0853
0AAC
060A
FEC9
F802
F4A2
F6A6
FC0D
FE3A
FACF
F7AB
F8B3
FB79
0478
0997
050E
044B
0751
045F
0C38
1005
038D
FAB7
F60C
EEC4
F3DE
F7B8
F5ED
F551
F750
FB7C
06D6
102B
105F
0F3B
0D7C
0556
0666
0992
0117
F747
F402
F072
F366
FAC6
FD20
FA16
FB3E
FC2E
0016
085F
09C1
0787
0A52
02C4
0073
087D
05F6
FD4A
FAEE
F599
F266
F590
FA26
FBED
FC6E
FE2C
0179
07E4
0DFB
0D80
0B43
0602
05E2
02FD
FD3D
F8AD
F647
F419
F32A
F473
F941
FC00
FD8C
02D4
05F1
09B7
0F62
0E99
0990
092B
0308
0116
FFAC
F82B
F2E5
F3C0
EFF4
F331
F946
F886
FF6B
05B4
066B
0B6B
0F79
102A
0C52
08F9
03F5
0168
FB97
F677
EF66
EE6B
F04D
F237
F91D
0216
0210
039B
0956
0BFD
0FD3
0BF5
09CD
05EA
004B
FAB4
FCD8
FC16
F85E
F43D
F31B
F675
FCD8
FE51
FF92
FE7D
0621
0A8F
0B28
10CD
0FA1
06C5
0196
FC9C
F836
F91D
EF16
EFC5
F357
F533
FC68
06DB
0748
0A90
0CEA
0DF3
0D51
0E4D
0549
FBAC
F872
F6D0
F99D
F70E
F9BB
F69B
F303
F921
020B
0377
037A
06BB
0709
08E0
101A
0DE8
08BB
04F9
FB8B
F9A4
F532
F0C0
F381
F2B0
F5AF
FBD7
00DB
08C4
0943
09C9
0ACA
0844
0719
0796
0006
F8E7
FB14
F74E
F77B
FDE4
FA70
FAE3
FA92
FCEA
011C
01AD
04C6
072A
047B
093E
0ADF
0392
05B2
02E3
FA49
F887
F93D
F55A
F71B
F801
F92B
FD9D
037A
03E8
0817
087D
06AF
07FD
08CD
03BF
02FD
01A9
F9BD
F777
FABC
F842
F97A
FD85
FAED
F9A2
02EB
0863
04E5
08BA
0604
01EB
04DC
FFDE
FCF7
0081
FA73
F66A
FBC7
FA91
FC82
02C4
FD41
FD5B
0247
0046
022B
0897
0597
06BB
070A
05A0
06CA
0475
FE68
F832
F655
F6FB
F510
FB87
FAE3
FD05
0166
05C6
0790
0ADF
08FD
0583
FE0E
FCB2
FEFE
FE58
FB1A
F9BB
F9C2
FA7B
FD94
01C7
0010
FE23
FB29
FAC8
0198
089F
0939
099A
06F9
0270
04B9
045A
FC82
0058
F764
F0D1
F464
FCC2
FF24
00D2
040C
0487
0763
098E
08A3
03DD
FCC7
FC89
FBF7
FCA7
FEB0
FBFE
F99C
F9BF
0010
FD19
FCE9
FF0B
00DA
FA03
FFB5
0D6B
0C07
051C
02EE
FF63
FD0C
01E8
FF30
FC2E
F4E6
F560
FF97
055B
05FC
09FE
0412
00CB
053B
066D
0385
FFEE
FCED
F5D0
F63C
FCE7
0073
FB03
F87E
FB59
FF5E
0158
0886
049B
00AE
011B
006B
029A
06A8
02CB
FCF7
F8BE
FA12
026D
FEAF
FE20
FF07
F9EE
FC51
0686
06D8
0677
04B6
0026
FEAF
03BB
02BC
011C
FC9A
F558
F930
FC12
FDD1
FCFD
FCB0
FD42
021F
090F
0930
065B
040A
FEE7
FD8B
0121
0199
FF73
FBA6
F941
F910
FFEC
FFC1
FE40
FB40
F9B1
F9CE
04AF
0964
0AC4
0817
003C
046F
04A9
00A7
FF9E
F817
F1DD
F912
FA8E
FEC6
0629
0567
0136
069E
069B
0740
067E
FFE4
F8A3
F6BA
FA88
FE7C
025D
FDC9
FAE7
FCD3
0384
036D
031A
02B6
FC0D
F97B
02EC
039F
03D5
0760
0092
F82C
0104
00DD
FBC8
FE1F
FA99
F7CA
FDDB
02E6
09B3
08DD
02E1
03A5
05EF
00C7
02F9
FEE3
F8D3
F536
FB2A
FEC4
00C6
025F
037E
FCE8
FE21
03C7
0746
0130
0029
FE3A
F97F
FD09
0543
0830
00A7
FD90
0049
FBFA
FB92
03C6
FB76
F63D
FA42
FFBD
0531
0CA4
0A22
06E9
0032
FD3C
FF2E
FF7D
F6C5
F8F6
F633
F541
FEC3
0722
0196
032C
0502
0399
0196
0815
033F
FCCE
FB0D
0055
041B
0790
061D
0131
FB4F
F7D2
FC72
FE70
FD71
F96E
FAF2
F619
FD8B
0880
06DE
020C
0412
FF5A
0018
010F
01AF
FDBB
FCF8
F834
F8FF
FEE8
026F
02B2
04C2
01FC
0600
054F
02BC
0260
0170
FA95
F8DB
FF6C
0123
FC35
FEDE
FF20
FBBC
02E2
060F
0243
0555
06AC
FD36
027D
048C
00EC
0173
FE32
F954
FFD1
FE24
FCB9
FBCB
F9B9
F782
FB02
FD61
FFEB
0028
FFC0
000E
0667
0855
05EB
0568
05F4
0245
F965
FD61
032E
FA85
FD18
02B4
FEBC
FFF4
06E8
0185
0138
00AA
FD8E
FDEF
03D7
FFB9
FED4
FE23
004F
0136
FF9C
FC14
FF52
FCA7
FC38
FB8A
01C6
0055
FED5
0306
FFCB
FD55
054D
024D
FAD9
003E
FF76
F7EE
FC6C
0370
FE09
0197
0759
0675
07BB
0434
0106
0673
001A
FEB3
0118
0163
FAD5
FB51
FBF6
F934
FB3E
FD9E
F8D6
F819
FF2F
030D
00B0
0AF7
0918
03CB
0621
064C
0171
00B2
FAE9
F8D4
F477
F63F
FCE9
FC5B
FF0C
0612
06F4
072A
08C8
059E
0086
FC7F
FCF5
FADB
FC40
029F
027E
FD88
FDE3
02B1
0235
01DC
FF20
FAA0
FE25
FDA6
FEB9
0534
0348
018B
07F5
0408
00AD
03D7
F949
F4F1
F793
F32E
F8AA
0137
066F
089A
0AF3
09C3
0847
0734
FEE7
F68C
FA02
F540
F748
FFF7
0131
008B
02DF
04BD
02CD
FF48
0256
00F5
FE39
FEFC
FC7E
0185
048C
0586
06ED
0571
006E
02E0
FB48
FA20
F9E4
FA99
F8D8
FEF0
01A4
052F
0785
049C
03C0
0449
FE06
FD9D
FE98
F7BD
F858
FFBF
0174
FF1B
01BF
012A
FF4A
029D
04A9
021F
0200
0154
FBAF
FEC7
03A4
043D
032F
0208
FD9C
FC0E
FC3A
F7AF
F994
FCF9
F94A
FCF7
0480
025D
03A2
06A5
0318
0079
00E2
FE59
006F
FEF0
FD7A
FFDF
02DA
018A
FCB9
FEB6
0093
FFD4
0009
030F
FFBA
FF89
FC46
FC03
FF20
026B
011E
FE65
FF70
FF48
FF53
0075
FE50
00FB
FB00
FBC6
039E
02CC
0087
026A
00C1
050F
03F1
032A
02B1
FCA6
F9C4
FBC6
FBF7
FFEF
0456
013E
FEE4
05AB
0532
030C
021A
FC70
FB58
FC0E
FF92
076A
0444
FF1C
0219
0035
FE73
00A1
FB61
F8B8
F759
FA56
FFDB
04CC
07AB
0565
FF8E
0495
0487
037B
0059
FA5B
F6AF
FA3A
FC81
04F9
07DD
FF07
0069
046C
FDF9
02FD
067E
F9BD
F7DD
0182
0039
0359
0D8A
0451
FBBE
FD94
FA84
FB1B
FAFD
F984
F968
F82C
013B
0B0A
042A
02BA
01AD
0018
0441
0409
FFA1
FE72
F8FE
F72D
0158
04A2
00B7
0121
FD6A
FC27
00DD
0437
FF8E
FDDA
FE67
F80E
FE85
07B3
06BB
01AE
0009
FB65
FDFE
0057
FF67
FA64
FFD3
F984
FE68
0925
097D
0905
0664
FF8C
054A
01BE
F99E
F7D9
F440
F086
F806
0204
0237
016A
025A
016B
05D6
0885
0558
003F
FC82
FB6E
0211
04AD
04D5
04BE
FE50
FA5F
FDA6
0005
FD7C
FB97
FBAE
F96F
FE06
0A27
0ACD
06ED
09FC
02CE
FF0C
060A
0206
F6E2
F5CA
F17F
F35D
FF4C
03DC
0116
04AB
045E
04A4
0827
0786
0096
FD32
F7FB
F484
FDCB
0175
FE4E
FB4A
FD06
FCB4
0013
09BD
0785
FEE2
028E
FFD1
035C
0D99
0D08
075D
026A
FF2D
FDC5
FC37
F872
F45E
EEA1
ECF5
F790
0038
060E
097D
04CC
04E9
08CE
0B35
0FEF
03AD
FA61
F708
F3C9
FAFE
0003
FC53
F7ED
F98C
FA2F
FD45
07C2
07FA
0352
041F
0007
06EB
0D78
0AF8
0500
FB09
F64D
F7B3
F560
F7E3
F834
F600
F765
FCE9
0862
0E64
0838
0A51
0887
0307
0503
04E8
FD73
FAF5
F801
F03D
FA36
0179
FCFC
FB2E
F822
FEB1
011B
08CE
05C6
0985
0558
04D7
0712
0A67
0495
FCAC
F6AB
F2AE
F03E
F77A
F6FE
F83F
FE1D
016F
0417
0BA2
1078
0A52
084F
05EF
0528
02EB
FE1A
FB92
F87D
F6A2
FA7C
F786
F88C
FBB6
FAB6
FBD4
0394
08D3
0821
08C1
089A
0678
0670
0428
018C
FC00
F501
F4DD
FAB5
FCD0
FC50
FC0C
FADA
FFED
01F6
0272
03B0
0595
0575
029B
051A
0794
036E
FDC5
FDEA
FB1F
F859
FD44
FFD4
FA8B
FBC6
0269
025B
0482
064E
0439
02F0
0266
FF42
0428
01F9
FFF0
0307
FA81
F5C5
00A4
FDB8
FB61
019D
02DA
FCF4
013E
0583
044A
0028
0315
04FC
010B
01D7
0328
FDB9
F9FE
F9D7
F734
F8F1
FC71
FCE1
FCC8
FFFF
07BA
0A7D
0443
06D0
0622
FF2F
FEC7
0114
008E
FCCD
FBBB
FA39
FB66
FD0C
FF02
FEE8
FC5F
FB97
FD60
FE6C
051E
0CF4
094D
05D4
06B2
0453
FF94
FB07
F82D
F39B
F23F
F88D
FEFD
FDF5
01B8
07FC
0423
0277
067B
01EA
FEB1
FFC1
FC51
FF09
029D
0397
0228
0058
FE58
FB5B
FA45
F6C8
F992
FB96
FAB2
0333
0B77
0A35
06D6
0C5F
061D
FE6A
00B7
F8B0
F348
F97A
F861
FBEE
02AF
08D9
0363
0570
05FA
035F
0129
018C
FFEB
0097
F7A4
FF89
049D
FE24
FCCB
FBA2
F77F
F9EF
FD36
FFA1
FFAF
03A9
02FC
07C4
0D97
0CE8
0AAE
0000
FED5
FEE8
FAAE
F873
F1C1
F15D
F5BC
F856
0426
0897
0628
0402
0383
0969
0DCC
0F1D
069B
FFA6
FB50
F7F6
FA46
FB94
F922
F12B
EF74
F8CB
FD37
0539
06C3
00D2
FD10
038E
0B5D
0BBE
09F4
0143
F8E2
FAE7
FE72
FBBE
FB7F
F213
F24A
F917
0218
0A4E
0D07
0715
069F
074E
0D90
0ADF
0505
FBC3
EF27
EE5D
F6A7
FAFD
FDB1
F9EB
F626
FA6E
0543
0776
0952
02D3
FE12
0177
0747
0919
0A1C
016B
FAF6
FA6E
F7C2
F5BE
FA23
F328
F116
FB6E
0193
0BB8
1095
0B6D
0B80
0B51
09BF
07E5
03ED
F9DD
F25E
EEB1
F5A7
FB24
FC30
FB27
FD44
FF21
0691
07E8
06B8
07D5
046A
01A1
05A4
07C3
0A78
026C
F728
F5CC
F7C0
F395
F3E4
F129
F460
FA41
0321
0F6A
14F0
0ED8
11A5
0DB5
0964
090C
0186
F6FB
F125
E945
EDC5
F2A8
FC0D
FFB0
FEBB
FDFB
077B
05F4
0793
0B12
060A
013A
0579
04B9
06D6
0348
FB2B
FAC2
F48A
F32C
FB5D
F761
F84C
FED9
FF3C
0116
0EE2
1263
103C
0C49
0530
FD63
FE03
F95D
F152
F0CB
ECA4
F1C6
FA4D
FDF1
03A0
0890
06D9
052C
09D9
0E5E
068C
084F
04B6
F9F5
FB41
0270
F883
F4F1
FA8E
F0C2
F266
FFED
FDE4
FE5F
04A3
03A0
09E8
13D3
0E11
0BA9
0697
FF5D
FAA9
F965
F347
F29A
F22D
ECC0
F131
024D
06A9
054C
0A0B
08FB
06A2
0D2D
0EB7
056C
00D4
FE56
F6C5
F86B
FBAF
FB01
F54F
F67A
F8F3
FC77
014B
0711
0623
0665
0980
0B10
0DE6
0A0E
06EC
FBDD
F669
F61D
F706
F3B4
F4B3
F5B1
F685
FAC2
05F5
0A65
0908
090E
0BCD
0783
0B5C
0B9E
051D
FFFA
F8D6
F382
F7F2
F969
F7BD
FAA4
F5BD
FB04
04FB
0101
042A
0A89
0698
053A
0781
06E2
0458
005A
FA37
FA13
F9F2
FB15
F5CF
F656
FBA9
FCAB
FFDD
0600
074C
0A03
0816
0896
0D57
07A9
005D
0032
F74B
F3AA
F67C
F671
F21E
F8E3
FBD1
FBBB
025E
04CD
084C
0B7C
0A85
0872
05ED
0222
0285
013D
FC74
FB16
F7FD
F73E
F361
F2A4
F6C8
FB2E
FF34
058F
06A6
084B
0C7F
0947
0915
0A68
0304
FA94
F890
F6C3
F4D9
FA99
FC16
FDAB
FDB9
0033
022C
052A
056C
070B
037C
028D
062A
0573
FFF4
00D5
F7DE
F83D
F940
F72F
F9A8
FD2B
FE1B
019A
0535
0A1E
0CD4
07BC
0574
0867
FF21
FD45
0052
FA87
F76D
F9C5
F84F
FD77
0171
0185
01DA
04E3
03BE
0675
0844
0679
03FB
04FA
FFB1
FCB5
FD8A
FCA9
F3D7
F6F9
FA73
F992
FF18
0560
008A
0298
05A6
0103
045B
084D
0578
0495
0233
FF3D
0147
FFD9
FB65
FBE6
F98C
F663
FA73
FD96
FF22
021F
0308
04F9
03D1
0787
025F
FBF0
FE21
F7FD
F6E6
FDA7
00B3
FF49
0192
04E8
02D9
047F
05E1
0133
FF4A
FE4C
FC92
0290
014A
0070
FF51
FA6B
FDED
FC7B
FB3F
00F7
FB59
FC7B
0003
FFD3
0546
0A05
022C
0161
0227
FC81
FE25
0030
F704
F7E6
F670
F957
FF3D
0413
0573
03FB
0317
079C
078D
0879
058C
00BA
00DA
0027
03CD
0290
FFC6
FF30
FCCA
FBBA
FE7F
FCE1
FC50
FA95
F9FC
FC26
FFCF
0028
FEE9
FEF5
FF58
FE12
01AC
020F
FDBA
FF2E
002C
0092
09F3
0AD7
05E5
0604
0288
FC31
FCC6
FD6A
FD39
F807
F715
FF2B
FEA0
035A
0459
0151
FF7A
042A
0352
03C9
0260
FEFC
FEEF
FFC4
02D6
0506
0580
FA99
FA3E
FF37
FD01
FB2F
0031
FDEC
FC16
FFFB
04F5
048B
0385
FBFA
F997
F6AB
FBD8
FF5F
FCC7
FCFF
FDEB
FCA2
0620
0A18
0AFA
0666
0373
0270
01C2
0353
FF1F
F9E6
FE9A
FE65
FD7D
04B5
032D
F8CA
FADA
FB3D
F703
FB07
FAF3
F6E8
FBA6
0566
07F2
0E2F
0781
FEBD
FD77
FD13
FE6C
FE0D
FA5E
F840
FAB8
FFF8
06DA
0B8D
07C8
0327
0158
0115
0358
02CA
FF55
FA96
F79E
FCB7
02FA
0643
FED9
FC7C
FAC0
FBFC
FE18
015F
FF40
FB16
FD3B
031F
04D2
0B24
088C
FEB8
FD49
0080
01A7
036D
FE8A
F7C1
F256
F593
FD26
0443
0346
FD8D
02A2
0640
0A8A
0CAB
0775
0037
F9A9
F8F6
FBAC
F987
0118
FCE9
F560
0171
070C
036B
0822
0688
FDEC
FB17
0219
026F
0190
FD5A
FC91
FE32
01BE
05CC
047C
FA68
F775
F333
F6AB
FCD4
0143
000B
0192
0452
08E5
1254
0F4E
047A
0183
F950
F5B1
FCE1
FE1E
F929
F723
F9B7
FAB1
00A9
0A89
027F
FEA9
01B9
FA41
0095
0867
0672
02CA
02CF
FE04
FF53
01D6
FBEC
F887
F56B
F38C
FD18
022A
03AC
093E
075E
06F4
07D4
0437
05DE
00C8
F858
F5C9
F823
F9FC
FC23
FBA7
F98C
FF26
019C
014E
089F
06C5
02C2
0339
028B
03AA
0975
035C
FD39
FC82
F81A
F9B3
FBE3
F508
F821
FA4C
F8E5
0848
0E9A
0BE1
0C4A
09C2
0494
01D2
0125
0170
FB4C
F6C5
F475
F48E
FA4D
FEE9
FF4F
FBC0
FF24
02E2
04A6
021A
0482
0726
FF79
0069
080D
FFF2
FAF7
FB86
F899
F7D0
FA25
FD0E
FD59
FF7D
0644
0B3C
0CB4
10C7
0A1F
FE92
FC7B
FDEF
FBE8
FAFF
F36B
F23D
F876
F5CA
FB0A
075B
0286
FF5F
06BB
09CD
0482
0B2B
091A
FDF5
FE8E
00B8
F828
FB02
FCC9
FAC9
F585
FCDA
0390
036A
038F
0471
03E3
06A7
0359
03AF
0440
FEF4
FE90
FEFB
FADC
FDA1
FB94
F4D4
F5BA
F8AB
FE0C
0156
0573
09F1
083A
083F
0D04
0AF6
07CC
002E
F951
F541
F2A4
F17E
F7D3
FAB9
FB6B
0181
0787
047F
08FE
0A64
06B8
05AD
04B5
FE17
FD0B
030D
FCF9
FE9B
0048
FBA8
FAC7
FB11
F4B3
FA85
FD5C
FAE0
FF92
0643
0440
0889
0EEC
09FD
0690
05BF
FBAB
F812
F9DB
F61F
F638
FB0F
FEEF
0004
0393
05FD
057C
08A4
0273
FF94
034F
FD8D
FBD6
0294
FF2E
FF10
0422
FE91
FA03
FBF6
F636
F7E3
FDA0
FCAF
0099
0AEB
0B73
09BD
08C7
0699
0291
FC79
F647
F705
F6AB
F782
FC79
FB49
001A
00F2
0158
05E6
06B4
0638
054D
028D
03DD
0222
00BD
0472
00F5
FF00
FA8C
FB6E
F865
F8D7
F83B
F906
FEFF
004E
0133
0A49
08A2
0534
08BA
0803
0449
0340
FC0D
F7B7
FB01
FD29
F962
FA23
014C
FD87
FDA7
0480
019F
015D
0444
0086
FF43
034C
0149
0530
06F8
FFFA
0109
00A4
F7D4
FC7B
005E
FA29
FF5B
FFC8
FFB5
0438
0620
00EA
0230
FE9B
01DE
0159
FEF2
FDC0
0055
F6AA
F591
F9D0
FE4C
FC33
0021
05CD
05EB
047C
08CA
07A9
01A6
05F1
0169
F9EB
0078
FF84
F8B5
F75B
F8AD
FD32
FF8E
FF03
FFCE
002D
FEB1
02C1
06E6
0BEC
0348
0292
03F2
04A7
00BB
00C3
FC9E
F1D1
F262
F629
F634
010B
045D
FFD6
045B
0787
0308
07AE
0657
031C
FECE
FDA4
FDCD
0076
FBDE
FC34
FB98
FB06
FDD2
FEE7
FC27
FFE3
FFD3
032A
0699
0CF0
0C68
04F9
053C
01A8
FC4C
FA5C
F5DC
EFD9
F36B
F97E
FA2C
042A
0810
04AD
01F2
019B
01A8
0855
05E8
00A4
0164
0030
FD4A
037C
05D7
FE53
FC00
FB5B
F8B7
FD1A
0053
009D
FE98
FE8D
0459
079F
0618
07B6
0131
FC9A
FC56
F8FA
F6FF
F727
F4FE
F689
FEE5
05C5
0C23
0CB5
09F7
0972
07ED
080C
0897
000D
FA26
F4E2
F5ED
F841
FA3A
FB06
FB31
F873
FC95
01B1
FF75
FFF3
0356
FDD6
02BD
0913
0B48
0BBB
0724
020F
FE50
F5C4
F981
FB5B
F1A0
F07D
FAA2
FDB0
0419
0B1A
0874
05DE
097A
0A41
04CF
025B
FC30
F6F8
F5C2
F8B9
0202
010D
FB0D
FE00
FD95
FBC8
0148
015D
FFD8
FFB5
01F1
05D6
0976
0A2D
034A
FE66
FAAF
FA2C
FA48
FCEC
F473
F6E9
FDA3
FF6F
069C
0D33
08C8
04C4
0794
04CB
033D
0333
F887
F33E
F5D0
F93F
FEFD
0473
00D4
FDA5
FDD3
02EA
036B
047A
0054
FFBF
FEE7
039E
0483
0C17
068C
FCC2
FCC6
F7E2
F6F5
F99C
F675
F4EB
FCBF
FE82
06D4
1134
0A86
0A30
0B89
027A
0306
02A5
FA3E
F33A
F3D8
F450
F78C
FD02
FE7F
00FC
01B3
FF91
03C7
0980
05B4
06F9
06B8
0302
0440
0891
059B
FA6F
F7A6
F6C5
EEE5
F3AD
FAEB
F7FE
FC77
009A
0518
0F36
14FA
115F
0C3D
0533
FCF4
F99D
F87C
F216
F572
EFB4
F27A
FD3B
0454
0652
062B
0274
0251
01A7
05A2
0630
05FF
01A1
0412
011A
FFCC
0252
FD40
F3E3
F304
F3AD
F605
FB2B
02FA
05A4
080B
0D46
135D
1129
0995
FFEC
F4FB
F34A
EFE3
EEE8
F3EE
F7D4
F998
FF81
0806
0B18
0D9D
0A97
05AA
058D
0472
0504
058B
FFAD
FCF4
F86A
F7FD
F6F3
F715
F475
F2AA
F781
FF1E
04E7
05B0
0A2B
0E0E
0EF9
0B9B
0CAB
0750
002A
FAA6
F3FB
F643
F3E4
F4DD
F696
F5E4
FD05
01B9
03BB
0B13
08AC
0769
0A41
0DDE
0F57
0742
FF8A
F9CA
F215
F251
F52A
F71C
F60C
FBDC
FFCB
02AC
0787
0B11
04E2
0593
0591
038F
033D
0322
0138
FE62
F9B7
FCA2
FB39
F9CC
F6EC
F59F
F8C0
0106
051D
0946
0AB9
0C4C
0FA7
09D8
050B
04AA
F95A
F375
F327
F0F3
F346
FBC3
FCFE
FDB9
039A
0544
07A5
074B
0239
0149
039A
0145
0382
02B8
00B9
000C
FED7
FB71
FA18
FADF
F737
F229
F809
FCB9
FE72
07F4
0B3F
082B
0A65
08C3
07AA
03C2
FE55
F7C1
F6AF
F638
FBCC
FF69
0039
02F2
056E
0501
0449
0888
02F6
0081
0179
FAF3
FB9F
0282
FEAE
FD24
FB85
F875
FC12
0031
FEBB
002A
FF3E
FF36
03FC
06E4
0896
09C7
04F5
02A2
01E2
00E0
FDF0
FA88
F75B
F949
F6CF
F8E2
0256
01F1
01D5
0654
0519
0BA0
0ABF
06AA
03C4
FF26
FA81
FAA9
F7BA
FA2D
FA8D
F9C5
FBFA
FFC6
01D7
0300
0166
01A8
0127
02A9
058E
0702
06C7
03D0
FF26
FE9C
FE78
F9E9
F950
F752
F44A
F92F
FF21
0173
028B
05B5
0316
068C
038B
00F6
0356
FF03
F8BA
FDAE
FCED
FD2D
0177
FEA6
FF55
0283
039C
000B
01A0
0170
FF11
0312
0555
047C
01BD
F9F6
F991
FA58
F842
FA6E
FAA5
F866
FC51
0339
08FD
0ED1
0B9E
0964
0331
016E
0326
FE16
FB67
F9FE
F0AD
F1D3
FCFA
FAF9
002B
0185
01F7
07BD
08E9
09D0
0B99
054E
0217
026E
FE77
FBF0
0065
FB5D
F102
FA36
FE47
FB36
0065
01AB
FC46
FF2E
04FF
07FB
07AC
0628
FED8
0290
04C3
0196
0041
FB70
F27E
F7C9
F9AF
FAD4
03AC
04B3
023C
09AC
081D
086F
0869
03BD
F805
F624
F63F
F74C
FAAE
F6C4
F776
006C
025D
088C
0F94
0720
02B7
07E5
0228
015D
0493
FE72
F659
FAFB
FA95
F7E1
FD53
FD3C
F716
F81A
FE92
051D
0B16
0ADF
07F2
0745
0781
03C7
01D0
FCCE
F746
F627
F55D
F79F
FB05
FC13
FB18
0049
039A
063B
095F
05EE
04A4
048E
00C6
01C7
048C
FDB9
FD02
F8C3
F738
FAFA
FB48
F725
F961
FFD9
015D
05A9
0E47
0B97
0715
04E5
023E
FD63
FBB4
FA9A
F49C
F3B7
F94C
FAAE
FE50
0641
068D
03C4
08AA
09A5
0BC0
0874
0283
FFFB
FB62
FCF9
FF2E
FBBB
F604
F657
F507
F796
FF76
04B3
029C
0097
045C
0804
08C0
0BC5
0ADB
FC66
FDA7
02C8
FD48
FE69
FF68
F698
F4D7
F3F9
FB50
01BA
0164
FFD5
04A5
0439
056F
0D18
0852
FCAA
FBAF
FA37
F554
FF3D
0062
002B
FC73
FFCC
0463
06B8
07E6
06FA
00F8
0145
FE18
037A
03F3
FCD1
FD15
FE7A
F4C1
FC66
0355
F656
F2ED
FB13
F5F0
FBAE
0C75
0ABE
048B
07A6
066A
0493
06FE
0411
FFA7
F847
F8FE
FE6D
024C
FEDE
FDE9
FCB8
FB39
F9EA
022C
0223
FD90
00C6
FE9A
FD6F
0A12
0D65
02B8
00DF
FF39
FC8E
FB2C
F7A5
F718
F548
F5BF
F9F0
05D6
096B
08D4
09EF
0455
010E
04E7
02D6
FFA6
FE78
FCCF
FAD6
FB1B
03C6
0509
FC89
FDC5
FF99
FCBD
0052
FC6F
FC3F
FE93
FEAB
037F
0916
0959
0545
02CD
FBD9
F9D9
FC95
F84B
F88F
FA29
F8F1
FFCB
07C7
0BEB
0A54
0607
0558
0374
0209
0049
FD3F
F9C1
FCC6
F7BA
F76C
003F
FF1F
FD01
021E
03E4
05F7
061D
0458
040E
0339
FFA2
FF93
0318
FD02
F858
F9C4
FB96
FAE9
FE02
FF32
FAD9
0062
037B
0304
0583
07C3
065B
0187
0489
03AB
FE44
FF9E
F91A
F387
F764
F54C
FC16
0170
0252
068F
094A
07F5
095B
06C2
02FD
FF1D
FE45
FC41
F7F6
FB98
FF61
FA3B
FD0A
005E
FCEF
FDDC
02C3
0139
018A
0528
057E
0293
03D1
0333
03AE
0205
FE1C
F7E7
F549
F2F0
F642
F7C0
FA0C
0239
068E
087D
0CA9
0FB7
0C28
05A0
0379
FFA2
F9EF
F855
F9F2
FAC8
FA65
FDE1
0048
FE89
0021
FF43
0046
FFD3
0034
0432
FF7B
FF8F
060D
03E9
0307
0411
0202
FAC6
F899
F6DD
FA29
FB9B
FD0F
03EF
041C
0638
0AC8
069A
05FB
0B7A
FF05
FC75
FD3B
F919
F959
FDBE
F8B7
FCDB
FE60
FF18
0566
0765
023D
0431
060D
FFAF
01DF
02CF
FBA7
FE8B
0112
FAB4
FC13
01B2
F927
F8FB
FF89
FB75
FD44
08FD
0518
00AA
04B1
03DA
0245
082F
02CE
FDFA
FDCE
F6EE
F9EB
FC48
F9F8
FCEB
FECF
FCC8
FDE0
08FE
05AF
00D5
05B6
FF89
FE44
058B
0462
06BE
FFEF
FD11
0045
F836
F8EE
FC59
F97C
F4C8
FA5C
0072
032A
0861
0B49
05E1
04A3
0597
01B4
FD7D
FEB8
FB47
F6D4
F87A
FF65
0270
FD56
064B
0213
0032
0096
FFAA
FD33
FAF1
FEB3
001F
05E8
0A6E
072A
0179
01EE
FED8
FEFA
FE8B
F944
FBE9
FEE2
FDC7
0699
0925
FFE5
0106
031A
FE45
FEFD
FCD6
F6F4
F773
F74B
FD2D
FE19
0503
060D
0103
0110
0695
02C6
FEBF
FFC7
FC4C
FAFA
01F0
052F
04B9
0352
FD63
FD19
FCF4
FF43
028C
FC55
F9D7
FF31
01EE
0552
0B4E
09DD
02F9
0239
FF19
FDD0
FE9A
F939
F24E
F30D
F635
FE89
01B7
0180
FDA8
FF7E
00EA
01BA
056D
0551
FF56
0313
04A5
05D4
0860
075A
FBA8
FA1F
FC1B
FAF1
FB79
FFB3
F7C1
F977
FFA8
089E
0CB8
0C3E
0983
FFE7
FA65
FE99
FEFB
F9AB
F3B8
F3C6
F552
F935
05E0
0762
FF2E
FFBA
01DA
04AA
0776
09C0
0903
FF9C
FE64
0140
044E
008C
FBEC
F2EF
F5B8
F7D1
FF15
0433
00DD
01F3
08F6
03F6
0CD5
1143
0315
FE51
FC46
F982
F9AC
FA2F
F255
F02A
F413
F9AD
0173
0C1F
084D
0230
042E
0456
0D1E
0DCF
090A
FF5A
F9B4
FBD0
FEC0
004A
FD02
F59E
F251
F4E3
FCF7
0206
0130
FFC0
FE73
006E
0EAE
11D3
097E
0681
FCFA
F672
F9F4
FAED
F440
F2B8
F109
F357
05C2
0B3C
0A09
0CFA
077F
0500
0CCE
0D96
0437
FCE6
F592
F05A
F770
FC05
FE52
F7F3
F3CD
FC4E
FF51
06D5
0C6F
050F
FFD2
04B3
081E
0F63
0D31
0661
FA02
F254
F63E
F578
F63D
F799
F1ED
F168
FF04
0816
0DB6
10DC
0AA8
0701
0D45
0512
06F7
0560
F53E
F05B
F7BE
F638
FB06
FCBE
F8F6
FCD7
020C
056D
0819
0797
04F0
03E7
01AD
0471
0A00
05AE
FC88
F755
F53A
F62F
F94E
F900
F7B4
F9D6
FD0B
0174
094E
0D59
0AB5
0A01
0996
055D
06D1
03C2
F93B
F474
F1E4
EDCA
F536
FE95
FCFF
0117
045D
0445
0AF4
0F0C
07E2
0A43
09DE
FC88
010F
0048
F89D
F96E
F5D9
F1B8
F27A
F5D2
F738
F8F7
FF45
04DF
0A1D
101F
155E
13BB
0E9A
0A13
0295
FD1B
F2D2
E91F
E9E9
EDD2
F26B
FA36
016A
03F2
0863
08C4
07AD
0DFB
0B2E
07C3
06F6
021C
00CC
FD94
F751
F8F1
F373
EF63
F75B
F702
F95B
0138
0158
04DC
0BC8
105E
0F07
0ED5
0AE0
03A1
FF35
FB20
F564
F453
F128
F1EB
F310
F684
FBB8
02B8
06CA
0664
0942
0E61
0E96
0D61
0A33
02B3
FEEC
FCF7
F60A
F35D
F5B7
F5A1
F5EE
FC61
FFB8
0349
03C0
05ED
0963
0853
080B
07E2
02F5
FEB9
FE79
FC53
FAF4
F9D7
F992
F54B
F5C8
FA85
FFA3
0497
08F1
0857
0CAF
0D6C
0F00
0D34
063C
000B
F9F4
F390
EF85
F2EB
F728
F1C4
F48A
FD99
0242
0732
090F
08CA
0728
0BD6
099A
06D6
04D7
0292
FC5E
F782
F89A
FA50
F376
F32C
F736
F7C1
FD47
0291
07F6
0B7D
0961
0C14
0F23
094C
07D9
028C
F5E6
F96A
F5B5
F323
FA3E
F6F6
F82D
FED6
FEE9
0360
064E
07CB
085F
06D1
0560
07AC
0441
FEFA
FE88
F8D6
F62B
F992
F565
F3C5
F648
F879
FFA4
050D
08A1
0CBB
0E5C
094B
0989
07E1
FFEE
FAD4
FA9C
F482
F674
F8BD
F8EE
FF29
FFC4
FEDF
0624
05BB
0878
0836
0734
05A6
05B0
0202
FEDC
FC75
F74D
F65D
F5FD
F904
FA5F
FB8A
0308
052F
00CE
0914
08FD
04F7
0AB9
0674
03E8
01FD
00F0
FBCA
FBCA
F6C8
F707
F7A1
F887
FB38
FFAC
FCCA
04BC
06A7
08C6
0AA1
0A2A
05A3
012C
FC45
FA94
F832
FA7A
F847
F9D2
FBF9
032F
01C1
0660
04DC
0273
FD4C
01BF
04A6
0791
0525
FFB9
FE11
FBA1
FC56
FDC2
F9BC
F84A
F8D1
F93B
0059
072D
0816
069D
04A9
0441
061D
0365
FD85
FA69
F4D5
F595
FA22
FD0B
00A1
FFBB
FCC6
017F
0379
0192
03E8
FD7E
FD91
00D0
0238
05EA
0A39
0426
001D
0068
0242
035E
0085
FEC6
FC19
F84F
FDE6
0625
00A8
01D0
FFCF
FA3E
FE19
FEDA
F939
F94B
F241
F1D1
FB52
FFD4
05F4
09F4
069C
04D7
092C
09BB
0714
03AA
FD3A
F9CB
FD9F
00A0
015B
FF04
FD60
FE9B
FE9C
00CB
00DA
FFCC
FC62
FB17
0095
069E
0588
0454
0183
FE5D
FF5E
003D
FF79
FC65
F85B
FD01
01DA
02FE
097B
06D0
FC3B
FEDF
FFC2
F9F6
FB71
F971
F62B
F6AC
FDB6
00D5
05CB
0621
028E
022A
0312
02D1
0453
0346
011C
0105
01C2
04C4
09F8
056F
FE77
FDA8
FD5E
FCC4
F92D
F585
F83F
FB53
FFA1
083E
0B2E
06DF
0350
FF15
FAAF
FB18
FBB5
F3FF
F265
F685
F963
0061
059A
05AA
0676
044F
0221
07B6
0A0E
0695
FE8F
FE04
FD79
0158
0699
035D
FF73
FD7D
F900
FC0E
FBC4
FCE0
FA9A
F762
FBA4
0431
070E
07CD
05DE
FFD5
FD41
0339
0335
FFE7
FE7C
F7D7
F491
FD0B
0351
007D
FC8E
FA91
FEB4
0158
07BD
0C13
0162
FCCB
FE04
FFEC
0547
06A7
FD94
F8C7
FCD1
FD5B
04A5
089B
0114
FE45
FF0D
02B5
095D
0B95
02CC
F955
F9B2
FCAC
FECF
011A
FE8D
F3DF
F489
F844
FA1D
0557
08BC
FFC7
04B7
077D
0682
09B5
03C1
F905
FC09
F7EC
FAAC
0478
0140
FB30
FB4F
FB81
FDB4
03CD
024A
0128
0050
FEEF
07F7
0CAA
0937
0394
FFF8
FA97
FA12
FCEA
FA70
F651
F963
F62C
F9E8
04A4
0A52
03F1
06D2
016F
0042
0662
025E
FCA6
0352
FD20
F9FF
0009
02FC
FB01
FC44
FD6A
FCAE
0076
0519
00D3
0169
01DA
022F
00D3
03A9
0278
FB14
FDE0
FBF0
F9E9
FEE7
FC57
F583
FE39
FF25
FE92
085D
0BC8
0416
0DA0
0C25
0225
07B1
00F7
F7C3
FAB6
F51E
F2B0
F801
F769
F7A7
FFB7
0492
0460
0A6A
07F2
02BC
040A
FFC7
FD70
FDF2
0171
FC74
FC49
0364
FFC9
FEAA
02F5
FA8F
FD04
FEBA
FC89
0088
0479
0353
04CB
07A3
0405
0774
04D1
FF12
FCBF
FA94
F575
F5AB
FAA5
FC6E
FCD5
0598
0C28
0E3F
0C08
088B
00AE
FE39
FA40
F643
F4A9
F65A
F6D8
FAEE
FF21
0129
04D2
0385
FFA8
0418
065E
027E
0624
0884
02B0
03BC
0656
031B
FEEE
F862
F2A2
F2B2
F2DE
F4C2
F940
FDFF
0699
0B9D
0EE6
1100
0DB1
0586
FF03
FC4E
FDBE
F9BD
F6CC
FD4E
FA24
F9CD
FC69
FF25
FF73
FF96
FD9D
0018
04E7
05DC
060D
084C
014B
04D2
03F2
00C3
FF66
FC36
F397
F679
F6A7
FA7C
FDB5
FFB5
0530
0ACE
0ACF
0B1D
0A53
05AE
0194
FC39
F9A8
FB16
F938
FA9B
F8BE
F843
FCC8
FE5F
0177
0345
FFEF
037E
079A
0281
0702
0A06
03A8
FF30
020D
F96F
F9A5
FAC4
F751
F44C
FC7A
FF84
0049
0596
0E24
098C
0793
09C3
047B
FC90
FEEA
FB14
FB0E
F981
F823
FB2E
FD9F
FBF5
0146
01BB
FCD7
0290
0A64
FF3A
0225
091B
00AE
011D
0C36
00CB
FD4A
0103
F885
F6D8
F764
F597
FA32
FDC8
FC68
032B
0AEE
0A1C
0711
064C
02D3
FF42
00A5
FBE9
F7A9
FC0D
FD96
F724
FF4A
035C
FC8C
FF40
049A
002F
0233
FF32
028E
0029
FC23
FF6E
0399
01E2
0416
01A1
FFDA
0078
0097
FCE9
FD24
FB70
FD32
FE66
0341
0985
053C
0242
0453
0255
FF4C
0097
FA54
F698
F9C8
F76F
F80A
0221
00DA
0089
01BC
02F6
08D1
0783
0064
00BB
FE17
FD6B
034C
063C
0408
0059
FEF9
FE7F
FCE0
FE2F
0262
F97E
F796
FD31
FF00
0484
0A78
04CC
041E
0267
026E
01AB
FFC8
FDBC
F817
F0EC
F72C
FF2E
FCEC
FA17
013A
02D1
0260
0A42
04E7
FEA5
0201
FE61
002B
0473
0504
040E
FB69
F980
FDB6
FCC6
FE4B
019D
FC56
FC89
01FE
058C
0974
0A2B
046B
026B
007B
FDB9
FC59
FC27
F31A
F269
F8BD
F5AB
FDD5
0615
FFDE
0198
0888
04CD
01CA
0628
0266
FF4C
035A
0422
03B4
0651
FCF1
F8D7
FD8F
F79F
F6FB
FBEC
F9E8
FA5B
035F
0463
07E4
1027
0B8C
0639
0674
01DC
FD47
FA59
F01B
F094
F54E
F683
FC9C
02C2
0075
03DA
0507
05B6
0852
0873
0386
013E
0218
033A
0348
02B8
FD05
FA52
F9F3
F6BE
F7A4
FFFB
FD44
F8CC
FFB9
045E
05B8
0EF5
096E
0413
0698
0112
FC61
FF87
F6A2
F454
F453
F477
FD09
056D
03BE
0918
08AE
0473
092B
0B71
06F0
036C
FB80
F754
F742
FDC6
FB28
F8F8
FB2A
F9CC
FAC3
0329
FFB7
FBFF
FE02
0034
00AA
0E9F
0DC4
0546
04A6
FE91
F8F0
FF02
FAF4
F6FB
F394
F322
F9FD
06B8
0C69
0A21
07C2
0521
0797
0811
0585
02AA
F915
F3C6
F7AA
FB4B
0145
FD5C
F9B7
FB1A
F8D2
FB30
01A4
FFC8
FE35
FEE5
02E9
0B39
12C7
0FC3
0A46
FF07
F66B
FB8E
F7E9
F33C
F795
F760
F57D
FF2F
0B5F
0C24
0A5D
099B
0316
0196
0262
FF99
FBA4
F766
F6C2
F91C
FEAA
014A
009A
FD96
FAB7
FD3C
0495
0494
04EB
08A9
03BE
022B
0756
0840
FEF8
FAA4
F75E
F519
F4DA
F76A
F93A
FE2B
FE1C
03BA
06AB
0995
0BFD
0B40
0625
0719
02D1
0028
FB74
F6B2
F6FE
F81B
F73B
FAD7
FCEB
FF81
FEEE
FFEC
0453
07CC
0486
07E9
074D
00C9
03E7
064F
FD1F
FBC9
FA23
F4A6
F867
F7A9
FB8D
FFD3
0064
02E1
0AAF
099A
0C25
0958
05F7
0101
FC29
F981
F840
F36F
F823
F740
F722
FFA9
0372
024D
02F7
0661
04B8
073E
06CF
0394
0366
01AC
FEB4
0131
FC92
F9BC
F863
F495
F807
FE56
FB15
FED9
01A0
0343
067A
0D55
0F7E
0DB3
07F9
004E
FCA4
FEC2
F7DA
F480
F20C
F2BA
F7C5
FB97
0175
06C6
03E5
06EC
0967
0955
059F
0690
01D1
FEFD
FE67
0077
FDBA
FE70
FB22
F7B7
FABB
FC46
FF2E
FF93
FC48
FE62
0665
0A5A
09DE
0A98
055A
FD75
FE4F
FA80
F95E
F8EC
F4F2
F1F2
F84B
FEB5
0494
0936
07D2
07F6
072A
05EB
0D79
0997
FE20
FF99
FA9A
F8D8
FADF
FBA9
F7A2
F663
FA0F
FEC1
FE22
053F
060F
05A3
0708
0CAF
082A
067A
0451
FC0F
F69C
F768
F630
FA37
F5B4
F70A
FB87
FC5A
03A4
0C8C
0983
06B5
0671
06BD
0472
0484
0501
FE69
FADA
FA35
F9F8
F971
FC2B
F819
F5BB
FBA1
0003
03A1
05C2
0778
0747
07FB
040F
06ED
04F2
FDFA
FCAF
FDF7
F50C
F610
F974
F74D
F88F
FDF7
FE99
01D8
0ADA
096E
05CC
07A3
04B7
0333
00B0
FCF7
F92A
F66D
F792
FC87
FE26
03E1
0256
0262
0524
06F1
07C6
0ACD
044B
014A
FDEE
FB4F
00B9
0261
F7E9
F972
FA78
F5A9
FC18
FFC8
FB0C
FDF8
FE97
023D
07E5
08E6
0B16
05AF
02DB
07C2
0578
FA31
FA9B
F7ED
F258
F4DF
FEE1
021F
0000
00DB
04C6
049C
066F
0C3B
06F6
FBF4
FF14
FFA1
0042
FF94
0039
FAA1
F87E
FB01
FD5A
FECB
FD63
FD80
FDE6
029A
0812
09FA
08FF
01DA
FE80
FED0
FCEE
F99C
F7C4
F289
F2A4
FB71
00AC
059A
09FB
064D
041C
0775
093D
042E
0199
FBCF
F574
F53E
FC00
0378
FF83
FB94
FFB3
FD96
0075
0945
0489
FECD
FFEA
00E0
0253
09E6
063D
FAD1
F7A5
FB31
FAC9
FC8C
F9C9
FAAD
F942
FCB4
0691
0968
078E
0571
0253
FF80
037F
05EA
FF7C
F984
F7E8
F7BC
FAC7
043B
036F
FC92
FDF9
031A
057C
0A92
08FB
01E0
FEF6
FBEA
FF0D
0124
FC5F
FB11
F751
F702
FF42
03CF
0480
0206
00EF
025F
0525
07CB
0A98
05F9
FEA5
FDF2
FDAC
FA3B
FD65
F82A
F051
F2E0
FAC2
FF4D
023D
081D
0787
075E
098E
0CFB
064B
0044
FAE5
F5C7
F4EF
FD3C
FAB1
FAF0
FB22
FC29
035E
0555
08DC
0A09
01B0
FC80
02FF
0689
04B3
0260
FF04
F83A
FAD1
FCC6
FC7F
F9D5
F88D
F812
F885
FF3C
09B2
08D0
016A
049D
070C
03A3
0562
03C1
FAC2
F8AC
F868
FB68
FEDA
FEBD
FC65
0055
033E
05C2
082F
0A70
04D0
FE21
0185
F974
FEE1
0613
F587
F482
F931
F4C6
FDE4
0139
FF2D
FEE1
006D
FFD6
0871
0C59
0800
0884
0444
FDAB
0494
005B
FB28
F854
F86A
F478
F774
0203
0385
FE93
0278
042A
0595
07A1
078E
00F3
FA61
FD8D
FE63
FF4A
0009
013D
FE5F
FAC3
FD07
0440
02ED
FDA4
006B
0173
FDE3
0A25
0B3D
0414
0225
FF05
FB5D
FC72
F9DB
F8CF
F728
F2FE
F5E1
FEED
0262
04ED
05FA
06AD
07A2
0522
058C
041F
FEAE
01AC
0091
FE29
02F0
0106
FD2B
FC51
F973
FB64
FEC3
FEE0
FA11
FF63
0251
00BA
03EF
078F
0126
FAF7
FF70
FEE0
F922
FED4
002F
F7D6
FE8B
0246
000C
0593
08A1
050E
0569
02E8
029B
0293
FF25
FD35
FF53
FB04
F9A2
FD68
FC33
FB98
FC6B
013F
0010
FC00
039D
016B
FF08
04E2
0923
04DE
02FB
0139
FB18
F73D
FF88
FB97
F863
FC04
FB39
FB88
FDB0
07DB
0A86
038E
06FB
0716
0153
043B
069B
FECC
FD7F
FD28
F8B6
F961
FE2C
FC3A
FAA6
FC79
03BB
08DE
03DE
065D
05C4
FF88
FCBD
FE00
FDF0
FC40
F9BE
FC31
FD35
FFE7
0591
02A2
FCD4
0381
0194
FFB5
0716
0889
0266
05E9
05F2
05EC
035B
FCE1
F7A2
F7AB
F063
F3C9
FA68
FB0C
0279
093A
0A54
0A6A
0C75
0540
FDE2
FD3B
FB64
F79F
F96F
FFFA
FE57
FC4B
FE9C
00E2
0250
FFDA
018D
0334
FBFD
00F3
0689
0148
040C
07D5
01FC
FDE4
0143
FB69
F506
F9EA
F7BF
F555
FD8F
0123
033B
09DF
0764
06AE
0920
052B
00E2
FD1B
FCF4
FB5F
FD4C
FDE2
FAAC
F8BF
FC60
FEC5
007B
030F
06D5
07DB
0330
0144
0306
05D2
FE83
FF5D
017E
FA87
FACC
FDEB
F7E1
FA43
FBD2
FD53
FF91
0269
06D4
06E6
05B2
0C3B
09E2
FF63
FEC6
FF12
FBCD
F99A
FC94
FD15
FA7D
F6A2
FF48
0008
FF44
0749
053D
FE9E
0220
0295
FF50
04A7
052C
0054
FE98
FED1
FD26
FFC1
FA47
FBAF
FEA5
FC92
FBFE
05E5
087A
0503
034B
04F6
FFA6
FFA2
00DD
FB57
F780
FA09
F80C
FDAF
0259
048F
0168
05F2
03C9
0652
077B
0373
FD34
F952
F743
FBF2
FFDA
01A5
0118
FF08
FBBD
0021
FE5A
FCEC
FD13
FA89
F83D
0357
0888
07E3
092E
0564
0363
0178
FE6D
FEA3
FC8B
F445
F9C8
F9F1
FC19
0438
073E
01A7
0309
03C2
0139
0003
0076
FC19
FBE6
FFCD
039B
040C
01DF
020B
FF5E
FE90
FCEB
FC75
FD45
FA4B
FCC6
047B
029D
04AB
067B
FEB2
FF59
041F
FEE8
FB7D
FD92
F933
F960
FD59
03D1
0572
0017
FE6E
021C
017D
00A3
03AF
FDC0
FCC1
FFC0
05D9
0771
08D4
0147
FE88
F98D
FE92
002A
FC51
F8D1
FB92
FC0C
0375
0B87
07BC
01D9
FE82
FDD5
003B
0473
0156
F9BC
EF8A
F44A
FAF4
FC39
0385
0436
F8F8
FDF0
077C
09CB
0AE9
0661
FEF4
00DE
021D
03E0
05C9
FF76
F88C
F810
F48A
F8C0
FEE3
F834
F7F3
FC0D
0553
0C09
0EFC
0F35
0BF2
070E
0757
039C
FFD7
F7F5
EFD3
EB0B
F014
F80D
FB51
FB04
FEA7
0513
047E
0A4C
0EA8
04F1
0128
020A
01C0
03D0
0681
0017
F9E0
FA2B
F88A
FCF7
FCB7
F7F3
FB1D
FCBC
FCB8
09E1
1117
0BAC
09BF
0716
FFA2
0238
FF00
F6C6
F030
EF32
EDCC
F863
FF32
04E8
0617
07B5
0C5C
0DBC
09DD
0969
02C1
001C
F8FD
FBF8
0239
FBB2
F656
F65A
F0DF
F506
0210
00D7
FE6C
0417
0533
0703
1034
1263
0B81
0467
FF9D
FB0E
F92C
F989
F4B7
EF51
F0DE
F3D3
FAD0
05A6
0B36
0ADE
091B
09AD
0AAF
0F80
0A46
01B0
FCA3
F40E
F2EF
F8C2
F8F3
F5E5
F971
F849
FB80
01DF
0910
0381
01AD
0043
03A3
05E0
096E
0689
00B0
FAB7
F9C3
F91E
FC4A
F909
F52E
F838
FC47
047A
0F58
0D77
08BC
0AF5
05A2
03E8
083A
FF6B
F79C
F4EC
ED8B
F1E4
FC60
FD64
FEE4
FE1E
FE97
0271
053C
07DF
0601
05B9
0769
08A0
08FF
09C9
FEF5
F738
F411
EFA3
F3DA
F66B
F473
F98B
FDB3
0085
0A8B
13FA
0D88
0D8B
0BE8
040A
0495
0516
FA2E
FAC8
F7AB
F1DD
F7D6
F8AF
F4F9
F9F1
FDF0
FC78
0577
09D2
0556
08D5
0C0A
076C
0812
063C
01C4
F81D
F6D8
F690
F50C
F663
F534
FB67
FED3
FEF3
0782
0C7B
0AA6
0DA7
0949
06D8
07C9
01D2
FC27
F957
F2A1
F1E5
F568
F14C
F9EA
021B
FE95
0490
0D96
09F6
08C6
088A
047E
0485
03A5
FE50
FFD6
FBAE
F50C
F992
F855
F9AA
FA08
FAA6
FAB1
0166
0637
070B
0974
0FB8
0AEC
0743
083C
0527
FDB1
F458
EFF8
ECAA
EE61
F1C9
F6A5
FD0D
029C
038E
0985
0B74
0FBF
0EFD
099D
090E
086A
FEDB
FD79
FE10
F389
F2A8
F4DE
F2B3
F840
FF56
FC4B
FEC9
07FC
0B68
0C1C
10FA
0A09
0864
054D
FE8D
FC05
F81E
F2C8
F00E
F3A4
F56A
F968
0059
01CB
0395
0569
0AE6
0B0C
0CD7
08AD
013A
05BE
030A
FAF1
0217
F685
F455
F5D8
F3D8
F94C
0156
007E
03BB
0443
0C0F
0B2B
0E7B
10F2
060A
00DE
FE2B
F7CD
F373
F73A
F1B9
EFC0
F61F
F640
FCEE
0769
05B5
0B35
0FDD
0ED1
1020
0B03
0809
05BD
F9ED
F3A6
F385
F3EC
F30F
F343
F91C
FD21
0148
0283
03BC
09A1
0AF7
05CA
08FA
06DA
073F
03A4
FE1C
FBE2
F958
F66E
F7E4
F382
F582
F8C5
F924
024A
0837
07AF
0AE2
0C55
09FE
08F2
0580
FDB1
F7F8
F4AA
F228
F3F6
F72A
F6E1
F9D3
FFD0
0500
0389
0BB6
0D8E
096B
0854
0969
037A
0711
FD82
F5EE
F877
F4DA
F378
F991
F595
F23A
F99E
FD86
03D2
0E36
0B3E
0CD4
0F9A
088A
0716
0654
FDF2
F7F7
F48D
F300
F7D5
FD9B
FE23
FEE2
FD44
FF91
07A4
0B61
0A46
04B5
006F
FF56
013A
041A
037F
FA05
F894
F9B0
F5B1
FD98
0124
FF2A
FF62
FEB4
0237
08D5
0A44
062A
06DC
011A
FC89
FFEC
FF6B
FB2C
F808
F732
FA3D
FBBA
024C
0253
01EE
019B
0336
0568
088F
0653
0300
FFE1
FC8B
FC84
FD97
FB53
F61F
F9A7
F9A3
FB9B
02D8
0075
FEED
0193
0194
053C
0B05
03A9
0016
FDF6
FCB7
FF69
FF51
FD8A
FCD9
F904
FB28
FFDE
0378
0733
015A
FEA8
0251
0311
05A2
0598
FFF0
FCD8
FC1E
FD44
00A2
0166
FE85
FD14
FC89
FE37
FE49
FD56
FBF6
FA6E
FACC
01D8
02CF
04D0
0274
0190
FF68
0320
0482
00B1
FC10
FAFC
F9C0
0255
03AA
02F7
065D
0198
018D
057B
025C
FFDA
FCEE
F60E
F648
FFA7
035B
0445
0622
0464
02D7
0035
00CC
015A
FA58
F76F
FA67
FB44
037F
025A
04B5
0268
FFA4
0190
01F4
FCB3
00AD
F9C4
F68B
01A2
04E2
0351
0682
0719
FF32
FF7E
01BA
0087
FB72
F920
F94E
FB4F
052C
0A64
06CD
05A8
01A9
0229
0148
FF4F
FBB7
FAC7
F81A
FA5C
00A5
03E0
FEE8
FFF4
FD1B
FA40
031F
0717
FD46
FFEE
FBC6
FA89
FFB0
06FC
0683
FFEB
FA92
FCC2
0100
FE5E
0094
FFCA
FA2F
FDB3
04D5
0A0A
09FE
0563
028E
FC45
FB97
0240
01E1
FAB9
F8FA
F82E
F97F
04FB
040F
016D
0220
FBAC
FF3B
067D
00EF
FFC9
FC0F
F7FF
FE0A
0553
046D
02E2
FDFC
F913
F7B9
FE71
01E2
00F8
01AB
FEF8
FE37
0817
0B25
04AA
03D9
FEEB
F9CC
FF93
01DF
FCCE
FBEF
FAE3
FA3B
0030
0531
03CF
015D
FDB6
FDC5
0178
0023
FFB7
00CA
FBB2
FB5C
0134
04D9
03EA
FE88
FE02
FF4E
FE12
04A1
0393
FECF
FEAE
017F
FE50
0374
075A
FFA7
FCD3
FFCC
FEFE
004F
0173
FE51
FCB3
FA59
FAE7
0232
0127
0279
039E
02CA
0536
02BA
0291
0174
FA0D
FB32
FD0F
F794
FB8E
01BF
FC4C
FDE4
0659
0464
00B9
0343
017B
FB04
00A7
0192
017A
0053
02C4
FE44
00C7
03EA
FEF1
FBB5
FFCB
FA63
FC4C
FD19
FA58
066D
0766
FFEC
0A2E
08F7
FF30
033F
FE85
F9F4
FA92
FB95
F883
FD11
FDE9
FA80
FFDD
04AF
0237
04DE
0147
00B6
0306
003D
FFCC
0167
FDEF
FF1F
FED1
FFC3
008A
0107
FD9E
FD02
FFA3
0475
04CC
03BE
06A3
0615
020F
01FA
00BD
FCC2
FB4F
F8EE
F90C
F8C5
FBEF
0019
FBE7
FF69
0421
0324
0459
06D5
022E
FFE5
0428
00DF
01D0
0613
FE8E
FB93
01E4
F9EB
FD59
027F
FABC
F9AC
FFB2
FE5D
03E8
088C
0763
0645
02A3
039D
0321
00AE
FB17
F8FB
F730
F7F2
F890
FD05
FF88
00B0
033F
041E
0507
085D
0112
FE15
0004
FA4D
FDFB
02AD
FF3D
0260
01A7
FC16
FE1E
03DC
FD83
FE74
0575
FE3F
FECE
06BE
0558
01CB
02DC
FD9D
FBBF
FEE6
FEB3
FB1A
FE12
FBE1
F92B
FBE9
FCC1
FD98
0381
014D
0468
08DB
0828
02EF
0519
022B
FCAE
FDDD
FE63
F8DF
FC7E
FA5E
FB4B
0228
04D4
020E
0610
05E1
02C1
029C
02EF
00CC
FCA5
FAC9
FC1B
FC0A
FB38
FE3F
FB4F
F99B
FA51
FC22
FC8C
00F5
046E
0866
07B6
092F
0C8F
07D9
029E
041D
FD65
FAE5
FCDB
FB3D
F80D
F999
FEFE
0166
FF66
00E6
029D
006F
01E7
02D8
048A
04E6
03F8
005D
0038
FFCC
FE29
FD27
F595
F240
F5B2
F751
FBEC
0825
07C2
037B
0A67
0A5E
0471
0770
040C
FAFE
F7AE
F69A
F90A
FDC4
FE72
0005
02D8
02A0
0509
082A
04EF
000A
FE4C
FCE8
FD0A
0392
044C
FEC9
FD3E
02E5
FE6D
FD86
FB79
F29B
F4E5
F680
F6A3
043D
0AE4
0740
0845
093B
088D
0A51
037E
F95D
F646
F1DC
F2AF
FD17
001A
0163
02C7
0165
071C
09A2
0688
0527
FFD3
FA2F
FA8B
FC75
04D7
05C6
FEFA
FD11
FAC4
FBCF
FCC2
FBEA
FB99
FA05
FA19
0483
06D2
072D
0950
029D
0144
0657
0362
FEB0
F8CE
F741
F8A4
F96B
FE9B
044E
01A1
FBF0
0465
05B1
03BC
06D5
028D
FA43
001B
04D5
06AC
061E
FE2C
FCAD
F7E9
F4DE
FB7A
0103
F9CF
FA96
FF80
0454
073A
0C14
0685
059D
0250
01F3
FF41
FC47
F9C4
F9A8
F5B9
F8AD
029A
FFDA
FB49
FEFB
0024
0365
0713
0602
0103
FBEA
FE10
01D9
050F
054E
016C
FB99
F973
F970
015C
FF0E
FC1C
FE98
FD99
FF54
095F
0CC6
06A2
026F
011C
0041
006A
004B
FA79
F3D2
F561
F68E
FC2C
0272
0250
00E7
0439
04D6
0549
0778
0432
FE17
FD5C
FCAE
FCB1
036C
0017
F82A
FA9F
FD88
FD7B
0392
0072
FBAB
0026
0052
0067
0AB1
0CA8
068F
0738
019F
FE58
FFDA
FBEB
F237
F1FD
F2CE
F4FD
0013
07BA
075C
067D
0B1F
04FF
0409
0A60
0260
F8E5
FEF9
FB28
FBE7
03E1
027A
FAFB
FFC6
FC68
F9B6
00FB
FE02
F977
F9EF
FBBE
0114
0994
0B41
09D5
0674
0132
FCF5
FC0A
FC3E
FBC7
F838
F6B0
F894
03CA
08BE
09C2
0DE0
0888
0111
0276
0240
FDF5
FA5E
F9E9
F201
FC20
019D
00CF
FFE8
FE19
F730
0080
00D5
FD0F
FF52
00AE
FDB3
03DA
0B4C
098C
04A7
00C5
F91B
F512
F869
FAAA
F86F
F83B
FE64
0027
0845
0E1F
07C2
08A1
0744
03CB
04DD
0240
FF38
FC3C
F8A1
F943
FBB8
FB84
FA4E
F985
FB06
FCDB
01C8
00AC
0361
0599
0655
08FC
0921
09E7
06BD
F970
F752
F7B7
F356
F510
F609
F6C4
FFC0
0079
0551
0D5A
0CB4
072E
08FE
04C1
054E
0493
FD1A
F8CD
F8F8
F60A
F584
FAF4
FB09
FAD8
FE65
02DA
03C7
09CD
098E
094E
08DA
0980
04AF
03C5
FE9F
F88A
F5CA
F41E
F3B1
F93A
F79A
FB25
01F0
032C
04DF
0AF1
0E8C
0CA3
0A0E
062F
049C
0463
FAC9
F6CB
F459
EEEA
F39D
F7AB
F882
FEB5
0349
04ED
0B4E
0C31
0A1D
088B
071C
04AD
028F
FFFD
FD12
FBE5
F5B5
F4F2
F415
F7CA
FA8E
FB2A
FC3A
0023
0412
09F9
0BB3
0C31
0A1E
0885
04BC
00F5
FB0B
F7D3
F40A
F291
F43F
F9FB
FDE8
03E9
03E3
030D
06E0
0748
05D2
06C7
00E2
001C
02B7
022D
FD5C
003B
FA15
F703
F987
FA39
F787
FD52
0071
01DF
0536
0ADC
0E4A
0E81
07B3
008D
FDB8
FAEB
F7DF
F4E2
F271
F3D4
F8E3
FE60
0365
069F
0A01
0590
0916
07CF
087B
0824
0379
0100
0082
FC99
F82F
F98B
F739
F05E
F5B0
FB10
FCC9
03D0
0657
05C7
0C75
1185
0DAA
0ACE
04B4
FC02
FAA4
F559
F4A8
F797
F3CF
F36F
F97A
FA0D
FF1B
09C7
0E17
0797
0917
08E4
080D
09FD
07C5
0013
F8A0
F735
F2CC
F529
FBA9
F801
F78A
FDF4
FD05
04DA
07E9
05B2
05DB
0542
00B0
0732
05F8
03DE
FFAC
F990
F9AB
FB3E
F85E
FAA5
F55D
F7B1
FFB7
0564
0A57
0F3E
0BAE
06E9
060F
03D3
FEBC
FAD6
F70B
EF96
EF4A
F716
FD32
0210
01FD
0556
016F
03BE
0625
05D1
02F5
FF02
FF4F
007E
0138
0453
FFAD
FAC9
FB07
FB3E
F792
F840
FD6A
FD62
032A
08F2
0C1C
0CD5
095E
0626
04BB
00DE
002F
FCB2
F54E
EF12
F528
F755
FE29
0586
01C5
0138
07CD
07E9
0ADE
0678
02A1
FFBC
FA6A
FFDE
02AB
FD61
FA7C
F6D9
F26D
FA78
FD47
0013
01A3
FF8F
0389
0A66
0C8A
0E2A
08F6
FF48
FCA0
FF42
02B2
FB6B
FA80
F58C
F277
FABA
04CD
026D
01CF
FCD9
FDD9
FD45
072F
08ED
00BA
FC52
FA3C
FD57
0393
04F6
0275
FAE7
F653
FBF4
036B
054A
03FB
FF95
FBA9
FFBB
083E
0851
05F4
FE0A
F7BC
FA0D
F8EC
FF5D
FD21
F4BE
F3F3
FBCC
0248
0B94
0C91
075C
03CF
066F
0964
0863
FD7D
F858
F134
F191
FA5E
0025
FC49
FC3A
FAEF
FF76
0692
0D9A
07D2
028A
FD62
FF49
035F
072C
0C14
029D
F6B0
FD12
FFF1
F914
FD2D
F884
EEDA
F7D3
018E
03BA
082D
05DC
0618
05CF
06BA
07B7
01F0
F970
F497
F423
F9A4
FE39
036E
007D
FEF1
060F
09FE
0B7C
0E61
0508
F8F5
FB44
FDDC
00D4
019F
FD52
F7F9
F7B3
FA69
0240
0604
FD36
FCA2
FF52
FDA7
01B1
0CA9
0A10
003A
0407
004A
FCDD
019C
FBC0
F2B8
EEDD
F401
F923
0011
05C1
07F1
0468
076E
0990
0A35
0480
0209
FC4E
F751
FB7E
0474
0130
FB81
FF64
012D
FCED
0714
0B0E
010E
FCE8
FF0D
FDF8
0045
03E8
FEF3
F775
F3DB
F668
FAB9
F74D
FA6C
FEFE
F99A
FB9C
08C7
0AD7
07C5
08FE
09C4
0285
04C3
04F4
FD8A
F96C
FB59
F7D0
FA94
FF44
0320
FE76
FEA8
0190
0539
0741
04C3
049D
0141
F8F2
FEB9
06EC
022E
02B9
00BE
F669
F797
FD86
F99E
FC29
FDA0
FBAD
FEAD
0525
0749
0911
04B3
FFD7
FE4B
FD1A
FB0E
FB82
F98B
FB29
FB10
FF44
0640
0389
0828
0632
0502
0A2C
073F
FF88
0226
007C
F9B3
FB96
0004
FBB9
FCEE
FD3D
FB89
FF5E
05D1
051D
01D6
02CC
0317
FEAA
00F7
02E8
FD12
FB4D
FD69
FA68
FDB8
FE07
F8D9
FF35
FB93
F9C9
014B
0373
FF5B
0643
07F9
065A
0AB9
06F4
00EF
0067
FE49
FDA5
FAC0
FA53
FC83
FB07
F925
026A
0545
0457
00B4
00A6
FF26
FFAA
0132
043D
01C5
006B
FF57
FDD2
FDD7
008D
FB0C
F84D
F5F5
F792
FB3D
FFD6
09B6
0ABE
0783
087F
0743
0268
01A8
FFDA
F9A0
F752
FA4C
FA81
FE3F
FF3C
0036
021B
0043
012F
0394
FEC4
FFF7
03A4
FCFE
FE4B
05A1
01EA
0272
0709
01F7
FE31
FC9D
F941
F945
FBF9
FCFB
02B7
03D8
0679
06E2
099D
0767
0447
00C1
FC29
FA36
FB19
F91D
F858
FA4C
01A8
FD5A
FC1F
06A8
0678
0274
060C
FFFF
0019
027A
FF6D
01EF
0000
FE8E
01C0
FBD3
FCA5
FF96
F6C2
FBA6
0068
0002
01EF
0893
071B
06AA
0719
04EC
03ED
045F
FD85
FCEB
FD13
F92A
F74B
FC7F
FA28
FA2B
FBFD
0346
02BB
07AF
03F0
01D5
0274
0154
FEE1
02EE
0072
FEAD
FDBC
FA01
FAE2
000C
FD8E
FEF0
009C
00FB
00D1
03FE
036D
0309
01C3
018B
0194
0381
001F
0100
FDA8
F53E
F7CA
FBCA
FC75
FE88
0134
0236
0396
04C1
0533
0512
013F
FDD9
FB56
FC67
00AC
0055
FC04
FCE9
FEB4
FF2F
0000
FED8
0202
FE94
FB1C
0057
048B
0599
065D
01C7
01FD
00F5
FD97
FBE5
F8F2
F3E9
FA29
FC8E
0292
0E06
0A54
0884
0AEE
05D0
0284
000D
FC7B
F882
F3FE
F563
FDD7
0162
0133
00DD
FF96
00DC
0217
0239
025A
FE83
FB2F
FFDF
035F
0693
096B
051F
FF47
FEFE
FC7C
FC6E
F9FE
F4F4
F977
FD8E
FD14
0A33
08A4
0704
04DE
044E
000E
0299
FC6E
FBAF
F946
F8E2
FB09
008E
FF99
FF74
0082
FDEE
FFD0
0320
0009
0022
010D
FFB0
02AF
05CF
059B
03F9
FF34
FC40
FDD4
F8C0
F9DB
FA1F
F9FE
FF9D
059B
0858
0A6C
03D0
045B
03CD
0078
FF32
FB4C
F473
F4C4
F680
FC1C
00C7
FF1F
FF16
FD8B
FDFF
02DE
06A4
049A
035E
00C4
FF25
0561
0AE8
0879
0055
FB18
F90D
F924
F958
FAFB
FD16
F9EA
00B9
084B
0B8D
0A54
0817
01A1
FF1C
00F1
0297
FD55
F7E4
FA7C
F78C
F715
03D6
0226
F969
F9BB
F997
FDBA
02F1
0321
016D
FF08
FEB1
09FE
1005
0A05
0688
017B
F8A4
FB71
FE8C
F8FA
FB52
F7D4
F9C6
0379
0B09
09E1
0AC8
0184
FFA0
FF3C
01BE
002F
FAE9
F730
F6EF
FA3B
01EF
0468
0156
FBFE
F9D3
FD62
016D
009D
005C
FDAA
FAAF
FF65
0698
065A
053B
FE2A
F8C7
FBE4
FE1D
02F6
04DA
FFE1
FE76
011E
0730
0A10
0AFE
0590
01CB
0462
00A9
FC8F
FFC0
F67F
F168
EEEB
F442
FA64
FAA2
FF18
027C
0358
07C7
09DB
0C20
062F
005D
0351
FD9A
FEFB
04ED
FCBF
F4A5
FE41
00C9
FA64
FFFF
00EB
FA09
FC80
0004
FF61
07B2
0923
0472
0627
054C
030F
03D6
FA41
F489
F930
F1EF
F896
03B3
0316
01E2
07AC
0676
02DF
06B0
02E5
FE3E
000F
FAF5
FA26
00AB
03CB
FFA3
0097
FFAD
FD24
011E
FF80
F9F9
FF53
FF10
FB5B
04AB
0C32
02C7
0470
027F
FA02
FDD4
FFE2
F32A
F781
F8D5
F696
FF61
0719
092A
07E4
053D
05E0
0826
0460
0378
FF77
FADD
F8AA
FCA8
FD49
FBD8
FCE7
FE4F
F8C9
0092
006F
00E8
FE92
0168
0430
042E
09C0
0A4F
0519
00F2
FAB8
FAD0
F788
F411
F659
F5E2
F613
0049
02AE
04C7
0B63
0883
06EF
0A49
0720
0543
023D
FC8C
FB14
FD97
F59D
FA8B
FDB5
F60F
F981
01B0
026C
0386
09B6
01AA
037D
091E
0603
0793
04E2
FE6C
FA3A
F971
FBEA
F8D0
F755
F9E2
F4FE
F9FE
FD44
FD0F
04F3
063A
07D1
0E26
0E56
0C9A
0B3B
005C
F6FC
F5EC
F4CC
F23F
F50C
F74C
FB9F
0220
08CA
0E1D
0C6A
07AA
07C3
03B3
06D8
0491
00FC
FEC7
F727
F85B
F998
F847
F91D
F73C
F60A
FB5E
FE23
00F6
0830
0DB8
0C6F
0B30
0D3F
08DF
FFF6
F9A1
F4AA
F1CF
F345
F38B
F9C2
FC50
0197
0570
0729
0798
0950
073D
048F
073B
083C
0435
05E6
01C5
FDB9
F501
F1C1
F4EC
F290
F278
FAC9
FAD2
0052
0496
0DAD
0F71
0DDA
0D41
09DD
0170
01D8
FA9F
F369
F268
F3CA
EF2A
F657
FD46
0018
0194
03BE
023D
0AFF
09AF
095D
0CC0
0931
05C9
039F
FF50
FAB9
F632
F4C0
F36F
F4D6
FAE8
FB9B
FE32
FDF8
0958
0D4C
0F09
0FDA
0A63
04E1
027C
FC5A
F574
F2E6
F512
F003
EEA2
F7CA
FFB9
0142
068F
0A10
047C
0C57
115C
0A7F
0AE2
0852
FEFD
FA7B
F762
F686
F2BC
F429
F7A4
FA5E
FE8F
01A6
058D
0457
0563
07DE
0920
0AF7
0850
0011
FD84
FC5F
F926
F8C3
F74E
F5DB
F3E1
F591
FF5A
0602
085A
0AF9
0C38
0CA1
0DA2
0899
0826
004A
F4D5
F2E1
F57C
F547
FA1C
F646
F4E5
F9E5
0231
066A
03C0
07E5
0735
05FB
09EC
0B70
08F9
0278
FB37
F62F
F7A3
FA75
F8ED
F41D
F92C
FA01
FF18
06D5
0938
094F
0616
0452
08A6
069C
03E3
0032
F696
EFD1
F664
FC0A
FD4C
FB8E
FBBB
FA2B
FC71
019D
0682
0601
03B6
073E
060A
05D6
0BBE
0743
FA79
F647
F3DA
F427
F4C2
FA32
F978
FA7C
0064
0ABD
0AC8
0F79
0F12
05EA
043E
042F
FD90
FBC7
F691
F332
F5C9
FA69
FDDF
04FF
014B
FF97
0399
00DB
055C
0AD3
0550
002C
018C
050C
0081
FFE4
FC1C
F897
F5B9
FB01
FE03
FEA4
FC30
016F
FEA3
0076
0A89
08D3
0485
067F
038E
FD49
FEA3
0002
FBE7
F7B4
F5AA
F818
FA24
FFF2
FF41
00F3
040F
06AF
0900
0754
0783
0359
FEA7
FD07
FE7D
FF8F
FC2E
FB8D
FB55
FBA3
03E5
015C
FE58
FC7E
FB39
FC12
01B1
0866
07E0
0218
FDA5
FD9A
0417
001B
FCC3
FA24
F60E
F8C6
0034
06D8
072B
031F
093D
0047
FF7E
092D
00B0
F618
F976
F805
F692
022D
033B
FE19
028F
04FB
04AC
058A
01E5
FE69
F917
F93A
02FB
05BA
029A
00E1
0148
FFE4
FE63
027A
042F
F71E
F38E
FAD6
FA38
FF5D
0B01
03A4
00C9
04D0
0135
0594
05C8
FDC9
F6CC
F2E4
F8F5
0353
0818
0557
060A
02C1
FE86
02D9
05AF
FDCE
FB59
FC9F
F7F6
FDDB
087B
04E5
FEF8
010E
FC1A
FD30
011B
FEB8
FD2C
FECE
FBE7
00EB
0837
06B1
0650
059E
FFCC
FE12
0098
FA4B
F862
F8D5
F679
F9D9
077A
0827
0661
07AA
02FE
0212
01E4
FED5
FCC2
F94F
F624
F60E
FC81
0352
04BF
FF20
027A
0165
0232
0496
0278
0103
0156
FB80
007A
04BA
04BC
FFFE
FE48
FB27
FBDA
FC92
FC23
FB68
FC86
FC55
FF5C
0284
0860
0509
01BE
01E8
0464
FDE9
0198
FF84
FB61
FB75
FAD6
FAF9
03F1
006E
FCCB
00EE
0525
03B0
03B5
02D4
FC0B
FECA
0047
FF83
0106
00F0
FDFE
FB5A
0014
FF5A
006A
017D
0343
FF3E
0361
0354
0140
0119
FD01
F996
FE6C
FF80
FE7D
FC39
FBE3
FDB0
FF20
FFAE
02D8
01E3
FFE0
01E6
02C5
02FC
0633
0201
00B6
0015
FF20
FDAF
0204
FEA9
FC74
FC08
FDE3
0122
064A
0531
0393
03B1
054E
0333
0154
0240
FE7C
FB47
FA79
FD0E
FC02
FC2C
FB3A
F96A
FF74
FDCC
0117
0449
FF03
0496
0716
076F
0337
022A
FD9D
FDB0
FE93
FDDB
FC05
FEBC
FE2C
FE41
0082
03AA
0295
FFF4
002B
FE3A
FCCA
FD46
0247
FCE8
0221
FFB4
01CA
027B
01A7
FD62
F9FB
FA67
FAF0
FD40
0351
0455
06F4
09B1
0741
067B
080A
FFF5
F652
F706
F831
F25B
F7B9
FE85
FEE7
00EB
0739
032D
0916
07C8
03EE
019F
FDBB
FC0F
FE7F
FE45
FF11
FF89
FD93
FEF2
FF3D
003B
00D2
FC32
FFA5
01E6
FF85
0507
07DE
0283
05EA
0431
02F0
059E
033F
FE25
FD8E
F8F2
FB3E
FE0F
FAD1
FA46
FF50
FE24
0449
091D
021C
03E0
00D6
FAAB
FB6B
FD30
FCFA
FACC
FAD9
FE78
FF77
0203
0288
020D
03D7
FE94
0227
072A
0617
027B
0303
0326
029B
0091
FFBE
FC8A
FE54
FA88
F622
F9EC
FEBB
FDAD
0021
016B
05A4
08A6
03C6
0495
FEE9
F8C0
F960
FE75
FF9E
00F0
FDDA
FDAD
FD36
FC48
FFE9
FE6B
FC70
000F
FF2D
FFF0
0756
0D05
05D0
0272
02C4
FF21
FDAD
FA0C
F758
F8B3
F578
FA11
0261
0635
05F8
0655
0922
0767
0610
0521
FEEA
F7B6
F990
FDB6
FB7E
00D2
0111
F888
FAF4
FE6D
FF5A
FFF9
FE34
FF3C
FCC2
016B
0AA4
0846
08C4
0359
03F7
00B1
FE13
FDFC
F76D
EEC3
F168
FB3B
0030
0490
0C0C
0A73
04DA
1040
0BF2
0385
016F
F823
F3C4
F808
FB17
0226
FF4C
F958
FBDA
02D5
0025
0224
03C5
FD12
FC9E
0086
0636
08F0
071D
041A
FEC3
FC13
FB53
FC9E
F919
F08B
F47D
F99B
FCDB
075C
0C95
06AE
041E
0A9E
0A95
0650
0516
FBC9
F508
F6C7
FBE6
FC1D
0021
FB4D
F8A3
FF08
FF30
013D
0943
0211
FDC5
FEF9
012E
06BA
0756
02B4
FD38
FC08
FB42
FCA6
F929
F6E2
F9F7
FC11
FE9E
078D
0AB6
090E
0704
05B4
03E3
0349
FFFA
FB5C
F6D5
F68C
F916
FB1C
FDEF
FE4F
FA3E
FC76
0052
05C8
0772
0426
0679
031B
04DF
0862
0B67
0220
FF9D
FA28
F827
F625
F6BA
F8F3
FA90
F7D0
020F
0926
06C2
0819
0C38
02A7
022E
0244
FFDA
FDC6
FA65
F851
FE82
FC44
005D
046C
FCA3
F9CF
FD17
FDD7
FF39
050E
00B1
0086
FEC4
0518
0B3C
07E2
FEB3
FC11
F921
F552
FE85
022D
FEC8
FD87
FE3F
02DF
090B
0CDE
09CE
0189
014A
0104
FC72
FDAD
0046
FDC6
F84B
F51C
FA53
0208
FCAE
F77F
FE41
0007
FFF5
0A15
0572
FF8F
039F
FF6A
FF22
045D
FF2A
F9EC
FA59
F93D
0016
028F
0159
FF36
FDB5
FE63
FD79
05AF
0BF8
034D
0333
07F1
0385
0509
061F
FC32
F3D3
F337
EF52
F86C
FECE
FE2C
00D3
0305
03C8
07A1
071B
03B9
01A1
FFA1
FABF
FEDD
06C1
0412
FDB7
FEA7
FBEB
FA13
FCDE
FEE9
FB06
FE4F
FF3C
002F
08F3
09F4
0407
054F
FD6C
FC6F
FE2E
FC6E
F6A5
FBE4
FC58
FB63
0368
0702
0084
063D
00E0
04E5
0533
0758
01F1
0221
FECF
00B1
FDA9
FB81
F8F1
F86D
F97A
F94C
FE13
0371
014D
0191
06FC
04F2
0454
0B05
04C8
FDA9
001D
FCD4
F999
FF43
FE3D
F618
F9CF
FAE5
F93E
FFD1
063F
04CB
076D
0C81
0C28
099E
0CA0
03EF
FCE2
FD26
F2E4
F1F7
F77E
F39B
F2CD
FB23
FEE8
0199
0729
04D1
01EC
0841
04B9
0743
0AE3
0258
0050
FE89
FA8F
FACD
FAC8
F44F
F3BD
F6F6
FA6F
01B0
096F
0DE5
0C1D
0AA4
0ACF
0680
034D
FDD1
F85C
F2F1
F365
F7E2
FB38
00DF
FF11
FF75
03D5
FF0A
005F
0216
FD28
02BE
06C5
086D
0B97
087B
040F
FD49
F6BF
F757
F42F
EC51
F3C5
FA31
0142
0BAB
0E8A
10AF
0F11
0A86
077D
0305
FCF8
F7D8
F23B
F280
F58C
F7E8
FB7A
FE7D
01B9
01FD
FE9F
0501
0347
051B
06D3
07F4
0939
0916
090F
03D6
FEAD
FDEE
F6B9
F5A7
F6F5
F4C2
F719
FB62
0043
081A
084B
09E4
0C6D
08CA
04C4
0730
01FE
FC5B
F9CC
F7C0
F1B8
F7EF
F7C9
F661
FAE8
FFA3
040B
04E1
0B3F
0DAD
0783
0987
094E
FE62
0191
FEF3
F65D
F6DB
F692
F562
FAA0
FECB
FD42
0365
01A4
00FE
083B
09CE
082A
0842
0876
030B
FFB0
FEC7
F8DD
F5A4
F233
F0E8
EF2D
F56A
0066
00A1
0234
0957
095E
0AB4
0D6B
0BC2
04F4
FD7F
FBC8
FA12
F632
FAC1
F996
FA0E
FAFD
FCF9
0206
02FC
0715
04C4
035E
06DD
0C0A
0DEB
077D
00B7
FB98
F592
F534
F5AC
F114
F339
F397
F715
068F
0A64
098D
0DAA
0C4A
08F9
08A2
076F
021A
FD03
F784
F41A
FA1D
FA54
F989
F8A1
F54A
F8F3
030F
0756
04FD
08B8
0A00
0A18
0D7D
0F99
070A
FDE9
F9C3
F634
F316
F76B
F73C
F33B
F779
FD7B
0585
0A19
091A
0955
056F
02E0
0974
054A
FD63
FA87
F698
F892
FF52
00CB
FD41
FBC7
F76F
F973
0125
FFB6
FF95
0560
FF25
0767
0F99
0C93
07D5
04FD
F8B0
F4C0
F605
F686
F05C
F316
F789
FAA6
07CB
1160
0AB3
07B5
0948
063E
0459
00E0
FC08
F487
F378
F785
0098
0084
0087
FB5D
FA73
FBEE
0128
0295
0624
FF5F
0151
07E5
0C8F
0E67
0F14
FDF9
F573
F728
F6CB
F4E2
F644
F15D
F271
F969
0455
0CD1
0E3C
0C73
0520
04AC
0542
0652
029D
FC26
F836
F7A5
FECE
03EE
FF86
FE03
FA06
F7F2
0248
05D2
02EC
051D
01E7
FF81
0947
0AA2
0452
FD84
F5EB
F259
F838
FE3F
00BF
FD2D
F83B
FAAF
05E0
0A8B
0AD5
0804
0358
FB60
00CB
07DF
029B
FC08
F790
F629
F789
FD32
FF87
0024
FAE0
FA8A
018D
07CD
0AE7
0BC3
0529
FC6C
01C9
057E
0226
FE76
F763
F35F
F63E
FD5E
04C3
008E
FE06
FAC2
FD1E
0769
0D24
05ED
011C
FC11
FC91
FFD6
036D
0010
FA53
F341
F315
FDB7
0931
0485
0389
0105
FEE6
0890
0DC3
0658
0360
FBA5
F5FE
FA46
0004
FFC5
FA25
F847
FB53
FFB5
0504
08C0
03B4
009A
FF5C
0177
0778
0A04
0198
FC4F
F709
FA66
FF0E
0169
F9D7
F537
F675
FB68
0205
07D8
0855
0363
01DB
0434
0587
0802
03D0
FC05
F8A0
F5B7
F7BD
FF1D
016C
FFE2
FF43
01DC
0494
08C9
030A
FC91
FBE8
F7ED
FB8F
00D2
01BB
0312
FEE7
FD8C
0377
05A0
05D0
049F
0622
0228
041B
077B
0ACB
0791
0297
FBE3
F58B
F24C
F655
F149
EE9B
F3EC
F69A
FC73
0388
0853
083D
0905
0929
07AB
07A0
0544
0050
01FD
FBE1
FBCA
FF2B
FDB8
FD03
FC70
FC4E
FE54
02A1
06FC
0276
0163
04AE
00FD
FD81
04C6
FF73
FB92
FF97
FC6F
F857
FEB0
FE17
003D
01C8
FF8C
023E
0791
0443
FFED
009D
FE74
FBC7
FD17
FBB3
FC3D
FD56
FC5C
FC70
FD17
FEB3
F9AE
FE49
03D4
02FE
086F
0883
0121
05E7
03AA
0024
07B8
043B
FB6D
FDF7
FB11
FC0C
019F
FE31
FE40
0321
0342
006D
05FF
0695
FFDF
003C
FEB7
FB2F
FB03
FA3D
F82E
F8CD
F6B0
FBEE
FE87
FE2E
03C6
0373
03BC
0902
0908
05D6
FEA5
FCD8
000A
FE4E
01EE
04FF
023C
00E4
0100
FF05
05C4
0430
FD01
0141
00A6
FB27
00B4
0766
0020
02D3
0605
FBCB
FC0E
FD99
F869
F65F
F6DF
F93D
FBF6
FD97
0687
09E0
09E9
0BE8
095E
027C
FB38
F839
FB75
F8FF
F818
FDCD
FDAE
004C
011F
0309
03CB
03C5
02BE
01F7
FE5D
0341
063E
021B
0454
08BE
02A4
FF30
FCD4
F9C1
F4C9
F08F
F588
F897
FC21
FF5E
08CC
0767
0A42
0D35
08E2
00D8
FFED
FD70
F8EE
FAF1
FC15
FCA9
FFA1
F87E
FC59
0178
0029
019B
029D
FD19
FF7B
0290
0218
025D
0778
02D4
FFA5
FE75
0100
0192
025E
FCC7
FEE8
FDC3
00EA
01D1
0856
03AE
FE2F
FD0A
FE59
FDAE
0146
FD6B
FF1F
FF52
FAF7
F91D
00A1
FE4B
FC6B
FE98
FEE4
0395
08C1
0509
05FB
0563
FB80
FD22
02B1
FF0F
FDBD
FDE1
FB72
FDFC
FFC4
FF5A
FE0B
FC32
FD48
0177
039F
07D2
0B50
05B4
03AC
03DE
0432
049A
FEAC
FAAC
F6A9
EFD7
F62B
FED6
FA3F
FC99
011B
0086
04CF
0716
0739
045F
00EE
0219
010F
0248
0389
FD3F
FBA3
F99E
FCDA
012D
FD9B
FB5D
FE7C
FEA5
FEE5
060C
078C
FFBC
FE7A
0034
FFD5
0397
0247
FCB7
F6D4
F5FB
F8EE
01E8
02BE
0169
03E5
053A
02DF
04C6
0844
04C2
FD48
FDCA
0074
FDB8
00B1
FF20
F631
F6B9
FBEF
FC27
FD9E
041E
0279
013C
037E
07F3
08BC
052A
FF51
FE78
F9E3
F985
F898
F7E6
F591
F9C7
FE56
0449
0692
097A
0628
027B
064E
07EA
03F2
01C3
024B
FECB
FDAD
FF0E
005A
FB68
F687
FB18
FB53
FCD1
00DE
041E
FBEC
FF30
085B
06A7
06DA
0D33
03BF
FDC0
FE2C
FB87
F6CA
F225
EF66
F68B
F809
FEBF
061A
0936
083A
0995
09AB
0801
05F2
0136
FD47
FBCE
FC50
008E
FF4A
FAFE
FC47
F9AC
FA59
FC81
FFB2
FF41
FE9C
FDFD
01E4
0620
09F6
081D
0696
02D5
FE2E
FBC5
FA46
F7A2
F60B
F955
F833
FE1B
0971
067E
0394
0598
028C
039F
0399
00D7
FD7F
FA59
F96F
FEEB
FF8B
FCC8
FEFE
FF04
FDAC
01CB
08F1
07A4
05A0
0262
FCBC
FC3A
0314
07ED
01A8
FA7E
FCA6
FB5D
FA05
FDBB
FEDE
F867
F683
FD72
065C
0644
0885
0896
0145
0181
07AD
0693
0143
FB54
F755
F563
F6AE
FF90
018A
FAC2
FA83
02FA
00FD
EA20
FB6E
0E1B
FD76
FB5D
FEF3
EFD6
EE3E
037A
09C3
0749
1386
02A2
FA90
0077
F550
FD11
03B5
FC57
02C1
0261
F82D
00A4
0827
FEF3
01FE
067B
F466
F6B3
FE07
F929
01DB
081E
045E
FD55
FB99
02A9
0998
09F9
0A00
0717
F792
EF0F
FC92
FEB6
F80C
020A
0447
F781
F8B9
0630
05B5
022B
09F4
092F
FFE4
FBC4
FBB2
FB31
F8F4
020A
094A
FD54
03BF
04F1
F7BE
F509
038F
0299
FBCE
0540
0998
FCAF
0204
0DF5
086B
F7C1
FC0C
00F8
F717
F781
F858
F838
F96D
0074
09B5
09B8
0D08
08E0
FDAE
F9F2
FE02
0593
00DB
FDED
02BD
FE7B
FC72
FC02
0267
03A1
FB2E
FDC0
00E4
029E
FBE4
0081
07BE
067A
0799
0827
0029
00E2
F84D
ED68
EE4D
F9AB
FC58
F823
0B23
1043
02BD
0B62
0C4C
FC81
FC92
0017
FBB5
F820
FFC7
F924
FAA1
05B8
08A0
0113
09A0
05A1
F4BD
F457
F963
F932
053F
0858
0C35
0D8B
0489
FFA0
00C7
F839
FA0F
F574
EDB2
F140
F955
FCD2
08A9
13AC
150C
0BDC
07B5
03D5
FA1F
FAF9
FC8E
F64A
F3B2
F8FF
F63D
FA8A
0356
02E7
0500
04FE
023D
0187
F8CC
FCEA
0230
0354
07D6
0C69
0D3B
0850
03CD
0302
F524
EDC3
F0C0
F02A
F1A4
F8B2
060C
1118
0B4E
0D25
161D
0694
0104
00E4
EE6C
E777
F2ED
F362
F607
0C51
0F90
0645
06C7
0615
FF95
FB06
F840
FEFA
FD36
FE92
0B65
0E74
0B92
0A26
0644
FD90
ED6E
F3ED
EBB5
EBB5
0693
051C
073A
11EE
0F03
0801
0589
0976
0338
F655
EFA1
ED59
F161
F4A1
FDAF
0805
0A36
07A4
0A89
04A2
FD1E
FD06
FAF1
0117
0498
06FA
0D2B
0939
007F
017E
FEB0
F578
F537
F0AA
EDC8
F3C8
FB45
05F1
15CA
1179
0D62
0F18
FF61
F898
0218
FC0D
F720
FFB4
FAB5
EB37
F2B4
FF5C
FE90
0200
0861
099F
09FF
0743
07B6
0608
06F7
0220
FEDE
FAF4
F803
FCDC
F6FF
FA9B
FD82
FEF6
FA55
F737
FDBE
FFEE
F822
075D
10CE
0791
0D0C
0E9E
FAC6
F4E8
F64E
F4D4
F425
FCEE
FCEB
F8BF
FCEE
0186
0E6C
0CF5
0B90
0D20
03DA
F7E5
FDB8
0030
F83E
F5E6
F994
F9F4
FC37
FF18
07A2
076A
FE12
FCC1
FBEC
FB72
FB69
00DB
0B75
0BF4
073E
05C9
FB66
F63E
F2C6
F20D
F53A
F795
F83B
0116
04CE
03E1
158B
1E05
0DEC
0A9B
0BAC
F290
EBEE
F53F
F401
F8EA
06E9
07F6
05DC
045B
FDA5
F65C
F1A3
ED2B
F6FA
FF55
05D0
15E7
1C92
0D6B
0C1E
0E4E
030E
FA22
F6BD
E99D
E0DB
E591
EA02
F611
0A01
17B0
11D1
1C94
1AB2
081B
09F4
06A7
F1EB
EC0E
F589
F606
F877
0407
0776
0399
FE21
FB3E
F420
F35D
F953
0182
0B63
1143
1051
0CBE
0543
02F4
011E
FD44
F577
F004
F16C
EB55
F2F8
09E0
0FEA
0FC9
1938
06B9
EF1D
FFA1
01AB
F34D
FED4
0196
F0CE
F092
F8CA
F9BF
FFB3
119B
1087
0A75
1126
0584
FAE4
0116
F8CE
F985
FEB0
00A5
0A58
01C3
F424
FCCE
F953
E87A
EA98
FB6A
FAB5
080C
1C69
19F5
0C52
09DA
0B92
0246
F865
FD63
F81A
E55D
E2F5
F509
FC39
02EF
14F4
15D3
01AB
FE09
FEA4
F2D7
F289
0500
09A9
03A3
0568
0399
0316
094A
0833
0901
FB0D
EB9B
EEFD
EDC8
F32D
07E9
0E1D
0C6C
05DC
0823
FC42
06DB
10BA
FBB5
F644
F52F
E6A4
EF6C
0658
0FB2
0E0E
1297
0435
F23D
FAFD
020C
008C
0E76
053B
F753
F7A3
F0DA
FAAD
0607
02B7
0268
05F2
FAC9
F0E5
FDD2
03CF
0366
0EC2
0E88
0322
040C
0578
FAD2
FD92
015C
F690
EB30
EB1A
F194
FFCA
08F0
0D82
1320
082A
FFF2
0A0C
065F
0AE2
0A38
F972
EE6E
F2F1
FAD0
FE7E
FE5E
0B86
0184
F6E9
F6BD
FBCE
FBC0
0123
06DA
0AB4
04F7
FFE7
016A
0640
0368
0139
FEE7
FAFD
F87D
F124
F185
FE9C
06E3
0431
07BE
0CE9
0D2B
07DD
06B9
073C
FF03
EF50
E98B
EDCE
F375
FB3A
08D5
103A
0653
044B
0715
02F9
0049
007A
F87D
F778
F965
005A
05E6
0774
0550
061F
021D
F4C2
F4E2
F995
F195
F4B3
0617
07D2
04AF
0EB5
0EDF
09C3
08DF
0811
00AA
F2C0
EC42
ED2E
F12E
F9ED
02B7
0C59
0B89
0D11
0BBC
0598
02EB
0341
F8A0
F2BB
F832
FC27
FA4F
020B
05AB
0D66
087E
00FB
0431
F83F
ED64
F38C
F88F
FB86
0551
1068
11DB
10D8
1433
04C4
FD51
F73F
F0B1
EF2F
EDF3
F4FC
FD25
00CA
09F8
11BD
0CA5
081C
0918
0255
F735
F919
F777
F3B8
F7F2
FE45
01BE
03FA
0397
0393
0477
0059
FD02
FDE6
FFD8
FFB4
00DD
046F
062D
0366
05B1
0310
FC1C
FDE2
F9BC
EE87
F242
F442
F700
02FF
0C08
10F8
14C5
0F7B
08F8
02FC
FAAF
F966
F5D4
F1D5
FABE
FF55
F884
FD89
01C0
FE3F
0153
0783
FFB2
FD04
FFF5
FAFE
FBA2
0C10
0CB0
0641
117F
0B22
F74E
F9CA
F887
E997
F10C
FB05
F990
FF9B
01BE
04CA
0ABA
0A25
0DB8
0D5A
0371
FBD6
FE94
F894
F339
FEE1
FB38
F485
F8C7
FD33
004F
0350
0763
FFD1
0657
0C33
08F4
0DC2
0914
FFC1
FB2B
F437
F8AE
FC34
FC68
F648
F5A6
F91F
F228
F916
0FBA
09BC
1010
1C73
10D8
0418
0272
F9AF
ED80
F5A6
F7B4
F351
F7CE
FC28
FDCD
FF21
026E
073F
0707
FE80
FE87
05E2
03C5
04BD
0F33
031C
FC71
0359
003A
FC8F
023C
FFB1
F14E
F1A3
FB23
0142
0497
0A34
0A6E
0ABA
0816
FFA2
0259
FCC2
F3B9
F6A4
F63F
EE63
F345
F9F1
FBE9
0675
0FD6
0E5B
0E34
066C
FCE8
FBD2
FE8C
0273
07EC
015B
FB16
0071
FCF1
FC73
FFC0
FCA3
F5C2
EEB2
F169
FAF2
04A0
07F2
10A7
1A94
0CDC
0388
0729
F93D
EEC0
F425
F8A2
F22D
F7F9
00A1
FBA1
03E0
0BF1
0B3E
0697
FBE8
F84C
F9E6
F365
FB5B
08F8
0566
FEF5
FED1
FF35
FCE2
03F9
0C8E
02C2
F796
FB2B
FC65
F462
025D
103F
11AA
0FE4
0C48
0620
F282
F01F
F6AE
EC7F
ECD6
FBF0
FC37
FDAC
1240
1CC8
0E0A
12BB
122D
F3BB
EAF3
F214
EE52
F140
F9B0
F9F2
FF9D
0BDB
11BF
1794
13C3
0211
F458
EC2A
EE71
F732
0394
0FCB
10E5
0DF6
0BE9
082F
03B9
FE8F
EE92
E345
E61E
E6C4
EDE1
0553
1302
19F7
2190
1B3E
0813
FDBB
F3C9
E0E3
E955
FE7F
FABA
000C
113E
05D3
0928
153A
0F1D
020F
F5BB
E50A
EACB
F6E2
FB65
0F79
1B66
0956
062F
0088
EFBE
F8E7
065D
EEA9
F46A
FFBE
F0CA
FAD2
0B56
0C6E
1645
1654
0F5B
07FA
F147
E16C
EC8F
F943
F168
061A
105B
FB3C
FFE4
1010
091F
08CC
0B07
F982
EA28
F611
F59E
F95E
1763
0DBD
0495
0360
F38F
F558
F32F
F415
03E1
FB16
F8E4
07D7
055B
057F
1186
0EDF
01CA
F917
F52B
ED2E
F275
0468
0E65
0916
0568
04E0
FA16
F9A6
01F4
083F
0216
F925
FD38
F883
F9B6
03D9
0A6D
FFE2
FA9F
F8F4
F3B8
F8F0
0615
0B34
0AA2
0278
FF67
F983
F8AB
06DA
095A
092E
015A
F997
F764
F6AE
FEA8
0398
0461
0112
F845
F3D9
FE49
03BD
0910
12C1
0DCA
FF48
FB09
F46A
F863
02CC
03F8
05C9
0443
FA0C
F5FA
FD37
03F9
03FC
07FE
0498
FC3D
FBC3
FD90
0673
0C7E
0466
0078
FDDF
F49E
F162
FA3E
0246
02DB
0696
FF06
FA35
03DE
0056
0153
0C14
0B1F
03C0
FD96
F61E
F565
FBDF
FF73
004A
02A6
F87C
F419
0182
0938
0A47
0DD2
0463
F9BA
FD22
0082
FD4B
0407
086A
014D
F2E4
F316
FC7D
F918
F0CA
054A
0B64
FBFC
035F
14BB
06F1
003D
0EEB
0700
F44C
F9D9
F50A
EA21
F801
0329
FEE9
051E
0AE0
058F
FA65
FDF8
0668
FE62
F8A4
FD02
00EF
FB8F
03F5
0D26
06F0
0015
02AA
FA58
F5E6
FD9A
00F8
F9D3
FC7C
0306
FF57
05B1
0E78
0F88
0D8C
FDA7
F882
F6EE
E892
EDD5
FB7B
FAAA
FC10
0809
049A
03E5
0D3B
0E40
055D
068C
05AD
FC58
F55D
FDD5
FC40
F85E
FAE1
04CB
0137
FDC7
06A1
0531
F86C
FD10
FDB4
F3E8
F87A
05BF
062C
0BB1
115B
0BC4
0415
FFE5
F91C
F0C8
F515
FBBC
FB43
FC50
07AC
09EF
04DE
0BC0
1332
03E9
FAED
F97B
EE9A
EAFE
F3BF
FD5E
05C6
05ED
05BC
07D6
FDCF
031A
0742
FDB3
F7A9
0106
FFCA
FBDD
0A1F
102C
06DA
05BB
FD3E
F7F4
F277
EFA9
FEA8
03C7
FDA2
04BE
08B5
050A
0A19
0DB8
0964
05AF
FCCC
F0F9
EA60
F438
FA55
FBEF
01C6
0482
F7F8
F274
FBE0
0253
0072
0BFE
099F
FCA1
0444
095C
06A4
0EDE
0E16
06D7
F7BD
F2FB
EEA6
EB73
F6FE
FBBC
0258
036F
035B
0790
0D88
0B77
0B35
0AA8
0084
F592
F648
F680
F17E
011C
0248
FE5C
00B8
F98E
008D
06C8
037E
0534
FDD5
FA9D
FA72
018B
09A6
05AF
0D00
0470
FAAB
F570
F10E
F41B
F9A1
036E
FEC9
FE76
0733
0703
0BC6
13C5
11E0
0696
FDD8
F473
E8BD
F1E2
FA1B
F880
FE07
FE6F
FA24
025D
0BFB
10FE
0DAE
0927
FB65
F51E
F505
0007
0474
FED5
07BD
0613
F3E8
F79E
03CE
01AA
F096
F7E2
FBEF
F6F0
0270
1443
103A
12AA
11FE
04D6
F515
E7AE
EC08
F52E
F4D4
0144
04A6
FC21
FECE
1466
1748
0D90
1236
075A
E93E
E58E
F4FA
FC42
FE35
0CA7
05CF
F518
FB2E
00FE
F9AC
F4D1
0092
FD64
F46E
06AD
159C
0B25
0C99
1E81
1365
FBC0
0170
F9E7
DFE8
DFF1
E82D
EEDF
F70F
095C
0C34
FE9F
029A
173D
13B1
0F92
135F
048B
EC51
EB70
F9D9
FA70
FC1C
0EE9
0980
FE02
FB06
011C
F945
F6B0
FC41
0118
F237
F871
0D82
0DCD
02F7
1A1A
152C
F251
F0D6
F6EC
E355
ED3F
0B36
07BE
0076
17F7
108C
014C
13EF
1222
F238
E458
E7A5
E815
E912
FD89
14B0
0FF3
0421
0B9B
0A39
FBC3
06F5
08FF
FD68
FF50
FF24
FEB8
07EE
0B2C
09D4
FDEF
F81F
00B4
ECA5
E692
FEA0
F732
EDE2
FB54
0BAB
0C3C
100E
2446
1DEB
029F
F802
F746
E67D
E128
01FE
FBCB
EC3A
04AA
0863
FB87
0E7A
1D4F
0E89
F63A
F224
EE15
EE7F
06D1
1685
1623
0B1E
0103
FD0D
F5B7
F954
02CC
F6E5
EDCE
F310
F5E7
F4C4
0B37
20D1
129C
0C2B
0CC5
EE20
E17B
FA92
FD21
F9E2
013E
039F
F520
F606
086C
1099
151F
100B
FB12
EDEF
EB48
F983
0A4B
0D2B
068F
FDDD
F0CC
EEE1
FAB6
0D32
04FD
0274
06BC
F2F0
F909
0ED2
0FF6
0F2A
0FEE
FFF2
EB2C
ED53
F98E
F375
FA34
04F8
F83E
EF0C
F47C
FFFD
07A6
12D7
1D99
115A
02EB
FDE4
F7D6
FDF5
0364
037B
0108
F903
F31C
F5A1
F8A0
004A
0EB7
0CAB
FA2F
F581
FB43
FA5E
01B2
1511
130D
08CA
0016
FB72
F725
FCC8
FFB8
F57C
F521
F031
E5AB
F388
0A8C
1834
1659
135B
0DCD
0138
FD0F
001F
FDC3
FE66
FAE5
F171
EE6E
FC87
07F6
0785
0D3F
0BCC
FDE0
F2E2
F286
F8B7
0137
0D19
0FB1
10AD
06B7
F5D2
F689
FAC9
F473
F516
F908
F45E
F29E
0128
0BE1
1607
1BB7
12E9
0BA2
00E0
F952
F5C1
EDEA
F18E
F50C
F02D
F349
0147
08FA
0669
0A5E
0BB5
017E
FC82
FD8B
00AA
0391
0609
0B6D
039D
0009
FF1A
FCFE
F94B
FA59
F4A1
F087
EF63
F3DB
0309
0B3B
10EA
192D
1811
0BCF
064C
FCCF
F13E
F397
F04D
EE0C
F7F3
FCEE
0072
05F2
073B
0939
0A1D
06DF
03D5
000A
FB26
FCCB
FD8D
FD10
FD2A
00A1
0368
FD2C
FBA4
0448
FE25
F55C
FDAB
FB06
F9E3
0678
126F
0EB6
12F4
0D28
FFFF
F654
F106
EF94
EBFC
ED96
F21C
FA89
FC80
0CD1
149E
132C
1488
1210
FD47
F8B4
F850
F6AC
F9B9
00C2
0010
FF77
FE29
FDDC
FFF0
0040
FE7D
FF48
F784
F391
F4EF
02D4
1163
15C9
20AC
10F5
FBAA
FB3A
EE8D
EBC3
F73E
F574
F8BC
FA33
FDC4
016D
0D13
1919
1158
0FFA
06C1
F514
EC2C
EF74
F5A5
F6EB
0643
044E
FD3C
FF91
FDB6
0823
0AA4
0732
05B0
F772
F1C2
FE36
081C
11C9
1327
039A
F2B0
E823
E998
F388
007D
0E04
0323
FC3C
F5B5
FC5D
0764
05F6
1813
1D54
097A
0795
FD56
F21F
F2DC
FC44
F590
ECE8
F556
EFCD
F3BA
0A5E
15CE
18BC
04A7
FB84
FADF
F3A5
FEB1
14AF
12C1
066B
FB85
F739
EC5F
EF68
03DF
0134
F911
0394
FD8F
FA03
037C
13BA
1175
0821
0DFF
FD91
E460
EE97
FA90
F778
FF1B
0C03
030C
F9E7
FFF8
06E5
0364
FF96
08E5
FE9A
F3B2
FD3D
0826
06BD
033B
08F4
FD54
E894
F2AC
FDE7
F665
FBFA
0B40
FCAC
FBC0
0B37
0AE1
0FFD
14D5
12D0
0547
EE77
EBA9
EF27
EE70
F92D
0A41
0388
F7A4
0316
0079
FBC5
09DB
09CF
FA78
FDB4
FE7E
F861
0210
1120
0102
FF0A
057B
F84A
FCAB
0517
FDE9
FA6B
F40F
F6AC
FA01
FA7C
08AE
1762
15EC
0B9A
0776
F669
E635
F163
FB8D
FB87
0A38
0FB5
FDEB
F89A
07D2
09F6
0D48
119D
064E
F33D
DFC4
EA3D
FCBA
FC4D
0828
15F0
01AA
F0E6
FF13
02BE
F7F0
F741
FFBD
FAEC
F9F9
0AEC
180D
1537
13DD
1617
07F5
FC69
014B
F7F3
E61E
E781
F0D9
E617
EDBB
09E4
0C6D
1048
1A6A
1739
076B
F740
F013
EC04
EF33
0235
07B2
0452
03DF
0835
0504
03B0
0ADA
000B
E238
ED99
F4BF
EB40
0760
1FEA
0DCE
0ECD
11CE
F9FC
F72B
09C2
F850
F013
FE71
F4D4
F5BA
04AD
02A6
0F22
1BC9
0BDA
0847
0547
E5F0
DCEA
F464
F40A
EE9A
0E80
06D6
FDBB
0CAA
0EE6
0C2C
08E7
027B
F455
EB84
F560
F953
02E0
1307
0C29
0597
039E
FF7B
F5E4
F181
F4A4
F48F
F679
02C3
07FF
0D7C
0C0B
11A7
10FD
04A4
0068
F426
EE6D
F797
FAEE
0100
040D
0274
FF12
F88B
FDD1
06A1
0433
FD17
F755
FA7F
FADB
FF64
0B14
0428
044D
0586
FF1D
FB6C
008A
0314
F9B4
F951
0348
0190
008B
0993
068B
0078
03D9
02DC
FD3D
F926
F7AF
F638
FA86
FA93
0622
07D5
02BB
0725
0329
FEE9
04D8
04A6
0497
FE0A
FC59
FE6F
F9A3
F862
FBE9
01A0
0257
FE91
0673
FCF2
F8D5
0066
FDC7
04DC
0C94
03FA
021E
0A6C
02AA
FD16
0686
FF3A
F0A6
F4D9
F2AE
F358
FB8C
0080
062D
092F
0992
08D5
079E
0390
0186
0140
FBFF
FBA2
FA33
F3A4
F5C8
FDDB
031E
086E
0E95
0C34
FDA3
FC76
FA7D
FD5E
0136
05B5
0302
FBCF
FA9C
F6B6
FBD8
0ADA
011C
F840
FDFA
FAA3
F6BA
FF5B
09E8
0B90
0C6B
09C7
020A
FDAA
F8C1
F42E
F8A9
FD4F
FC97
FC44
FA53
FC45
0803
0589
062B
1386
0932
FB51
F6D0
FC14
FDAB
05C1
0CEA
0955
FF2E
F942
F2E0
F673
FB38
FDDC
FC45
F9C5
F9E6
014A
0334
07F4
1325
0D92
010A
0006
FC7B
F013
F147
FA42
F8F4
F8A7
017D
0881
03DE
0E10
10E6
0AE2
0180
FBBF
FFB7
F7B7
FB8C
0B0B
0500
FC17
0044
00F7
F26F
F865
0009
F5FC
FAE3
0052
FC1A
02FF
05CA
0267
09DA
0E6E
0A27
07BA
FF96
F3F5
EF06
ED6D
F021
F883
FF0A
06D3
06F2
05A5
07DE
0BD9
075E
085F
05C9
0506
FF25
F722
F78E
FE9E
FD58
0360
089D
03D8
F96E
F5C6
F5AA
F676
FCEC
08AB
06D5
06CB
0C07
059C
FFE2
FED5
01A5
F8A7
EC79
F01B
F55B
F9E3
0987
0EBC
10D5
0E2D
082D
02F3
071A
0414
FE21
FF8E
F5C4
E9E0
F776
F69B
002F
092D
FCB0
F9EF
F9BE
EC4F
FA43
070C
0CED
0FFB
17CF
086A
0662
0B97
054E
0399
0388
F101
E74B
E55E
E241
F7BC
07EC
09C7
15CE
0FCC
FF18
0150
0910
0105
FE27
0671
F659
F490
FB06
F823
0391
0734
04ED
0001
F787
F313
F359
04E1
0DB3
0B2D
12E9
03A7
F86C
0195
FF13
06B2
0EC5
015A
F282
EF41
E99F
EE53
028C
0BEF
1026
12E2
033A
FFBD
06BC
041B
041C
0654
F551
E9DF
F13E
F0FF
F6B4
0701
0B6E
072E
0906
03A8
019F
045C
0270
0170
032C
FB23
F8A5
020F
02D0
01B1
0000
FAC2
F466
F2A3
F192
F852
08D7
0B91
08E5
0FE8
0CC0
0017
0870
0FAA
01A8
F4C3
F019
EB84
E8CE
EFB8
FEC0
0BDB
0BA2
06BF
065D
0575
0062
020A
0803
0088
FFC8
03D6
FD35
FFA3
0687
00C3
FC18
F600
EF8F
F163
F547
F68E
00D6
0B4F
057C
0238
0A54
14A4
1637
1380
083D
F590
ED61
E3BF
EA44
FCA0
0297
05A7
00F3
FA88
FF50
0709
0919
0EA9
12F2
FFFA
F5B9
FAD9
F4E4
F8AE
0959
0B06
0118
FF11
F9B4
F207
F30A
F4A1
FD96
0945
065A
0E7B
10A2
0AF6
07F5
087D
FE47
EE15
E9AF
EA20
E9B7
0016
12B0
0F4D
0E99
11EA
FF34
FB2C
0A23
0838
FE60
FBA1
F682
F4BC
F98E
050B
0B14
059C
FD97
F919
EE5B
E369
F870
0DB1
0A8E
0F20
1998
0AF3
03DB
0600
FC7C
01DE
074D
F5D8
F354
F140
E023
EA5B
FFAA
08AC
1264
1AAE
0C5D
0659
03BB
FFC9
01FF
FF3B
FA80
F65B
F129
F3E3
FC95
0898
0BFC
FFC0
0190
0499
F0C4
F547
FF13
007A
0740
0DC3
1160
FFF2
03A8
087E
FE72
FCFB
FAAC
EF4F
E824
E9EF
FAE9
03BA
12CC
1D08
0E2F
01E2
FC60
FC08
00FB
FA5F
05E9
F3E5
EC08
F670
F518
00FD
0E6C
0B33
0E08
0589
F54D
EFA2
FF33
0583
07BE
186D
067C
F306
FE61
F2E5
F632
0AB3
01EC
EEE3
F50E
F239
EF46
0FB8
1A33
0E77
1295
002E
F251
FE06
029D
FDD0
FEF6
FB05
EB4F
F1AB
FAB6
FF67
116A
0D48
03D9
067D
F91C
F345
04D4
09E9
095F
0D18
052F
F477
F34B
F633
FA49
08B4
0523
FC77
F79C
F1CE
FB1B
0D6E
16FC
0E15
0D35
0D69
F501
F8ED
058B
0226
F8A3
EF92
EE74
EA85
F0FB
06E6
12B4
0FD2
0E81
0B85
FA36
FB8E
081D
FFB7
FF65
04BC
FBC0
F6B0
F908
04CD
0768
050E
00EF
FD8F
F373
EDA1
F52A
04DC
063C
1223
1399
06E3
02F6
00D9
FAC6
FD57
FA67
F17D
F017
F2D0
F306
002E
0D0C
1326
1B89
1114
044D
0565
FE31
EF70
F11D
F47F
ECA5
F291
0156
0093
0383
10F1
06C5
FFCA
0534
FFA3
FC18
FD0D
0191
022F
03F8
077B
02B0
01DD
02B7
F8EB
FFCC
F7F9
EFC7
F19D
F819
FA64
0617
121D
125B
1058
0B2D
0299
0200
F9A8
F3E8
F699
F727
F511
F6DD
FB62
FDE8
01A4
04E9
087E
0714
04B2
FD6E
FC2F
F845
FD8E
074E
0985
08D7
0705
FFB5
F894
F8B4
F55C
F60E
FBD3
FB26
01EA
083A
0815
0ADC
0DAA
06F8
03A1
0092
F874
F7E1
F93E
F647
F96F
FA86
FD6F
05FF
0965
081F
1064
0CAA
FE87
F762
F33C
F33A
FBD0
0401
066E
0D15
06F8
FE66
FC03
FC02
F58D
FA24
FB24
F5C6
0188
0240
0025
17C6
17EC
1003
0E55
0581
F466
EC69
EE35
EDD3
EFDB
FA81
FFF7
055D
0664
0CEB
1206
0CA8
0098
FC17
F8A0
F2A9
FE2A
0433
FF34
0532
FF5A
FBE1
00D0
027F
00B7
FF25
F9A0
F282
F6C7
FDE8
0717
1348
0F02
0D67
06F2
FD9D
F982
F12E
EF24
F0A7
EE24
F970
00EB
094F
0D0E
0AB4
0B5B
059A
FE8D
FD69
FFC1
0736
0776
07D3
FC42
F67A
F842
F74A
F614
0151
05C7
FFAF
F8A5
FCBC
F8BA
F993
04C9
1154
0F9E
0973
0CDB
FBB1
EFB7
F77E
F17D
F457
FA9B
FC98
FF82
FEC2
0367
0CD5
0DC7
0AAF
1315
0E97
FB9A
F244
F392
EC27
EF6C
FC17
025C
09AA
09EA
0A06
029C
FE69
02C8
FF7A
FB0C
FFCE
04E3
FDF9
FAE8
054E
0838
0152
0469
03F3
F22A
E8D0
EF72
F54A
F9F4
0338
0B83
0B6B
0C54
1085
175C
1246
07C8
000D
EF3B
E42E
EB02
EF9B
F9D5
FDB0
00EA
0896
031C
00A3
06A7
08A7
0513
0857
09D0
FB39
F70A
FB85
045B
0DEA
0D1F
066F
FC5D
E9C1
E46A
F2BA
0024
052B
0E25
0B8A
F764
FB7A
0651
0724
050D
05AD
FA84
EEE3
F37E
FF6A
07BA
0CCD
1128
0D8B
0210
FC40
F90F
F642
F845
FF01
FCF2
F31D
F3B4
FA3B
0097
0879
1286
1340
039D
F1D3
F176
F737
0130
0C47
105E
0724
05E4
005E
FFEE
0065
FD8E
F56D
F41D
EC80
EFAF
F813
0070
0B6C
1397
0D60
0755
0322
0138
0003
0177
0058
0313
FF6A
FA76
F6CF
F8FD
FD64
FFA7
FD89
01C0
FB5D
F374
F5E1
FAB9
FF93
0818
0DDB
0A06
1250
0F81
061C
0B05
05B2
F7C9
F41D
EB3A
EBB5
FD41
084D
0D6E
178C
0948
F277
F6C2
F9CD
EC8F
FA30
05F5
FAEE
F9F5
029A
0564
0C20
12EA
0E4C
FC9F
F299
F0D9
F1A9
FC60
0D9B
0D00
0F58
0BB4
FA83
F610
FD12
F775
F89B
0145
F538
EF5E
0267
028E
0BBF
1CF6
0DF2
0005
FEB8
F42C
F3A3
00E2
062B
0145
FDB3
FA19
F10D
FEC7
0921
01F3
07F4
03AF
F62C
F179
F8A2
037C
0A50
0E18
0D73
FBC0
F4D7
F68B
F802
06C8
039F
FF8C
FA36
E9BC
F447
0512
06B3
0E37
0EC6
0163
FC1E
0511
020C
077A
0B34
F96C
F413
FAE0
F279
F876
0A79
0C53
FF92
023C
0348
F67E
F9AA
FD65
FA79
049F
03A6
F9C7
0215
02A2
FE21
0674
0D23
FB9C
F822
FA7A
F081
F611
03F0
0837
0763
0A14
0BDC
044F
FD78
04B2
0831
FADC
F897
02A6
F496
F5CB
0536
FF0A
F85C
0852
0A90
059A
0591
041D
FA66
FDC2
FAA9
FC39
0199
00C0
FF12
FBBB
F877
FF4E
04E6
05FD
0120
FB82
FBE1
FF23
0433
09B1
0E9D
08D3
FF83
FF83
FCC9
F1A3
F051
0286
F995
F872
0292
0524
07B2
06E5
0872
0977
00C7
F9AC
FB49
F593
F796
FFAE
0B46
081D
0694
0421
FCFA
F98D
00DB
FC91
F63F
F652
FE43
F9BF
0295
0EC3
1291
0AF7
05DD
FE4F
F8E9
F564
F976
F4A0
F560
F9A8
F8B6
0084
0CBB
1114
0FC9
0856
0211
FA69
F048
F32E
FB87
0049
FC7D
0402
0AEE
023F
03D8
077D
020D
FE69
F93F
F22F
F485
FB25
031B
0649
09FF
09A2
09FE
016B
FDB9
05B2
F751
EEBD
F7FA
F55F
F390
06EF
1543
0DF0
0B56
0F05
FFA1
F29C
F29D
F127
EECA
F39C
0099
051A
046B
0A5A
0CAA
0987
05AB
007C
F515
F3FC
F993
FF38
02AA
0DE9
0DB2
09E2
0794
081C
F9DD
F88E
F511
F2AC
EFE8
FD85
FEF7
02D7
10ED
1114
0608
0108
0434
F592
F0DF
FCAF
F69B
F933
01A0
FFB6
066D
0C98
0884
093F
0256
F228
F650
F8C6
FC13
05D4
07FA
08C3
0604
0494
FB7A
FCEB
027E
FBC9
F87A
F843
F610
FEF7
0300
037A
0FB5
117E
04BD
0861
0236
F444
FBCD
FAD9
F2AB
F9B1
FFCE
F874
025A
0933
033A
09C9
0E15
03B4
01B0
FCFF
F27E
F59A
F3DD
F44F
0503
068B
043C
09AA
0066
F5CD
01A0
FDFF
F42C
0224
0523
0616
0E58
0C23
0389
FE3F
FAA6
F520
F4C1
FDCF
FD56
F8D2
FC1D
FCE6
FF48
094C
0B9C
08E0
0BB7
0281
0023
FA51
F4FE
FA1E
F81E
F6BC
FF69
FE0F
F976
FFFB
0377
006C
0967
0B38
025C
FA96
F948
F761
FD8C
03DB
0BED
0BC7
05E9
0374
02FB
F0F1
F208
FBDE
F762
F662
022C
0714
08DF
0C26
12BC
0B01
F7EF
F7F8
F24B
E5AE
F24E
0695
FE11
0373
10BD
0C06
FFF9
0736
0B92
FC1B
F9C1
FCE9
F770
F8DA
FF97
08C3
07D3
FE6B
00F7
FFC8
F37A
F73D
FEC4
F852
F661
0CF0
0CDE
0127
0D36
1793
0BEE
06EE
09BB
F291
DF8C
E3D3
EC4D
F50C
FB68
0A68
0D03
02ED
0C0D
1580
0F2C
0F5B
0797
F740
EC38
F9EE
036E
0329
0B46
0974
FAA8
F23C
F876
EC70
EC80
F9A6
FCE6
FDE3
042B
0C5F
1311
1448
1998
1632
FE06
ED08
EC38
E827
E6DA
FA51
023E
0371
0608
0E39
1131
13D5
10E2
0555
EF9A
EA9E
F091
F9C2
FF28
0D97
0B60
FD27
FEC8
0497
FD58
FC62
F91C
EA6C
EAF9
FC6A
0367
0B82
205E
1A97
0629
FA06
F707
F7F7
EF6B
F220
FBDB
F3A2
ED3F
F890
0636
12D0
22AB
295B
1DB0
0543
ECC4
E173
E9B3
EEDF
FFC4
0BC0
F818
FCE3
F7EB
F466
12F7
171F
0986
FA06
E5F0
E41A
F629
115E
1E43
26FF
1568
FDE3
F1C2
EB99
EE4A
F21E
F171
F563
EE05
F1B6
0346
17D5
2637
207A
1ACD
07D5
E758
E84D
EB76
EDE9
05D0
1336
FF95
F843
FE39
F708
0324
122A
0DE3
FD9E
ECBF
E7C8
F5FC
059C
1AE2
1EB8
0DC5
F8CB
F348
F0FB
F130
FD76
00E4
F5C0
F305
F9A8
020C
0B5D
1461
1AE3
0F8F
0655
FF38
F67B
F11F
F6FC
FE46
F85F
F045
EF4D
F2DC
FA7E
0E05
1D3F
1760
0D64
0119
F1D6
F585
07FB
0D67
04E8
038D
F0B8
E71D
F858
01A9
08F9
07CE
FBC6
F8B5
F140
F1A6
0130
1174
13B6
12F1
10EB
003F
FA43
FED2
F56B
F548
FA80
F475
EE6F
F1EB
FE2D
00F6
089B
16A3
0EA6
068F
0569
02DD
FEDD
FF0D
FF4F
F8E9
F7AE
F889
F70C
FC11
0647
0783
FCB9
F3C9
FBC1
0423
01AB
0A2C
1968
153E
04AD
041F
01D7
F590
F04A
F0A5
EF1B
EBEF
F326
FC9E
FF37
1106
1703
0E4A
0A60
0BBC
FF4F
F525
FCA2
006D
F556
FDD2
02D3
FB57
FE0F
FFD4
FD33
FA31
F948
FA4D
FCAA
0226
057C
131B
1220
0B93
11D3
0450
F308
F90C
F3D6
E943
EBD1
F668
F65D
FFA7
1282
1491
1060
0DB4
0A3F
0495
FD51
0109
F996
EF53
F084
F418
F675
FFF3
0C99
08CC
FEEA
030B
FC22
F95A
0245
06D0
06A7
08EE
06AE
033D
FF6D
FEF3
0080
FE8A
F3FF
F300
F6FA
F166
F3FB
0248
0B96
0BD1
0F7E
125B
0ABA
0A65
035C
F577
F29D
EB7B
ED44
F338
FD80
03F3
08B7
0C27
0A5B
0429
0168
FA21
FB7A
F996
FF31
074C
0BB5
070F
06BD
0408
FC2E
FD51
FE77
F46E
EF72
EDF9
F3F8
F6EA
0E8F
217F
1575
1534
1107
F863
F6EB
F741
F27A
EFBF
F633
F1C5
EDA1
FB43
0662
1374
1225
1429
104F
FBAC
F682
FE40
FCB0
0413
0704
01C9
F62C
F8BB
F74D
FB8E
FBCC
FFAD
FDA9
F253
F949
0A8B
0C60
10B7
16AC
0E21
FE33
FC9C
0039
F714
F85F
F997
EB92
E51B
F08B
FE98
0982
0D4D
1657
0B1E
0222
FD26
FDE6
FF41
0204
06F3
0368
FEF3
014C
F701
FAB1
FDD0
F98D
F6EB
FD76
02BF
02D1
0909
0D48
0407
FF48
007B
005B
03C9
062A
0A7D
FC05
E728
EE9E
F05B
F00A
FE5B
10BB
089F
08E4
0D31
05C0
0517
113C
0A93
FFEB
F87E
F3B5
F002
EBC2
FC2B
077F
F99D
05BF
0EE0
02E6
FD6A
01AB
01CB
F3E8
F872
07BC
06FC
0886
0E92
0B25
F95F
EFCD
F7FE
F2C8
EB53
FCC6
058C
FA6C
001B
0F2A
092B
0391
1382
12E8
F987
F49F
EE0D
E776
F2E8
FDCD
06E6
0FB9
0BC9
03D1
00AE
FCEE
FF1E
03FC
044A
09F6
0851
009D
FB56
0122
FAF9
F548
FC0E
F419
EC8C
FD4E
FCCD
FCC9
0CB0
1481
0364
0782
0C6F
04A9
003A
036A
FDF3
F39C
EE1E
F7BC
FB56
FBF9
0547
0BD3
FE74
FDCB
0897
FD61
F72B
0876
FF58
F372
01D0
0946
042C
084F
1217
0D90
FFD9
FE96
FBCD
EDAB
EBA7
F97C
FE00
F683
FD87
0E37
0A83
0AC6
1779
0E79
F4AC
E9D1
EAEF
E8A5
F264
04EB
0966
0A70
0F3A
0DFD
08A7
0B96
0BE2
FAD5
F1FA
F11D
EA10
F237
0785
0C01
0B95
0E74
0644
FA2A
F4D4
ECAA
F2BF
FE6A
03CD
0AF6
1454
0416
03C9
11A8
021F
F9C6
0A3C
01EA
ED38
F7F1
FC35
E91F
F93C
08AE
FFCF
01F4
0FB0
078E
FE9C
034E
01A8
F949
FF86
0527
FBA4
F7C5
FB08
FA70
03D1
01F2
02F5
FEBB
FC10
FAEE
FAE0
F8F2
0153
0B2F
0FE6
0CC9
081A
0174
0198
FD6A
F9C2
F937
F85C
F24B
FF7C
04AF
005A
0A30
0E15
024B
FD8A
FC03
EDCC
F198
01E6
0082
02D2
076F
FF46
FB5A
FFEF
0905
06DA
018E
FFF4
F838
EFD8
FAAB
055B
0A56
0A74
0288
F8CF
F715
FCE2
F9CB
FCB1
FE34
F8FD
FE37
032F
04C8
0BA0
0AA9
0ACE
FF42
FD1E
0271
FE12
FE15
0797
03ED
FBEF
F8CE
F7CD
F181
F9BA
0215
04A4
08CC
03F1
F722
FC3B
03C4
0761
066E
0621
0470
FE6B
F72D
FA43
00AC
FBD7
F5FA
FA37
FFED
02D8
0379
0597
0A7D
0602
0201
06F8
013E
FDC0
0298
FA19
F5F9
FDE8
FE28
FACB
04A7
0ECB
0A3D
064E
0B63
FF95
F19E
F368
F833
F983
0143
03C9
023C
FDB4
FBE5
FD9A
00CA
0229
01D1
00C6
F697
F228
FD5D
044D
07A4
18D1
1424
0192
0423
01E5
ED4A
F25A
FBCC
F589
F647
01E2
0584
06CC
0A4C
11E2
07A7
0101
FE38
F7F1
F0F8
F760
FA09
FE22
00FF
0968
0A31
0193
02EF
0789
FC49
F461
F3AE
F75C
F337
FE67
11B4
1284
0D03
0CB5
059B
F6EA
F3A2
F4AF
F1C0
F6BD
FE2A
FCB7
0719
0E55
0FE8
0B31
0630
FE8F
F6D5
F678
F08D
F3B7
FD05
FC2B
028D
0BC2
0D2F
0D0C
0819
0757
FD37
F348
EF26
F520
FB5D
FD85
05A9
0CE5
078C
056A
04D3
FC53
F374
F7D1
F3D9
F04D
FC25
02D6
0B29
135C
0E4E
0EE7
096D
FDD5
FC5B
FA5E
F2F6
F02A
F96C
FA22
F7FE
076D
0876
0596
0A89
06C0
FD16
FADD
FB0E
FBDB
0397
07C1
0572
0910
004A
FB55
0085
FEF3
0079
FF8D
F715
F888
FD9E
F90C
0015
0EC6
03DA
FE11
0A09
0492
F8BC
FD7A
FB94
F874
FF27
FD55
FDE5
04E0
01DE
0469
0F72
0806
0558
FDCE
F194
F395
FDBF
FF42
0622
0701
FC88
F5BF
012A
FAD4
0058
0745
009A
FC11
0283
FF73
0651
115F
11CF
0A0A
01A8
F51C
F1D2
EC94
F0F7
FB30
FE55
F8F3
FC78
0114
FFEC
09FD
17D8
0D3D
0424
017F
FB09
F78D
FDF7
02BA
FE89
F7C7
FDF6
FCFB
F92E
F9E8
04DD
00DE
F94F
0412
0002
F5CB
018B
0AE6
0690
0D4F
12EF
0355
F924
FF05
F868
F097
F6F5
FC4F
F6F5
F9A2
04BA
10A9
0EFF
0C87
0AE4
0170
F3CD
F317
F5E2
F0EE
F671
FCED
FCFA
FB85
0083
0DC2
06ED
02F6
053D
F9B8
F6C0
FE14
FF6B
FEE8
0EF1
1333
0816
05A7
03BB
FB63
F36E
F2FA
F9A8
F6A6
F61A
FEFD
096B
0CB9
10C6
0FB1
0501
FA04
F18D
EC9C
F29E
FFE8
FFCA
FD6A
FF5F
FACB
FDA5
0769
0F9A
0DB5
0772
FB66
EC1D
EA09
FC2D
0830
0DE2
1478
165D
FDE5
F07A
00A0
F45C
EACD
FF20
FF46
F5DD
00EF
0EDD
0F3B
157D
1C13
10C2
058A
F98C
ED70
E590
E353
EFE7
F9F5
F680
F81F
0320
0595
0ECE
1B14
1587
063C
FC58
F2E9
F7C1
0894
08EE
0EB7
091F
FF09
F980
F28B
ED82
F419
F394
E93A
F739
0690
07ED
0CE3
14F5
0E9E
0C82
0FC1
0BA7
F687
F7EE
F75C
EC4E
F05D
006D
F854
F905
08A4
0AAD
04F8
0AC0
0BA1
FBD2
F270
FB29
F937
FDEA
091E
0C0A
07EC
001E
FF20
FE77
F5C8
EEA9
F8C3
F9CA
F5DA
0945
12B9
071E
0EDB
0FF2
F9AE
FDDC
0478
EBBF
F057
F6EA
E4B9
EE82
0638
0C91
18F3
1F5D
14BB
0B63
F83D
EE75
FB89
F689
FA42
08B0
04BA
F87B
0299
00EA
F8DF
FF89
FA51
ED3D
F067
F875
FD7F
0CCD
1AF9
1C79
2009
0BBA
FAC4
FBC7
EE4B
E441
F1D8
ECB8
E5FA
FB39
01C3
00C8
19B1
1BDA
065F
09DD
0287
EDB2
0729
0C60
002D
0B39
032F
F42D
F8F4
F74C
F687
0282
FE66
EAE7
FB5E
FB72
F746
1A76
1DE5
01E2
10E3
052C
E8F4
FA71
05BF
EEF8
F7B7
FEB6
ECCE
F9B1
0F70
09AD
0D80
09DB
FBC2
F970
FE4C
0134
0715
036F
FA93
F6FF
F6B4
F335
FED9
0EA7
0859
01B0
00E1
FC37
FD60
FC64
09A5
0EE8
08B3
0A01
029A
FBD7
F7E6
FBEA
FB69
F904
F90E
E994
E7D5
F9BB
FE6C
09E7
1A59
1392
061F
0463
06C1
0120
02F1
053D
F80D
EF52
F144
F123
F6E8
06A4
0D03
01B5
0456
07D6
0110
FDD1
04EF
0891
015F
00A7
0339
FC8A
038C
04D5
FC19
FB21
FAD2
F07D
EA5F
F4D9
032F
048A
0BFA
1536
0EC3
049D
0376
02B7
FA65
F634
F226
F0A5
F647
F971
02E6
0E94
0FB7
1027
0896
FC2E
F85F
FA6F
F464
F6C2
060C
0439
FF38
0AA8
0BE4
04B0
0293
FFDA
F6A5
EDFF
EEC5
F5E0
FE49
0BED
1212
163B
12A8
0F39
0703
F66D
F18F
F396
E851
E513
F3D2
F7AF
FE4D
0FBD
17AD
0FF2
14AC
0B4E
0042
F990
F9FE
F7D4
F32B
FA9B
0660
04C9
0641
0767
022C
F81B
F83E
FAAE
F7BE
F994
FFF2
FF93
FE23
054C
0E56
0CBB
0945
0638
FF72
F2DD
EECD
F1F8
F118
F454
0071
08F1
0C12
10ED
0C05
037A
0640
0134
F724
FDD9
FB7C
F35F
F6D5
FD5A
00D2
0545
06DB
09A0
0003
FBC7
FB75
FA5D
F7E0
FDBD
01B6
0651
081F
0762
09A1
FF44
FA67
FCC0
F39E
ECCB
F3DE
F5D5
006A
0DE3
125B
1BDF
1655
06CA
09A1
03AF
F4E9
F515
F1A1
E9C9
EA14
F138
F7D6
078D
0F61
0E6F
0F3D
0558
F407
FABC
FD0D
FF57
0E3D
0E13
0564
FE5B
FBEB
FF7D
FE84
07D7
018D
F2E5
F1FA
EF15
F221
026C
0655
0876
0D33
0D70
0CA5
0D8A
0669
FAC0
FBDD
F238
E715
F4F8
FA76
02D7
0F6D
1178
0B34
055D
00E4
F94A
FD0D
0010
FD97
0739
FFE4
F607
F8EC
F6F8
F990
FC44
00EE
008E
FC87
FE40
021B
08AD
07BE
0E42
137F
090A
08E5
02AC
F530
EBA9
EA13
F381
EE9C
F714
07B3
FAEB
FB60
0B09
082A
0A5D
12EF
0EAA
03B5
FE3B
FCE2
F7D3
FC9A
FB44
FF83
06E0
FBBE
FD9B
00DE
F534
EF19
F886
FDAF
FACB
06F8
07C8
0778
108D
0961
0876
0C7C
0118
F31E
F1E1
ED10
EE09
F6CF
FB5B
0460
0AAB
0B14
0EF2
0A3A
05C3
052A
FB7B
F12F
F149
F713
F5AC
FA62
0896
0876
0136
0466
0165
FC46
FE4E
035B
0B72
062C
034F
0799
FE82
FCA9
03D2
007E
EF46
E677
EEC9
E9E7
F217
1452
2105
0BCD
1033
19F1
05B6
03FB
1730
00C8
F027
ED1B
DE18
E533
F787
031B
0B89
1082
0A81
FD8B
FC09
F95D
F944
0310
0545
06A0
04D9
00B1
08C6
11C7
160A
107F
05A8
F4D6
E32B
DE0B
E83B
F27F
F9DB
0D42
0B51
FDB9
0DDC
1CA5
1215
126D
0D59
F304
E717
EC4A
EE36
F788
0798
04EB
03E4
0A6C
01DB
01E3
0519
F9D7
FA3D
FB11
F4B2
FDF0
00E2
002F
0C80
1229
0544
01D2
FCF2
EEE9
F054
FB1F
FE3A
08A8
13E2
1277
0C4B
0E25
0097
F3AC
EA3E
DDC9
EB18
F82B
FBC7
1572
1A2A
FE56
0155
0365
F650
022A
0ABC
0277
027F
FCF9
F3E0
00FD
0E01
076E
07FA
FD29
ED09
EE3A
EE31
F047
FDB6
079C
0A6D
0FD9
0E59
04A7
0AE2
0F87
0202
029B
0085
E96A
EB03
F798
F056
FA64
02A7
0231
06C0
03DF
0C38
0EF0
05C1
041A
0209
F738
F03C
FCAC
0158
F610
014F
031C
F934
044E
0755
00FA
0167
0234
0274
0036
FF7C
0295
029C
02E4
FC7A
FF9E
0180
FC49
07FC
0766
F8CD
FBE9
FA4A
F760
F9D9
0124
003F
06D5
0BB2
FE9E
FE02
0377
FC1C
08AC
03C5
F5E9
FAE9
F8A2
F22E
00BF
052F
03DF
0462
0494
01D8
0559
0F58
0D1C
0BD3
0856
F77D
F364
FBDA
F5C1
F22F
F870
F504
F899
0423
FCDD
068F
1434
0C70
037A
0461
FE79
F9E9
F46F
FF2B
05B2
FE3E
FAA2
FCAE
FF39
FE3C
0201
0BCD
05F5
FA36
F463
F43E
FF32
02E6
0AFC
0E59
0579
FBF0
FB36
FBA1
FA70
044B
00E3
FA8A
F8C6
F982
FCD3
02E3
111B
1538
07AF
01BD
00B5
F80D
F2FD
FAAA
FC6B
F350
F3E3
FF31
FF3F
0428
11A9
0E86
05CC
00A9
F860
F3CC
F7FC
00BD
0386
038B
0412
00D3
FCFF
FE90
03DA
02BE
FB4E
F934
F5C5
F1FD
F713
08BF
13E8
15D1
0F3E
0B08
FC81
F590
F778
F70D
F1B8
F8DD
F8D8
F81D
001A
0C1B
0E06
074A
0B8B
09E6
F539
F7B2
FD06
F86B
F7E5
03BA
051C
03FF
0C93
0C7D
0755
067E
FAB7
F112
EC2E
EE66
F7AA
0183
0705
1266
0DFE
01DB
00B9
081F
FB8D
F52C
FE87
FA2E
F39E
FE29
02B6
02AD
0877
0F9E
0A79
0288
03CF
F9DE
F029
F255
F870
FBBE
0019
07BD
0764
00C7
04BB
041E
0044
FE58
FA14
F6FB
FAC1
FF53
0B7B
0B5A
0963
0A95
03BC
F83B
FC6F
FA56
F3F6
F8BB
FD85
FB45
0231
096F
0276
0887
0B91
FD78
00F0
FB62
EE7B
F981
FBE3
FBB7
0773
0A40
0204
FFAE
0511
01A5
01F5
06C3
FAE7
FDFC
FF95
FC66
03E6
040D
0060
FDA3
F8FF
FA7B
F632
F6F1
F77D
FD8F
05C8
0479
0B8A
12E1
083F
03DD
006C
FEA7
F647
F5A3
F823
F6F0
F881
F77F
00E2
092A
0484
0B22
0CD4
FBED
FD59
00FA
F1FA
F6A6
0AD2
06E9
04C5
0B26
067A
FA1B
FABE
FEFB
FAE5
F98B
F779
0305
01B9
015B
056B
0254
FDFF
01DF
09F3
05FA
0322
04A9
F04D
EEAE
F5B4
F598
048D
0E8C
0A04
0DD7
0883
FDAF
FCC0
0103
FFE3
F7B8
FCEB
FDDC
F512
FB14
029A
094F
0304
027D
FDB2
F71D
F8A7
F950
FED4
00D1
04C4
0B58
09CC
09F5
0D28
0C8B
FD79
F46F
F5EC
E9A0
ECCD
001D
042D
0133
082A
07EF
00DB
029B
083D
0873
FFB6
F787
F6D5
F21C
ECBF
0149
090A
0433
0CF5
0E43
F953
FCC7
0542
F868
F326
00F4
FCCD
F46F
04D8
0EEE
09B5
0C1C
0CD1
FE27
EA1F
E64C
F532
FB23
FDCB
0C3E
14DC
06C3
0A2E
159B
0E8D
0807
06E0
F15E
DE24
E1E1
ECFC
EBEC
F677
0C4D
0C00
00F5
0BCA
1309
04F5
FA4B
0CBD
0565
F485
04A3
0959
FCAA
07C1
0D4B
FFE3
F553
F39F
EAD3
EC5A
F774
0072
06CD
0725
0956
0D79
0B1F
0B50
0D15
0737
FDB1
F403
F1F8
F04D
FA2B
0335
0536
0802
0715
FEEC
FA14
F92C
FE73
FD34
FCFE
05DB
05F9
004E
08F0
05A9
FB2D
0397
02B0
F994
F55A
F630
F361
F723
0A5F
10BC
0940
0A69
153A
0FF9
0347
0326
EB6A
DAF7
E1DD
E535
F98C
134F
1B93
219C
1899
0877
FBE6
FDF1
FBC3
F077
FC79
FED2
F2DA
FBC4
0576
05F2
0AD0
10B0
F804
E6A2
E905
DBAE
EB40
0F6D
0F4C
17DF
20C4
127D
03A1
06B1
0917
FD79
F53D
EC6C
DCE5
E6A7
F828
0426
130E
1921
1389
FDFD
F765
03A3
FA5A
049E
0C96
FBC9
F9B5
F9D7
F94F
0488
09CA
031E
FF07
F88F
E422
EA1C
FD52
004F
0D87
1688
072B
04E9
04A7
00A8
0339
0082
FAAE
F313
E9A2
ED8C
FDF6
0966
0E5B
13EE
0C0D
FCFD
0194
FD9F
FC7E
07F1
0273
F232
FBAF
FA2F
F3D4
FEDD
0E11
04AB
FE69
0092
FC3F
F373
FA8C
09BD
08D1
04D7
0B61
02C7
F7BD
0294
10C6
0901
0592
FDD8
EC75
E76C
EE87
F6C5
0671
06E6
0B89
0EFA
079C
08AD
107F
0A17
FE00
F897
ED3C
E27E
EF01
FD00
010E
0B82
12D5
07E7
01A5
0523
0248
F98F
FCB2
0930
063F
FC33
0433
05E9
FF32
016A
07F2
FF01
EFE5
EE63
F298
F842
0164
0D69
0BC9
055B
06CE
0B95
058E
0820
094D
F395
E98C
F2F2
F113
F061
03A7
0B9E
003A
05FB
057E
01AE
02EF
FFD6
FC6D
0327
0485
031F
03AE
0887
0866
0422
FE3A
FCFB
F4E5
EA1D
EB76
F860
FE01
05FB
0FE9
13A7
0F85
0D2B
0940
000F
F851
F714
ED87
E4A9
EC90
F783
FBE0
0719
120F
10D2
0AA2
0757
0369
FAAC
F860
FCF8
FFFD
FAF9
FA2A
0337
FAB0
FFA4
0D59
0462
FFFE
0367
F984
F713
FF30
03F1
0724
0CAD
0CEB
05D7
0065
FDAE
FEF6
F710
EF5B
F2F5
EE3B
ED3B
FAF0
06D1
06D7
0FB0
141E
0CE4
04E1
0057
0166
00C5
FC24
FE14
FC1D
FCB7
FC64
0114
0227
03C0
012D
FAD6
F3C6
FE38
FB4F
FD96
0BAB
1005
06C4
0D35
06E0
FBC2
FCC4
F744
EDAD
F50A
F56C
FA26
027D
069E
0C2D
0AAB
0E07
0BB8
0862
092B
FA3F
F0C2
F16F
EE91
F2AE
0421
0A79
096C
07D1
FEF2
F135
FAA0
03A1
FF1D
0D3F
0E4E
01FA
0395
0558
FA46
FDAF
0977
FC60
F7B9
F2AB
E529
ECDA
F553
FC21
13CA
1689
10EF
10BC
058F
FFD1
0177
FE59
F30E
F13B
F34A
F11F
FF1E
0A45
0EC4
1326
073E
FBBA
F1D9
EFDD
F90D
FC31
089B
0C86
0C1D
0E4E
FEE6
FFD4
0334
FF05
F52A
F102
ED43
E941
F52F
0A32
0B66
1580
1762
0CB5
034A
01FB
FA5B
F7A1
F508
F8C8
F8C3
F467
F6B0
FFBB
04F5
0330
0D22
1037
02CC
FE2A
FFAB
FBEF
F8F6
04B6
086B
FF3E
03AC
07B4
0130
F840
FB28
FE63
F1BB
E593
F2DF
FCFD
FB61
0DE2
2128
12B6
084E
0B3D
FC04
F3D4
FC55
FBBC
F638
F4E4
F0FD
EF3E
FBC1
0515
0E12
1389
0F86
0389
FE4C
F683
F720
FF3F
07AA
04C9
05A0
0354
FF9E
F8DB
FDDD
043A
FE33
F7DC
FADA
F9DF
F868
03E0
0B45
0933
091A
0689
FAED
F385
F353
F602
FB75
FC61
FDC1
05D3
0621
00A1
150C
1905
0860
0ACB
05F1
ED82
E787
F3F9
F409
F72C
0B65
0768
FCEA
040D
0489
FD4B
FFDA
0055
FDC9
F8B1
F1CB
0097
0CA6
0CC6
144F
1A4A
09D7
FC16
F8F7
EA3E
E213
F212
F3CC
EE2F
FB3A
05BF
0009
0E50
223F
1EE6
1246
0767
F41D
E2B1
E653
FF0E
08E6
0E8A
0E20
0479
F35C
F7C6
FC76
FB1D
F5A1
F19A
EF26
F8DB
0235
0D43
1BEC
1ACA
0BA7
0568
F4DB
E7A4
F0A9
FB74
F938
01BB
0A3F
01C7
04EF
09B2
00D4
0867
18F6
02D5
F1B3
FC64
EDAD
E5F4
FB40
FF30
026A
095C
0970
0BCD
03EC
F9E5
0855
0026
F13C
FEA0
FCCB
F4BC
08F3
1040
0440
054A
03A9
F4A2
F46F
F014
EEEC
0040
086D
0372
0FE4
0EF7
01DB
0B58
0D84
F76B
F720
F5E2
EC74
F863
04A5
0284
0A1B
0CA9
0271
FC07
FE37
FBF1
F5FF
03C4
0515
FAB2
0A80
0719
FEEE
03C3
FF5C
FEBD
FFD7
FAEF
F2C2
F2DC
F8DD
FC8B
0BA1
0DA5
033E
0215
FBB1
F988
006E
02D4
0118
FCD9
F891
F9B6
FEBF
0AD7
099F
060E
FBF0
F538
FCA6
F927
0748
1323
0130
0940
0488
F2E0
F979
010B
FCDF
F652
F9FB
FE02
F635
F8C1
0671
08B1
04E6
08A5
0AF1
004F
FBA2
0380
0842
02F8
01D4
0137
F68E
EDCB
FA74
0014
FFF3
0660
0DC0
00A4
F907
02CE
0A53
0127
F793
F78A
F506
F024
FE11
0EB4
0B97
0A82
0C71
003C
FA3B
FA7A
FF99
FAFF
FBA3
0204
01B0
0474
0DED
0BA6
FC7A
F600
FE89
F2A0
EA8B
F832
FE50
F90F
027B
0D5C
084C
092D
0E31
0772
0339
0548
F837
F3A7
F91B
F6E3
F980
04FB
0461
088E
06AC
029A
05C0
0698
0051
FA12
F5DC
F5F0
F81F
020B
0A2C
05DE
0633
FED9
F9EE
FA92
FA7E
FB0A
007C
FEC9
F855
FDEB
052E
0ADB
13D3
11E8
07FE
FFC3
F00D
EE9D
F262
F755
FD56
0645
09FC
07F3
066A
0851
0644
00DE
FA86
F958
F156
F502
FB35
FA21
0211
0B9B
0DE3
0378
0445
0120
F6BD
F9D9
FFCE
F870
003F
027B
024B
033D
05C3
0813
0518
0173
FA6F
F634
F0CD
F2C2
FC84
FF2C
03B4
0AAD
086B
09F1
0639
07F2
0374
FAFB
F93A
F87B
F563
FA03
02D7
0363
02DE
0ACD
0054
FF31
FDA0
F8DE
F7AD
010F
FFB7
0A81
0A23
07E1
05A7
05E6
FFF1
FE30
FCA9
F80A
F16F
F3AF
F621
FDCE
032B
05A2
0011
0277
0D03
0564
0640
1135
017F
F984
FE01
F580
F728
FE87
FEB0
FD7B
0182
FC81
F901
FD79
02AA
059C
1061
0AF3
04A7
0B32
F9A1
F1CC
0285
FE0D
FABA
FB8E
F296
F299
FB89
036C
0A91
14AE
09BE
036E
FFC6
F789
FA72
FC62
FB61
0211
0107
FCD0
FBAF
0006
000D
FC45
079A
07A2
03C1
FFC6
F1B6
F980
0956
06DF
1165
102B
FE45
FD71
FF75
EE24
F48B
F90D
EB67
F219
04A6
059B
0B61
11E2
10B4
0AC2
0460
06A6
027D
F99D
EED4
EEC2
E9C5
EB1A
FFAF
0341
0444
10EE
0FE2
065D
0613
0533
F6BB
F925
0186
0351
06B6
050F
041E
0376
FE0A
FC8F
017B
FC7E
EF91
EE96
EF0D
F34E
021C
076A
0DDA
1575
1281
0693
064C
0084
F36D
F1F6
F6EA
F290
F5DD
FCF6
0404
07CB
0EC2
12B3
0E7C
FA64
F72C
F995
F23A
F2A1
0502
0074
F9A1
026A
09A0
0127
068B
104D
FA8F
E70D
F900
FD9F
FD29
10BF
1822
0B6B
FD8C
FDB1
F80A
F532
F545
F750
F4DE
F54C
F559
FD63
0881
13DC
13D9
187D
0FBE
0344
FAEF
EF61
F31A
FDC8
F8A0
F58F
FC91
F8AE
F3AC
FA53
057A
0D91
0860
04B8
041C
00F8
FE69
0902
0DCC
06C7
1053
04FC
F72F
002D
F67D
E7EF
EE62
F1E0
EDC1
FE2F
0723
0D89
128E
0DC9
0BCF
0D4C
06D3
0434
003D
F1A4
F307
F725
F1FF
005B
0AA8
02E2
FDB7
FA6C
F9AF
FB55
0011
0183
FE82
0185
FF26
05ED
0DDE
0C03
107A
0D05
F94F
EE01
F1CE
ED38
F03B
0331
0148
02F4
13C1
13C1
0D74
1723
06FA
F06F
E932
DA4C
DE04
FA1A
02CE
13E8
2236
10DE
FEE8
0223
0184
F9E7
FEF7
0549
F724
F334
F9E9
0793
1060
1222
0E5B
FA8E
E9CD
DAA2
DFC2
F194
FDC1
0EA1
1873
1116
0FF0
0E0A
0B79
12D4
0A8C
F770
E7FF
DD80
E790
F1E9
02E7
156C
0DE9
0117
FDF6
F7A7
FF3C
0835
0979
070C
FE82
FF00
FFBF
FFEE
0AA7
09F5
FF4D
F235
EDB9
E2E8
E883
FEB8
0550
106E
17A4
0AA8
03E4
016E
025E
0355
01CF
00D3
F2D5
F0E0
F0B2
F795
0B69
0D7B
0E35
0B95
F814
F960
FC93
FD61
022A
05B0
0138
FE30
03D5
FE65
FBBA
074A
022C
FBC8
FC11
F7F7
F8F1
0189
0187
050C
0BF0
056E
FD1E
0A9A
0588
FD28
0B8A
0348
F628
F878
EB43
E696
F892
00E6
FF97
0F96
1684
0570
0416
0DB5
0722
048E
057F
FBD6
F1AC
ED80
F0C5
F91D
0268
06A6
0E20
087E
FB46
F883
F684
F6A3
01CA
0C9C
0E2D
087F
0686
04DA
0329
0426
FECD
FD13
F0D7
EB80
F301
F476
F92B
0BB0
0A0F
0AD1
0FC0
09BA
06A1
05EB
FCC3
F27C
F3DC
F132
F045
F8D3
072B
0D7A
06A4
04ED
0790
FDEE
F464
FA9E
04B4
00E2
058D
0E8D
01F9
01F7
0CBD
FC4C
F9D4
FBC1
F07D
E48D
F0E5
FC54
04F3
0E98
16F6
178A
0F9F
060E
03FB
FC0A
EDD3
E62D
E65E
E911
F492
0521
10BA
11E7
165E
0C61
01A5
FEAF
FF80
FC5E
F59D
FC52
FF22
FB19
0388
0DAD
05F4
03CF
0366
F883
F48C
F937
F638
F833
020F
0390
0623
10B2
11C7
0D08
0738
FB17
ED68
EE0D
ED79
F14B
006A
0215
06C9
0ACF
FFAE
04E6
0CC2
0466
0197
023C
FDF4
F4FE
F7B2
0352
0177
037A
09B3
046D
FCC9
FCB8
F705
F4F3
FDFC
054D
0687
0786
08D6
0733
06E1
07AF
040C
FDA4
F45E
E92D
EED2
F40E
F5DF
0AE1
0FA7
045C
101E
11A5
FFD8
0B79
0C39
F58D
F0AA
F50A
EA77
EF4E
0011
0969
0E32
0EB3
0A59
00B3
F97E
F8D7
F8FD
F766
FFD4
0A75
04D3
075F
11CD
0566
FB42
FBE5
F549
E4B7
EFE6
F6ED
F57F
0619
096C
0E15
0E63
0DC2
11C7
0F01
02D3
FF7E
F3F0
E850
E759
EEB0
F2A2
FFF7
0E71
0B9A
083A
07FC
0297
0136
FE4D
FBBB
F5F2
F939
FEEA
0642
1106
0D33
08DC
0690
F430
ED04
F320
F2B9
F3FE
0565
047F
029D
07AD
0C02
0628
0A9A
1289
0660
F2F1
F7EB
ECAE
E910
FD1A
054E
00B9
0271
0F7D
03FD
FF26
0DC9
0116
F7DB
0129
FD41
F688
FFA3
089E
021B
01A3
06D1
FB3B
FC5A
FFE7
F9FE
FC96
F39E
FBDB
FF1F
FFE8
107C
159C
143A
07A9
0180
F8FA
E7DE
EED3
FA5D
F962
F243
FA4A
05BB
F829
0834
209B
109A
0278
0214
FAA1
F1E5
FE14
0D2A
04AD
FE05
FCCC
F5F1
F3D5
F7B5
FE43
FFF3
F633
F720
004F
04DC
0A97
1D5C
198B
0B4D
083A
F64B
E3D1
F011
EBCF
EBA1
01A3
0280
F79D
021E
0D4C
0899
0D8F
10B6
FC3B
F78F
00C1
F6C7
022D
098A
015F
FF8D
02DD
FCBF
05E4
0A65
FCB7
F2DE
F658
E828
F0FB
0B2F
098E
0BC9
1361
FED5
FF93
098F
005F
0127
08EF
F117
E773
F2AE
F2B2
00D8
18B8
1903
1469
0B9E
F3A5
EC60
F588
F590
F5B7
0002
F725
FA2D
FF94
01A3
0D37
1A3C
1544
FCD5
F33B
F3AC
EF62
FD45
0EAD
10E4
0F86
027B
FE3E
03E3
FB9A
FC11
FDFF
E6A6
DC85
EDD9
EF8C
05BB
2DC6
2108
116C
2105
05D2
E856
F300
F6B7
F0E4
F82B
0218
FF7F
0351
0653
0350
031C
0376
FC20
F2CD
EFEB
ED8C
FAB1
0C35
195E
1BA7
1666
03EF
F5A7
F8BA
F23B
EEF9
F8E8
F62A
ED8F
0046
0A41
0296
15E2
1B3C
0548
05FB
0478
EFB3
EA04
F9BA
F522
F9E9
06AF
FDF1
00A4
074E
04FC
0B2A
0BAB
00AF
F65F
F59F
F417
FD4D
0E4B
09DD
02B2
013B
F5F5
F76D
FCC6
FCA4
F735
F9F8
F94A
FC71
043E
0DCC
0F77
0E3F
0970
0515
FAB7
F91E
F809
F58A
F6B3
F888
F4EE
FD75
FE02
FF4D
0A15
0E5E
10DE
0851
F81A
F30E
FBC8
00A8
0946
0F42
FF5A
F52B
F8F3
F18F
F94E
04C5
FEBD
F415
F4E0
FB55
00C2
09E5
13DA
101B
0EA2
04F8
FFF0
047C
FC1C
F929
F8C1
EDF0
F3E6
FA4D
F98B
05E0
103C
0B81
0965
0C30
050D
FE63
0159
0030
F8C1
EC77
ED07
F79E
FEE0
0CA1
149B
0D5C
0667
FBA4
F1E9
F229
FA0C
FF3A
03E9
08B4
0BA0
0DE5
0C8A
0ADD
058C
F82F
ED82
EDB6
ED74
F0B5
FB1D
07D1
0EF2
114D
0BE4
0AD4
0D8F
0470
F6ED
F6C9
F5F0
EC91
F191
FE80
0499
0510
0575
0673
0178
0072
FF61
FE83
FBFD
FE6E
019D
02CE
06E9
0E9E
074F
00A0
FEF9
F8A9
ED76
EF65
F850
F7A5
F940
0A49
0D10
0E8C
12A2
1537
0BC4
FEFD
F4C1
EAE8
EA7C
EE26
0011
052E
FFEB
0AB0
0CA0
FF09
080E
07E5
F80C
F91E
FC6A
EED4
F856
05D7
08E9
0BA4
06AB
FDA3
FC89
F5DE
F37E
FB43
F927
FAAF
05A6
043F
0597
0C43
0E41
0E19
0968
0140
F9BE
F225
F2E3
F8B5
F8F0
FD25
0541
0393
01F8
04FB
04C9
0025
FB5C
F60B
F715
FACC
FB43
FF40
0695
0CD6
0AA2
0747
0507
FF68
F733
F532
F943
FAAF
FCAC
0C7D
0D28
0B9B
0C6C
07B4
028B
F80A
F26F
F426
F041
F659
FF76
0120
00C6
0633
0D48
0193
040A
0C12
0127
F9DC
FCCB
F949
F94E
00ED
0C5A
053A
0113
057F
FDA9
FB6A
FEF4
FEEF
FDDF
FD79
0258
FED7
FE9A
04C3
0435
07FB
0591
0354
FE84
F8CC
FE51
FCEF
F785
FE5C
FF55
02DC
0020
0439
04E9
01B5
01A6
F9BC
FB05
F7F9
F5C7
0781
0190
05E9
0682
F981
F84A
FCF1
003C
F96A
0A10
1204
0273
01F9
0310
0209
FF0D
FECB
028E
F5C7
ED9C
F0F4
F7E5
00C2
0955
0DBA
04C7
FCE4
000E
FB0D
03A3
0CDC
06CC
036F
F70B
EF26
F5A1
F6B8
FC5D
056F
1053
0520
FDE8
0531
FD5E
FDD8
011A
FDC7
FA2E
FAA7
FD8C
0167
0CD9
075F
03C1
0D6B
FB07
F0C8
FAE9
FB53
F1D6
F919
0975
FDDB
FF83
135F
10D5
0402
00E3
FF53
EFE5
E953
F48E
FAEA
FF39
03D5
0A90
0DCE
FE0B
054C
0FAD
FE4C
FA74
00B6
F555
F0D2
00B3
0B75
064E
0BD7
096E
FDB4
F381
F751
FB9B
F69C
FABF
0569
FE29
FD34
071F
0BD6
0C96
0ED6
039C
F5B7
F221
F0CD
F6EC
049C
05AA
06C8
04A3
FF80
025F
0CF4
0969
00A6
FEDB
F399
E69C
F1A1
FBB2
04C9
1370
156E
0A6D
0765
00A4
F621
F3A6
F68F
F8D7
00E3
FFC7
02FC
07B1
074B
070D
090A
00EC
FA46
F7F8
EE98
F155
FAD7
FBC5
015D
093A
0CB9
0A21
0F0F
0CE1
032F
FDBC
F6AD
EE08
F2DC
F3DE
FB28
03B8
09DC
08B7
08B2
FFE2
F53F
FA59
F487
F0DD
FFE6
0907
0C22
1508
15AE
0B1A
0B6C
04EA
F8E9
F15A
E43B
DB5F
EE6C
FCB1
03EF
1837
17AF
059B
083C
FF0C
F7CC
088A
0077
F19D
0232
F218
ECC7
0378
0163
0589
14F0
071B
FF0B
013F
F1F8
EDD1
06FB
05EC
0499
14CD
06F0
F7D4
FCBA
FA69
FD56
FC17
F7AF
F1E6
F17A
F9E3
0604
1AD3
2160
13E8
1079
FF3A
F2FE
F62A
EB6A
ED50
F4EA
F133
F840
0131
06E5
0940
0CB3
077B
05CF
057B
FC6B
F96B
038B
0194
0FFC
0D3B
0614
0522
F44C
EDAF
FA12
FBE3
F507
F744
F7DF
F3A8
0400
0E1A
0C3C
12B5
09D0
FE04
FEF2
FD7D
FBC0
019C
FA39
F46A
FA08
FA24
FB3D
0585
09BA
021F
028F
08A9
0521
FE52
0272
FF56
FB68
F978
F682
F719
053A
059C
068A
06C7
FFED
F716
F854
F840
FFD1
02C1
00A5
0306
052C
0912
09EE
07F5
0331
FA37
F32B
EDAA
EC37
F329
F785
01CB
0D40
1488
0C7A
0D88
0CB0
067F
0093
0024
FD78
F82C
F347
F43A
F5D2
001B
077B
00DC
072E
03A7
F98E
F9C0
FBB4
0018
0596
07B8
0A80
07D7
FF1B
FD19
FABA
F8AF
F5FA
F0B5
F6F8
FA5E
F9D7
05F0
1300
0C72
0F1A
1141
0459
01BC
03BC
FB66
F2B4
F55E
FA6E
F701
00D0
0664
01D4
FF7E
FF1E
F7C3
F59E
F733
0096
091B
0F59
10F5
1008
0E27
0649
FCE9
F8A2
F1FC
E6D6
E8F6
EC99
F2D6
00E2
0BFE
112A
1811
15D1
0A5E
088C
05AB
FA90
F4FA
F513
F1FF
F597
FBD9
011F
0A96
09B9
0041
FD3D
FDE9
F8DD
FDD9
020A
0383
084B
0836
0431
09FA
099D
00C1
F939
F53F
EC41
E847
ED55
FB02
02C2
0AD6
1272
0CC3
0ACE
0E21
07B7
0287
FE21
F310
EEE7
EB06
EFF3
FDF4
0336
084F
0C5E
06CC
0236
0559
00D1
FDFB
0213
02CC
FFDF
001B
0270
0467
FEED
0260
0111
F346
EFEC
F01E
EF49
F4CA
03DF
0F24
148F
1686
11EF
0C02
0D31
04E4
FC50
F18D
E980
E4AE
EA9E
F37E
01B7
0BCB
0A94
0B7B
050D
03E4
05E1
FE7A
0287
0612
FB55
F75D
FEBA
0098
00B9
0BEB
042B
0399
023C
F358
F2C2
FAF6
FE11
0356
0669
08D5
037E
0763
0A61
0332
0443
FA04
E9C4
EB1A
EE87
F5B1
063B
137C
13B8
0E3E
093F
0387
FF31
06CA
0453
FEAA
F7AE
F10E
F197
EF91
F98E
0A92
0998
0B8E
069F
F7DA
EED2
F737
0224
0081
10DB
1522
0937
062C
FDA8
F601
FA73
FC6F
FB13
F972
F17B
F7B9
FE3A
0552
045E
0E61
0F81
01C5
0342
0421
FA42
FDF8
01CB
FB0F
F4CE
F715
F914
FCDB
FF41
0612
08D9
004E
FD69
FEE4
FD26
014E
08D1
02A4
02E3
FD56
FB81
FF93
05ED
07E4
FB59
F7DE
F7A8
EB97
F609
0280
09E8
0E1F
1006
0BC2
FE31
FF9F
01A3
FCBE
F5C6
F5DB
F3DD
EEC0
F10F
011B
0DBD
0F9B
0A05
0B53
018D
F708
FB47
0A3A
02D3
0183
07E4
039A
FAC0
F77D
FC20
FBE7
F647
F19F
F526
F499
F7CA
0211
0ECE
0F4E
13C8
14D8
0D80
09B9
FF03
F425
F4F6
F520
FBA9
FAE1
FA7E
00A3
F932
F92D
05F5
03E2
05BE
0BD3
F9D8
EBB2
F943
00F7
0182
1660
1AC5
0A27
02B6
048A
F750
F343
FA09
F90D
F87F
FFA0
FEC1
FF3A
FC8B
030E
09F7
FC73
018B
0175
F16B
F030
FCBC
0171
04EA
0AAC
0991
0AB8
0C8D
097C
0BF2
03EE
F567
F75D
F61A
F131
F468
FB88
F4F9
FDC4
119B
082E
049F
0AA2
0048
F8D4
FEB9
FCAB
FA2D
03C7
1590
10D1
08AC
0AD9
00F4
EE57
E80C
DF43
EC78
FBD1
FD2B
0A6C
1582
03DB
0548
0A65
FA06
FF77
0F2D
FD53
FD58
0670
F212
F239
0FA2
0D83
FED6
0AA9
03E7
E750
F1EC
F96A
F4FF
05DA
0C26
FE1D
0869
08CF
FDC1
0A03
08A7
FAA8
01EA
F484
E67F
FDB4
0283
0157
0FFF
1376
FA00
F4C2
048C
FE98
F76A
07AF
FB1A
F01B
F516
F941
FF45
0B28
124B
0CC4
FEDA
FDD2
FB60
F089
FB23
0A83
03E4
0AB2
0A79
F94B
F7A7
FD48
04B1
07E0
0353
F99C
EF8D
EB55
F67B
05DC
0D3E
0C0C
0ABF
0553
FAD5
03EA
0BC2
04DE
FE10
F71E
EE2C
E9FB
F570
0138
0561
0493
0954
03CF
F91D
0292
0CBF
0479
0675
0D00
F99E
F25B
FD6C
F867
FF9A
0F7A
08A5
0037
FA98
F607
F5E2
04D0
0B94
0B3B
0900
FE09
FCC7
0292
0134
06F6
FF19
F6C8
F2FC
EDD4
F05A
F908
03E6
05FE
04E5
068C
0522
0105
07CF
080E
04A7
0558
041E
F535
F4E8
FB88
FF40
0403
0670
02FC
FE41
EE18
F056
018C
06E6
0807
1167
0F0B
FD88
FED0
07C8
FFDC
FCEE
FA8C
F7B3
F0F2
F08C
FE9E
065F
07FE
0FA1
0B89
0409
01AD
003E
F73B
F563
F8B4
F69A
F2E2
FC49
0550
079F
07B4
09C3
0713
0108
F9BD
F7FE
F6F1
FE9E
FE1C
0685
0CFF
0B15
0344
03D5
053E
FAF5
F57B
F9F7
F3CB
EFEF
F9CC
034D
051F
0E51
137F
0B34
0433
0540
F85B
F17B
F315
F43E
F4C9
FB9E
0630
07D6
07C9
0A31
06BB
04E4
FDEA
FB27
F9FE
F9EB
00F8
0B84
0B08
082A
0870
0043
FA45
F3B3
F2EB
F533
ED68
F445
FEF0
FFD4
0A07
1764
0C58
0948
0A98
FF6B
F68C
FAAB
F74F
F7AD
FEBB
018A
009C
04B2
051A
0651
0407
FEDB
FE7F
F8D3
F41C
F9E6
FE99
FDFA
04FB
0B28
096C
02FF
0347
02C3
FBB7
F40A
F88E
F929
FC9E
070F
0853
0616
0772
FE7D
008A
03E0
FCF5
FD69
FD45
F56A
FAB2
FA4C
FF94
051C
00A8
0BE2
0861
06DF
0C75
02CC
FF30
0142
FBCB
F9D0
FDA7
FE92
F880
FD5F
FCFD
F142
F8D7
FC63
F78A
044C
0B33
0544
07A8
0576
024A
0544
0A98
03B6
FBFB
F57D
F4FC
F760
F6FF
0258
089A
09C7
0421
01A5
03A8
FD81
F7AE
FF4E
F84F
F5DB
0091
0352
03D8
090D
0D40
07CF
0463
FFED
F84C
EC1A
EDD2
FBF9
0019
0807
1101
0C2E
0656
FEB2
02A9
FE20
F458
F1F3
F0E8
EF84
005F
0A91
0AD4
0F89
106B
055A
02FC
05BF
01D5
F9BD
FA3D
F234
F0B0
F889
FD3A
02B5
0BA5
09C7
0857
03F2
FF77
F7CE
FB2E
F8A1
FBF4
0AF2
0221
F84A
0620
01F5
F8EB
04A0
0847
F4A7
F06B
F928
F24A
FEC3
10C3
0EEA
0C0C
092E
07AD
04A6
0397
09E4
FE3D
F143
EA51
EE10
F31C
F6D6
08A8
1353
087A
B892
E0D0
1B76
3F55
5696
5AAF
3717
0A9A
F115
EB5F
E9D7
E23E
E098
EE80
03F8
1BA2
1F5F
1427
FF44
E174
D485
EF2D
0018
0886
166D
201A
329A
33A5
28F8
1969
F238
CEBC
C42F
CF8D
E31C
F9DC
014E
017A
0984
0B74
0423
FC2A
E494
D24D
D83D
EDAB
144D
2C8B
3544
2F24
214F
1CD0
0B9B
F260
EE4B
DE05
CF03
E75E
0B91
1DD6
2BAE
2418
0D7C
FAF3
F29C
E6BF
E41C
DC52
DB23
ED1D
0AC5
1DE2
2C43
2097
024F
F30F
E88B
DFD5
DFD8
E157
D032
CB1F
FA97
31F4
590A
738D
7F5F
5E2B
24A0
EB50
BDAF
8A17
8000
8000
9821
BC15
0B55
5A55
796D
7FFF
7DA4
447B
04F7
D3CE
AAF3
9942
AE38
E80F
19C3
312F
3A02
25DF
0A32
F25F
D391
BE06
B56B
BD90
E2DB
1D0B
523A
7938
6D1C
33DC
0875
F347
D863
D4F0
DFD4
E09C
EBB4
0A24
20B5
2C45
235E
F7E2
CA7E
BC4B
B81F
BE4A
D6AA
F624
0F1D
27F8
4381
530A
4420
150E
F0D3
EBD2
E654
E76B
FD2B
0C71
0539
0E14
091C
FBE9
F2D3
DD28
C7A2
DAB1
FF1D
1420
21EB
3741
3B10
2F8D
252D
1D21
03EC
D6D1
BEE4
C7C6
DB2B
E9A5
FC23
0CAA
093A
062B
FF9C
F6A6
F079
EA3E
E1D9
F22D
1815
2B45
2D73
3131
2A55
13E0
F1F4
E7A8
E278
D432
D84F
F1E0
0957
12C8
1ABA
2297
1FD4
16D1
0259
EC04
E56E
DB87
D5E3
E619
017C
14FB
0CAC
0726
0CFD
0313
EA55
D2AD
BCD0
B54E
E047
2D18
6920
7FFF
7FFF
7FFF
3A40
F333
A225
8000
8000
8000
8000
8780
0583
7D1C
7FFF
7FFF
7FFF
7FFF
085B
9859
8000
8000
8388
DA3C
308A
3FFB
4E9F
5407
2526
EA74
C892
A00A
802B
A61E
E775
1746
64FA
7FFF
7FFF
5B31
2F23
F7AA
B351
9987
B6A8
C92F
DB8D
0645
2B8C
2FC1
2451
13DA
EFED
C079
AEF4
B8F0
B979
ED07
2A4A
36DE
4A49
4F12
2AA7
093E
EC75
EF29
E4D4
D620
FB05
0B89
0AF5
21A4
1E29
121C
F415
DAB1
D6BC
C8F1
E797
1C27
228B
3598
48BA
2E0F
11C2
07ED
F32C
CC5C
C45B
D9B2
DCD0
F015
16C4
231E
16A2
05D2
F660
D858
C660
D1F0
DE3D
F42A
1F68
3B1C
4F1A
53DE
4165
2AA7
F8AA
CFFB
C794
B53C
B78D
ED96
0544
12C9
3848
3FBE
24F2
1168
F5B7
D6C5
C11A
D03D
E7EB
F2FC
13F1
2B58
2888
29D1
1D0A
06B5
E12A
BEDA
B9F3
BDCB
C5E4
DAD4
F060
1467
59E4
7FFF
7FFF
7FFF
7FFF
0DB2
B673
8000
8000
8000
8000
8000
A185
09FC
7FFF
7FFF
7FFF
7FFF
3EBD
D4C5
92BC
88FB
A8E8
B58D
EE91
3245
3F92
49B0
590F
1AAF
BEA3
9ACA
8CB4
82CE
BBA8
0FF4
44C1
7127
7FFF
7FFF
5EF5
187E
DF26
AA1E
9D2E
C084
EA65
FCDF
19D4
31FB
20E6
06D9
00AB
D793
8E9C
8476
AC1F
CB57
FBF5
3C25
5863
4CD2
4581
3A40
17A0
FAAA
E553
CF7A
D4EB
F7BF
229E
2C0D
2B24
221C
F899
CA23
D22E
E393
D773
E9DB
14D1
33A7
3EC9
43DE
43AB
2404
F2BF
DFF5
C1E2
BD0C
D684
D93F
ED53
1356
1C62
19DC
0C81
FA48
D940
B7C8
C132
E4AB
FCCD
15A4
3E86
5A24
529E
3A1C
2DDE
0BFE
DC57
C6E2
BCB4
D380
F352
10AB
1F01
2252
35BC
1E12
FCF2
01D1
DBF6
BA3D
C6CE
D745
F4E7
11F6
1A07
2D4E
210D
0C05
02BA
EE0F
E0DB
CC5F
C444
C958
E0B3
18D4
3A33
523D
7C47
7FFF
62CA
329E
ECA0
A615
8000
8000
8609
9FDC
CF72
110A
45F0
76BB
7FFF
7FFF
54A5
0150
BB68
90E2
91C2
C332
E9BA
16EC
3CEE
2F75
19C9
11F2
FB05
D4F4
B715
B952
CE25
F001
26CE
50BE
6327
6343
43CD
1C83
FB9C
D904
C1EA
B9F0
D2CE
FCEC
16A2
2309
284D
18E1
F903
E083
DBFD
CD8A
B76D
C50B
DD2C
FC6B
2658
4615
40AC
2C55
0CA7
F698
F200
F9F6
F988
F96F
FD3A
0271
14A7
1CE4
0D08
00D0
F31B
CF7A
DD2B
FEAB
0261
11CB
2A13
243D
23E5
2FE6
1F17
FD96
EEB3
D985
C9BA
E0F5
F4F5
FA6A
FBFE
F5CB
F4EC
FAD3
EDF2
E563
E5A3
E524
EDB6
142B
3173
3BE8
3974
2598
0E8A
0BE4
FF3E
ECCD
E7C8
DB61
D98F
F0FF
06BA
2589
2707
068C
F9E9
F86C
F175
EEE9
F499
F2E2
FA0E
05C4
1694
1BD8
16F8
0305
E2EC
D905
D584
C663
BFEF
D7CF
0663
3A3E
61BA
7FFF
7FFF
5CF3
0300
CC1D
91A8
8000
8000
8000
8CB9
CBBE
3276
7FFF
7FFF
7FFF
6D07
23B3
CFB7
A156
A7F8
B46A
D0E4
076E
1F37
392A
4609
2C6B
F39D
C3D2
A96D
92C1
97F8
CFE2
13FD
4CEA
7048
7FFF
7A00
4031
0D44
E864
C16C
B9ED
C35B
CE87
E8ED
0AB0
1F44
1D12
1035
F931
C8C6
BA1B
CC31
D90B
E5D9
0C50
318D
45A6
4584
41FA
2DFC
02FB
E092
DB0B
DDBB
E091
F349
039F
1193
19F5
1E18
0708
F244
EEA3
DEA9
E36E
0271
1954
13FC
1AB7
2694
1F65
13EE
01E2
EC82
DCEE
CAF2
D7D2
F6A6
09B5
12AB
1705
0CA8
FC9A
F381
E694
D442
DDD0
E98E
F0C4
1B61
3A34
35FD
2FBA
25FE
16A6
FEAF
E8A0
E318
DC38
DD27
EFFC
0647
1A7E
1930
126C
0C0B
FC17
EE3F
E417
DC0A
E9D5
F482
FAEC
1701
2DB1
25D5
157D
062F
F35C
DFEA
CDF4
BDBF
A978
A469
DC0C
3167
719E
7FFF
7FFF
7FFF
50E8
FDB3
A51D
8000
8000
8000
8000
8000
F349
6EE4
7FFF
7FFF
7FFF
7E1D
09F5
9949
8000
8000
90B2
E54D
3F85
5F12
69B5
666D
2C5F
E744
AC71
8000
8000
8804
C9A9
196A
6E48
7FFF
7FFF
7FFF
49AD
FDDA
B440
9C59
AD0B
BE3D
DDD3
09C9
1F12
27E5
1F17
08EC
E164
ADB8
98D4
9F20
B45E
ED38
2D9A
52D5
67B5
6CB0
5283
1FCB
F5D3
E5D8
C652
C5C2
E664
F87F
074C
2756
1A84
0C46
FDA0
EEA5
E4C9
DE71
F462
0914
2216
3A3E
3D83
32A7
0B29
F4E5
E8FF
C3DA
C3CD
D63B
D0BA
F1AE
1E2F
29D3
2EC5
227E
EF1C
CFDF
B7B0
C801
DC19
E991
0CBB
2B6A
423B
58DD
569D
3C65
0539
D49B
CFA2
CF37
E021
FF1C
04B3
0703
1EE4
2AAF
2424
0CAB
E849
B789
A9B8
CD8E
ED26
FE76
2091
3557
2A32
2CAE
2CBC
0C61
DDB3
B560
AB1B
B82E
C627
D14D
F19D
26C4
57AA
7FFF
7FFF
7FFF
66A7
F9BC
B7F9
821D
8000
8000
8000
8F82
C772
2623
7C85
7FFF
7FFF
5961
0BD2
C26B
958D
A9C5
C8AC
E11B
0FD1
2BA4
31B5
427B
3415
EED7
AF4E
9BB4
91A0
9CCE
E341
3139
5944
7A07
7FFF
72FC
45F5
0CDA
D43A
B9B4
B715
C810
E2B9
01D8
1E06
1D12
07BC
FBA4
EC66
C964
A6BF
B249
D054
E6DD
1886
4B63
55F3
49F7
3457
14B4
F66E
E4A0
D41A
D05D
E267
FD7A
0AF9
1F75
3653
2778
FB53
EBBF
E6FE
E286
DC5C
FFFE
224A
1E65
27F0
3978
29EC
16F5
F66D
D329
CA70
D637
DC1E
EDE3
0753
19D4
0FF5
021F
08B0
FC76
D19F
BDED
C8AC
DFE8
F6ED
180F
45C8
4F79
3AFD
341E
275A
080C
F317
DB44
C96B
DA73
F9CA
0967
1779
2453
1467
FB15
F78C
F415
E5BD
D8BE
E3AD
ECE0
0478
1F30
2DDE
2BEA
1815
FB6C
EA6C
DA59
CB0B
B949
A528
BB12
005D
4045
6C6E
7FFF
7FFF
64F2
1ABD
E80F
A2C6
8000
8000
8000
8FB1
CFF1
25B4
66DC
7FFF
7FFF
6B44
2F61
F424
AEB7
8AB4
9CF8
C28C
0505
3A72
4806
465E
2916
F073
CEA0
B0AF
9B5F
A888
C77C
F128
2E86
7006
7FFF
7849
575A
1CB3
DBC7
CF68
CAA0
C2F5
D234
E5D4
F571
1315
20CA
17EC
04F1
E625
C242
BF89
CDAE
E665
1179
2389
2A31
4640
4608
272E
14EE
EFD4
CC7D
D43D
E2ED
ECCD
0632
0AA1
067B
09C5
0F7F
02B7
FE4B
F83D
EEEC
FAF5
0A4F
1AEB
2D91
2086
0821
0881
0AA0
EEAC
E510
E3C1
D94C
E2FD
0574
1084
1CC4
1B14
FB54
E0F3
E172
DC32
DDA1
F0E9
FE46
0A86
1AC7
2E8A
3E35
23F4
0E07
FF2C
E7FD
E104
F0E2
FB1D
FBE7
03AA
0C60
0FE0
1D5A
153E
F355
D935
D54D
D405
E484
FCB0
080E
19E8
2254
1CD6
23FD
14F6
EB7A
CB40
B9C1
A468
C329
0BFD
41B2
64C9
7FFF
7FFF
6FC9
1D2C
D986
8000
8000
8000
8000
8000
D183
3B11
7FFF
7FFF
7FFF
7FFF
14CE
B301
884B
85C6
A612
DA7F
1A07
42E4
4FE8
5956
431E
02F6
C761
96D5
8000
8F2E
C15C
FE3B
3D14
7A68
7FFF
73DD
4BB8
238A
E21E
B495
B940
CCA4
E038
F8E6
1890
1FAF
1186
04D4
EC1F
BF2E
AD67
B040
C3FE
EEC2
1F2D
3E25
4B86
52E4
4AF3
22E9
FFC3
F5FC
D647
C708
DE38
FBB1
0693
11A3
2093
1D54
00CE
F0BC
E9E1
DAC0
E798
0219
183E
2D24
357F
2BFD
1522
03FC
F9E5
DB37
CC30
D96F
D960
EB51
075F
20B9
280F
0DC3
FBAB
F527
D58E
CE3B
E031
EA6C
FDB5
19C7
31AE
41FB
3F63
2EF6
0E03
EC8E
E385
D147
CFE1
E7CC
012A
14D7
1FA9
2859
2912
0C14
ED8A
E2E8
CCFF
C5B1
DC1A
F0B3
01BF
1B9A
27DB
2209
2A10
147B
F127
DDCF
D340
C3E5
C92F
C4FA
C84E
E81A
3269
6B03
7FFF
7FFF
7FFF
581C
FD04
B3B6
8000
8000
8000
8000
8000
C164
3AFA
7FFF
7FFF
7FFF
7FFF
1C14
B537
8000
85CB
A2E9
D82F
2181
416B
47E1
5C0A
4758
00AB
BE64
935D
8000
80E2
D17E
1F95
5004
7FFF
7FFF
7E4C
4F69
2248
DF82
AA6A
AC4D
CDBA
E362
085D
2487
193C
FEF8
F516
E56C
BB90
981E
9942
AA6A
CCEC
201F
6195
5F45
57EF
4D43
27E6
0FC6
0B90
EBFD
CDBD
DAB9
F154
09C3
2281
208A
04F1
D8FB
D566
E5A1
EEB5
FB18
18C6
26F8
2B32
3A1F
4D4E
246D
F021
DDCC
C6E7
B660
D25A
E35E
EA3C
03D1
1B5D
230E
1C7D
049B
DA48
B72E
BEC8
D9EA
F553
1353
338C
42BD
41DC
3FE7
3C6D
1554
E21C
C8C2
CC7C
DBD8
F17E
14EA
298C
1FCA
2295
1A9C
0489
F56A
D2B6
B1C6
BDBB
D931
F2B5
106D
3712
3F4C
2A18
1622
0AC5
F326
D398
B4A9
A8C1
AFF5
D075
0EF5
528E
7080
7FFF
7FFF
5D66
0C6A
D393
83F0
8000
8000
8B4A
A03B
F69C
5040
7D20
7FFF
7FFF
6763
148A
BBDD
8000
80D3
9E33
CA71
1A8D
50C4
5498
4615
2DC6
F767
CFF3
B010
8EAD
A3F6
D0C1
F5CB
38CA
7FFF
7FFF
69FF
4694
1075
DE1E
BD99
B015
C628
E42B
F72D
1BE0
35BB
2B53
0E83
EA28
C3A8
B50F
B7AA
BCDD
DFB2
0E1A
2B41
4374
650B
5E68
2C87
FCC1
DEAC
CFF9
D036
D52D
EE38
FC80
F961
0866
2371
1E83
08E1
F806
DD7D
E22C
0927
1EBA
2B84
44E3
2DBD
0D94
1359
0FB9
E119
C61D
BF97
B807
D6D4
017F
1058
2369
173A
FDDD
00FF
00A8
EE8C
E8FE
DF9C
DA94
0714
2F22
3268
2EDB
2D7B
F9AC
DFD3
04FF
F514
DC6C
F325
E791
FAB5
2600
3354
396D
1987
EE95
E42E
D140
D95B
EAE0
EB92
EA3D
F889
2238
2B4F
1A87
294D
FEAE
CD62
D9D2
D324
C536
D22D
E6CD
1372
3842
6F20
7FFF
7CF6
3787
EE46
A6CF
8000
8000
87E4
9C1F
A94E
FDAC
59D5
7FFF
7FFF
7FFF
39E5
E46E
A6A9
9ECA
A389
BBA3
E9CB
0435
29D7
59A5
4B09
293F
0335
C995
9E52
983A
C0E7
EA49
0156
3561
659D
67C6
51B9
30CE
FEE1
CD7C
C9C5
DA66
EAAE
0529
122F
0F7C
1B38
1D0B
0137
DABF
BB89
AF70
AD11
BAB9
F065
29DE
34B0
36E3
4AA3
44B5
265C
132D
023B
E45C
E1D5
F476
FA0D
08E9
1260
FA81
E573
E3C4
D6E5
D682
E723
00F9
2340
295A
32B7
49B8
3B1E
191B
0A22
F123
CCBB
BD3D
CD28
D75A
EAB9
06EF
15B3
1839
1635
FE4D
E763
E54E
E6F5
DF48
F126
14C0
2D10
39B8
317D
3157
1FF0
E9D3
D73A
DE2F
D273
D481
F4FF
059A
1B61
2C88
2EF3
22C2
15CB
F4CB
D987
CF89
D3CA
D3D4
E1A7
F9D4
12A8
1E3D
224D
1CCF
1086
F4F9
DB92
D1AF
C21B
B8C0
E3FA
2BD8
610B
7FFF
7FFF
7FFF
4764
F235
A060
8000
8000
8000
8000
88BF
F2CA
67A5
7FFF
7FFF
7FFF
72B4
FCCE
9B3A
8000
8000
954A
DC73
2BAE
514B
5B01
5CEF
3B4F
F799
B9CB
9761
8A10
9D23
CC52
10D7
53DF
7FFF
7FFF
722E
383B
FEC6
C3C9
A686
B420
CC11
EB5E
0DDF
2949
34F7
2096
06DC
E77B
B6FE
96BE
9A1A
B2B9
E0C7
1CB6
44D2
5B40
5FEF
49E8
2188
FFCB
F129
DCD7
D5DA
EB14
F5C1
0879
1A2A
15F6
140D
FDA8
E379
DD07
DDF7
EB16
0504
23BE
39B4
392C
344F
2429
096E
EBDB
D425
C594
C549
D1B0
E7C8
0561
16AD
1BD4
12FD
F8A4
E6B9
D613
CFDE
E71E
F3C7
15EF
2DEC
3B82
4CBC
3FE9
24E1
0DFC
ED52
D006
C4B8
D1F2
E88A
FEE6
1D8F
285C
210E
1E7E
0696
EB4A
DFF9
CD91
C757
E146
ED78
09A2
2EFD
2E80
2341
1B9D
FE54
EAC8
E32E
CDA4
B816
ADAF
B9B2
E159
386F
7AAF
7FFF
7FFF
7FFF
5559
05F1
BBFC
8000
8000
8000
8000
8496
E09E
5473
7FFF
7FFF
7FFF
7FFF
1D09
ABB5
8000
8000
96B6
DDB2
301F
4100
44A4
588A
3D4D
FF41
C715
8E02
8000
8000
D09C
28DE
7159
7FFF
7FFF
6A4B
3CFB
170C
DC01
AF32
ACE3
B2F3
CAE4
0954
33F9
3082
1513
F778
DE85
BAC9
AA49
ACAE
B1F2
D30C
12CF
47DC
63CF
68D3
4C97
1BF6
FBB1
F6EF
E8B9
DBA3
E5DA
F41D
F5EC
1119
2F2A
18ED
E748
D307
D208
D71F
F5AD
198F
3075
3035
33D6
3DDF
2B23
17A7
00E4
C992
B586
CB6A
D556
EA46
16EA
1EA7
0767
FDA1
F8DD
E545
CD1D
C5FE
D03D
ECD4
0D5F
376E
5969
59AC
419A
29F1
0CB3
E58B
D586
CDA7
C1A8
E3F1
0463
0F49
329F
3E8F
1B27
FCA7
F324
E124
CD44
CC1F
DC02
EF17
0159
1C5F
3593
3854
197F
FEE1
E669
D30B
D00C
CCD8
C2EE
D762
F77A
1D2F
5423
79E5
7FFF
7A48
3C95
F20C
BB60
89E7
8000
8000
9CAC
B730
F53E
4215
71A5
7FFF
7FFF
54A2
1E25
D634
9D3B
971F
AA1E
C765
055A
393F
42AF
33FD
176C
ED20
CD56
C191
C243
CB8E
EA15
0FA1
307E
5C64
7745
6454
2A47
F542
D850
BCE4
BD5E
DFAB
F956
FFF1
140A
2A25
2119
0FBD
FE77
CF61
AF40
B7BD
CBC5
E367
0AB5
2571
304A
3A01
3E67
2AB3
05B4
E3E8
D673
DDBE
F00C
0B63
195B
1219
06A6
0D09
061D
F7B1
F4D1
E724
D3BB
ED45
147C
29D3
3518
3978
265F
0B92
0411
F9D9
E256
CE47
C86E
D4F1
EDBA
0CD6
2166
131E
FBBD
EDBD
E321
E4BF
F22D
F2FC
F420
FBF7
1F65
3624
3345
3336
17D6
EE9A
E933
EC81
EB12
EBEF
E92D
F09D
0677
24CE
2A5E
1E09
0A69
E911
E0D1
E692
EB57
0427
FB50
EB2F
0D1E
174A
0F36
0D22
FA57
D8CE
C404
BEAC
CD9E
F28C
2E38
44A8
5F1B
7FFF
7FFF
3FC4
FD45
B636
8000
8000
8000
8B22
B05D
F492
5668
7FFF
7FFF
7FFF
5BAF
FDEC
AB43
94C3
A295
BEAC
F695
11A3
1A13
368A
3C86
1FCC
EDF5
C357
A318
8E81
ADA9
FF6C
366A
589F
745B
76E3
4DB6
1E80
0319
D848
B75E
C4C3
D0BE
E79A
1584
1D28
1593
0E76
FFED
DF25
C1D6
BF94
D209
D783
F665
2A25
3BCC
3888
35AD
2A42
1070
F15B
E531
E042
E091
FD2F
0F2E
14DB
21BF
1A12
F9BE
EA41
E57B
DF09
D698
ECC8
1491
1982
26BD
3F20
2FEF
1689
0251
F47F
E5FE
D51D
DC01
E452
F297
1578
19AA
092D
05BA
EE75
D10F
CB81
DD68
EE55
F386
0AB3
2FBF
3C1F
3CF8
4008
2A9F
FC6F
DF1B
D94E
D77A
D871
E3EE
F8E4
0885
1B36
293F
1BDC
0E12
FFA9
E3C4
D952
EFE8
FB4F
F7C4
0428
1743
1C72
0EC4
0ACA
FEBC
D974
C6F9
BCB0
AC88
AF72
E196
34DD
7241
7FFF
7FFF
7FFF
5793
0068
9C6B
8000
8000
8000
8000
8000
DFEE
68E8
7FFF
7FFF
7FFF
7FFF
149C
A094
8000
8000
909C
E306
35A4
53E9
667B
6411
301E
EA5E
AD8B
8000
8000
883D
D8FE
14D1
6B1A
7FFF
7FFF
7FFF
4F6C
095B
B634
93BA
9DDC
B2D5
D598
0351
283F
2829
19C9
0FFB
ED2B
B195
A651
A77B
A6D3
DDF4
2DE9
4CF1
619A
71C7
4B59
14AC
F9AF
E79A
CF32
D64B
E554
F232
0791
22B5
30B7
2521
FB9E
E297
D934
D075
EF24
11B4
1DFC
224A
309B
2E61
16C6
0696
F4D8
C307
C02B
D1A3
E087
0241
2168
2ADA
1506
08A6
0031
D4BA
BD4C
B86E
BC5D
DBD4
095F
45DB
6043
559E
4DAA
3739
11E9
F90D
DE4B
C722
C3F1
D60D
FFBA
17E9
3107
2F93
0ABA
FF3F
F3B6
D958
CD21
C7EA
D68E
E97B
0AD7
4648
4A4E
2DCA
1A4D
E9F0
D205
CFB5
BA46
AEFE
9E61
BB2D
0C20
5A04
7FFF
7FFF
7FFF
7FFF
2AF7
E545
9CD3
8000
8000
8000
8000
BAB2
1DFF
785F
7FFF
7FFF
7FFF
49C0
ED3A
A828
839A
936B
BB5D
FF30
42C3
4DBC
33AF
2773
03B7
D30A
A7ED
8B77
8D0B
AFBB
F0A2
4F4C
7FFF
7FFF
7FFF
534F
17D1
EBBB
C67B
A95D
B649
CCF4
DC72
FF55
3258
30F2
0C9C
EB28
C84B
AA4D
A860
B96A
E3C0
0D93
2DCC
4B60
5E69
54FF
3884
086E
E26B
D732
CD4C
CE24
F1A7
0B5F
169A
1954
1FBB
1B7C
03E6
DF6B
DA3F
E214
EC49
01EE
21C3
3902
3983
1F23
155E
020C
EF4E
D810
C871
D752
EAF3
F739
166A
2936
1D1F
03C5
ED6B
DBF1
D0AF
CEF8
CDCB
EB55
0FA8
2426
3CD5
551F
4706
2ADA
083C
EC5C
DF3B
D77C
DC5E
EFF2
0128
0D16
1808
271F
218A
FD7D
E6E1
D6A2
CA6E
DC9B
ECE4
FD6D
1F70
27A4
1FD9
24E2
1CA5
FC6A
DD52
C9D7
BD24
BA53
C5A6
E042
098D
365A
5A78
7A46
7FFF
7FFF
310A
E598
A28C
8000
8000
8352
A285
CB67
F643
30B6
7405
7FFF
77BB
44A3
FEE1
B987
A5CE
B5CD
D3A2
F925
1AAB
27AF
36F0
2B2F
0D1D
E1F4
B332
9CAD
B333
C9D9
F92E
35BB
5307
5D1D
6748
59F9
26CE
FC64
D7D9
B72A
C203
E7BC
F7CE
116D
1DF3
0A8C
05FD
0014
E9D8
D944
C16E
AE2F
C979
F9AB
1B95
3DF3
4E85
32DE
1CCA
115C
FAAD
EF4A
E9EB
DFDB
E626
025E
1395
176B
1974
0D7C
EE26
E736
F172
F29E
FC22
FCF0
0683
29DE
2CA0
22F6
1CCA
059F
F0F9
E08F
DE3C
E2CE
ED9C
F4A5
FC4A
15E5
18E0
0747
FCDE
E5EE
D55A
D89A
DF22
F670
12D6
1A81
20DD
3451
2C92
1673
0BDD
FD3D
ED15
E962
EA53
F363
06ED
0ACC
0721
1345
0AF2
F859
EF15
E647
DBD3
E19E
EF49
0440
1C1E
25DD
1AFD
16BD
0C38
EE53
D3E6
C595
B579
B834
E5BC
31B0
6C2E
7FFF
7FFF
7FFF
27B9
E17D
9211
8000
8000
8000
8000
B2DD
20A0
7FFF
7FFF
7FFF
7FFF
3676
D25E
8D82
82B4
96CF
CA70
07FC
436D
5411
48C3
440D
1668
CB8F
A0D3
828C
81DE
AAE5
EA6E
3602
7531
7FFF
7FFF
51EE
23C0
FB1F
C954
B413
C8E8
D7E0
EFF3
1025
2670
1E34
FF52
E94A
D33F
B257
A8A1
B847
DC8C
1074
3D68
53D7
629E
5059
2487
0254
F297
DFE4
CF2E
D29F
E0C1
F70E
13C1
1D88
1E58
15D7
F0C8
E116
E2F0
EC80
0412
12D1
287D
3A58
2D9B
2200
13F1
F782
DA11
C850
CB36
DC71
EA16
00D7
1BC1
23CD
1E1C
0FCB
F64B
DAC9
CFB4
C8EE
D741
F42E
120F
2A35
38FF
4412
3BD6
1F95
0831
EC9F
D3D9
D12D
D4DE
F4CF
0CDA
14BF
27B3
22CC
0E16
FA19
E956
D39D
CDDB
D60A
E46F
FE4E
224E
2D3C
30A8
334D
18F5
F8AF
E69C
CF3E
BE85
B496
AD9B
B31B
DC9A
3183
7682
7FFF
7FFF
7FFF
64B0
FF69
B161
8000
8000
8000
8000
8000
D18A
57AE
7FFF
7FFF
7FFF
7FFF
18AF
AB45
8000
8000
988F
DBB9
358D
5C25
5CE0
5C6D
3C7F
EC50
B39E
8ED8
8000
8000
C5FC
1922
6810
7FFF
7FFF
7FFF
3EF6
0A98
D412
B0C3
AFD5
C1D9
D556
008F
2933
2FFA
12D9
F37E
D0C0
A15F
8F16
AFAB
BD24
D0AB
1B62
51FF
67F0
7BAA
6311
24A7
F44B
E1CB
D774
D3AF
E4C7
F3E2
F42A
16C8
314D
24F3
FEFA
EF21
D263
D1F9
F46B
2076
3390
2BF3
26CA
295D
112A
08FB
F80B
C9A8
A9E3
B95B
CDBE
FD87
28BB
29A9
1D33
0F8E
038B
F9C9
CF66
C7BA
D2BC
CDF6
F114
34D1
530A
4CE2
3DD4
30C1
0A7A
F231
E80E
D757
CF68
E9CC
F58D
1306
3617
30ED
1466
F72C
E7B8
E109
C198
CD01
E178
E7B8
F776
251C
46AA
36EE
1747
0AA7
E836
CEFA
D620
CF8B
C82B
C72C
DA6A
131D
4967
6FB0
7FFF
7CE0
61E7
1BEA
D140
A5D2
87B2
8000
87B8
A4A6
DB00
1BB2
4F93
70D3
7FFF
5F8B
1ECE
DF2E
B062
9D33
B00A
D3EE
040F
3A8F
4B29
2F48
2C80
0E82
D13E
B364
B993
BB83
C9BD
F465
282D
552E
70D7
6BF2
4417
1CC2
EA1F
C6F3
CA1E
E657
F009
FCF1
0C5A
1580
11AE
FC57
EA4C
DAEA
B894
AB14
C66F
E7ED
0719
27F0
3C11
480B
49B7
34FE
0D37
F135
E017
CF1D
D13B
F718
0D2D
0936
0A74
0D6E
0DA7
FD3C
F579
FC6C
F4E2
F2D6
0DEE
2A66
33FB
375D
2461
FF96
F53A
E88C
D016
D05B
DA2B
DBB8
E6E9
08FA
1CC8
1FC4
1659
FB84
E91C
DE89
D7F7
E8F3
F605
0035
1176
2320
2E67
2D7D
26B8
063D
E6A4
ECD4
F040
F240
0A39
13D2
08DE
11F0
1F9C
1218
FE7F
EAB6
CDAE
C4C1
D758
EF97
FF34
14C6
1F7D
16C7
182D
1E0F
0BAE
F5DC
D458
AD38
AC0F
D69A
08D6
436B
646C
7F16
7FFF
621E
16F5
DD65
9212
8000
8000
8000
A60F
E7CA
43E4
7F93
7FFF
7FFF
776B
2316
CCC2
87FF
8000
A29D
E3AC
1F78
3DC0
4763
48E9
38AC
098A
E414
B582
8000
8000
BA9F
FC5C
3D1A
7ACC
7E00
5BAA
3E80
1F01
FA72
DB24
C374
C16E
D59E
FC3E
1754
2224
19FB
00FB
E72F
C4E7
B273
BE92
C789
D59D
0BBD
3AE4
4916
58B7
5667
261C
04DA
F96C
E2F1
DC6F
E1FD
E125
F708
0F5E
1240
0AF9
FDBC
EC64
E2BD
E48D
F308
1808
2220
1F67
2A96
337F
1D10
1007
013F
E5B4
C47A
C4C6
D658
EBD4
08F1
1BB0
118A
10CD
057F
EBDA
E6DD
E40E
DB4C
E729
FEE5
1F2D
2EFD
2F15
336C
25E0
09BE
F426
DC84
DE5E
E450
E628
FB2E
1662
216A
2454
1806
0A58
F7E8
E557
D053
D1C4
E2A3
ED6D
02F1
238B
2B96
1ECC
175B
0C50
F535
DE00
CC2E
B7F9
ABB0
C347
0680
4B08
7E92
7FFF
7FFF
7E24
1841
D772
8000
8000
8000
8000
8000
C553
3791
7FFF
7FFF
7FFF
7FFF
3977
CBC1
8000
8000
84EA
C22F
1831
4ADB
53D5
5495
444B
0F43
D3B3
AB2E
82F4
8000
B7BA
FA27
3C1B
7D9B
7FFF
7FFF
4E68
2097
E40F
AAD9
A860
C664
D956
FB05
2432
2C86
1C94
0824
F581
CA8E
A8D5
A627
AB7F
C531
0BD2
3D5E
57B3
6842
58E4
2C5A
00F1
EFF3
E446
CED0
D9C4
F5AB
00C6
115F
2257
203A
079C
ED4A
E358
D960
E225
079B
1D2D
27BB
35D6
3471
1C2C
0C95
FA54
D83D
BDCC
BE89
D215
E53D
029B
26CE
2E2F
15F1
0DEC
F7FD
D328
CA12
D045
D5CF
F31F
202E
4303
4C32
4BF2
395A
103E
F2D3
E0BA
D212
CDC6
D332
F15B
14B1
21EB
415F
3F61
1164
F7B2
E5FF
C51E
C27E
D44F
DA38
E6CF
1027
3182
32B5
2ED8
1689
EA74
CF78
C322
C4B6
C2FF
B4E7
CE32
0B30
56BE
7FFF
7FFF
7FFF
7FFF
1BCE
CA8F
888E
8000
8000
8000
8000
A67E
2389
7FFF
7FFF
7FFF
7FFF
3A98
E1D5
968E
8000
880C
AC52
F243
3EE6
5FB0
63BE
54C1
154F
C481
9CEC
8D60
8000
9D5F
E7AE
3219
7D9F
7FFF
7FFF
5ACD
12DB
DC57
B8B7
B6B8
C77E
D94D
EE0E
16B3
3DF8
3D09
2302
FF54
C2C2
8B5E
84F1
AE0F
D0BE
F06B
266C
4F74
5AB3
5F66
5339
1DC4
EF2F
D92D
CE21
DBD8
F84E
022A
0411
1397
1967
04F9
EBBC
E341
D841
D191
F397
290C
4235
3FB1
3BB4
35A8
238E
06AE
F03F
D3F5
AF78
B702
CCFB
EFBB
1BEA
1BC3
0867
01E5
F51F
E543
D577
DEE8
EFD5
F5AC
0897
32C2
524E
4B86
2CEF
1CB3
FCFD
D345
D0D3
DAF5
E37E
F706
03FC
1B4D
312A
338D
1CBD
FA6A
EF02
D1D8
BB15
D8F6
EF44
FB1C
0603
0C8E
248B
2946
0BC2
04BA
EFCD
D39C
C5C3
CD57
DFA4
EB65
0F60
4636
5572
7ECF
7FFF
487E
FD0B
C186
8459
8000
868D
ABCD
BB2C
E1F3
2A4E
6B96
7FFF
7FFF
63A1
222A
C5C3
8D47
9B3C
AB9C
C790
0756
242B
3880
425D
2F2D
089B
DA16
BA50
AECB
C046
ECC4
0F25
2E39
4A57
5EE9
5DE1
37E9
0C3F
ECEB
BDCC
B199
D9A9
FC31
0B28
22FE
20CD
11D7
0714
FE00
E393
C365
B1FA
AF63
CA47
0529
321A
48CD
3CA5
2CC2
204C
054F
F8CE
FB1E
E8ED
DFA0
F395
0B0D
158A
1B22
0F8E
EF50
E339
E701
E7FE
F4DC
06CD
06F7
1269
35DC
44FB
39A6
2491
F83E
D552
CE05
CEB2
D84C
E96F
EFA9
F527
09A3
1990
17E1
0EB2
E9B6
CCA9
D7BA
F4D5
0535
204E
3545
22DE
1515
2455
14FB
FE2B
E999
C8E0
C1B9
E1CD
F8B0
0FF5
2721
2B76
1E4B
1EF7
1E08
1132
E9BB
C5BB
CD15
E51E
F268
0A81
1882
0A92
FF87
FEDC
F4B4
ED64
D432
B22A
BF22
076B
4BDF
7159
7FFF
7FFF
5E50
0998
CFE4
8E98
8000
8000
8000
8000
CE35
3B95
7FFF
7FFF
7FFF
7FFF
26AE
D02E
A5A8
89A8
89E8
C6A9
05B6
1E1F
2CD8
45F2
3F04
06AD
D3C5
B938
9CB4
9D0B
D194
1822
4F9D
7199
7FFF
6AE5
352E
0F07
E22E
AF62
B04D
C234
C63E
F061
2AEC
2E0F
1726
1366
02E2
D562
BBC4
C6EC
D6CE
DB84
FED4
2C83
30D2
3282
362D
1CEA
FC59
F5C3
F345
E3AF
F2DC
1023
123A
186E
26E6
1BEE
E844
D950
E1CC
D9AC
D5EB
FF0A
22E4
244E
1FDD
2A27
2028
02D6
F8AE
EB73
CEDA
DF55
F659
F43C
13B2
2387
0FA3
0039
F119
E71E
CDF9
C2ED
E079
F3C9
061C
27AC
4DA0
5297
3007
291C
167C
E3CF
CC1D
C723
C91A
DCA0
F51C
1303
21B9
3054
2982
05E1
F4D1
F8FA
DE48
D265
EA06
FB40
0296
15EC
2DEA
2725
0DE1
FB31
E549
D503
C950
C116
BB57
B988
D5F5
1803
6507
7FFF
7FFF
7FFF
7FFF
19DC
D7C0
8000
8000
8000
8000
8000
A670
1B45
7FFF
7FFF
7FFF
7FFF
577F
EFB9
87FC
8000
85F4
AD9C
0310
506D
53DC
51F9
4207
09B8
D14B
AB09
8A05
8615
AC4E
F71C
44E2
7FFF
7FFF
7FFF
5377
1032
E23D
B5C0
A222
BA60
D577
EE44
17B2
3596
27E1
0EDC
F1B1
C342
9FAC
A143
ADC8
D077
0060
2D6D
5627
6B78
5680
34F7
0543
DEEF
D43E
DC39
E62B
FA70
1775
1B9E
1E91
22D6
0EF7
EBB1
DAEA
CDE0
CF32
F478
1C7A
393F
3FC8
3325
22E0
1055
F9CA
E9B3
C63B
B5E0
C0DE
D7CC
0E86
31DA
2EAA
25A8
030F
DF80
D016
C6D5
CA78
D1E5
E44B
0D18
39C3
611F
6428
414B
2068
F676
DA2C
DB65
D307
DE60
E674
F73F
2759
3E19
3D91
26A2
F9C4
E066
BFCC
C129
DC35
D9DD
F161
0C61
1EDA
3880
2D06
1C48
FBA0
CDC4
BE5F
AFF7
A854
C3F1
E7F1
2EC4
7079
7FFF
7FFF
7FFF
4873
FAE2
937F
8000
8000
8000
8000
8CD8
F5DC
741F
7FFF
7FFF
7FFF
5D7E
F054
90B8
8000
8D2D
B17C
E104
1F15
3AAE
4CFF
5500
2D8F
E2BD
A9E8
8000
8000
AC21
FB69
2A7A
677B
7FFF
7FFF
7070
454F
04F1
B9BA
924F
A5CF
C549
ECF8
0E04
2457
2E3F
200C
02FE
EAB7
C726
AA0E
A31E
B639
E1E2
2A76
468C
458B
521A
44F8
0DF5
F8EC
F8B7
DB6F
CA19
E088
FAAA
13AB
231B
260F
14F8
FEAC
E6B7
E160
E110
EC6E
019C
15BE
2194
407A
43FB
1EE3
0938
FF90
CBB0
C163
E1CD
E7D7
E460
FDC0
0A92
0D7E
077E
FC10
E842
D8E8
CFB7
D944
F9E1
1B8C
2D3B
431E
3AB6
3849
3848
09ED
E53F
DB4C
C334
CA04
E26C
0918
2150
1326
26D0
246B
0315
FDE2
EA87
D740
E2DF
E3DB
F869
1254
20B0
261B
139E
090D
FA3B
DA55
D37A
C637
C2BC
C45F
D484
1267
45DA
5F1D
7FFF
7FFF
6815
2550
DB3F
A4CB
8000
8000
8000
9A13
D819
16CF
531B
7FFF
7FFF
75B2
48AD
FFDC
C35C
9CC7
9A79
C7CD
FB14
24FB
37C0
2D56
190D
F8B7
DC51
C245
B302
BA3A
C85B
EE23
38BD
6B28
799C
6BEA
3A48
0528
E549
D140
C70F
C7BB
DAE0
F48B
0A07
24D0
2F08
1A08
F439
D06C
C46C
C3DD
CE3E
E832
F87D
0E4C
3042
48A5
4C21
2D2F
FF16
DD8D
D502
E4A4
FA2B
0229
0CDA
1360
11FA
1401
14B2
06A3
DF25
C84D
D30D
F37F
1422
26B8
2FB5
1AAE
1266
1B7C
1567
0046
E491
C4B4
CDC4
EBC9
09AB
1CD8
1BB9
0CD2
FC3F
EA55
E2FC
E506
D6E3
D38F
E818
0F84
3151
4418
45AE
3030
10C1
FF7B
F361
EB0C
E38D
D79D
DDDB
FC9B
0FBB
19B4
1E64
10A4
FF54
EECC
E6EA
E7B8
E89F
E420
F794
0EC2
1BE5
2281
1DDA
0966
ECF1
D9FC
D334
C8EC
BADC
C4DE
F5E9
3D96
6E1B
7FFF
7FFF
7FFF
2FA0
E4AC
9A5E
8000
8000
8000
8000
A7D5
0E35
6966
7FFF
7FFF
7FFF
4A44
EF8D
A62B
8DC8
97EC
BAAE
076A
35DA
3EDF
41D4
3D21
163D
DD50
B0CE
96F0
877C
AB1B
EFB8
2E20
6ACB
7FFF
7898
521E
29C0
F6B7
C980
BE2D
C7F4
CFE5
E38F
10C9
2618
1C9C
0BB0
F865
D6B9
BA2C
B270
C427
D83D
FC6E
2BC4
486C
4F6D
4A1F
30A9
0082
EAFA
EBD1
D59C
DD38
0089
0150
0322
1EE0
2621
121E
F8A3
E805
DAE6
DC36
F764
1A34
23CF
25F5
2896
1C3A
0D6F
FD11
ECA9
D00E
CB10
DF68
EF93
02D3
23FF
25FD
0684
FB8D
FD15
DD40
CBAC
D696
DB20
EB67
1135
35DD
4320
3E4B
3456
1EB1
FB87
EE7E
DEEB
D147
DE3F
F700
07C4
1696
2840
2599
0834
ED4A
E3F7
DA81
CC9C
DCC7
F4DA
FC7C
1046
2D34
3014
2078
13DC
FB2A
D4BD
CCDF
C6FF
AE5B
A727
C689
0B3F
5873
7FFF
7FFF
7FFF
7FFF
1918
D142
8000
8000
8000
8000
8000
A174
308F
7FFF
7FFF
7FFF
7FFF
36E9
D21B
8000
8000
8EC5
B5F6
0C1C
4B7C
64B6
782C
58F9
079B
B88C
86C3
8000
8000
AF3E
F53D
3E81
7FFF
7FFF
7FFF
7159
2698
D399
A6A4
B0E8
BD35
D9BA
FB12
0E62
232D
20A9
10CC
F75D
B4CD
8077
848E
A5D0
D954
1FD6
4CE5
6046
6A4A
61BE
4371
13BE
EBAD
C527
B1DB
D154
F79F
1108
25F8
25A2
1529
F847
EE03
E979
D91F
CF6D
FE0D
1D29
3B70
4FE7
4517
2271
0765
E96B
D526
BD91
C271
BFE3
D68D
0B5F
3418
3EC9
2EA4
0D67
E5F8
B60F
B566
C7B1
D54E
E704
0E35
395A
5847
5F5D
5884
3408
F957
D49D
C597
CF50
EC6A
F3F1
06D9
193B
2705
296C
1228
FDC5
E4CD
B439
AC59
CFE4
EF7F
0267
1EB3
3E6F
4197
33F1
29DE
0294
E022
C769
A36B
B2DE
C68E
D0C0
F717
2E5F
643D
7DAC
7FFF
7FFF
4C1B
EED4
AC31
8000
8000
8000
9585
BA96
ECA3
3619
706A
7FFF
7FFF
4FB2
F595
B80C
9C31
AC55
C5C1
F306
2ACE
3F15
30DC
3244
25AD
EC1A
B307
9D4D
9DAA
BCA9
EF2D
21D4
4B01
7132
786D
5B84
3AAD
1585
DE59
AD0A
B24D
DAA9
ED81
048B
1FE1
1812
FC60
EC80
F092
E183
C48B
C3AF
CD78
E51A
205B
472D
4757
4533
329C
0807
E8B2
E54D
E17E
D0A3
D9A0
F7E2
0DF5
18DD
234E
2317
0AEB
EEBD
F2C5
FAEE
F445
0293
0F8F
154C
2315
27C2
2512
04B6
EF89
E2A6
C925
D67D
F09D
F48F
02F5
0EE0
10B5
1168
05E1
F5A0
E46B
CDA4
C950
E534
037B
12DC
2C9A
32CA
23E6
22A8
1DCD
05CA
FA71
F2A8
E3D9
E6CE
FCAD
0CE5
17C3
1188
027A
FD07
F525
E1F0
EEB6
F0A2
E5F3
F708
1705
187B
1EA4
235C
0735
E1BE
E863
DCF8
C704
C271
C9BF
E17A
20B5
54D8
7FFF
7FFF
7FFF
307A
F0F0
B487
8000
8000
8000
8000
A752
FF06
526A
7FFF
7FFF
758B
38FF
FED7
C05E
A582
B388
C39E
ED6F
1D36
39E9
48C6
3936
0C01
DD5C
B7A4
9A98
9D41
B8D9
E1EB
2175
5778
7956
7EF4
5772
18BF
F4B6
E29F
D1A6
D355
E616
F5E3
FF4E
0F62
180D
0D4D
F9B5
CFAF
B3CB
B37F
BA97
D66F
04EE
24E2
3FD0
4C45
4A80
3CC6
20F0
F5A1
DD7A
DF75
D813
E0B3
FC20
101C
194E
0FA8
FFDA
F62D
EA5B
DF97
E908
034A
15B9
1D18
277C
2BB0
27FD
1C11
0F09
F44B
D866
CD39
CF06
DFA5
FD29
0513
0970
152C
10E5
00E3
F12C
E3F8
E2B2
DAD5
E3E1
0AC0
1D2D
2010
2768
20C9
1AC4
0E54
F9CC
F55B
F085
EB83
F7B8
0C40
152A
16E9
0FBA
04F8
FD95
F6B0
E102
DA8A
E73A
E9DC
ED01
0A3A
1FE6
1669
0FAE
16A6
09C9
ED54
DEBF
C62E
AC34
B88E
F473
394B
6C1A
7FFF
7FFF
7FFF
22B8
E6E0
907E
8000
8000
8000
8000
ACD4
24E2
7FFF
7FFF
7FFF
7FFF
45C9
D287
838D
8000
8000
A94A
092B
4861
569C
6407
5695
1460
DBEA
B5E2
8107
8000
B0EB
E48B
23C4
76A5
7FFF
7FFF
572C
24F3
EEA5
B46B
B24D
C98F
D727
EC58
0EF2
2A11
2503
09E4
FAD8
D05A
A232
A250
AED1
C621
050E
3D8C
51E2
5C2B
636A
3DB1
08DA
F4F9
E35D
CAE8
D744
F3B2
FF80
09A0
1809
184A
08EA
FC2B
E8F3
DE60
E4B6
F65C
1AA0
3705
3669
37DA
256D
FF68
F4BE
E3BB
BD85
C557
CE19
D2D1
FDA5
20B5
29AF
2640
0FAF
EEAA
D23C
D32D
D0BF
E151
FE2B
0D26
2F83
5266
4F13
469B
246C
F14A
DAC0
CDBB
CD86
DF6A
F34D
0678
1916
34ED
39BB
1F4A
09CE
DCE3
B200
B997
C9A8
E1F5
0133
1357
24FD
37C8
3038
29C3
04A1
D503
B65F
A7C3
9F83
B63C
EEE3
363C
696A
7FFF
7FFF
7FFF
686E
F653
94AD
8000
8000
8000
8000
85D1
EB85
688F
7FFF
7FFF
7FFF
6E99
EC5F
8EAF
8000
8000
AE4F
EB78
24FE
470F
533D
6245
44AD
EC1E
974C
8000
8000
8FE5
EC9E
373C
7464
7FFF
7FFF
756C
45E4
0269
B4F7
91C1
A5A6
C882
EED9
1A86
3B2C
3378
18C8
FC98
D993
A7D9
85A2
8D99
B563
EB71
30E4
5C09
6835
69DC
4F11
20A2
FF7F
EEF1
C9E6
BB13
DCD9
FD6C
1153
2431
310B
139A
E459
D01F
DB9F
D919
EFE0
0AC4
1F7B
3CEA
4AEF
4348
3689
0FB1
EE37
BA1D
ADAA
C73A
D63C
E5A7
0716
25DC
2611
0C62
0AEF
F3F4
CABD
C38E
CF24
E3C3
0A7F
278B
4679
5290
497D
2D12
07E6
F105
DB51
C345
C7FA
E33D
0869
1BD7
2BB9
430C
2E8A
FC6B
EE03
E2DB
C7D5
C502
CF06
DA2C
0256
1EED
2EC2
38E5
2CF2
03D5
EB72
E155
DF8D
D2EF
C6F1
C199
E366
0C9D
38E3
62DE
71A2
68CA
4EF7
1EBF
EEA1
BE96
8B85
8000
9186
BD93
DBC9
15FB
5054
57BB
6053
6B0C
44AA
FFAC
BE42
8C0C
9E63
C5E2
F8F2
2D7C
3CFD
2342
1473
06C0
F2E1
E046
CBFA
B5C1
C6AE
F8BF
22A0
44A2
650A
576F
293D
11B1
08BA
E708
D2A2
D7F7
DDAE
F4E6
1B00
29F1
21C4
0684
EF10
D5B5
C164
C979
D028
CB2F
DE94
0E04
2FE7
3A31
4587
39EF
0C30
F33E
FB30
F9C4
F56A
01D2
F898
EB2B
FD49
1191
04EF
F5FC
F35B
E2A0
DCFB
03FF
2050
2478
28CD
2783
2194
1C30
1178
0360
E206
C94E
CDFF
DBB5
EAF9
055B
0F63
F54D
EB68
FDE9
FF6D
F2A9
00B9
0318
F4A3
073C
2BA9
2A7D
1E75
1416
F762
ED1E
EF13
EBFB
ED64
EC46
F5AB
0114
11E3
2B4E
3BB7
1D3E
F5AD
EF7D
F205
DE05
E83B
F7C2
E69D
EA50
07CE
0E2C
1213
0B37
EB0F
D30B
CF2B
D3BB
E638
103A
4312
5F4A
7C2E
7FFF
696A
154D
C0BB
8000
8000
8000
8000
A2B5
DB0A
336A
7FFF
7FFF
7FFF
7FFF
29F2
BE19
8BB4
8DFB
A60C
C887
0273
27C6
2C56
3852
42E4
1002
CFCC
AC55
9787
9A9E
CD6A
16E3
492C
6239
788A
65CE
3D57
158B
E577
B78B
B697
CBF8
E3AF
FC59
1AD6
3499
24D4
080D
F9C8
DA02
B089
B067
C442
DB5E
FFEC
28AA
3847
3D3A
424B
2EA8
0EAB
FE34
EB05
D87F
E972
0326
0B8B
0A3F
103B
0FEA
FAB6
E00F
DFB1
DF79
E3C5
F670
1A8A
2D29
2E4B
2F4D
22B6
0FBF
0953
F740
E01E
DCB4
E175
EA4B
FA37
160A
13F5
F38B
E9C0
E4D0
D773
D671
EAF4
F9CB
0719
1EF0
3D50
4794
417D
2AF6
0A03
E813
DAE5
CEF6
CC22
DE74
FD9B
0BC3
1242
269E
280F
0DD8
FE36
F425
DF27
DA13
E5B7
F430
0037
0A2C
1CB7
203B
1542
0B61
EF68
D9E2
D4B9
CD60
C0C6
B7B8
D504
17FE
5458
7FFF
7FFF
7FFF
7FFF
0EA7
C0A5
8000
8000
8000
8000
8000
AF97
2F45
7FFF
7FFF
7FFF
7FFF
4B2A
DA6E
8000
8000
8000
B3C9
0617
4171
563D
5EBA
4882
0B45
CCC2
A194
8000
8000
B7BE
0292
4901
7FFF
7FFF
7FFF
5AB7
1B9D
D931
A33B
97A7
B25F
D32E
FA94
1EBE
2E32
221C
0F00
F2A4
CA9F
A8D9
9EDB
9EB9
C226
0714
43A0
6410
68C5
52CC
2E3E
01F9
EC55
E5CC
D565
D9E2
F1E7
0583
2183
35C5
2676
FEBC
D739
CEC0
CC85
E0B3
0803
1AF9
27FA
38B2
3E30
3C39
1B1A
F80E
C7F5
ABB1
C2EB
DCD6
F27D
0D32
150F
1E30
1D8C
1123
F965
C6A9
A177
B2BE
D43E
070E
39AB
5805
57CB
4BCD
420B
2E0D
0767
DB0B
AEF6
AB67
CAAA
FE3A
1D5F
29C7
2DD8
21E9
0F01
04B3
F3E0
D445
B620
BD79
E151
078E
2EE9
3F3F
2FCE
1E11
0117
EC80
DD30
C7AD
B447
B54F
C0DE
E08A
0F74
4888
763D
7FFF
7FFF
7FFF
4BB2
F058
AECA
8000
8000
8000
8411
AA07
EC2F
3DDA
7A62
7FFF
7FFF
6D77
0A94
B325
8C8B
99A4
B7C5
E1AF
1B42
2C9C
23B0
323E
2FB7
FC7D
C623
A39F
91E9
AD7C
F349
2EF0
5CB6
7EBA
7844
52CE
2E72
07BC
D31F
B153
B4D2
D813
EBFC
07D6
34B3
33CC
098A
F91B
E807
C4A5
AA2D
B02F
C1CA
DED7
1106
39B6
4E5C
4DBD
38F4
1206
F245
ECD6
E681
DB44
EC27
0B9E
133C
17D0
2DD6
26F3
FC66
DA01
D90C
DA6A
E2D6
02F0
1D70
2D26
34AA
3247
2833
1D9F
0376
DA57
BEC6
C9F9
DB46
E58D
FD84
14A4
0C43
FE1E
FFC2
0174
EAAC
CF4B
D42D
EAF1
07F0
2287
4293
4DD8
3341
1D0F
12A3
F5BD
E852
D88C
C329
D43B
F934
0CAA
1AD2
2C0D
234B
0009
FBE2
02CF
EC58
EA0D
E63C
E029
00BD
15A7
188A
23E5
0CBC
EC5A
E548
DEF3
D4A0
CCCA
C0D2
D0B9
05E2
4BEB
6E51
7FFF
7FFF
582A
FD5F
CE3D
9546
8000
8000
8000
9171
D043
316D
7FFF
7FFF
7FFF
6FB1
26AA
E14B
AAD7
9764
9C95
B9E4
0130
2EB9
3E9E
4F3F
309A
F2A7
D123
BE30
ADC2
B46A
D16E
F85F
2595
657F
7FFF
70AD
44AC
0B29
D3BA
C076
C42E
D3E0
E273
EAD5
0112
1F72
225C
1D59
0F7A
E473
B70E
B6E7
C8A1
E19D
0901
1F1B
23C9
3775
3CFD
2826
112E
FBD7
E7BD
DDD0
EC38
06D6
123A
0A33
0738
05D6
0280
F194
EB32
E546
DDA1
F9FB
1688
2611
3CC4
31B0
0E90
0A26
0C5B
F36E
DF38
E319
DE7E
DEF0
FB3B
1715
1A04
061A
E524
DD31
DD0B
D922
E6EA
F8D2
01CB
1B7B
3356
3BA0
4228
2CFC
0001
E262
E371
DDAA
D535
E554
FCD1
0526
14A6
29F6
318D
18D4
FA4F
EA08
E1D1
DDAB
E260
EE8B
FB36
10F8
160C
127B
134B
0935
E5CB
D0E3
CEF1
BD04
AE40
D50C
23A2
5EAC
7FFF
7FFF
7FFF
6850
FDF8
B963
8000
8000
8000
8000
8000
D5D5
53AD
7FFF
7FFF
7FFF
7F4F
0E72
C38C
8CEF
8000
97AD
D762
1B25
3BFC
4C50
566E
3B7D
F65A
C41E
9F65
8000
892A
C8C0
0742
591E
7FFF
7FFF
7857
4807
0AC3
C51D
A3C9
B695
BE36
C3EA
F785
2783
2C8F
277A
20C2
029B
C9CB
AB6A
B74C
C086
D9F3
19ED
31FE
476E
59C7
3F30
140F
FE65
F39E
D3A8
CE62
F3B7
FDA5
0092
1DFF
3979
202B
FE04
F23C
E5CD
CC8E
D943
FCDF
12AD
1C29
2CC8
29F9
1653
0E80
055F
E5BF
D5F6
D8FC
E36F
E917
0D6B
2F29
15CF
F816
04FE
E514
BD82
CC74
DFF8
E410
FFEB
2A23
41A9
44F6
4D35
3567
1380
F9C9
DEBA
D585
CDAE
D902
FB96
0294
0F87
2AC0
213C
FCAB
F405
ED7B
CB60
CDE8
F47E
FABB
0485
26E0
2AD6
22F0
1D96
03AC
E0A0
C9BE
BD1B
B3D3
AE4B
B94B
E6CA
3376
7628
7FFF
7FFF
7FFF
63B3
0B02
B077
8000
8000
8000
8000
8000
CE02
46D1
7FFF
7FFF
7FFF
7FFF
197D
AE38
8000
8000
9FA7
DF1A
24B4
3CC7
4985
577B
3809
F92B
B29C
8000
8000
8297
D546
2FC9
7923
7FFF
7FFF
7FFF
51EF
167A
DBA1
9FCE
9597
B5FA
D7E4
0740
2406
1AF8
057A
F7C7
E6F9
C577
A5A7
A632
B69C
E07C
2855
5B61
67AB
5B3C
387F
16C6
FF02
E9A6
DDBB
CD54
D7B7
F7A1
0E5F
2D9B
3828
0B8C
E61D
D625
D61D
EE77
0493
0DDF
1F1F
2B55
3546
3CA6
2EA9
08D6
DAD7
C44D
B885
C434
EB18
FB7D
16AD
277D
0EB3
13C5
0157
D408
B81E
AAFB
BE8F
E014
0A3F
3A9A
5D32
678C
5181
352D
2CE1
FD23
C700
C83A
C27D
DF4E
0280
0624
2CAD
2F5D
12B5
038D
F228
DDFB
C7C7
B787
D392
F3BA
0F9D
37FA
44FF
375A
1C34
F524
E673
D6FF
C0A5
B17A
A88E
CB6F
00A3
30FF
76FC
7FFF
7FFF
7FFF
35FA
EB20
B98A
8000
8000
8000
900A
BFBC
09C7
568A
7F93
7FFF
7FFF
4E6E
FAB1
BE9B
8E1F
9510
C177
E66E
2468
4BD4
37F7
2B02
0604
D821
C891
B225
A768
C801
F6FF
26BA
5369
7FFF
7FFF
5336
1F7D
F585
C601
B258
B7A8
CF3E
EF00
04F2
1FB4
2F36
1D09
046E
EA19
C7C3
BA3B
C8AF
CF6E
E878
1AA6
33A3
3A1B
4E21
3E61
0A21
EB14
DC85
D121
DDA9
EFDC
FFAD
0D31
14CB
13D2
1D9C
12B1
FFA7
ED1D
DF37
DD7F
00B7
1649
208C
3570
2F25
1239
0863
043C
EC9D
CFBF
D6FD
D920
E3B5
060E
1761
14CD
11AD
F5F4
E820
E523
DCA0
EA5F
E819
F15E
16F0
26CA
3793
3A0A
25F4
0AC5
EE2F
ED3D
F433
E27B
EB31
F38F
F8E0
124E
2707
22D7
0C1F
F607
E911
D983
E892
FFBB
FD84
0A89
0783
10BD
1EE8
0B66
040F
ECC8
BC9E
AE46
B74A
DD3D
18D0
478A
6257
7FFF
7FFF
5BC8
081B
D509
8732
8000
8000
8000
A377
ED3C
3EB4
7FFF
7FFF
7FFF
679C
1394
BBF5
8DA2
9465
B821
EFC0
2413
31B8
33F9
3E39
2E41
FBB3
D208
A64C
8661
9137
CE9A
21FC
5B00
7139
77CF
5A1C
3141
0F77
EA1D
C0CA
BE59
CCC2
D781
FCC6
202E
210E
0847
FAC3
E86B
C8E0
C357
D162
CDF1
E59B
14D9
3F09
5574
4BAA
35FF
1AAC
FC98
F071
E753
D5C6
E034
F01F
F773
0FEF
2022
0F9A
F562
E31D
E5F2
EFB8
FBA8
1A2D
1BBF
1AF5
2587
26EF
1CAD
079A
ECAA
DDE3
D238
DBAD
EB02
F6E5
0C7C
1D0E
0E34
064E
064A
EFB3
CE85
D06A
E0AF
ECC4
0461
2554
32DB
3865
3512
2CC8
0CB1
E936
D9CE
D9DD
E310
F71F
02BB
0999
16AF
2043
162B
06D4
F502
DF8C
C872
CCBB
F077
0583
04B7
1CC8
265D
20A5
2070
12B1
EF61
D957
C6AA
BD1D
B57F
C2DF
F2A9
2C1F
5E9D
7FFF
7FFF
7FFF
47E0
EE21
9CA6
8000
8000
8000
8000
8B0F
F3BF
5B6F
7FFF
7FFF
7FFF
61FA
FC2D
A1B3
8000
8946
AF96
EF27
325B
5238
5736
4EDD
2492
E30A
ACAB
8DA6
8012
A749
E525
1D75
5F6F
7FFF
7FFF
6D26
34D9
F666
B6AE
A40F
B662
D2F6
F347
14EE
2455
2923
16C7
0109
E0DF
B387
A228
A760
B598
EF87
3060
4F2B
5E63
5D65
40C1
0B3B
EB4C
E226
CA38
CA96
EC17
FC25
11CC
28C6
2DD1
19B9
031F
E842
E032
E1F6
EECD
0A01
2031
2407
3BEF
2CCA
0FC5
FA4F
E2A9
C2AE
C4D5
D2FE
E748
FCA0
173C
2CAC
2307
12C6
0A19
E3C5
C172
BFC6
CD6E
E64E
0EB6
3211
42C6
3C0D
3D24
2E13
0A07
F315
DC3A
CA97
D762
EDD8
1089
204F
2555
26A6
10EE
FDD0
EE66
DCC5
C7AC
C392
D83F
F3FF
105D
3A7D
382D
1AAA
0F3B
FDB4
E601
D932
C3FE
A49E
978E
C467
21AF
6E13
7FFF
7FFF
7FFF
6EB0
15C4
D5AE
8000
8000
8000
8000
8000
D9C0
59FF
7FFF
7FFF
7FFF
7FFF
2617
BE4D
8000
8000
8548
D026
2B87
5194
4EAC
5105
35E3
F8BC
CA7B
9881
8000
8000
BA84
0DB4
6DB3
7FFF
7FFF
7A79
46EA
2092
E696
B6A5
B2CD
BBEE
C9DF
FD15
2CB8
3954
1B4E
F1CE
CE3E
A809
973A
A764
B993
DC46
1608
448D
634A
7718
5E6D
2843
FACC
EAFA
DAD9
CD11
E239
F5F5
FF26
0B17
1D4F
17D7
FBF8
DA6E
D38E
D62C
EF26
1A41
3669
4A06
4AE7
3CF3
26BD
0C31
F296
C1C4
A29A
BA6E
CE8F
E07F
0D71
2FC2
2627
0D5A
02FF
F31E
DDA3
CF3B
CAE0
DE06
FE15
1CA7
3977
4C05
4D3C
2933
00AF
E9AA
E1CE
D063
D061
EE44
14D3
1B97
2DC9
46BE
3416
097C
E82F
C74B
BE0E
C305
C6DA
E3B1
04ED
1967
2F42
3952
3BB3
2870
F45E
D874
D285
C58B
B92D
C262
E2B1
FE33
2814
5817
7A91
7FFF
621F
0F11
CFE0
AE31
8F3D
8423
AA19
C99B
D785
0FCA
5E3D
7D48
7944
51CE
1AC0
E047
A467
9229
B704
D0E3
FBB4
349A
51C6
48CF
35E4
0768
C70E
AC44
B55C
B186
C930
FE12
1CD1
3953
6349
7297
4F47
1BC7
EE74
CEC3
C677
DC98
FFB7
1344
1753
188B
115C
FF92
F247
DC38
B08A
9C23
B16C
D285
FF38
33E3
5067
4BEA
44DC
3BA4
1A61
FCFA
EC30
D6F7
CEB5
E6F8
FD6E
0557
0F0D
0ADF
F8CF
F41F
FA5B
F9C0
F896
FAFE
03E0
1EB7
3A2C
37F1
2C7A
196B
F448
DB41
D875
C91C
D01B
DBDE
E0FC
F89D
1BB1
1E3C
1AB5
1419
F61B
E024
F1C1
F736
00CD
0E50
0AB1
0C49
1C0B
1894
0A37
0195
F314
E5EC
EE8D
F838
0CCB
1813
0BC4
13F1
233F
0F4F
FECF
F042
DAA3
CEDF
DB25
E669
F868
0EEE
1308
01D0
12AC
16C1
FE73
F9EA
F231
D3EF
C84E
D8C3
03CD
32C5
451E
63CA
7FFF
6207
0DC6
E400
ACB1
8000
8000
8638
9C89
D8A0
2C72
6763
7FFF
7FFF
72D9
2167
D7E5
A129
8D15
A450
D0B0
026B
1C37
2E26
3F6B
3D41
14AE
E5E9
C963
A63C
9DE7
C71F
FA13
3432
613B
6111
5464
3BD2
16E7
E83C
D206
D105
DA05
E298
FD70
2127
2686
151F
086D
F1A6
C9C3
B52F
B812
C21E
DE4F
0917
297D
408F
4AB3
3BE6
20E7
150A
FBC5
E1C5
DA27
E584
F851
0212
0E88
190C
0D7F
F3D1
EB01
E671
E3B4
E7F5
00B5
18C4
29FD
37AC
33E6
250E
1428
F7CC
E12D
D0AA
CFAF
D56D
D9B1
FB88
1F64
16D6
0FA8
135F
F9C1
DB8E
DBA2
E966
ECF0
F7A5
157C
29C6
31A0
3A77
2F0C
0BF4
F7E8
E2A9
CE1E
D2A1
E9A0
F5A0
05D7
182E
2C37
2532
112C
06D0
F65A
D3CF
CBE0
E123
F0FD
F617
07F7
1D31
1D82
16C2
13CE
0304
E7B9
D5AB
C15F
A5DE
AEA8
EA34
32FC
6CBE
7FFF
7FFF
7FFF
4E07
0152
9E50
8000
8000
8000
8000
8000
ED12
6CA5
7FFF
7FFF
7FFF
7FFF
0794
954A
8000
8000
9235
E6E0
3A9C
60BE
6F43
69DE
383F
EDB6
B6DD
802D
8000
805A
D057
141F
664E
7FFF
7FFF
7BB1
4400
0765
BE45
A1CA
A9E3
BE1E
DD13
0E07
306C
34EC
2180
0709
DCE5
A865
90C5
9A4B
A85C
D4D4
2119
52D2
612A
7257
5D5E
1F4C
FE42
EF42
D224
D0F1
ECB1
F241
FFC2
1C64
278D
19AA
FE6F
DCD2
CEED
D42C
EDE3
1780
2BD4
2E0F
33F6
2E76
1F03
1405
F97F
CEE1
B74B
B4BE
D593
FAB0
1B7B
29F1
0F17
FF25
0274
E825
D9DD
C926
C60C
E3F0
0BBC
3A35
602C
50F2
3C4C
1AC8
FEB1
F14C
DC83
CE03
C91E
D8C6
FF80
1FAB
4688
3E29
1224
01F6
EB14
D767
D685
C7C9
CD5B
DCF2
FAC2
36FC
44F8
3194
1885
EEE0
E261
DE9B
CF14
D1BC
C66C
BF04
E076
20C2
6E93
7FFF
7FFF
7FFF
61C6
02EA
CC60
91C6
8000
8000
8000
98B1
DFA1
3062
78D8
7FFF
7FFF
7FFF
30CC
DA52
980F
83F1
9875
BCA6
0A71
3AE4
351E
33BD
32E5
0A9D
D0D8
B61F
A8B3
9D13
BD6A
0CF2
47B8
745E
7FFF
6F20
3E0F
15AF
EA35
C09F
BEEF
D4DB
DC25
F1CA
1865
3075
2267
FCD1
E72B
D0A1
A5AB
A121
C1F7
D7DF
FC48
2E04
4888
5464
50E9
3387
09B8
F541
E991
D9AE
E8EE
0280
02C9
0672
07D1
0D8C
07B3
E809
DCE4
E640
E318
F83D
23F6
487C
4835
3A5D
2F9D
0AD3
F70B
E4EA
C046
C256
CA2C
C53E
F1B8
21A5
242A
1C34
023C
EC8A
E6D8
D96A
D7DA
F2B3
F7AE
058B
31BC
4BC3
4A56
3972
1291
E9C8
D5BA
D9DA
D9C1
E1F8
FA5F
0474
0F94
36B4
434E
254A
FFB5
DAFF
CAFE
CD42
D987
F587
FE3B
0071
10D0
22E6
2641
1AE5
054F
D250
B537
C508
BE62
CF9A
0CDE
35E6
472F
767E
7FFF
7FFF
3131
DC1B
9862
8000
8000
8746
AD8F
CAEF
05B9
5504
7FFF
7FFF
7FFF
453F
D624
9E7A
9079
955C
C624
FC4E
0F23
1CCC
3C0E
42D4
23F1
EE1A
BEAC
9910
9C90
D3A8
1012
3135
56C2
6A5F
5F82
4917
31B3
0098
BE27
A465
C01C
DA64
F3DC
1CFA
2995
12A6
0B8D
1105
FD09
D971
C2EE
A9BD
AF60
EDBE
22DA
362F
3DE4
378A
24D1
0D79
05F4
064D
EEAB
D340
E4DE
FFB8
0E98
2363
24C4
FF00
E284
E2BC
E996
EE2B
0298
02CE
F816
1ACE
3A97
2FFD
2DA7
223B
024D
DEFD
D1DA
E2BE
E61B
E74D
F0DC
FF65
02E8
0114
0354
F37F
D6A2
DE09
EB83
F8C8
1C70
2782
1E4B
26E8
285E
1E1A
03E9
FEB1
F501
D4E3
D6D1
EF39
01BD
148E
10BE
14C8
1634
016F
0538
FC04
E00D
EB7C
EFA8
F0AF
0631
17A1
0EC7
FEE2
0401
F622
D221
D33A
C55F
B60C
D8FF
1F72
608C
7FFF
7FFF
7FFF
598E
FD63
B6D3
8000
8000
8000
8000
8877
DFE6
5B2C
7FFF
7FFF
7FFF
777B
08DC
AFEC
824A
8A47
A2A3
E1D7
2CE2
4732
4675
4E63
2E45
EE0D
BBFF
9776
8000
903D
DA34
1A3C
5CAE
7FFF
7FFF
6809
3A8D
0D8C
CDC0
9FA3
A9C8
C166
D559
02BD
2A06
29DF
1A54
0BD6
F4AE
CD5A
B3E8
B778
C0D8
E535
234D
39A2
4B25
54C9
3826
08F7
F21A
EE7C
DF0F
CFF6
E728
04B8
0D08
2457
3086
194B
F754
E1E3
DC23
D7EE
EA52
080C
168D
22B7
33A1
3A67
1EF6
04BE
F6BB
CE21
C2A0
E13A
EAC1
F1AC
0FF5
243B
19FE
0F58
FFC3
DFD3
C2AD
C08A
CFCA
E541
07F7
308F
424E
45CF
4B59
37BB
0ADF
EDFB
DC49
C9CA
C654
E5E5
0778
111B
216D
32A9
1E3D
013B
F865
E0B2
C6E2
CDBB
DE6B
F18E
09CE
2944
344B
2B3D
18DC
0230
DC35
C6D5
BAE1
A58E
9A92
C199
1C55
7051
7FFF
7FFF
7FFF
7FFF
0F72
C0B3
8000
8000
8000
8000
8000
B6CA
4D15
7FFF
7FFF
7FFF
7FFF
2D7B
BB8E
8000
8000
8483
C51C
1DD0
4C6A
66CD
7655
49E0
F4A6
AE69
8000
8000
8000
BA38
0149
52A3
7FFF
7FFF
7FFF
6AAF
1BA5
C4C0
91C8
9625
B7D3
CD0A
F16E
1521
2927
27FC
212A
F4E5
B900
9214
906E
A88B
DE2C
20FF
4B5D
5102
63F8
6513
3B8A
1231
F0F3
C77D
B2AD
CFEA
FC8A
1669
1E7C
1E8E
1353
FDE3
F2DC
E9E0
CF0A
D309
F50D
165C
3C65
53A3
4339
1753
FF0C
F901
E315
CD73
D16B
D1D1
D51D
0355
3008
2F26
1A66
EED5
CF22
BE9A
C0EA
CD8F
D860
F8EB
1F90
4115
69E8
74C1
538B
158F
E511
D5F7
CC24
C79A
E4F7
F513
015B
17AF
2AAC
3962
1EB0
F1CB
DC58
BD89
C101
DDA5
EE80
0CD2
23EC
2743
33F5
302D
1C91
EECD
BF84
C127
BFC4
BC7C
DF5D
EFE2
057B
27B2
527F
6D15
77F5
7757
3F5A
E9FF
C8BD
9D92
8000
9006
A989
B7C0
DD77
227F
6019
6D31
6BC4
5B4E
21CC
DF00
B424
BA3A
C4D1
CD40
FF2B
2205
20CD
2142
0F7B
EC5A
D600
CBAD
CBA7
D92C
0072
20D0
2F85
4E80
68EB
4BA3
1AA5
FF48
E2C8
B927
B5E3
E2BB
00E1
07F1
1BEF
22A3
0D2D
FD83
F435
D9B6
C857
CBF8
CF9A
E62B
0FC7
2FC5
3404
2C18
2778
1197
F129
EA66
F1CC
E929
E95B
0319
1C45
2210
18B5
0E66
FAD6
EA30
E60C
ECC2
E4D8
F44C
0D95
1700
2F38
3E7B
2E23
0C27
F1A8
E26F
D368
D99B
E9D8
F67A
F5B2
FCBC
12C9
1A72
07FF
F65F
DFC7
CFD6
D624
F0BA
0A36
1895
23B5
2B11
2866
2720
231E
09D0
E397
D518
DD0B
E8D4
FE1C
1283
1714
0C9C
15AE
1B90
0EB0
FD26
E5EA
CBFC
DA32
F70A
01F3
10BE
12C1
FF6E
FDB7
FDA7
F7C4
EF64
C9DB
AE55
C7AD
03DC
4540
734C
7FFF
7FFF
599A
144C
DF59
96B5
8000
8000
8000
8000
D922
3C1E
7FFF
7FFF
7FFF
7CFA
3638
EBC0
A91C
868B
9761
C7A7
036D
21DA
3937
3BEE
22A0
02EE
D802
B26A
9E05
8B4E
B60B
07E5
46D9
78D0
7FFF
6D29
4216
17F3
F09B
D5F7
C95E
BE61
C328
E7F5
0DBF
15CC
2181
18B1
F0D5
D7FE
CA38
C917
DFA3
E82F
F58C
210A
39B8
35D8
362C
2993
0607
EE43
E7C7
DF71
F055
0306
FB04
0ED1
18AE
01EE
EF50
EF1B
E8CB
E953
F6A5
0A92
1E2F
252D
1E1D
23C1
2354
0A2C
F241
E7CC
DD98
E265
E9FD
F3D0
1148
1DC1
0913
0029
FBCE
E766
D095
D261
E0B9
EB63
019D
2263
38BA
4268
2E96
1FCC
126C
EF98
D94B
D61B
DE23
F163
0100
127E
1FEB
2335
157C
0201
F9DA
EC2F
D73C
D2BB
E537
F84D
0949
1A2A
2CB1
27AF
0F32
FEEA
F40F
DA81
CA2E
BA4D
A8F0
B7B5
F3F2
3B26
790C
7FFF
7FFF
7FFF
3F02
F488
9F11
8000
8000
8000
8000
867F
FC4A
691C
7FFF
7FFF
7FFF
673C
F916
9CFE
8000
8000
B049
FE2F
45A0
5F87
58B8
4CC4
1C8E
DD84
ABDC
8000
8000
96D3
DFE5
204A
70A6
7FFF
7FFF
64E6
3C65
0323
B44B
9F44
B6B3
C739
E724
1247
2C5C
24A8
1476
02EA
D7C5
AAD7
A372
A5B9
B0FE
F0DA
3ADB
57A3
64C8
6C5B
426C
0277
E24F
DC8D
CEFE
C584
E5CF
02EA
0CEF
23D2
3CBA
1F38
0387
EC13
DAB6
CB54
F233
1B00
261B
34B9
4265
20F7
0C1C
0240
E243
C025
B686
B9F9
D7ED
FAE1
209D
4394
366F
0DE7
0ADA
E392
BEDF
C34C
C671
CEA9
FE11
31D8
4D72
545C
5311
33F9
0830
ED40
DB72
D464
D875
DB06
0055
1C5F
2941
3BB5
1D64
F021
E30D
C7BA
B627
CB10
E1BD
E6E8
0D3B
3803
4541
4B06
3C4B
03C9
DDA2
CA83
B3E3
BC74
BDB5
AD57
C8DA
0818
58F1
7FFF
7FFF
7FFF
7FA6
1333
D133
8C8C
8000
8000
8000
8000
AEB9
1CCD
7FFF
7FFF
7FFF
78D4
24D3
D257
9E17
926C
A748
C634
1553
493B
5024
5757
45FB
F967
AF06
9314
803D
8000
AE57
018B
4E38
7FFF
7FFF
7FFF
5A48
1CAF
EBB8
C43C
BBA6
CB01
D125
DD86
04B7
21BB
16D3
FE99
EB37
BC54
93DA
A351
D1AF
F190
10B5
3F99
5610
5444
53D0
3D8B
0A5A
E533
CBFF
BCC8
D035
FD78
0C17
0DAF
1C12
2645
05E7
ECEB
F5A9
ED96
E80F
FEA1
1EF4
3928
35B5
2D74
1959
0057
EFED
D61F
C46B
D14D
D3BA
DC94
0836
2B91
372D
21E1
FCCC
E80C
D9D2
BC8D
C5DA
DF17
EFC6
0802
30A5
4D2C
4CF9
44A1
2653
FB50
E80E
DD6B
D6EC
EC3A
05AE
01AF
0804
1E4F
218D
05BA
F2A5
E241
D312
CD6E
DC6E
FDBE
1383
1D40
2450
2BD1
2640
18C8
FAD3
D1CE
C024
BC61
A6AB
BC33
FB34
2103
4204
6C39
7FFF
7FFF
4ACF
00B0
CC17
87CC
8000
822E
9FF4
BB63
F371
3073
5F9A
7FFF
7FFF
4FF3
0802
D002
96CD
944F
C530
F96B
1DF1
3A5F
40F7
3077
1025
EC2F
C6A6
ACA1
9FFB
B1B7
E57F
175C
4210
6F94
6D3A
5600
3E3F
0C62
DDCD
D0AD
C632
C64F
EBD8
0F8B
172D
1935
0D90
F22A
DAA0
D29B
CA3E
CA06
D571
E757
1076
3E61
4BEE
5011
3C32
0B4E
EDF6
E705
DC66
E182
F367
F13F
EF6D
0FAA
1A1E
1469
0DF9
F157
D7A9
E8DD
018D
127B
2544
2997
220A
1DAB
1B71
1989
FB6B
D926
C2A2
C430
DBA3
F98A
13EB
1A85
0B21
0BEA
0757
FCE4
EF39
DC34
CCB7
D633
F813
1BB4
2D29
32E6
2581
0E6A
043B
0728
FE00
EBA7
DCC7
E5E0
FF90
18DB
2B1B
284F
1466
FCEB
ED2C
EA09
E5E7
E022
DAD1
DFA7
FEE1
18FB
202F
2BC9
1D3F
F8DB
E4E6
DE5D
D75C
C317
BE37
E3BB
20DF
5118
7FFF
7FFF
7FFF
2EA9
E742
AAC4
8000
8000
8000
8000
AA18
0916
668A
7FFF
7FFF
7FFF
3BCD
E791
ACF4
8F93
9F97
C019
F4DE
2662
3BAB
479E
4C0B
24D0
E657
B7EE
985E
8E73
A8BB
E449
2465
58CC
7A35
7936
5467
2E0E
FBB8
CF58
C362
C771
CF9E
E6DE
0A3E
1E7E
1D67
0FE9
FD46
DD6A
BFC2
B3BB
C6D2
DDDD
F88C
1C5C
3EFA
4E68
444B
3444
14D8
F6DF
EB0D
E111
DAF5
F008
FAFF
01BE
12DB
1A70
0A66
FA2B
EA93
E09C
E668
FCF5
1453
25A4
284E
219F
200F
1B2A
0475
E947
D65B
D39C
D6CA
E517
04FD
17ED
1457
0B52
FD3A
F342
E65B
D727
D80E
E1A1
F0E0
12DA
2DEF
3DEA
3E05
2D2B
189E
0800
F61A
E386
D53F
E1AF
F500
019A
163C
2B06
1D3C
0479
F565
EA58
DE40
D80C
DBEB
E5E7
F5F5
1166
2612
2A61
1EC1
0E48
F3E5
E522
DDA2
C857
AC03
A48C
C51A
12C2
5CAF
7FFF
7FFF
7FFF
7CAD
1A4F
D023
8000
8000
8000
8000
8000
BB38
3A8B
7FFF
7FFF
7FFF
7FFF
3DB2
CC95
8000
8000
82E8
BEDD
1DE2
5A6E
5CA3
6594
46D4
F8D3
BB91
94B8
8000
8000
AF39
F916
45DF
7FFF
7FFF
7FFF
640C
1F97
D6FF
AE06
A92D
C327
DA5B
F6A8
157A
2724
1CE8
F383
FDA6
0181
0556
0802
0767
0B95
03A2
FE1C
03FC
01DB
0035
0588
018E
FD09
00C8
FD15
F385
F56F
F213
F301
F871
011A
0874
0DC4
0F28
12A9
10E3
0953
0487
00F0
F711
F00C
F3F0
F60E
F789
FDA9
0060
0272
06FF
0769
01D9
013C
FB66
F989
028A
0308
0302
0AE2
072F
03C5
05E5
FE4A
F468
F469
EF2D
EC15
FB02
FE7B
043F
0E6D
109E
0CFF
0D9C
08BD
010B
FE4C
F6F8
F112
F571
FBF6
FD92
0179
07F4
0651
02D6
05A8
FCA6
FC1D
FF48
F925
FCA6
06AD
06F6
0AE6
0816
0286
0396
FE52
EEB2
ED4F
F15B
ED6E
F258
0248
03A8
09C5
12B2
0D5D
0A08
0F90
0489
FFB3
FC07
F498
F23F
F86B
F96D
F866
00B2
04CD
FEFC
08C6
081D
FF96
0337
0150
FC28
052C
07BA
FF18
04CA
0540
FCA8
FF1D
FBE9
F3AC
F51C
EFD8
EF30
FC1F
0196
03BF
06E9
0DA0
0DBA
11CC
166B
0B27
FFE5
FA8B
F264
ED8D
F51B
F8C9
F3F3
FA1D
000A
0001
08F5
0758
094A
0693
FFAE
0339
0985
0647
0212
0359
FFE7
F4C1
FA99
FA89
EF49
F16A
F192
FA03
0121
0991
0F76
0DE9
10F1
125C
0D90
079C
FFD5
F8AE
EF56
E9AA
F47A
FB33
F704
F87F
04FC
02A4
010B
0E81
0A2C
022A
0453
01BE
02B2
042E
0538
FE33
F8ED
F83E
F952
F4C3
F332
F738
F797
F9D3
04EC
0B40
11EA
115A
0EBC
0EF3
0A45
0443
FCFA
F697
ED29
ED1B
F222
F2A3
F7AB
0262
031C
02C6
0633
0859
02C2
044E
04AF
FFC3
01AB
04AA
FF41
0242
01BF
005B
FC9F
F67D
F199
F958
F4C0
F609
0371
0520
08CB
13C5
126B
10F0
0FAE
0769
F92C
F549
ED3E
EB00
ED10
F22D
F630
FF7C
02BF
0AD7
0E99
0EC2
0BA2
08AA
0707
0151
FF02
00D1
FB82
F9E4
FABF
F931
FD88
F782
F495
FC84
F817
F5AD
0316
0546
08A2
14BE
0F4F
0B06
0D30
049D
FED0
FCB8
F1D4
EB1D
F001
F157
F5B4
0122
020E
01DD
0B9A
0D7D
07FF
0E94
0A14
021F
0300
024E
FC23
FE26
FBDD
F4CD
F50F
F8D3
F414
FB4E
FDAC
FA10
0145
08A6
0A3A
11A4
11F4
080E
0AA2
065A
F843
F6BE
F5A6
EEA7
ECBF
EB26
F8BB
06A0
04CF
094E
11E6
0D49
0BCB
11D6
0B63
FCE7
F888
F516
EE6D
F27F
FD26
F79E
FA92
037E
0078
FF8B
08E7
02DC
0313
06D4
046A
04F3
0AD9
03C4
FE63
FCDF
F47E
F422
F6E9
EEEB
F066
F907
F9B1
0270
0DC5
0F2C
123E
15F5
1388
0B33
068B
0047
F35A
EDFE
EBC0
EF1C
F521
F7B0
F6E8
0742
0730
0357
0F50
087E
FEA9
08F5
02ED
FC32
0508
0200
F8B8
FBEC
FEF4
F649
FB06
FB1C
F6ED
F8EC
03DE
FE9F
07A8
1016
0D12
0C0E
0D29
05D3
FF4B
FC89
F542
ED8F
F0BD
F179
F2E9
0008
FFE8
0060
1046
0B8A
094B
11A1
0861
FE1A
0385
FA22
F799
01DE
FC8D
F318
FCE3
FEB2
FA72
FEF3
03BD
FD01
FDDC
0106
025D
070B
0C08
0762
0995
09A0
0262
FFC8
FB91
EDCE
F160
F5C6
ED53
F352
04BD
00CC
033C
103A
0FA3
0DFD
1267
09E8
006D
FE16
F924
F2F9
F5E9
F4DF
F0DE
F802
FC57
FE35
06ED
063A
0248
061F
04DE
FD77
08D7
0BAB
005B
017D
053E
FA02
FCAB
FE82
F2FC
ECA3
F4B5
F61D
FC48
021C
09CC
0C89
0E17
1233
1344
0A66
02FE
FDD5
F6FE
EA5F
EADC
F47A
F3D2
F2D0
02D3
03ED
0695
10AC
0B63
05D2
0B9D
0494
FCD9
0122
FF72
FA73
FCB2
0058
FC6C
01E6
FD3A
F93D
FD0C
FBC9
F617
025D
052B
051D
0CF5
105A
0DF9
0D6F
0592
FCFB
F75E
F36A
EC6D
EB1B
F0A7
F503
FB1B
05DB
091B
0F8C
12DC
0CAE
1058
0CA4
FE7E
FD7D
FD7F
F254
FA23
F69B
F2AE
FC01
FD29
F675
0004
FEAB
FC2E
044C
0AF8
0878
0D3E
0D65
0CAF
067C
FF62
F7DE
F311
EF88
EA95
EF87
F9C9
F9C3
0483
0E19
08FA
1265
1410
0B2E
0749
0280
F71C
F822
F9C3
F4B1
F29D
FB8C
F997
FB7D
027B
FE8C
FF1D
04BA
FCB9
0146
0DCD
0BDF
0E6C
0D42
039A
006A
FC9A
F0A7
F072
F370
EDCA
F153
0197
067D
055B
123B
12E5
0C1F
1069
080F
F99F
FCF3
F435
EC64
F3AD
F60B
F0F7
FE27
FDB1
FDF4
0BE2
0B7A
032C
0B67
03BB
FFCE
085D
0797
00EC
023D
0085
F7FA
F84F
F9D1
F427
FA37
FA0A
F769
FEC5
0A23
0A40
0CD6
124D
0B07
0643
08AF
FC62
F3AF
F1F9
EC47
EC28
F587
F6C7
FDBB
0798
0BD8
1188
158D
0D64
0729
064E
FE4C
F985
FC8F
FC7A
F69F
F72A
FA3D
F8F2
FD65
0237
0077
FD20
FBE2
FF99
049B
07EB
0BA2
09E7
061A
0482
02F6
FA96
F532
F5AA
EE2C
ECE8
FAE4
FF83
FF8A
0A1D
0EF0
0AF5
0C25
0CA0
068D
0074
F88A
F89B
F66B
F567
FADB
FA0D
FA4E
0122
FFC4
0399
035E
FFF0
015B
FF7E
FD51
0674
081C
00D7
038D
02E8
FD5C
FC03
0049
FB9F
F844
F9B4
FB10
FD40
048A
0A16
05A6
08D4
090A
001D
FB17
00D2
F94F
F9C8
F94C
FAE9
FED0
05A6
06FD
0955
01EA
0103
02E8
F9BC
F690
F8FD
FA15
FD33
0049
0711
0A8E
09E2
09AC
01EA
FAD1
F657
F4B2
EFDA
F315
F8DF
FE87
04B2
0FC4
10CD
0FF4
0A59
030A
0088
F7D5
F2AB
F44C
F650
FA42
0756
089C
08BF
0F1B
0772
FE7F
FFC8
F7C3
F616
FAA1
F969
FAF0
04BB
06EE
048F
07DF
048D
FCB2
FDFC
F5F7
EF9D
F732
F9EC
FD53
08DA
0E00
0AE0
10D9
0A8E
02BB
052A
FC60
EF8A
F41D
F53B
F682
011F
02D4
002D
0893
03C7
0195
096A
0068
F699
FDA4
F7C2
F9E1
0614
0218
FCC9
0622
00B1
FEB4
0338
FD51
F911
FC5A
FD90
0534
0C23
07A6
016B
05FB
065F
FCD7
05BA
FE7D
EEC4
F86F
F078
F113
043A
02A8
FBA7
0900
0AF7
0212
0BFE
0885
FA41
FD32
F7A5
FA41
0293
031C
0207
FEEA
FB8E
FF38
FD16
FFCA
FDC4
F998
F8FB
00FF
04B4
0DA7
13BA
0528
0663
0CAA
FAB1
FAE7
F973
EB16
EB3C
F495
F936
0022
0F67
090F
07C8
134B
0B35
077C
0545
F9AD
F0AF
EE63
F311
F6F9
FCA7
FC60
F938
0295
05B7
0645
0905
08F6
00C1
0389
069A
03A1
08BB
0A32
0270
052C
00A4
FAB5
F8E4
F19A
EFFE
EEE0
F308
F9A0
0116
04E6
1074
13E7
16A0
159F
0E12
FFD7
FABE
F1C1
EEEF
EA9E
EF92
F283
F0A7
FC01
0BDC
07EB
0E31
1300
0B1E
03E0
0583
013C
FA1B
FA47
F98B
FED4
FEA0
FD04
003A
F891
F0B1
F5BD
F973
F791
FEC8
0AEE
0A6F
0D66
1BA9
18C0
0E4E
082A
FEFF
F35E
EA6E
E9DF
E61A
E742
ED79
F6AC
0044
0A26
120B
1AC9
1234
0DCD
1098
0118
F637
FC98
F65A
ED0A
F5C0
F7F5
F5EB
FA61
0138
020A
04C7
0547
056F
0846
0BB4
0B63
0CA4
0AC1
08A0
080B
0198
F564
F4D7
F1CF
E554
E649
F718
F518
FBD7
0DEA
10EE
1579
1D7E
11EB
0C4F
0718
FAEE
F260
F52B
F24D
EECE
F290
F49D
FA7D
005B
030E
03C3
0603
060F
04EF
0957
0B83
09C0
0825
0A28
03F6
0115
FC81
F4CF
F146
EF13
E7C8
F36B
FBD2
FCE0
08FD
0FF6
0F34
12C5
0DFF
07BD
05F9
FF26
F611
F776
F399
F7E2
F6D6
F499
FD95
034D
0144
0177
02C1
054F
00E4
04F8
0C85
0648
0921
0800
004E
FE5B
FE74
F618
F0BC
F15A
ED99
F514
FF67
009F
0A68
125D
0B08
0F94
0F85
01D4
0159
FE18
EE7F
F1EF
F86A
F686
F9A6
00D0
017E
0436
090B
04E0
FFF5
06C2
00B0
FDCA
06D7
06A4
0488
075B
029E
FA99
FD87
FA67
EFB6
F129
EEC7
F0A1
FBA6
0255
062B
12BA
10C8
0AFC
11C2
08F7
FF91
0537
F975
EE87
F9C6
FC2E
F59F
FD83
030E
FCDB
FCF6
03F1
0127
0361
040C
FF6C
0576
0A26
0707
0849
0600
FF05
FD70
FBFD
EF15
F019
F7CE
EA0A
F2AA
04FB
00CF
03BE
1289
0D03
0B39
11DE
0D36
0291
FD3B
F7E3
F52A
F3C0
F50C
F810
F67D
F838
FD4A
03F5
0581
0715
0AC4
0888
03E2
0B8D
0B5C
04E8
069A
036E
F8D5
F5F0
F3F8
EED5
EE90
F203
F3FB
FC5F
045C
0B73
1207
107E
151A
122F
0A2C
0549
FEBC
F586
EC72
EC29
F263
F14D
F7ED
FEBC
03D7
0541
0E45
0DF7
05BC
0605
0581
0329
063A
011F
FF8F
FBFD
F3F8
F10C
F759
F44F
F412
F87A
F93B
000C
0BA2
0F7B
1410
1537
0D94
09DC
07A7
0131
F7D3
F0EF
EB6E
E86B
EF1D
FBAE
FAA1
FE34
0B38
08B3
0301
0E50
0B2F
FFEA
0352
037A
0119
02F3
01A8
FC25
F65D
F72D
F5A3
F4C6
F7C4
FB56
FA78
FFDF
061A
0EBE
136A
104D
0B00
0BCF
01D4
FB2C
FB6A
F24A
ED69
F12D
F401
F80F
0016
0654
0A00
0926
05DD
092C
0501
0183
FFB1
FE49
F9A5
FF21
FEE2
FC05
FFBA
02BE
FC32
FCCF
FBE7
FC5A
FF71
007E
02EB
062C
08BD
0817
0903
09BE
0474
FA88
F90E
F64D
EFAC
F185
F6AE
FB2E
0254
02FE
0A7E
0B4D
09B9
0C2C
0B9C
029F
021B
FD0F
F847
FCB0
F8E8
F872
FB43
F91D
F8F2
FC8D
FEEA
02D1
01EC
FE71
0650
0D03
0C46
0EA4
0B8C
0505
038F
00F5
F933
EF7E
EFBE
EB70
E979
F218
FB2A
FFA9
033F
0AB5
13A2
0E96
0F05
0F75
06FD
FAA4
FA0C
FC3E
F4C2
F6F1
00AE
FB5E
FA98
0721
0278
FE31
0373
FFED
F9E3
0659
0726
0831
06D8
0442
0639
01BC
F35C
F416
F1FD
EAD0
EB34
F70F
FEF8
07DC
0F09
129B
0D74
1075
10B6
0712
F986
F82C
F03F
EB41
F38A
FAA2
FD35
019A
03B1
058C
08C1
09C4
06C7
0450
0553
FF34
FEE8
0414
004F
FBAE
F9C3
F79E
F89A
FA32
F854
F804
FD5D
FD0F
01EA
0BA8
0899
054B
0CC0
07EB
052B
086E
0487
F734
F6F3
F6F0
ECB0
F4CE
0057
F854
F9D1
04F2
0904
08D0
0CF0
09B1
0717
0941
0531
FD29
FF20
FBA4
F537
F744
F530
F593
FE00
F90D
FA0D
05E4
0466
054B
0B76
0D14
075A
07DF
0608
017D
FEB0
FED7
F758
F5A1
F82B
F960
F8AC
FC09
FFEB
0084
0563
05DB
05F2
08CC
09DF
048B
04DD
0124
FB33
FE3F
FE6E
F43F
F935
F5FB
F4A4
FB99
00D9
FFDE
06FA
094F
05EA
054F
0A89
0633
0336
032F
FE4D
F8A9
FA46
F37F
F58F
F7E2
F401
F913
05B6
05AB
0857
1357
0B1C
0B1E
10EC
00EA
FAEC
FA0D
EC4A
EAD5
F473
F34E
F7BE
02A1
0267
02A7
0BC2
0A1F
030D
03B4
0086
FB60
FF94
0552
0338
0711
084E
0124
0100
FA08
F26A
F4CC
F00A
EF7C
FD3C
0419
08BC
13C7
1797
15AE
1466
0996
FC88
F55A
EB05
E5CD
EB24
ECEC
F48E
FDF9
0411
0B43
11E1
0A97
0A5C
0B5A
03D1
FFCC
02C0
01A1
FE98
FFD2
0144
FD00
FB17
FC65
F641
F636
F774
F886
006F
07B0
0B72
10A9
13E0
0D64
0F13
0AB9
F814
F960
F3A8
E544
EDC1
F35E
F259
FD17
0544
0567
0E43
12C9
0D20
07C9
0A0C
FF4D
F98B
FF99
FEBD
F8CD
FC5A
F970
FA7F
FC88
F7CA
F836
FCBF
F804
FFD6
0AF4
0900
0D76
12D2
0AD0
046B
054B
FC43
F033
ED9F
EC92
E925
F80D
FCA1
06AE
0F93
0D6B
112B
14E2
0B86
03A8
02AB
F5AF
F0FF
FB2B
F9BF
F30E
F85C
F972
F251
F866
FF10
FA0A
038A
066B
FF69
0E07
1260
0EAB
1727
0C73
0089
0088
F6C2
EA84
F17D
EAA1
E5BD
F489
FC87
01D8
0BE8
1005
1193
0C3A
0DF5
0945
054F
0202
F90C
F5E7
F82A
F553
F8EE
FC4F
FB87
FF15
00FF
028D
026F
045B
0225
03E4
08A0
08B9
05B9
05CB
03A4
FB82
F951
F3F2
F4FA
F19F
EDBB
F504
FD17
02AC
0DF3
0ED3
11F2
15A0
0F13
08EE
02C6
FC5E
F7A4
F241
F0E8
F3D7
F8F5
FC80
01C4
06AC
0893
096B
04A8
071F
0218
0019
FFED
0212
00C9
FFC5
FB72
FCE8
FA2E
F7E8
F764
F543
F191
F897
FFC2
01A1
0BE1
100F
118C
1154
0B59
0647
0251
F8FA
F218
EE27
EB2A
EE2F
F619
FD13
0353
0AC4
0E88
102A
1083
09C4
0717
FF3D
007A
FD5F
FA27
F906
F988
F8D8
FAAC
F99C
F88B
F871
FBFE
F85E
FD7C
0339
0896
0949
0AF4
0C59
09FB
0117
FE36
F642
F2CB
EE67
F233
F470
FAC0
00C9
0B38
0D9E
10CF
12A5
0A33
032B
04DA
FAFB
F707
F9E8
F6D1
FAB6
FD5B
FF02
01C8
FEF2
FCAB
0176
FAE3
FDDE
0286
0225
020D
0A06
0902
0781
0B2D
02D2
FA2D
F80E
F2BE
EFF2
F2FB
F248
FAA2
04D0
078C
0F49
16A2
0EA6
0740
042C
FCE5
F6F9
F3E7
F46C
F4C2
F8D4
0035
02FE
04F6
0C8A
049E
03DA
084C
0257
FD69
FE1F
FCD4
FD37
0332
02D3
0553
068A
FCC7
FBD6
FA18
F4F6
F683
F575
F6EE
02DF
0B6B
0913
11CA
12A6
0564
0277
02FA
F4A7
EF1B
F5BA
F07B
F265
03D3
0437
0132
101A
0AFF
FEBC
0345
FDBA
F8B8
FD64
F612
FC8E
080B
017E
FFDC
0F8A
011E
F6BF
0519
FD86
F136
FF66
0253
FB2F
08CD
0E13
0249
06AB
06AA
F8E3
FC88
FB77
F305
F408
F54A
F33B
02B4
0951
FE4B
0CCA
0B87
FE86
055C
0895
F7F9
FDDC
FADD
F397
0067
030E
FB87
0571
02A8
FD84
00F7
011B
FE1D
0459
FF13
FE35
06D6
09B0
0366
064C
0462
FE75
FCFE
F728
F497
F7E8
F735
F232
FBFF
04D3
02D6
04A2
0F4B
0858
044F
0A97
0471
FBAE
FE23
FDFA
F8F2
F8D8
FDFA
FB66
F791
0308
050B
FF4B
0188
0677
0511
04FA
0273
0282
0342
FFC1
FBF3
FF6F
FDF9
FB09
00BD
F87D
F1B8
FF3E
0001
F713
042B
08FC
FDA7
0838
0F02
0AF3
0A11
077B
0011
FD57
F811
F39C
F73C
F5AF
F175
FAC9
FF99
029A
0F64
1336
091B
0C6C
0978
FB48
F705
FE7A
F23B
F193
FA5B
F87F
FCA7
FFA9
FADC
0175
FFC4
0175
056A
071C
06A6
0804
0532
07FF
0803
05A1
FD34
F8D1
F549
EE33
EF1A
F7A7
F8A9
FCB1
0447
0832
0F55
1772
13B8
08E3
047F
FCB8
F14E
F285
F6E0
F32C
F2AC
F8D0
FDFA
0194
050E
051C
03E0
FD63
0152
0436
055F
0571
06A9
077E
07DA
08CE
0476
FA04
F621
F48E
EDE1
EEF7
FFC2
0313
01AC
0C8A
1416
0F32
0F61
08C1
0090
FB4A
F140
F677
F6CA
F2C5
FA1F
FE72
FA6C
0336
05A0
FF88
FCFA
FE02
FC47
009F
06DF
08F9
09C2
0652
086B
08B7
01F6
FC33
FA81
F2C8
F009
F4CF
FE18
FE2A
04F5
0A87
080E
0989
1036
04E1
FED4
FE95
F57F
F20F
F9F0
FACE
F83C
0085
FF98
00B3
0AA8
05AE
0284
0757
FF64
FFCE
03CC
0033
0239
0176
FF9D
FFDC
003B
FB41
F844
F450
F0D8
F183
FC41
0542
0135
0B5F
1429
0AE3
1204
0DE9
FF3E
0105
F8B7
F3C5
F80C
F814
F4B0
F8A4
F73A
FAA0
029C
0449
012C
07A1
026B
000F
0643
08D6
0591
07D7
093E
FE00
FB54
02D3
F88C
F03E
F57A
F3E1
F423
FF02
036C
01CD
0CD9
0DDE
07F8
0BAB
06FB
0098
012C
F850
F731
FB24
F6DE
F41A
FB9C
FAB7
F9E5
0434
0469
038E
0930
0227
06D2
0A05
089E
05DD
02BC
0000
00A8
F86C
F673
F3F9
F375
F317
F631
FFF8
0522
0941
0F6E
0CC9
0C99
0CBB
0940
004B
FDFA
F2C0
E9A4
F290
F0C8
F36A
FD0E
037B
0455
05FF
0BED
0B50
07B3
06FB
0136
FFF5
0095
078C
049E
FCE1
FE62
F984
F30B
F0D7
F0BF
F3A5
F569
FF3E
0BF9
0FBD
10E6
1507
1410
0DEE
082C
039A
F536
EC79
EE9F
EFD8
ECDF
F914
FF70
FB7D
0061
0BE7
06F1
05F1
06F2
FFAE
FD8A
0538
082F
05D5
02E6
FF48
FD60
FDBE
F9BD
FB76
F753
ED96
F706
00E2
0669
090D
10AB
0F54
089D
0A38
0AF2
004A
FA55
F538
EDE5
EDF1
F719
FC37
FFA3
FEF5
03E0
0947
0409
04E5
052A
FBE1
F997
00E6
FF34
02EB
0694
0332
0053
0332
FE78
FCF9
FD5A
F2C9
F2BE
F9F1
FECA
0521
0B9B
0BB0
091B
0DDB
0D85
03A8
037A
F728
EC7C
EF27
F396
F440
FA0F
FE93
055C
0884
0D31
0BD4
0926
0390
FEDD
FDF0
FCF4
FBA3
0293
FD90
F857
005A
0199
F6B8
F9B1
FA73
F964
FA43
FFE7
05A4
0A90
0F6E
13A5
0F30
0D27
0A6B
FEA3
F6EE
EBCB
E578
E65B
EDA6
F120
FF56
0328
09B1
15F4
1267
0FBA
10E7
06FC
007C
FF23
F888
F5DB
FB49
F6F9
F524
0018
FCAD
F863
01C4
0112
FC60
0109
06B4
089A
0E31
0E13
0620
05D6
03BA
F611
F4D6
F0A8
E9E2
EFAE
F311
F3B3
0766
1289
0A23
1067
1848
0AA1
0AE4
0AA2
FA7F
F41C
F3CE
EF06
F100
F51E
FB16
FD6B
0244
0618
0C68
0A25
075C
0617
0563
0048
04BD
0279
FC9B
FB8A
FD6B
F6FC
F613
FA78
F60C
F11F
F891
FACF
04B6
0C0E
0BB9
0E7E
1209
0AAD
0E78
0814
FAE5
F655
F5D2
E93A
EE11
F760
F774
F8CD
0544
0816
09C7
0E64
0B88
0408
0333
0343
FDE9
025F
0303
FB60
F87D
005D
FBBE
F5BF
FD1C
F70B
F452
FE21
FEA6
0049
0704
084F
0B26
0FCE
0AB1
06D5
0803
FC4A
F6A4
F6AA
F10F
EED7
FA31
FBAE
F449
0453
0D24
04A4
0A81
0D5C
0359
005D
0493
F8A3
F73A
FE1C
F78A
FA63
02C2
FE90
038E
0563
FE28
0167
06C4
F9A2
FE45
09F0
007F
FFD2
0B45
0423
01A3
0238
FBE8
F49B
F810
F28F
EF60
F8BA
FF9C
FF87
09BC
0BDC
0E48
12B3
0D08
0339
05BB
F945
EDBD
F778
F686
F383
FED7
006A
FF69
0600
068F
0366
06BC
03AF
FE02
03CB
0643
02E5
0293
04FD
041C
0075
FE6B
F789
F15A
F292
EEEC
F16E
FCEA
FE23
043A
0D07
0CA7
1356
1628
0A22
067E
02DD
F4A5
F0D9
F33F
F10A
F553
F8AE
FB24
04C6
0722
08A0
077B
02C6
0195
024D
04B8
04C3
0465
00EB
FF9E
FE57
FE68
F7FF
F549
F6CB
F3FB
F541
0330
0619
094A
10CC
1104
0C27
1266
0635
FE0F
F6A5
EE8E
E6CD
EDB4
EF10
F2F8
FCB5
039A
0C67
1298
0A31
0F19
0F51
02B5
00BA
07A3
0275
FED0
01F0
FDA2
F4AF
F950
F7DB
F0E1
F342
F7E4
F55C
FFF6
0B5A
0D55
1484
11CB
0CA3
103F
0067
F5E7
F993
E7EE
E439
F2BD
F404
F649
08CB
0E21
0A1B
113A
14D0
0AAA
0734
0418
F6DA
FA0D
00C4
FB9E
F791
F936
F428
F6E3
F606
F960
FF50
FEAE
FC59
04CF
0CF4
0DE6
10B0
11C3
0744
0182
01E6
F493
EDA2
F1AD
EA67
EA5F
F89C
00D6
06B2
0DAA
1166
131A
119A
0CED
0941
02BA
F7F0
F5C3
F275
F070
F189
F5D3
F849
F9BF
0026
03E1
02E2
0706
0658
0102
07AE
0D4D
05B9
0722
06B8
FF23
FBDC
FB1F
F370
F28F
F254
F509
FC4A
00C5
08D4
114C
0F63
107D
1310
09A8
0229
FFF5
F5F0
EC6F
F3DB
F3ED
F169
F4BA
FC96
00B4
02B0
0AA4
0AEF
0387
04F6
0649
02D7
07D8
04B4
009D
FC4B
F77A
FA36
F6FD
F283
FC0B
F9AA
F161
FE65
07AA
08AC
0E9A
121F
0B76
0BF1
0B26
02A3
FCA9
F889
F388
F0D5
EFB9
F660
FAFD
FC2A
0034
047C
03A2
04D4
06C1
071C
0645
020A
0785
04AE
0136
0425
FEDC
F977
F7BE
F6E4
F64B
F4A2
F857
F8A7
FFDF
07C3
0C78
1111
0CB8
0B6E
0621
FDD5
F748
F396
EFA6
EFF1
F62C
FC06
035D
0962
0B61
0B8B
0BEB
08F9
0567
FD8B
FCC4
F3EE
F930
FA01
FACB
FFB2
02DE
FF26
FF12
FB99
FFAB
FDB0
FCE2
FF1F
046D
0294
0788
0B24
0561
0907
0A70
FA2F
F8D7
FAFE
F130
F18F
F75D
FEAA
FF4A
005A
0A4B
0A1B
0796
055B
0067
F8B2
F877
F919
FC6E
0317
0580
0235
0616
01E7
04E8
0458
0024
FE11
FD7C
FAE0
01BD
0BEA
07CA
04C8
06BB
0182
FD42
FB09
F5A4
F132
F218
F563
F2E8
FE51
0948
074D
0764
0BF8
0790
0459
01EE
FEDA
FCB5
FAE1
F6BA
0047
013F
0172
083E
0589
063B
0685
FF15
FB1A
FADE
F734
F63E
FFF2
FE05
FF95
0C0B
00D3
00F2
0E94
FBCD
FAA5
0188
F049
F4D2
0190
FC57
0139
0EC4
0633
02AD
10FF
01DA
F851
0288
F795
EBD2
F69A
FA00
FA8B
05FB
067A
FEDF
09D8
0657
FF40
05D7
FD69
F80D
FED4
F816
FC8A
0B19
0507
0315
0BDA
0002
FE0F
01EB
F7C3
F83D
FD33
F7CA
004C
05DE
079A
0A2E
080C
FFE5
0020
FDF3
F36A
F303
F7FC
EFBE
F62C
0075
004D
0395
0DA7
0AA8
0657
0C6C
0819
FE3F
01EE
FBB3
F770
FCFA
011A
FB5C
0298
01F7
FDA8
03E9
02CD
FEBE
0251
FE29
FC97
04FC
000A
00C6
0630
04D9
00B3
05A7
FFC0
F74D
F80D
F5DB
F308
F553
FBC8
00BD
02B8
0D4E
1225
0E72
0F69
0751
006E
F9F6
F2DD
F234
F075
F169
F708
FB41
009C
08F3
0E3F
0CC7
1070
0DBB
0460
FE46
FDDD
FC32
FAD6
F692
FDAF
FD43
FB6D
FE7A
FAD1
F2B8
FB27
FAEA
F85B
03E0
0A33
0C7F
102B
147C
0CFD
07B0
0395
F705
F4E5
EC3F
E928
F392
F64D
F506
0231
0917
0A26
126C
0F09
0671
07D0
00C0
F267
F992
0154
F9D0
FA22
0059
FDAE
FCF1
FF4C
FBE8
FAD5
F833
F6C8
03C9
0A69
0B1B
1082
10BF
0CBB
0DD0
03EE
FAC5
F777
F0FD
E795
E930
F0C6
FDCB
02FB
076B
0CF1
1342
0DD6
08FC
04E2
F8E2
F323
F76F
F745
F97A
FEFD
029E
FDFE
0332
0926
FDB9
004F
01A7
F746
FC91
0752
0342
06D4
0E6C
06B4
07CA
099D
00E8
FA21
F581
EEBC
EDA4
F22C
FC2A
0005
0488
0E35
125E
1100
0EAB
0822
FF2B
F8FE
F309
F5E2
F4B2
F67C
FD98
FF01
FA16
04AB
0366
FD20
FFFD
FFAF
FEC0
0671
0870
09B6
0AE2
075F
067F
061A
FCC7
F506
F6C9
EECE
EBA5
F832
FE2C
FCF1
07CE
0E80
0742
0A76
0A94
04D7
FF8A
FFFE
F95C
F8DB
0061
FD54
F7E6
FD83
F60A
FAD4
FF61
F8FE
FBE9
02EB
FDCE
0505
0CA3
0CDB
0C90
1079
0925
0267
FEC1
F882
F07F
ED02
E7E9
EA0B
F787
FEB3
00E8
0AB9
1442
0DC6
1196
125B
070B
00F2
01A9
F75A
F84E
FCE0
F707
F484
F584
F8CD
FC65
FE4C
FF66
02D6
0504
015F
0856
0F04
0C1A
08E8
0A85
0351
FF03
FED8
F4EA
EA40
E9CD
EDAD
EFC5
F622
05E7
0B9C
0F52
1214
123C
13AF
0DDB
04BA
013B
F189
E970
F759
F26F
F097
00EF
FE1D
FDC8
0917
0DDB
07F6
083D
07A2
049F
0419
0465
05CF
038E
FCDB
FCC6
F76D
EEAC
EF7F
F085
EF43
F238
FC00
0A0E
0C35
0DFC
159F
13FC
0F04
0E9F
04F3
FBD7
F457
EFC3
EFF4
ECD5
F304
FB0D
FB2F
010E
0760
067D
0B2F
091D
0572
039D
04CC
037F
0615
0196
0095
0053
F95A
F597
F792
F6F8
F199
F582
FD43
01A0
0870
08AA
0AC1
0ED3
0BFB
09CE
0729
FEC3
FC8C
F229
F088
F48B
F874
FA4A
FD75
FECF
0698
03B1
03E4
057F
0268
010B
029E
04A5
06C7
046D
03A8
0027
FC00
F722
F691
F2D2
F004
F8E5
FA1F
0096
0BCA
0D6D
0EC7
12D6
0ED5
0E03
0408
FE91
F7E7
EE3B
EE34
F3D0
F3E7
F6D4
F974
02D9
02E4
FF0C
05AB
0956
0430
0624
09F2
08A5
0B43
0B5F
0174
FB9C
F8EE
F04D
ECC4
EE96
EC64
F60F
0000
055F
109B
1655
109A
1638
1343
08A3
016A
FEF5
EF47
EF4C
EDAB
EBA6
F414
FF04
FABB
00FC
0984
0777
0766
1041
0A37
040B
085F
0303
FB97
0331
FAFD
EF92
FAF3
F6D7
EE0C
FBD0
FCE2
FBCC
0312
03A2
05FC
11D5
0F72
0DEB
1390
0960
FB7A
FE47
F679
E7B6
EA31
EEFB
EB85
F9D3
0799
094C
0FD5
1563
1214
09E4
0935
0172
F706
F3E5
EFE1
F5C4
FC6B
F6D5
0093
02BB
F7BA
0184
0424
FF37
0073
00A5
FF97
08CB
0F5D
0B9D
0860
0888
017B
F7DE
F2D4
EE3F
ED17
EF9B
F3DE
F877
0750
0F37
0D29
11B9
13F4
0893
06BD
0040
F504
F650
F459
F1FE
FBF9
FE4A
FCBD
0254
0529
03A5
08FA
0660
FD02
FF63
010C
0068
050E
0628
02CF
FB9B
F9AE
FB3B
FC4E
F6B3
F5C2
FA90
F85D
FC70
07DF
0CD3
0953
085D
1168
0746
040E
0CCE
FCC3
F12F
FBFA
EFC7
EC28
F652
FB5E
F9D1
FEB3
06B8
0CED
090F
07E5
07B4
04DA
045E
069F
00CC
FB1C
FA56
F9E2
F97F
F9F8
FD26
FA0E
F3F6
FAC3
0066
0078
061C
0B77
09F1
0776
0C35
0952
0816
02F3
FC07
F33A
F188
F122
F3CF
F942
FB97
FEA2
05AC
089A
094E
0C08
09E8
0710
0403
FD40
F2D9
F8BE
FE46
FB97
FC52
03B8
FB45
013E
0454
FCB5
FE8C
0751
FFFD
022F
09A1
0770
0A01
08AC
01BF
0018
F8E1
F521
F4EB
ED34
EAC1
F60F
FCD0
038D
0B94
1296
10F5
1034
0EA2
0559
00FA
FFD5
F60B
EFE7
F2F5
F6F0
F533
FC47
0110
FE9F
01AA
00A0
068D
0888
0388
04CE
07D5
03A0
0A37
0705
0273
022F
FBE9
F0CE
EE4E
ECCC
ECB3
F287
FB11
03B8
0DDB
133E
14F2
1254
12E6
0AB0
027A
FA41
F152
EC60
EEDC
EF3A
F255
FE5A
FCA0
FECB
0BD1
08F7
0606
0EFB
0784
00C9
08A6
0964
02B5
0661
025C
F83B
F898
F099
EC77
F2F6
F150
F5AA
022D
0AE9
0E28
142F
1A62
1337
0E07
0BD6
FBD7
F336
F1BC
E457
E906
F2ED
EE76
FA2D
0640
018B
0CAC
1340
08D1
0C67
0C8A
02E2
079B
0ADA
015C
FF4B
FE9E
F550
F1BD
F67C
F02F
EF05
F87B
F530
FF25
07D5
0DA8
137E
1175
105B
0BD2
0579
FDA5
F2D3
F5CE
E9F5
E71E
F60F
F915
F808
074D
0D9B
0CCB
0F9D
1119
0B70
07A3
FE97
FD88
FDEC
F5BC
F8AE
F858
F684
FDF1
FD67
FCEE
FBCF
FD92
FE3B
0050
0253
0AA3
0B35
0AFD
0C2E
0908
0273
01C4
F3E2
F0E5
ED0B
EA55
F023
F6C0
FD18
0526
0AB7
109C
15C5
10A5
0A4B
0866
034D
F6BD
F7E8
F8DF
F5B5
F31C
F773
FB57
FD0A
FE44
04A6
01F1
FE3D
0083
05E0
040F
0C21
0D77
07C7
0752
0606
FF1C
FB84
F427
F348
EDDF
EF24
F64E
F8F6
0408
0AD6
0A1D
0CAD
10F1
0CED
071C
030C
FB5A
F5F2
F864
F5B4
F7EF
FC2F
FE6C
FF76
00D7
0363
04F2
01D7
00D4
FFF2
012D
04DB
05E7
077B
060A
0336
FCF8
F918
F715
F656
F2E0
EFAF
F841
0092
0376
0B92
12C4
11E2
0C5E
07A1
016F
FC84
F6A5
F1CC
F126
F271
F505
FE8A
02EF
04C4
0951
0B3C
09BF
08D0
062C
0180
FEAF
035D
04AA
FE79
00BB
0235
F8E9
F71D
F7A1
F1A5
F272
F528
F762
FE79
05BD
0E37
0F5B
0E14
0FBC
0B9F
00F8
FDDA
F73D
F200
F237
FA02
F852
FC92
FEDC
05B2
0936
05E9
0488
04BB
FC38
FE0F
0162
0009
01A2
06E9
FDF9
FCEB
FDC8
FDAC
FB4F
FF76
FB1C
F7C1
FD8C
0262
005B
09D6
0953
00BD
09D5
0316
FA67
0251
FBA7
F26F
FAC1
F623
F626
082E
008A
FD6E
0FB6
07E0
0045
10C1
035D
F757
0546
F8C9
F1C3
0145
FB5A
F496
0780
05B5
FF2A
0A6D
07CA
F94D
03C1
FB66
F7B8
03F3
0069
F9BD
063F
04D6
FC37
0619
06E7
F302
F832
F9AC
EDD1
FE72
08D6
FEE0
09AA
1292
0622
0B7D
0943
F968
FA13
F460
ECF0
FD47
0036
FB10
0820
06B7
FF10
0951
0B32
FCE3
FC0D
FE5A
F29D
F672
04E4
0144
FFD1
07B0
05E8
FEE9
01B5
FF61
FB02
F9C3
F834
FB8C
0627
0644
073E
0DCD
07CF
0133
064B
019C
F628
F7B9
F91F
F269
F9FB
0134
FBB5
FD5A
06CE
0505
FD3D
072B
03FE
FBFD
0030
FCB3
F87B
0817
0366
FCC8
0834
0242
F86E
0169
FE4D
F9B8
01A4
FFCE
FB89
0628
06FA
FEBA
04DC
08DD
FF4D
0239
0099
F86A
FCD7
FB99
F206
F810
0055
F950
FDAA
0A2B
07D6
068F
0C31
0343
FE9F
009B
FA79
F85E
FDE4
F670
F96B
FFC0
FB86
0446
07CE
FFAC
06A8
0700
FDC0
008C
064E
0158
025D
02DA
0101
0366
02A0
FD3B
FC57
F868
F3B2
F542
F9E5
FD1D
0226
056A
073C
09B5
0DAF
06D6
023F
02CC
F943
F030
F522
FA7D
F64A
F9A6
0290
01CA
090E
10B8
0B42
04CB
0587
FF07
FBFD
01FB
0211
FE36
FE1E
FF7D
FAB6
FE29
FA63
F59F
F860
F5BA
F453
0497
0986
07D4
0DA7
0F6C
0B3D
0CD3
03FD
FB9D
F650
ED6F
EFCF
F66D
F8B3
FD92
0197
057A
094A
0AA4
07C8
0485
036F
F827
F9EA
FFFA
FF2C
0277
0522
FF23
0097
001C
FA26
F9D1
FC7F
F49B
F7C8
097F
08B0
05D1
12DD
0B9D
0550
08D7
0009
F3F5
F8F6
EF79
EB6D
F745
F677
FEA7
0858
03CD
09A9
14B4
098F
0500
0621
0248
F781
FCFD
FEA7
FA2B
FAB0
FC97
FA59
FBAB
FB69
FCC2
FEF3
FE0C
FB29
0729
08E2
079F
0F2D
0C17
03CE
0778
04CF
F9A6
F6E0
F3C7
EC7F
ED71
F83C
F98A
006B
0645
0880
0DB6
1188
0C7F
0D16
06D3
FC1A
F7A5
FB71
F880
F700
F92B
F7F6
F352
FB63
FEC9
FCF2
0259
02A5
0258
08C0
0B20
0868
0E59
0637
FDF4
04BE
F8A4
EF12
F82F
F0FC
E88C
F935
01CA
017D
0C1D
11F1
0EAB
0E7E
0DFF
04E1
FCFD
F8BF
F376
F47A
F714
F5BB
FA97
FEFD
FA78
056B
09EA
014B
06DD
08FF
FF99
0434
0A73
071E
02C0
0327
02BB
FB23
F7E7
F6D3
F0FC
E909
EA34
FA4C
0317
083A
1220
14B5
0FBC
132F
104E
0387
FB71
FBB5
EFFF
EB29
F73D
F99D
F844
FD92
0595
0619
04BA
0601
FFC4
03DF
0066
FFEF
0715
0425
04CD
0796
0012
FD82
FF0F
F458
ED92
F12B
EE9C
F260
FFF1
053F
0A15
0BE8
0E9C
0FDB
0A0E
0803
02B4
F9E6
F676
F6C3
F853
FAF9
00E8
023D
0387
04A0
02B4
0054
FD7A
FC27
FCA9
FA06
0021
0253
0321
082D
0803
03A2
042D
FE6E
F7DD
F304
F161
F1D3
F75C
FD65
090A
08C6
0B76
11CF
0BC1
051E
054C
FC8F
F323
F351
F56B
F9EA
FA5E
01BC
052E
0761
0527
0706
0625
FACF
FB12
FCAC
F84A
00F6
0939
0460
0184
07C1
05C7
FE33
FE7F
F8B7
EE79
EADE
F392
FD6C
02E5
065B
090E
0E9D
0E43
0F0C
164A
094F
FC4A
FA3E
F329
EEA3
F7C6
F8CD
F39B
F77D
002C
0404
0454
04FA
05E4
0228
FE74
0918
0AFB
0442
031C
0340
01FA
FF77
FBF4
FB5F
F013
ECF1
F44A
FB52
01D9
0B0B
09A6
0A60
0FFB
1018
0E72
0935
FB5E
F4FA
F04C
EF59
F898
FB19
F227
F3A1
0065
0056
0314
0EB8
0864
016A
06BC
0A8C
0917
0A02
07F4
FBD5
F69B
FD8E
F406
F307
F193
EE23
F449
020C
051A
0BFD
1582
118C
0F34
15EC
0236
FC9A
FC81
EBE8
E7D9
EDA5
EE21
F423
FD97
0225
06F7
0FAF
10BF
09DD
0F98
07B3
0072
033A
0156
FBE4
FCF6
F769
F356
F650
F8F8
F44B
F7BC
FAC0
FECB
0220
06FC
0BDB
1387
11E8
10A6
0C4D
06E0
FD89
FA4A
EF23
E6B8
E841
EACB
EEB4
F6F9
03B8
0EF8
0D95
1233
159B
117E
086F
0A21
0436
F6AE
F3E9
F969
F2D7
F02F
F954
FDED
F686
010E
0A34
0229
03BD
08DB
052D
0680
0A88
0843
0677
027F
FE32
F9D5
F36E
F014
F56C
EF02
EE60
F6BC
FE89
047B
0B57
118C
16E9
140D
1698
10AB
06DA
FFEB
F919
E877
E8FE
EF30
EDDE
F0A5
FD79
0284
072A
0A76
111F
0E05
078B
064D
035D
FE27
FE8E
FB17
F5F3
F853
F64F
F624
F9D3
F861
FD7E
FC77
FE8F
0684
0ACD
052D
0E3E
10FA
0871
0D45
08C0
F829
FBAE
F59B
E9D3
F04C
F7A3
F416
FC6D
0445
099A
10E5
0FC2
0D25
0E2E
0670
F84E
F532
F636
EE39
F0D3
F5BD
F73C
FC6B
08C2
00A8
0455
0A9D
02EA
00B4
0934
082C
07F3
08BD
0B37
06C5
02F8
FF91
F6A7
EEF7
ECBD
EEBE
F4C7
F75E
00FC
08EE
0C04
102E
139E
0A9F
073A
0363
FDAF
F548
F58C
F887
F46B
F69E
FDCE
006C
0288
013E
FF43
FE34
FC38
FDF3
048F
04BA
096F
10C4
0B88
08E1
0E44
0259
F405
F581
EFFD
E875
F549
FC29
FCAB
079E
0D1B
0B1F
11F7
0BD3
04E1
019F
F7BE
F403
F8F8
F776
F774
0005
03D9
FE25
02BA
05D7
FA8F
FC54
FD39
F773
00A2
0BA4
080C
0906
0D68
00E9
0719
FFAA
F2C6
F392
F272
E912
F7F4
00AE
03E0
0D96
1391
096B
108E
1334
0773
FEC2
F987
ED64
EA33
F3F3
F617
F448
FE0A
FD01
FDEE
07B9
0484
037F
085F
00CE
FE88
0E3B
0AF3
0843
0ED4
014A
FB6E
FE0D
F4EC
F49C
F44A
EB7F
F207
FD61
02AE
09E4
0F16
1068
0E70
0BB0
09E7
0252
FA16
F667
EA41
ED4F
F546
FA39
FD0D
048C
03D3
0726
083E
066B
07D7
06FA
FFD3
0564
0817
053E
0350
0093
F705
F42B
F1F6
ED4A
F0A5
F517
F8AB
01E8
0B1B
1209
16BD
175D
100A
0C43
0340
F771
F048
EBF0
E617
E9F4
F56B
F944
FFE7
0B89
0F62
0BB4
1161
113E
0679
0637
036A
FE83
FF25
FC37
F868
F816
F314
F29B
F6D0
F5B7
F8C8
FB87
FE9E
0649
0BE6
13C3
155E
0E49
0E45
0B0E
FD2E
F903
F238
E812
EA58
ED62
EE41
FAE9
024B
0475
0FB2
14E0
0F58
0E67
0C7C
0468
0197
FCA0
F6FB
FA19
F889
F56A
F5EA
F864
F6E8
F775
FC26
00E9
0208
0909
0B14
0CB7
11C0
0FEE
092D
04F1
FBE6
F403
EDB9
EACC
EBE4
F080
F188
FECC
0BCE
112F
1461
1616
11C3
1096
0220
FBB2
F7CB
F061
EC7A
F22C
F0C0
FA71
0122
02A7
035D
07AA
0711
0A1B
090A
02B0
FFF2
02AF
03A5
0289
02D5
00DE
FBFA
F8A3
F4B7
F4DD
F7D4
F275
F97C
019E
0705
0BFD
1160
1001
0E18
0957
02A9
FD8C
F642
EAE6
EF46
F2B3
F2C5
FD27
05F4
03CD
0961
0E62
0951
05CB
0663
FE64
FACD
FE27
FDC1
FD7F
FF3E
FE7F
00CD
FE4B
FB28
FC9F
FDB0
F755
FBFD
03AE
04F7
0347
0C14
09AB
07C4
0BCA
06F2
F6C3
F5AC
F4AD
E94D
F260
FBF2
FB6D
00B4
06E0
096C
107A
0BA9
06CF
085E
FE53
F9BB
FFF0
FD75
FABB
0220
FEC5
FBEC
01DE
01CA
FA45
FA6B
FF92
F7BC
FAD6
05DE
FEE7
0502
09B1
054A
0E8A
05CB
F7DA
FF7B
F458
F03B
F924
F825
F5C9
06DB
0BAC
04D7
12E9
13C0
02A1
0131
FBCC
F188
F2AD
F63D
F9B5
FD8F
005E
0383
0B8E
0618
044C
083E
FC57
F5E9
FFE3
FBB6
FF20
0940
06A9
0441
04A4
022C
FC2B
F903
F6D7
F1C6
F043
F330
FD8A
0213
0972
0C2F
110E
106F
081C
0583
FE6C
F532
FA9F
F34F
F109
FABF
FE55
FC58
0278
08ED
0796
0447
06CB
026C
011C
FFA7
0380
FD53
FF05
02DB
FDA6
FB29
031A
FF65
F9EC
FBB1
FBC9
F8DF
F9AE
02A2
02F6
02ED
080D
077C
01CB
0170
05D7
0278
F6B8
F7B8
FB10
F5B5
F9B1
FEC6
01FA
FFC9
05F8
0BF2
06C5
07E8
0E2A
01E3
F9B1
FBD5
F8F7
F8A1
F9AD
FA79
FD6B
0039
FF4C
07DF
054F
00BC
03B5
00A2
FAD1
03C1
0613
FEBD
0343
04A6
FFB6
FDCC
007E
FCE6
F60F
F36F
F4C5
F62B
00C2
0327
061B
0CE8
0EAE
0D43
0C39
0162
FF43
F984
EF8E
F090
F90D
F552
FD35
0724
069D
08D9
1047
0778
041D
05B7
FAF2
F80E
FCE7
FF5B
FC0D
FF2A
061C
0621
017A
FD73
FC55
F452
EF3C
F39E
F915
FD87
0498
0F95
1015
12AA
1454
0BBD
0040
FF1C
F49E
EA5C
EAEB
F690
F5B8
FD46
0610
0717
0AEF
0A7C
08C7
0718
FB8D
F893
F8B6
F578
FD25
0507
03A7
0383
080D
001C
F723
FB07
F84D
F117
F900
03A2
049D
0B09
1208
0FC7
108B
0B29
FD66
F6D7
F0D5
E8EB
F1A7
F564
F61A
0237
0B38
04EB
101C
0FD7
027E
047E
0070
F3AF
F7F8
FDA0
FA02
FF1A
0540
040D
0436
00B4
FB50
F91F
F5B1
F6BF
01E8
0460
04CF
0B23
0E9D
0D9D
0CFA
0B55
FD64
F82B
F7AB
EC2F
F118
FAAD
F448
FE58
0484
0236
0B61
10CA
0702
04DB
0269
F96C
FAA0
00E5
014A
0022
FC8E
FC7C
FAD6
F68D
F73A
F84B
F9C9
F8AE
FCA0
0905
0DCF
0E93
136F
123D
08B6
0736
05B5
F6DB
F1BC
F475
EC8F
ECA1
F98A
FD77
FB44
00EC
07EE
0935
0762
0935
0711
002F
FCB3
0302
0163
FE57
0087
FC92
F867
F50E
F935
FEBF
F914
FCB5
02A9
00EB
08C7
1041
0C48
0C61
0A3A
05E1
FCE8
FB7B
F8AC
F290
E984
ECF4
F2F8
FA70
0145
08A6
0BAD
0D4C
111A
0D2E
075D
0564
004B
F843
F7C4
F89C
F53A
F5CF
F6A0
F5E9
FAB3
030A
02D4
0493
0872
088D
06DE
0B9E
0954
0448
04CC
FEEE
FD1C
FF29
FA5E
F610
EFE6
EF20
F63D
FC60
FED3
035C
07E6
0C12
0BC7
0A4E
0CDF
06A6
FF13
FF5B
F7F5
F557
FE34
F503
F2FC
FF4B
FE87
FCA8
04DF
068B
0530
0508
0702
06A2
0390
021F
024B
025C
FD1D
FDC2
FE7D
F5C8
F2F7
F81C
F4AF
F7F7
0079
0198
01BB
08A9
0B5C
0823
0EA8
0E00
0553
FD6C
FB53
F88B
F87B
F59E
F7AB
FAD5
FCF8
FC6E
05C2
05CF
0244
0766
05D9
FDB1
06CC
065C
01CF
0272
0516
FEEC
FB58
F934
F277
F317
F44D
F41E
FA4B
0177
03CC
0B42
10E1
0D0F
0BCB
0FA2
06DA
FD6E
FD6D
F620
F40B
F654
F72C
F8CC
FD4A
FA98
FE2E
0631
FEA8
FE78
05C6
03B0
057A
0F5C
0A28
09FB
07E5
FF4C
F700
F658
EDFC
EB56
EFA5
F12F
FAC2
0952
0ADB
0F7E
184E
125A
0A1E
0FD9
0114
F0D1
F8A0
EFC5
EBB5
FB57
FD27
F45D
03AA
04E8
FED4
0570
08D3
FE99
054B
026E
0127
0CA1
0D7C
0275
072E
00C7
F0C8
F2BD
F8BD
EA6F
EB16
F5A1
F7FA
005A
11E7
112C
13E8
1A51
114C
09B3
06F5
F98A
F1D2
EDCE
E66B
EDBE
FAA2
F776
FE42
0761
0480
0526
0F5D
08CE
04FD
076C
03B0
0080
0946
0300
FE1A
FAA0
F6E8
F6FB
F6F7
F513
F462
FC20
FACA
FB99
0B2F
0FCE
0727
0F20
11CF
08A2
06AC
0507
F39C
F321
F381
EC4E
F2B2
F954
F5C5
FFFB
0759
0836
0D93
0EF9
08AC
0682
0679
FF53
FD91
FFDB
FA77
F422
FC32
FE5F
F6DB
FDF9
FDEC
F79E
0055
FFF7
FED1
0BB9
0E17
0675
0B59
0CE5
049B
00A0
FA1C
F29C
EEE5
EE40
ECD0
F4C9
FD15
FD0D
0427
0CCE
113C
16D1
1337
0A87
052A
0375
FAB9
F3BD
F645
F0D3
EC52
F798
F845
FA62
054C
0196
036B
0BE5
09DC
0B44
0F47
08D0
0461
045A
FB59
FC5F
FDD0
F55B
F10D
F362
F155
F153
FDEA
032D
0145
057F
102F
0D5C
10E5
12DA
0917
02B7
FEC3
F4DA
F1FC
F786
EFD7
F355
FAA1
F9C1
03D8
0A43
006E
0799
08F7
01F2
03F6
08B6
006C
FFF7
00CA
FB61
FB8B
FE35
F959
F66F
F784
FB09
FC0F
00EB
090B
06D4
067C
0B5E
0AC7
0875
062F
FD53
FA42
F806
F107
F966
FB00
F423
FD51
001D
02CD
0973
05E0
03F2
04C2
0645
025A
024F
0496
FF96
F8C7
FA3E
FAED
FCD3
FC96
F844
F7B5
F9E0
F92A
014B
081B
0CC3
11FA
11C8
0C61
0CFC
07E2
FBA8
F7FB
F2DE
E624
EBB9
F543
F6E9
0253
08E8
057C
0D30
0D44
05EE
0A55
0592
FB5C
FFCF
FF1F
FA0F
033A
FEBF
FA7C
FF0A
FDBB
F31B
FAEE
FC1F
F68A
FD36
09E2
0801
0EDF
131E
0CAA
0904
081A
F90B
F319
EEEA
E589
EC65
F682
F392
03CD
1106
0B1F
116E
1710
0AA7
09F9
0944
F54C
F3A4
F5F4
F1E7
F4F6
FD42
FA45
FC18
01F8
024F
FC9B
05ED
015A
00F3
0996
0A0F
03FF
0BB3
04AD
FEA8
FFEE
F92B
EE39
F235
EF3E
E975
F83F
0023
02A0
0E9F
106B
0F09
1508
13C5
0898
06AD
F83E
F05B
F0CD
F35A
F14A
F2A9
F659
FC06
FC9D
06A3
082E
08FF
07E4
04AA
07DF
0B16
0911
0647
0514
FE04
FA57
FC31
F5A1
F2BE
F6BA
EF44
F642
0287
05C2
0819
0DE4
1164
0E19
0B9F
064A
FF54
F6EF
F236
F35D
F1BC
F913
00AE
FCDF
0453
09AC
093D
08C0
06AD
037E
FD51
FB61
019E
01AB
FFE0
FC60
FFC0
FC3C
F99A
FBA1
F879
F3AE
F639
F943
0123
07A2
1152
128C
0A68
107A
0C96
03A1
0006
F8F7
EC6B
E938
ED9D
F42E
F86C
F8ED
0257
0972
0789
0D2A
111D
0A42
0721
0898
0090
FE09
FE46
F9E0
F675
F783
F432
F57B
F3F2
F689
FB9D
FD0B
0588
0B9D
0948
0D83
1107
0C46
0C02
053F
00C0
F5B5
EDEC
EF8C
F192
F756
FD58
FDCC
01BE
0A20
0C3C
0B5E
0BCD
074C
FE3A
FC41
F9E4
F8E6
FA05
F64F
F5CB
FA6D
FF06
FF79
01C3
FFDA
FF8A
00A3
02F1
0727
0A23
0C0D
0CB8
0881
088E
00EB
F54D
F0E4
E86C
EA41
F1B6
F32E
0299
0BE2
0DA8
137A
1BB5
1472
0DF1
0860
FCA9
F0B1
EFA6
ED8A
EE1B
F449
F59D
FC1F
0537
0398
05D5
0A0A
0350
FD34
0041
045A
04CC
0FCC
0A0A
FFAA
07CC
0289
F74F
FFAA
F7C6
F143
F5C0
F846
F9FA
0740
0A2E
0866
1001
0875
0307
0678
F9B2
F07B
F4D0
EF3F
F160
0150
03BE
FD1D
09B2
0A79
015A
0B9A
08FF
F908
FF27
FD43
F824
FFDE
023B
FC82
006E
0415
FC94
FF51
03C5
0027
FC20
FE38
FC1C
0674
08C5
0543
04F6
0B13
FEEF
01B0
024C
F545
F227
F684
EFE0
F674
FEE2
01F1
0363
09DD
0D1C
03B3
05DD
076E
FC56
FBCA
F942
F742
FEB2
0056
FF19
01E8
03FC
0201
027D
FFF8
FB63
FC60
F9F5
F89F
04EA
070B
0418
0A01
0D4B
0077
FEE3
0073
F8C1
F21F
F57D
F2F2
F7BC
0099
010B
0895
0C4B
098D
0918
05ED
FBBA
FC13
FEE5
F490
F48C
03F8
FCAB
FAD9
0E97
08A4
FE61
0960
02A6
F7E8
008D
00D9
FAA1
FEC2
0290
FFBB
0319
04C0
0492
FD90
F852
F91C
FB79
F7CC
F70D
FEC6
04DD
FDC9
06E1
1054
07FF
074D
0BDA
FF44
FDBF
00FC
F769
F732
F992
F4B3
F6C4
FEF8
0370
0612
07F8
03BB
01EE
0445
FF62
FC1D
00C7
FB23
F67C
FDF4
0369
0464
0A3A
0684
FED5
FE4E
FD82
F7CF
FEB2
0115
FBBA
FEB9
0516
0238
075D
08F4
FFFA
FB33
FB7C
F5F0
F679
F7E0
FBFB
FC77
0294
08DF
0D10
0A2C
08CB
0268
FF22
F643
F42C
FD72
FD60
F90E
0414
03A1
0117
097D
0601
F6B4
FDC7
FC67
F539
0017
080A
0416
08A2
0A1E
0853
0769
031A
F98F
F685
EE83
ECB0
F8D1
FB73
FC69
0A8A
0C25
08C6
0E2F
0BF9
FE05
FB7B
FABA
F4C7
F831
FE54
FE6E
011F
02B6
038B
0891
0574
00B2
026C
F892
F495
027F
031A
FEBA
08AF
0614
02BB
0670
024C
FB31
F9D2
F1AF
EF75
F60F
FB31
029D
0D89
0B5F
0C3E
100D
0C8E
0681
0653
FCF7
F0D7
F33F
F764
F482
F785
FDCD
FEB9
0165
0562
0422
03C7
05FD
01C5
FE67
0651
02AB
0200
04A3
00C9
FD0C
FF7F
F500
F21E
F840
F274
F350
00F3
07D6
0815
0F51
13C5
10DE
0F86
0B4B
FE72
F9D8
F41A
EBEA
F03C
F3CF
F09B
FC98
03C6
FEC8
0A7D
0E83
06E4
073F
FF80
F81D
FCC3
0058
01B0
05DA
04A4
FDEF
03F9
FCC9
F3B9
F8E8
F703
F1F2
F914
0319
09F9
12AF
1554
1259
0EE9
0960
FC2D
F90A
EE46
E5E7
ECA5
F1D0
F05A
FD80
0685
09D8
1220
18BF
0DE0
0A30
080A
FCA2
FB6E
FF11
F84E
F9F4
F901
F727
F92E
F4F7
F37B
FC45
F768
F761
04BF
0CCE
0E87
14F3
142A
13C8
0BBB
0657
FF52
F205
E9D2
E9E2
E66D
EACD
F704
FF6E
02FF
0B14
0F5C
11B8
10C6
0BA3
097D
00FB
FB49
FF0B
FD1F
FA6D
F8A6
F8F5
F723
F5F0
FAE0
FCE4
FA3F
FBB4
0329
069A
0EC8
1309
0E24
0AB9
0875
0099
FAA3
F0C3
ECB1
EC1B
E9B3
EF2B
FCFA
04F5
08EF
0F59
109D
0E07
0C9B
0873
00A1
FDEB
FB8A
F88C
F91B
F973
FCE7
FCDB
FB06
FB44
FEA3
FE41
FCFF
02B4
087F
05BC
0744
0A51
0A32
05B5
0626
0310
F9D0
F58A
F379
EF60
F150
F1E4
FCB5
00ED
0109
0AFB
0E5C
0AEF
0BC9
06A9
00F6
0021
FAE7
F97A
FD10
FAAF
00A5
0405
0106
041C
0317
FB2C
0125
F9BD
F732
FE8C
FE63
FED5
08B5
0D69
0CE3
0A21
0484
FBA4
F86C
F135
EF53
F1DB
F5F1
FA1F
00C1
0292
063A
0D8E
0B54
0590
03D6
02BE
FB8F
FAD4
02C9
0064
00BE
0078
0049
03CC
012D
FAE3
FAF1
F6F3
F641
FD48
FF1C
03AF
0C12
0AD4
06C0
0C3B
06E4
FF6C
FC3E
F5F0
ECE3
EEC0
F3D5
F783
FC59
04A9
0682
0C4F
0FA0
0E38
09A2
062D
FFEB
FB36
FA26
FFC7
FE79
FCE2
F974
FB3D
0098
FABE
FAEF
FCF3
F395
F9F3
03D2
03C2
0825
13BB
09F2
058C
0D7D
05C3
FB63
F5B9
EC17
ED6A
EBD3
F5DE
027A
06D4
0924
0A08
14FA
0F80
090F
103D
FFC3
F1EE
FA40
F7DF
F2A4
FDCA
036C
F5B8
FCE8
047C
FBFC
FF64
FF47
F883
F95A
0006
05C0
0E6A
0DE7
087C
0839
0494
F8B5
FA7A
F930
ECA0
EE18
F885
FB59
FF2A
0CD5
0FB8
0ADC
148E
0D70
02E6
0487
FCF5
F3CE
F352
F146
F61D
FF43
F914
F812
03C5
01BF
FFF8
0891
02F5
02B9
0425
026E
0680
04C0
0115
00D7
FB00
FB9A
FAD5
F924
F716
F98B
FB54
FBE1
0185
0615
0A59
08A5
08CD
0C94
08E1
0663
0098
FCAA
F4A5
F062
F432
F2A9
F137
F928
FFA5
0328
0516
0E1E
0EB4
07FD
0DB0
0976
FEB9
FDE5
FB1C
F943
F5B0
F652
FD45
F875
F80D
0127
0355
FF71
03A3
060D
0589
06CE
0920
0883
053D
00FD
000E
F854
F2FC
F651
F15F
EFCE
F94D
0018
02A0
05A9
0AB7
0D97
0CF4
0C9F
0B7F
09E3
0377
FACC
F577
F586
F21B
F2A3
F6A9
F6DB
0053
0871
03E4
0A1E
0E05
0496
0379
0BC9
04A3
FC36
007C
FF15
F928
FD26
F7A7
F6CE
F709
F5F7
F581
FCDC
00AD
07F6
0A99
0F4E
1096
1284
0D0A
0715
FF09
F843
EA60
EC4D
F0F7
F2A7
F816
FE69
07A7
0C57
0DBC
095E
075E
0624
FF39
FD55
03A8
005A
03CB
FD4A
FB5F
FB9C
F524
F38B
F67C
F284
F42C
FF5C
01FE
099A
154D
1659
11B6
12F5
0732
F8AF
F431
EC86
E44A
EAFE
F500
F879
02FC
0CDE
0BF6
12BC
1120
0810
046A
016B
F58D
FA3D
0230
F949
FCA3
0057
F6AA
FF45
0287
FAB8
F7D2
FA40
F7E0
FE57
0717
0A56
0DAA
13E8
0DE8
0928
0812
FD88
F656
F030
E81A
E5C8
F72D
FBF7
FC6D
0BC3
0E5E
0A55
141E
0CE5
056E
08A1
FF45
F552
FBD9
FCD6
F5A8
FB18
FD5F
FDF3
02CC
FE69
FA7A
011F
FD87
F88D
03F2
0D71
07B3
0ACD
0DEC
0288
02B3
03E6
F722
EF6B
F179
EA99
F14A
FDE8
0067
0475
0FA4
09CE
0BD1
12E7
07C9
029C
01DD
F538
F4CD
FB0B
F85B
F826
FD1D
F9FF
FD06
0102
FF31
00E5
005F
FEDB
02F5
08AD
0CB0
06F2
06C6
063E
FC7E
FC97
FAB6
F3BB
F675
F259
EF18
FD29
0400
02DB
0BBD
0D80
0A41
0EB1
0CFC
085E
0135
F76A
F2EA
F712
F247
F393
F62A
FAE6
FAC2
FF1D
0359
058D
0352
06F3
089A
05D6
0A7A
0E60
07E8
041F
0295
FA4F
F58C
F327
EF95
EBB0
F106
F868
02C6
09A0
0CC0
133F
15BC
0E10
0F91
078B
FC88
F799
EECB
EA7E
EF33
F6B8
F8E8
FA5E
0377
04D3
04A6
0C46
0C2B
05D0
06CD
02E7
02C7
03F9
019C
FED4
FBEE
F4CF
F142
F500
F23D
F1F8
F94B
FDA6
05CB
1028
1525
138E
1313
0FA9
061B
0037
F9F0
EF7D
E9F3
EC1D
EEE4
F616
FF5C
03A3
0A65
0E0E
098B
0AED
09B7
0474
0533
03D8
F95F
FC9E
FF5C
F7D4
F70E
FB1B
F66E
F4A9
F913
F9AE
FE2C
04C2
0989
0C66
0B84
0D9D
0FF1
0BD6
0495
FE1C
F6F2
EF97
ED88
F05A
F2E4
F684
FDEC
01DE
08C0
0DA9
0DFA
0CF8
1000
08D4
FDD8
FE09
F8BC
F252
F62F
F269
F441
FEFE
FFBD
FD5D
07A2
0437
0222
0749
032C
036F
0A05
033D
025A
03ED
01B3
FB09
F9D4
FA9E
F354
F31F
F6B5
F843
FC5B
0398
043B
0BF4
0FC4
09A7
0D6D
0A34
0013
FDD9
F885
F2B6
FAD8
F93A
F843
FF5A
00DC
FAED
0214
0A08
0568
01F0
08F6
0482
0464
0928
03DF
FD34
0207
FACA
F2ED
F243
F5A9
F6E9
F78C
F7CF
00C4
091B
0C89
0C0B
1046
0AD0
02B9
0576
F90C
F00B
F6D1
F235
F25D
FD2F
00EB
FE61
0669
0E67
0D4C
09EA
07BA
026C
FE7C
F840
FCEE
0192
FE7F
FF1E
00EA
FCCC
FCEB
0060
FAF7
F839
F697
F83F
FA6F
022C
080D
0816
08A3
0940
057E
0930
FE06
F8A3
FA4F
F04C
F2AA
FB3D
FBE0
048D
0971
0710
0A8F
0E17
08B5
FEC4
FC7D
F9AD
F282
F650
FFAF
FE93
FE33
066C
04F8
FF6C
02B0
031F
F9FF
F92A
FD87
FEE4
025B
07FE
07FB
06ED
04D7
0470
008D
FB56
F639
F61D
EE04
F2B0
FE23
02AD
023A
0631
0F66
099E
060E
0637
FED3
FB37
FE7D
FF7A
F945
0452
03ED
FF4D
068B
04F4
FF65
013D
F93C
F7FD
FA07
FA01
FDEB
01E2
FF56
0241
0593
025D
00CA
035D
FDEE
F780
FC91
F9E3
FC71
0366
0A15
060B
07A5
0821
0339
FF0E
00A3
FB2E
F803
F6A5
F722
FB52
FF54
FDB0
029E
03AD
025D
05FC
08BF
007F
0326
03BE
F7AC
F6BD
03BB
002B
F9D7
0168
0507
0086
03A4
03CE
FDE7
FA60
FD1D
FB58
FC05
0494
0613
05A6
08F6
05E6
05AF
0112
F991
FA81
F2EF
EC8E
F482
F928
FD9B
060C
0CB0
0C96
0E0C
078A
03B8
FC58
F738
F4E2
F690
F88F
007A
05CA
0A76
0B7F
0B38
03D7
FCEE
FB5A
FAB7
F5A2
FA61
00FF
0435
09F7
0A2F
050A
093F
02F3
F716
F54B
F31A
E958
F4FA
FDC2
00A3
0E35
0F90
0A88
0D02
0A28
FD3F
FBD5
F7FF
F141
F5E2
FE80
FB59
049F
0575
013A
0683
065A
000B
0132
FF01
FDAF
FF34
091F
0604
06A5
07AD
0483
FF04
FED6
F349
F0A7
EFC0
F053
F581
00A5
0424
0982
12EC
0D1F
0A5F
0FB9
02D3
FB75
FCE0
F50B
F395
FAE4
FA87
FCE6
FD33
0150
0370
FF8F
FF8D
00DC
FEB5
FC25
FE42
02E1
0B52
06C2
075C
063F
01D5
F966
FC5E
F4BE
F153
EFC0
F3DC
F7E2
032D
0A0F
0F99
113C
1155
10DB
05E0
FDEB
FCD8
F4B5
EDB2
F04D
F9E7
F9F2
F774
00CB
03AE
FDA4
053D
0B23
0567
04C6
07A7
0088
01CF
0476
02D4
FD71
F8E4
FA11
FB06
F333
F425
FBB2
F73C
FC5D
074B
0F87
0E9E
10D4
11F1
0EA4
056C
040D
FB9E
F3D6
EDC4
EFD4
EF76
F101
F9F2
012A
036F
0B41
0E8C
1051
0C0D
09F8
06EE
FB0B
FB59
022C
F73A
F8C7
FE08
F63A
F2CF
F700
F7F7
FB22
FBA5
FFA1
075F
07F4
0F03
1387
0DF2
0ECA
0909
FD29
FA69
F638
EF19
EF6F
EDCD
EDE7
F988
032E
0423
0D04
0ED1
0F04
0B06
0577
01AD
FFC3
FA66
FC82
FC35
FB7F
FBA8
FDDE
FC6D
F9E8
FB01
0091
FA3F
F82C
0441
0580
0072
0A62
0C22
0535
06D3
060F
FD59
F94A
F7D5
F500
F060
F26F
FECA
FDDE
FE32
09E5
0DC4
07FE
0975
0863
01AF
00A0
0368
FE6F
FBB2
FB42
FDC0
F9A7
F9A3
FDAC
FE68
F8A7
F8ED
FD3B
0248
03A1
0825
0C0A
0711
072C
0E8F
0354
FAFA
FC20
F270
EB4D
EEC0
F288
F75A
FF2C
047F
0903
1080
0FD1
0F66
0BE4
04CD
03B6
FEF5
FA36
FDED
002E
FA68
FD7E
FD0C
F935
FAE0
FA41
F769
F95D
0070
012A
049F
0CE3
102C
0B91
11CE
06D8
FB98
FE7D
F68D
E775
EA5C
EEAC
F0F8
F9A5
03AB
0A7D
1193
125B
0BDF
0CAA
0523
FEC0
00DB
F662
F34F
FE92
FEB5
F577
FFAF
0722
FA15
F98A
0A12
0069
F8CB
0300
0335
018E
0E6F
0E0C
05D6
0720
015B
F7CD
F788
EA93
EEDE
F396
EEE3
F99B
0C53
06E0
0A74
19ED
0F09
02C2
0F81
0884
F458
F6C2
F964
EC83
F495
FEA1
F788
FC78
03E6
FEC0
032D
0778
0199
0382
01B0
FD7B
08F3
0B0C
0007
04E9
04DF
F58E
FA78
FDF0
F0E3
F19A
F7EC
F317
0019
0FE5
0A23
0B7D
175E
116F
09FF
0C57
00F6
F41E
F3BF
EAE6
EA6E
F37C
F66C
F6CA
01A9
0291
072A
0CBC
04F7
04DA
0BA6
0205
0087
0F71
038E
F847
016C
FD9A
F114
F872
FAF2
F079
F2DB
FFF9
0088
028F
0F9F
11AE
0BAA
0B4C
10AA
0BA9
FECD
FCF0
F705
EBE3
E9A1
F324
FADE
F5A0
FACF
0990
05D4
05E4
140E
0B95
0180
094C
080B
FC80
FF65
FF3B
F78B
F0C5
F6DA
FA36
F6F8
F8F8
FFF5
FFC4
00EB
0526
0AF6
0C5A
08EA
0C59
09AA
0366
0165
FDEA
F1CD
F1D1
F7F2
EDD4
ECDD
FF2A
FF79
FEE1
0D36
0C24
0BF4
0E8B
0A7C
0661
FFC4
FBDB
F8C5
F85B
F655
FAC0
FA1F
FDFF
FF13
02BC
0173
0291
06BA
0061
FA1C
054D
0550
00A5
0573
056D
FC4C
007C
FF11
F6BC
F536
F5FD
F456
F688
0031
031D
0490
089B
0EFD
0F19
091F
09AE
07C8
FFD8
FA03
F95E
FA82
F66D
F6B5
FE05
FE06
010A
0540
00D6
FF30
020B
0083
0267
0625
02C5
0450
02B9
029E
014A
FB2E
F3CD
F694
F5A2
F049
F9D9
01FA
0061
0930
0E4D
0C01
1046
0E64
0746
FF5A
FACD
F723
F38B
F62D
FEE6
FBE0
FA7E
FE6A
0216
0032
026F
0375
0518
022C
0475
0586
0509
0442
01B8
FCD0
F907
F832
F5C0
F3AC
F65E
F5B0
FA46
073B
04D3
0983
105D
0B80
0DAD
0F18
02EC
FD31
F9E9
F3F0
EFA6
F63E
F9FE
FB72
0137
021B
FFDF
05AE
082C
0317
0296
FEB7
F9A9
FE12
0215
FED6
0279
03F0
FC9F
0057
0348
FBE9
FC89
FC95
F78B
FEF3
0444
05E5
0C88
0A84
0691
0357
02FD
FC95
F9B1
F25C
ECE0
EFC7
FCA0
FD67
03CB
0B8D
0D64
0A2E
0B9C
077A
052B
FFFC
F95C
F8B7
FDA7
FB0F
FB09
FEF3
FA6A
F8CD
0099
FED7
FDBD
0015
FFCD
01C9
0C2B
0D81
0C3C
0657
063B
001B
FBA4
F882
F6AC
F482
F2E0
F23F
FAC5
FF87
0293
0581
0B8A
0438
0509
0BBD
03E0
03AD
0531
FBA6
F7E8
FD5C
FA9D
F55F
F7DE
FA66
FA8A
FB23
FCEE
0511
039C
0504
09D0
0BB1
0AE5
0943
08DD
03A2
FBE5
FB7C
F789
EC9A
EDFE
F2C1
F652
FE91
0B85
0CFD
0B23
11CA
0E8C
089C
07FD
FDC8
F412
F0A4
F0D1
F1A3
F258
F73E
FCA6
FC2B
003B
06D5
08A8
0951
099B
057D
08DE
0920
08C8
0A88
010E
FD92
FF12
F3CD
F0C1
EF2F
EE56
F0B8
FA8C
056C
0A45
1198
1391
14CA
126A
0C4B
0A4C
F6F3
EDC5
ECBF
E604
ECB9
F654
F9B5
FE94
054E
0DB4
0E28
0EB5
0EA7
02D2
FD14
00C4
01B8
0115
FFE7
0050
FC2B
FC08
F881
F8AE
FA31
F041
F0F0
F7F8
FF95
06EB
0E81
0DFC
1180
136F
11B8
0BDF
0138
F567
EF49
EBBA
EC81
F3E4
F895
FDFF
0237
0CC2
0FC1
0C27
0AB4
06F3
FD02
FAF9
FAF7
F9C7
FAAD
FDD3
F944
FCFC
03C7
FE42
FC6F
FABA
F418
FA39
FFCF
03D9
0ACA
1084
0D28
105C
124B
05DC
FF56
F7F6
ED24
E5E7
EB9C
F182
F394
00C0
08DC
0B0D
11F6
1126
0EA3
0983
FEB9
FA9C
F8AF
F8E0
FBB2
FE99
F61D
FAE2
044C
F973
F988
0117
F759
F85B
031B
03C3
082B
10F5
115A
0899
08DB
044B
F970
F431
EEC2
EAA4
ECF2
F545
FA2E
06A3
0CD2
0F20
1463
1481
08C9
0A8F
05E3
F86E
F5DD
FA2C
F1E6
F2E8
FB68
F67A
F7F8
06CE
00F7
FFC3
082A
020F
000A
0322
07E9
07CD
05CE
0770
0406
0082
FE79
F5E4
F45B
F3F9
F3A5
F456
F88A
0197
0A87
0A6D
0D57
14BB
11EA
06A5
0553
FEBE
F394
F154
F242
F340
F899
F8F5
FD6B
0511
052A
0B95
0AEA
00F6
042A
0580
FA91
01C7
04E1
FE04
FAD0
00EF
FF6E
F8E7
FB46
FAFB
F338
F733
FB46
FE3E
0120
0BAF
0DB8
0B05
0A89
0C12
0A31
FC2D
F7F9
FBC3
EECF
EB11
F939
F833
F59E
031B
0A19
0788
0E15
0E54
07BD
0146
022B
FC94
F5FD
F746
FBF8
F717
F9DF
006A
0330
0112
0352
04F7
040A
FF1A
FFD6
0064
FFC0
FE5E
037A
0314
FFCA
05D9
0336
FA09
FD16
F8B8
F08E
F2A5
F96F
FE2E
01C3
0882
10CD
0BDD
0CB5
0D94
0566
0272
FACE
F1CE
F417
F754
F50B
FBE5
0166
049B
0A7E
0A02
0390
05C7
FE38
F5C0
FD72
0012
FE4E
059C
0611
04D3
06E9
0760
FDDD
FC91
F543
F084
F46E
FD5F
FF9F
0291
08AD
0B37
09FE
0DA4
046A
00D4
FDE2
F3CF
F2F7
F994
F794
FC33
0481
01F6
0823
0A66
FFAB
008A
FF13
F51E
FC9E
0188
0105
039A
069C
09C6
0AC9
06D5
0204
FCB4
F3A7
F33A
F5C6
F5C7
FBA1
0348
02DB
0659
07F0
0AAE
03ED
FFEB
FD87
F47D
EF88
FC0C
F9E8
F914
0395
0743
0604
0A28
07ED
058A
0057
F626
F98B
00A7
FBDB
FEA9
0755
02C5
039C
08C4
013F
F932
FF52
F6B2
F274
FFC4
0424
0281
076D
0ABC
07B5
0BD2
0891
FF26
FE80
F59D
ECDD
F5E4
F97C
F6C7
FF47
01D3
FF66
0ACE
07EC
0250
04CA
FF57
FA97
02F1
02F2
00F5
069F
01C5
FC78
0359
FDD1
F7EB
FB5A
FA0F
F537
FF5A
0ACF
073D
06F0
0B48
04C4
029B
04BE
FAD5
F7D0
F3AE
EADB
F788
00CD
FE4D
0999
0EF0
078D
0973
0D98
03A2
FF3E
FC08
F596
F28B
F83D
FD40
FB0A
FC40
0641
029A
FFDA
0591
091A
FDC0
FC05
019B
03DA
01AD
046D
02BC
0191
FC68
FC8A
FA3B
F3D4
F3E9
F7BA
F5C3
FDC0
0A01
0A28
0B1C
10C7
1076
0BE5
088C
046F
FD0D
F34A
F072
F015
F6BB
F592
F59A
FD06
003B
033F
0B35
0AA6
06D2
08D2
05B9
FDA3
04A2
FCC7
F6FA
FF28
FA75
F7B1
FCC1
F72B
F7B0
005E
FDD7
FFE0
0B91
0DE9
09CD
0E2B
0B2A
0843
052C
FF34
F834
F45F
EE75
F45B
F69F
F70E
FEFB
0179
049A
07F1
09EF
0C4D
0933
010D
FFA1
FCA3
F760
FCD5
FFBE
F9F1
F8C1
FBC6
F7AB
F4E3
FA96
041C
FDC7
0327
0D93
0795
0A70
117B
07B8
035A
01DD
FA4A
F66C
F37E
F0CA
F39E
F498
FA60
05AC
0A74
05E2
0CF8
0C51
058A
0717
024B
F9B3
FA8F
F7E0
FB81
FA3F
FE52
0271
FF12
FD11
FD46
006F
00FF
FFD0
FEF7
035A
0324
0618
0919
09C8
0763
02D9
FDBC
F8FC
F1A7
EF97
F0A2
F60A
FC35
0383
06F0
08EA
0E13
1281
0969
0735
007C
F698
F2C5
F824
FC4F
FCA2
017B
04B2
0454
0F51
0478
0280
FAF2
F02C
F0E5
F15A
F014
F3F6
0130
0268
02FB
0CD9
0E88
080A
0654
0476
FB28
F6DC
F9D6
FC5E
FCF9
FF9F
FF49
065B
017B
FBBF
04BA
FFDC
F605
FEA7
00BD
0048
0B17
1276
099C
0EC7
0949
FC2E
F648
EF07
E65E
EC9C
F18F
F49E
0389
0CCC
0BC7
16D4
1AF1
0C13
0955
0581
F37C
F342
FB0B
F3BC
F26E
FE8E
FB7C
F8AD
061A
FEED
0005
098E
FA95
FD3A
0C81
05F9
06DB
11F1
06F8
01A9
0C09
FA90
EE4B
F474
EA71
E73C
F525
FD6D
FEA0
0877
0C8B
0B06
141B
141F
0898
094C
FF3B
EFFE
F526
F796
ED8A
F537
FC12
F60C
00AC
0B48
0486
0603
06CD
FFD8
0314
083D
0566
0426
03F5
016C
FC3E
F7F5
F327
F4FF
F1BB
EF9D
F674
034F
084C
0C96
0D89
1254
0D76
0E46
0881
FD4E
FC22
F268
EEC4
F0DB
F184
F635
FBE9
FFC6
07D8
0DB2
0D70
0D84
0CFD
02F1
0181
00F6
FFFD
FDBF
FBD8
F768
F45E
F81F
F824
F88E
FA08
F776
F827
FFF1
0A55
0B5C
0A99
124D
0F63
0852
0D68
05DB
F8E3
FA38
EFFB
EA46
F187
F70E
FB04
0089
0362
099B
091A
071A
0617
0735
0156
0100
059B
00D1
FC1F
FDCF
FC10
F410
F968
FE2E
F7C7
F628
FE38
FF26
02D2
08FF
0B89
0A26
0C28
0A0B
06B6
02AF
F9F4
F7BD
F2DA
ED18
F5AE
FA7C
F63D
FD85
078A
0529
048D
0A3E
095F
04DD
046A
0468
FD28
00B6
035B
FB26
FA43
FF37
F87E
F803
FBE1
F98B
FB64
FE8C
0012
08FE
0922
0AD6
1042
0C7A
0503
02C2
FE38
F3EC
ED9D
EC7E
ED41
F2C6
F7AE
0224
0AC6
0D4D
0EF8
1096
0BFD
09F4
0659
FC65
F87C
FA75
F6EF
F4B9
F82B
FBF8
FA2B
F8E1
FD20
FD26
0112
04A5
0296
081A
0EA4
0A03
1029
0EFC
04DE
0217
FD97
F201
EF7D
F020
EC6C
F445
FDF1
0026
053B
0D5B
0C06
070E
0C79
0BC4
FE3D
FE9A
FBDD
F384
F731
F98A
F658
FE82
FEC5
F842
0404
0684
FB43
03AC
038A
FB97
0AE0
0E79
02E4
09FD
0DF5
FDCE
FBB2
0334
F1DF
ED79
F28E
EE0B
F85B
0BB4
054F
0D30
1A1A
11F2
0BAE
10BE
FE87
F383
F4F5
E80C
E7D3
FA40
F241
F40A
08B2
053D
017F
1174
0509
FB98
04EE
FF40
FFC3
0D52
0B1B
0208
0772
FF34
F5CB
FB17
F4EC
EA4E
F09E
F6AE
FC89
0BF3
136F
11C1
1316
1529
0B8E
06E9
0145
F1A8
ECE6
EE5D
E5C8
F6D3
FFF3
F903
019C
0A1D
00FB
041A
0A6D
02B9
0178
05C1
00DF
0345
087A
025B
FB62
FAF7
FA85
F70C
F3F6
F545
F7BF
FF4C
FDB4
03DC
0FF7
111A
089E
100E
0D3F
0125
0200
FE19
ECCA
EFFB
F3CF
F047
F911
026A
02C5
06B0
0D04
0D40
0CC9
0904
00BE
00E3
FBE4
F2C3
F86A
FA15
F77A
F84B
FEB0
FEF5
016D
0520
0197
F9A9
024A
0071
FA8B
08E8
089C
0347
0CEA
0A4E
0653
064D
FA03
F556
F6A2
F0F3
F0FA
FBCF
FE97
0246
086C
08D6
0A00
0D2D
04F6
FF09
FFDF
FA54
F2D9
F819
FDE4
FBA4
00F0
05F1
FF4B
045E
01D0
FC21
FE01
0031
FCB7
003E
0633
0726
08AD
0B08
04AB
0356
FB23
F258
F27E
EE47
F13F
F698
0057
04AC
08B8
0DD1
1074
1023
0C54
0724
FD96
F5A0
F57D
EE7E
F362
0137
FEB7
002C
0835
06DB
05AE
0507
0182
FFB9
FF18
FEF1
01F9
029C
0477
040D
00F5
008F
FD58
F85C
F3FD
F682
F81D
F9F7
FC84
05E6
08FC
085F
09F9
0F9A
0B77
03FF
FE36
FA52
F233
EEB6
F4AA
F93D
F8AA
0391
05C4
03AF
0CEA
0DAF
04FB
0669
04E9
F60A
F66F
FC7D
FB5C
00C8
03ED
FE9E
04C1
04BB
FD28
024D
FEFD
F77E
FE34
0291
FCA4
0571
096E
02BD
00EE
05F9
FBE2
F563
F5FD
ED69
E998
FB17
FD2D
014D
120C
0BFE
09FA
170E
07BC
0240
099B
F61B
F29A
0137
F850
FAF5
05C7
FF69
FDDC
0702
FDE2
FC8C
001D
F690
F2E0
00BC
FB82
033A
10BB
0AB0
061A
0F61
07C9
F84B
FB35
F533
E980
F6C7
FB70
F943
092E
0CC3
0562
092D
06E0
FE1D
FF24
FCFE
F27E
FB79
FBE0
F7BC
0305
07EB
0275
0A1D
0894
FF14
01AD
0130
F3D8
F95C
018F
0082
03C0
07EE
090A
06B4
04C5
00D2
F747
F35A
F1CF
F42C
FC70
00D4
06DF
0C1A
0B83
077E
0A09
0389
FEFD
FADD
F084
EEDF
F64E
FA06
FC94
0361
0B39
036F
043C
083D
0220
FD1E
FD87
F8EF
FC9B
0432
09A8
062D
08D8
02E4
000D
FDF0
F768
F72C
F53E
F087
FA4B
04AC
0273
08F1
11CA
0949
0B01
0DA2
004F
FA71
FB36
EDAA
ED1F
F216
F819
F937
FD52
03A8
0363
0428
0820
02DC
0078
FDA2
FF5D
03A3
0501
06D5
0788
02CF
FED4
0009
FF7E
F62B
F8E7
FE6F
F8B1
FE46
06F9
06C6
06A9
0D62
0C99
058E
0120
FC82
F422
EBF3
F0E5
F795
F631
FF41
062E
0540
0AB7
0C4C
0B67
0451
00A4
FD4E
F837
F733
FECD
FEE9
FF78
01B0
02BB
FD90
FF28
FEA6
FE10
F641
FB60
0230
0361
0621
104E
0D8D
086C
07EE
FEB4
F8A1
F2C3
EB7F
EE87
F295
FA62
06DA
0CAC
10B2
12CE
0EBC
07B5
0400
FFEF
F69E
F0A9
F217
F6D9
FABF
FF1D
0360
0486
070C
021C
005D
0182
FC72
F8E1
FC49
029C
03E2
08AA
0B64
050D
02F4
FCE5
F409
EF9B
F224
F796
F8C6
FE36
0C1B
105B
0D87
0CEC
0FFB
029D
FADC
00C7
F805
EF81
F850
FB1B
FABA
FE34
0615
0259
FDC8
FD8C
FD95
FDF9
FB8B
FCD4
FF64
0253
0950
0E5B
08EA
0154
0252
FDF0
F0E5
F6E2
F8F7
F296
F810
FE87
032E
0CFB
0E05
0A05
0CBE
0488
FF32
031D
FAAA
F4FD
FA75
F685
F871
065D
056F
01F4
06F3
04A6
FF01
033A
0175
FA13
F864
FB96
FBF7
022B
06DC
00EA
03D6
06E6
FC55
FDB3
036E
F798
F886
FBAF
FB6F
025C
073B
0427
08D1
0B91
0543
0599
0309
F37D
F94B
F873
ECDA
F943
041D
FD98
0203
0BEC
0A5C
06A8
073C
00DA
F99E
FBB5
FAA9
FFA2
0314
0068
045A
0593
FF05
0158
04D2
F46A
F113
FA57
F3FF
F6CB
06FA
04E6
0608
10A7
10B7
098E
0893
02F0
FB8C
F026
EF92
F060
F4C3
FA09
FE33
0368
0B4E
0B1F
0872
06AF
FEAA
FCE3
0143
FA73
FD09
06C7
02B7
FF80
05F6
02CB
FC92
FBB2
F652
F42C
F5F8
F70C
FBD9
0327
0DED
0999
0DF8
1318
0A36
02F2
FD93
F07A
EE74
F229
EF62
F2C8
0181
0168
05D2
0F0B
0BF1
0AB4
0E85
0423
FFB3
015B
F6D4
F4D9
FCBA
F5C2
F4EE
0195
FED0
FCD8
0556
0347
FE66
034F
04F9
018E
06DC
0E0B
09C1
0551
0722
05AC
FCDC
F6EF
F26F
F374
ED67
ED75
FBF3
FF6E
FEA5
0E71
0EC1
0C66
1476
132B
069A
0211
FD42
F2E3
EEB2
F36F
F4BC
F709
F738
FBEB
058D
028E
0433
09D5
05F9
00C9
0C7C
08A0
0676
0A50
085E
FC68
FE65
FCB0
EF06
E984
F01B
F308
F863
0152
0A8D
0DBE
11D0
123E
11EE
0DF2
0258
FBB4
F3AF
E7BE
ECC3
F36C
F26A
FA58
01F0
049D
082A
09DA
07DB
045E
0488
041E
FCFB
0392
0609
03AA
0389
01EE
FB11
FA69
F805
F44D
F705
F77E
F9F4
0429
0621
0BB0
1140
0CD9
0998
0CC4
FE95
F7C0
FAE1
EE32
E763
F4B2
F527
F62E
04E2
094A
021A
0C20
0E7B
07B2
07D9
06DC
0132
FE02
02FE
FBC4
FA88
F959
F68E
FCCF
FAF5
F580
027C
05FD
FA30
026A
0EEA
0513
0888
10C3
008D
0141
0890
FA51
F704
F541
ED97
F274
FC21
FCA9
0181
09F5
02C1
07D8
0F50
0346
0699
05F0
F876
F579
FF83
FA0B
F9D0
03BA
FF96
F905
0463
02C3
FE1D
06BB
0411
FBF6
0823
06A9
0236
04C0
02D1
FC1C
F96D
F4AF
EF74
F302
F227
F42A
00DA
0722
0C92
0F54
0DDD
0A9D
0A65
074D
FE14
FE13
F82F
F10F
F4BE
FAB4
FA84
FE7B
05A2
0221
0005
0685
054B
02AA
FF37
FDB1
0139
013D
0021
0447
0301
FAFA
FDBD
FADE
F258
F500
FA93
F6CB
FCD0
09F6
0C89
084F
0A4D
0D13
0572
017F
05FB
FF0B
F47D
F808
F862
F8F0
0278
0694
06B3
034D
0088
0236
FDBF
FA09
FE56
F866
F64A
01A7
05E2
0385
03B0
04E7
FFCD
FC2A
F82A
FCED
FBD1
F758
FF52
0293
01FE
076B
062E
0876
0706
02A2
020D
FDCD
FB60
FA79
F985
F961
021C
02F8
001E
03D8
FF9A
FD83
02D7
FF1C
FE55
02D8
00AE
05CC
04E5
02AF
035A
FFB1
FBBD
F9AE
F390
F6D4
F3FB
F353
FB18
0069
064A
0927
0BBD
0CFA
1049
0DE0
073A
00A8
FBA9
F565
F2B6
F079
FA4D
FA8A
F971
0298
0775
046C
0660
0504
027F
FD34
FDA9
00B4
00C5
FE53
00F6
019E
FDFA
FF14
FED0
F8F1
F8A9
FA85
FA92
034F
06C8
07DA
08D7
0B55
0E67
0C67
031D
FD52
F689
EF21
E9F8
EBF4
F6A0
FCB7
FE99
0930
0E7A
0F74
1364
10BE
07C8
0075
FCEB
F883
F8C7
F823
F9EC
F7B7
F5D5
FEA6
FFE1
F7A8
FE70
FE9C
FAB2
FD53
0851
09A4
0F95
1298
0DB5
0C98
072C
FDA7
F943
E8EF
E6AF
E7B8
ECF3
F3D5
0124
0CDC
1001
154E
1DCB
128C
0CD6
077C
F853
ED12
EBDB
EEF2
F342
F628
F70C
0199
05E8
006D
0A76
0972
FD24
0080
04DF
FE63
05B5
1085
06D5
0185
0962
FCEC
F4A9
F7AD
F072
EB9D
F031
F9A2
04B8
0E4D
11D3
1365
128B
0D36
07C7
036E
F697
EE1F
EC24
EA46
E9EC
F9C8
FF01
02EC
0E00
0C19
0804
0BAE
063E
0261
03AD
0039
FD30
031D
01A2
001B
FEF8
FD6C
F4E5
F613
F263
F105
FA28
FA99
01F0
0D2E
0C1F
0FA6
1148
0E36
09AB
026C
FC9A
F38A
F18E
F2CA
F058
F694
0124
FF02
047B
0A6D
08E8
084F
0319
FE52
FEEA
FA5E
FA38
FEDA
FBA8
FB28
FFDB
04B1
0293
0679
08CE
021C
FEAE
0332
012E
FA25
0086
081D
FEEF
0295
0F03
0745
0240
00B8
F802
F1F5
F259
F1D2
F243
F3E3
FC35
023B
07BA
0898
0EEF
0E80
079A
08FF
0253
FBC8
FACA
FEE7
FD2E
F77D
FC72
015D
FBFB
FEF9
FF79
FA7E
F818
FB13
FA08
00EB
0AAB
0931
0FAD
0E26
0BE5
0E5B
01F9
F81A
F66A
EBD3
E3D2
F1AB
FBFD
FA46
058F
0D45
1115
1763
115D
0A36
0428
FA4E
EEFF
EB72
EE5C
F096
F4C1
FB89
FCE8
0A47
0A3E
03BD
04E7
0175
FAA6
011F
0A1A
0718
0AA8
0EF9
08D8
09D8
0826
F7DF
F2D1
EE7D
E3BB
EB74
F8B6
FFEB
0D02
0E37
1043
160C
13B4
0989
0180
F64A
EAC2
E578
E6B9
F243
F85B
0083
0852
0CFD
10E5
0CE6
0893
09C9
049F
FEAC
050B
02DF
00C4
05AB
FEEB
FB78
FCEC
F392
F3A0
F39D
EED4
F6ED
00AD
0671
0B19
12BF
0EFA
1033
14E2
0874
004E
FC57
EE29
EC16
F2CE
F223
F2A8
FF5D
FFD7
0049
0BE8
0B4E
04A2
08BC
FFE4
F9CB
01B6
05CC
01BF
03E5
02E2
FACB
FFA0
FEF4
F5C5
F8F5
F852
F24D
FE27
04DF
0582
0E09
1491
0E38
0B59
0AF7
FFA2
F4C7
F505
E8C8
E307
F39A
F6CD
F77E
07FD
0AE3
089B
1120
0B6E
0161
07DD
FC44
F772
03D8
000E
F941
0286
FD39
FA78
04BC
016A
F9B0
FF88
FAAA
F63F
03D2
0854
01A3
088A
0B2D
04D2
0979
0847
F99B
F425
F143
E71C
EF1D
FBE9
F9DA
01F4
07FC
0743
126D
11B9
0ACD
0AE4
0523
F653
FA89
FF69
F779
F722
FCFB
F8B2
FC66
0352
010D
FC59
FD92
F79B
F8F4
0228
09FA
0BCF
0BA7
0D0D
0BBE
0490
FEAC
FAF7
F5FD
EC74
F0C2
F815
FA9A
009C
0ADE
07FD
09AA
0C7F
0BD7
02C3
FE80
FB21
F8A1
F5FB
F92D
FC06
FA29
FF27
0437
01B0
FFFD
0727
0217
FCE9
FDD3
0370
068D
0AA1
04F9
087F
FF55
F793
FDB3
F936
EF1C
F3D6
F5F8
F504
0244
0AD4
04AE
09C8
0F89
05E7
02A2
03DE
004B
F83B
F581
F65D
F914
F9E9
FE9F
00A8
FF1D
FEFD
0003
01BA
0308
FF62
047D
0338
08A0
0F46
08A6
07F0
0804
FA62
F748
F367
EDA1
F202
F306
F51B
0046
06C0
0A03
0E67
0F2F
0D6C
08F4
027E
FAF7
F897
EFA4
F013
F8DF
F8E3
FD52
04D8
0996
06E3
013F
05C5
02F5
FC60
0377
0377
FD30
0374
082D
0487
0333
0486
FC15
F64A
F6AE
F617
F79F
F9D6
FE3A
0260
0422
0969
1383
1079
0506
0078
FC40
EF50
EDCA
F50E
F1E8
F6AD
040B
0405
0A2A
16FF
0E90
0AF2
0C92
00A4
F8ED
FC3D
F15A
F752
FF46
F35B
00C9
0921
FC7C
FBC5
037E
F59C
F554
FFC5
F984
FEAB
0EF2
0A11
0888
139E
088C
FC51
FD81
F517
E8E9
F293
F56C
F5B3
0715
0BFA
095B
1454
1348
0421
045B
FD18
F51D
F6E9
F320
F622
FF12
FEC1
007F
0840
0588
FF7B
0017
008D
F819
FA5D
FC71
FDBF
FFC3
067C
090C
053E
03D0
0914
FD7C
F6C4
FB59
F5F6
F249
F8C3
02BF
0709
0953
0B95
107C
0926
0682
06C2
FD1A
F605
F8D6
F4C6
F262
F8FC
FE5D
FEFF
02A1
0558
0665
0199
FE4E
0306
FD0A
F6F4
03C7
062D
0473
05E0
0623
00F7
FAA6
F958
F9A9
F220
F59F
F9D2
FB88
07CE
0CB7
0B09
0FE8
0E05
0989
08CC
0047
F6E1
F705
F317
EB44
F46C
FCF0
FD14
FE48
062A
05A9
0839
0A59
0372
0368
04FD
FE5B
0174
02CC
FF04
FBB8
FC81
FA32
F655
FE26
FEB2
FB4E
0108
0478
FF60
0371
0920
0ADF
02F8
06D9
075D
FD7B
FB3A
FB82
F339
F212
F940
F92E
F83F
FD49
036C
08BF
0A39
0B13
0E40
06F1
0233
0494
FF5A
F48B
FC41
FB34
F1E6
F8BD
003D
FE5D
0158
03F0
01BB
0067
0011
FF9D
FF54
0186
058F
0A6B
06ED
061D
0779
013B
F6D2
F582
F18C
EC89
F0DB
FB9D
FCC0
FF77
0CA9
0AF7
0E97
162B
0B4B
026D
02C4
F4EF
F24D
F965
F609
F8D7
01A9
0112
055C
0939
0476
05B1
036F
F924
FA41
02F4
01C8
0430
08BE
0662
061E
0689
FA50
F3FC
F4E3
F0C0
EDE8
F86E
FBF9
01B8
08D7
0E7C
120F
154E
0F87
061D
0140
F912
F095
F726
F1C6
F428
FD44
FAB8
FC5D
0C98
0933
0288
0506
0307
FC4F
049B
06C2
0471
0607
024F
0013
FE16
F723
F644
F5D7
EBBE
EF46
FB28
011D
05DD
1320
1583
0E92
18C0
13E9
FC69
FDFB
F53B
E1D7
EB1E
F33C
ECC2
FDE7
01C7
00C3
0CE0
1182
0772
0B1B
0362
F6F0
FDE0
06D0
FE0A
0524
066D
F973
F9FE
022A
F607
F19D
F678
F31B
F8C1
04F7
0641
0F67
16CB
0F2D
0D53
13CB
FC3D
F82E
FAC2
E31B
E4F7
F5EB
F117
F373
04C4
08DB
0AC1
1355
0FEE
04D5
0B07
FF4E
FA72
023C
FABE
F7A5
FD28
F6D0
F85E
00F4
FF8B
F840
063B
01FA
F6BE
06A0
0FB6
032E
0CAD
111B
04BD
047B
07D6
F717
F1E5
EF44
EAB5
F333
F836
F97C
0773
0C53
08CE
1181
10E0
0661
0593
03DF
F715
F560
FA0A
F693
F3B4
F938
0115
FF1B
042F
094C
04BA
00D7
00B5
FF41
056F
07C4
02AB
FFF0
03A1
0119
00BA
FA51
F5BE
F3F5
EF23
EFF8
FA12
0389
0462
0B6E
0CF7
0CF5
0D83
0AEF
0484
FB67
F620
F199
EFBE
F573
F90F
FA0D
00EA
04B0
06B6
0A5D
0928
05EE
FFD7
FF56
FF80
FFE2
FF82
0265
0162
FEBF
FED8
FFB8
F6B5
FB3F
FAE8
F606
FABF
05CE
05E9
08E6
05B4
0A82
0660
0000
0381
0096
F59C
F4F9
F5B0
F4B4
F90F
00B4
055D
0217
00E9
0840
0A05
0305
07B1
03C6
FE60
0195
01A8
FC88
FBE9
FFFE
FAC4
F7EC
FAF5
FE93
FC27
F823
FD63
0372
027D
093C
0CB8
070C
0A40
06F4
0006
FB88
F9D6
F629
F512
F4C6
FDE0
FECC
0136
07AA
096D
0623
0469
00EF
FFF7
FD0C
0036
FF5A
FF00
FF8C
FD14
FA67
FE08
FFB5
FC06
FED6
FF01
F9D4
0027
0741
07FD
0695
067A
0608
06AE
01F5
FED9
FF52
F80A
F333
F681
F0C8
F5CC
0210
00E8
03A6
0F95
070E
03E6
0897
FFA9
F954
FF28
FAB0
F9BE
0383
046D
0496
06B3
02B9
FFF7
FDDB
F6A3
F56C
FD83
F892
F88F
085B
0B96
030B
132A
0E6D
F8C1
FFD0
FF32
E550
ECD3
F6DD
EFD0
FDD8
0CCE
091B
1232
15A7
07FB
079E
0140
F85E
FBC4
F94F
F0C9
FEE4
0664
FCDB
01EF
0D88
F955
F7BF
0433
F6E5
F0D9
00CF
FE88
FCFD
10AE
10CD
03E4
0943
06DF
FC35
F6A3
F262
EF77
F0C1
F1FA
F9E5
0D31
0CDF
0C12
12CF
09BD
0178
0B13
0054
F9EC
F740
F657
F1D9
FD33
04B1
FE62
FEE3
0766
FAE5
FCC8
042D
FEB2
FC31
0341
01DD
06DD
0D74
08AB
08F9
06AF
F799
FB6B
F9AC
EBDB
F1D2
F5FC
EF7E
FDED
0F79
0924
0897
1539
0C73
023F
053B
FFB4
F02B
F560
F963
F1C5
FF79
08B5
0051
04ED
0A43
03C9
05EF
FE94
FBA9
FE9A
FCA5
F999
084B
0809
FD92
02F4
03F5
F6CC
F7DC
FCF9
F183
F23B
FF4D
FAF5
FD74
0871
0AF7
05C3
080B
0CC3
073E
03AC
0021
F97C
F8E8
F71B
F7F8
FBCD
FCAD
FE67
04D8
0121
03C3
0A75
0450
00BB
0552
0048
FB8A
FD81
0233
FD8E
F8E1
FD63
FDBC
F872
FC2C
000D
FBE7
FDA1
029C
FF9B
03B1
0B68
0C02
0EB5
0C0B
0984
0303
F600
F581
F48D
E9F4
EE94
F4E0
FC2D
0409
0B3C
0EA1
0F78
1408
0C9C
073A
043E
FA8A
F402
F599
F5FF
F60A
F726
FC3B
FC49
00E5
FD7F
FF65
03CF
0103
FF21
0867
0BCF
0A7E
0DB1
0B54
02DA
0207
FB69
EF01
F2B1
EEF0
EEB4
F780
0037
0131
0C9C
0E72
105B
13AB
0A47
0221
01FD
F73B
F15E
F29C
F0CE
F404
FC39
FDF0
01AA
0B66
0B91
040C
039F
041D
FE3D
04D3
092D
FF0A
0081
037F
FCD3
FF4A
FC6A
F36D
F573
F3D0
F2A8
FF33
0840
0854
0D5E
10A1
0760
1093
0E1B
F706
F879
F47A
E5CE
ED81
F604
F867
FC6D
0350
0819
0BD3
1020
0960
033D
07BA
FCCB
FB48
07AE
054D
0110
096E
FC21
F721
00B8
FA4A
F1CC
FD30
F325
F430
065E
045B
053E
1604
0A1A
0309
0DE3
FE6C
F632
FE03
F07C
EBEA
F6A0
FC9E
FB66
072F
090B
00A4
09B4
06A5
FE52
0696
FDA7
F6D8
0027
02A3
FE6D
0550
07DB
FC58
0642
054F
F7B0
00CD
0029
F4D0
FE54
02A4
004F
035B
08D5
0352
01CD
02F3
FA2C
F9D8
F43D
ECF5
F372
FC1C
FCA1
04CD
0A15
0A71
081D
0A96
039E
0089
0271
FA97
F48E
0031
0318
FECD
041C
0875
018E
03D9
0149
FA37
FA9D
F876
F8F8
FC8C
FE7A
04A6
0874
062C
0673
0471
FFFB
F9E4
FBBA
F7CF
F231
F919
FEE2
FC6F
0214
0B81
099E
04D9
0651
0623
0329
FF81
FD68
FEC1
FAB0
FA21
FB17
FACC
FC00
FF01
FB95
F7A3
FFA1
FF09
FE6D
08EB
0911
0B6C
0E65
0B36
09EE
06F0
FE90
FA96
F614
F12F
F06D
F5B4
F6CC
FD99
03FA
0461
071E
05EA
06E9
0390
013B
0072
F7D7
F9C2
FD83
F990
FF6B
01B3
0338
00AB
03BB
0488
FF0D
FD9C
FD54
FBA1
FDF8
036F
07C9
054E
0652
0753
FBE2
FB7C
FA36
F142
F4DA
F7A6
FC8C
0596
0B31
0BFF
1048
0B35
0412
04F1
FF22
F3E0
F41D
EEC0
F07E
FB12
FD74
0531
079A
0596
0618
027C
FFEC
0035
F7A6
F7AA
000B
FF9A
0324
0BA9
095E
0482
02D3
FB04
F9E2
F9AA
F684
F763
FE44
0585
06F2
0CA3
0F1C
0D55
078A
02B4
FA5F
F5D6
F231
EE3B
F43F
FB3C
FF03
0475
06E8
09FC
0AB7
021A
0364
FE72
F5B4
F8DF
0186
FD34
0643
0B6B
002B
0216
06A6
F937
F89A
FC04
F58C
F80A
0074
00C6
063B
0E0A
07AB
07E9
0AA5
FC34
F893
FD0E
F0AA
EF58
FABA
FA97
FCEB
0E21
0C88
084C
1132
09B6
FE3E
02F0
F859
F1FF
F879
F6B8
F804
0698
0059
FF92
0BE6
00D8
FA93
085E
FE37
F46A
FB15
FD29
F903
07BC
08DC
053D
0996
0866
FED4
014B
F6E4
F063
F016
F3BF
F5F2
0038
0BAB
0B3D
0DD8
13AF
0A67
051D
0257
F92B
F52D
F114
F512
FB9C
FBEA
FE21
07AB
04E1
018A
09DB
0190
F85A
FF24
F8A2
F95D
0645
0805
0722
0AC4
064C
02FD
0031
F870
F35D
F483
F07A
F03B
FADE
0734
0305
0637
11BB
0CFB
0902
0DF8
03E5
F92B
FBC2
F98C
ED54
F52E
FC71
F6E8
FC4D
0530
058C
09C5
088E
06A3
0581
031C
03A9
0334
0549
FE48
FE41
00EE
F9ED
F5FF
FF49
F63F
F399
FD43
FB48
F9C9
0766
0614
057E
108E
0FAC
094F
08C2
FE7D
F6D7
F856
F144
F11E
F817
F8E3
F60D
03B2
0B1E
081C
0D82
0CB7
0529
0677
07FA
FA6E
FB62
018E
F8DF
F743
FCD5
FC12
0102
FFA0
F72C
FE52
01A8
FA3F
0050
0803
01FF
0556
0BDC
09A5
059A
05D2
FAF3
F518
F339
EE40
EEF4
F2CA
FA93
FE4D
0567
0BC5
0FED
10F3
1102
0953
090D
014C
F830
FAAA
FC6B
F752
F92D
FD25
FB37
FCF9
FBAA
F7BB
FADB
FCEE
F994
00A0
08D5
1043
11C9
0DFB
0CFC
0C6D
FF42
F364
EE73
E9F1
E4A3
EAC8
F3C0
FCE6
04D6
0B8C
112B
1353
12D4
1267
0B7B
04A9
FDDF
FA19
F650
F773
FCDF
FB92
F4C2
F9F7
FD5D
F9AF
FE19
0222
FA4D
0592
0DFC
0A65
121B
11F2
0574
0696
FD45
EFA3
F157
EF03
E461
ED8D
FBC0
FE22
0A71
160F
12EE
131D
18CA
0FDB
0440
037F
F6E1
EC4C
F10A
EFC0
EDE7
F9AA
F772
FAEC
096E
025A
05D4
106D
0683
04BC
0D7C
05C7
0427
0720
0117
F61F
F47F
EE88
EAD9
F101
F0DF
F2CC
04F5
0B68
0AE9
19CE
1C47
11E4
160D
0EBC
F983
F906
F678
E48C
E873
F1F2
EEF3
F3FD
FF73
FF1D
07B1
0C33
08BF
0C53
0B53
FDE8
045E
078C
01ED
0361
0348
F5CC
F19A
F681
EEE7
EF92
FA73
F985
FF4E
07DF
0D7D
1120
1581
1388
0B2A
0742
FEC6
F3C0
F3E6
E9F8
E7D9
F73B
F9D5
F8A1
093A
0E1E
0867
0BD8
0C96
06DC
02C1
FC7C
F901
F68B
FC76
FC77
FB8B
FCF1
FCB8
FE69
014F
FF57
FFBB
03B6
FD83
0170
0ABF
09CC
08A9
0F20
0715
0151
FF6C
F829
EF88
F221
ECC5
F3D3
FDB9
FEFB
08D6
1143
0A77
0BA6
11CA
06ED
FE99
FBF2
F3CB
F1DF
F71F
FD43
FBDC
FD52
0618
0404
0386
070B
033C
FC40
FBB2
F9D1
FFEF
031A
020C
0631
0610
FC08
FDC7
FECE
F5E3
F52E
F794
F8F5
FCDC
07C6
0AB3
09F0
09F4
0658
0316
0120
FD6B
FABF
F812
F5EE
FBFB
FFBD
01E0
03CE
0459
0025
FE08
FEB8
FFD7
F9DC
FCD0
FBC9
FE24
07D8
06D3
0617
052A
02CC
0110
FE9B
F9BA
FC6B
F8CE
F813
FC37
0222
037A
05DC
013B
02C2
0468
FDE3
02FA
005B
F6E1
FC47
00CC
FD3E
0291
05E1
01A9
0178
FEF5
00D4
FEC2
0043
FE1E
FFB0
0344
0241
038B
0548
FF03
FC30
FDF7
F80F
F6A9
FB62
F9E1
F649
0249
08FF
0779
0C1F
0D32
04C3
07D1
0865
FC47
FB1C
FA59
F25A
F88A
FC2F
FCE8
FF08
FC1E
FD99
0300
FF7A
03C7
0586
0128
002C
04D4
07CC
08CE
05F9
08FE
FD75
FBEE
F8D7
F89A
F155
F767
F5CA
F651
0273
07D2
0841
0B48
097B
0F73
07BD
0105
0453
F89F
F109
F558
F203
F297
FE4B
025E
FEC6
0A88
0FEC
04F2
0585
038A
FCD0
F837
FB61
FEB2
FC4A
00CD
FEF7
0161
0490
001C
005B
FD5B
F93D
FA29
FF41
0236
03D3
0CCA
0848
0236
0C25
01EE
FB30
F799
EE41
EB9A
EBE6
F837
0390
0379
0C6B
1238
1044
0D2C
1068
0816
F7D9
FA63
F440
EE40
F504
FCF2
FA5A
F85D
046B
0831
00F6
0668
060D
FF9A
FE17
034D
06D7
059A
05FB
0504
00CE
FD1F
FC6B
FB86
F2AF
F10D
F7DB
F594
FCCA
0A76
0B04
0A4B
0DC7
0D99
08C2
04C7
0254
F6A5
EF9B
F173
F437
F4FD
F9C0
02F9
021F
0720
08F4
07E9
0981
057B
0061
0037
FBC9
FFDE
042D
FFCD
FF32
008E
0018
FF12
0123
F93B
F902
FB49
FB4A
F9D1
03BB
0433
0246
023B
093B
08AE
034C
046A
0281
F652
FB25
FAB4
F896
004F
FBF8
009F
0407
0196
082B
060C
FE4D
FED2
0077
F82F
F7F8
FD65
FB7E
F8C8
0300
FF32
FE65
0501
01F4
FDE9
018C
0238
FF3B
035F
0433
03AD
06A5
0A05
0992
0908
FFCF
F92D
F942
EF48
EB42
F817
F78E
F8A5
07C6
0B84
0B49
12B2
0ECF
053E
01DA
FA96
F1E0
F3BC
F997
F6B5
F7FE
FBB3
0497
04F8
01EF
0563
06CB
FD2A
FD95
FEDE
0268
0581
0CA1
0AAC
0817
0BE9
068C
FA0C
F766
F2E2
EC63
EDD2
F70E
FE9B
0617
0804
0D73
1433
0EAB
06C9
07CD
FDA8
F28F
F82A
F767
F2EC
FD21
FF3B
F857
02A2
070E
0046
02BD
FD61
F7DD
FA58
01C4
059C
0A11
0656
0742
0707
0331
FC86
F9B1
F510
EF64
F38B
FD26
FF54
0819
0E50
0AF4
0EFA
109D
0716
01AA
FD8E
F3D2
F100
F408
F2F0
F7D3
FBE3
FB86
0390
0A7A
076D
06AF
0206
FA93
F9D6
01AA
0552
03B0
0675
063A
FF47
000B
00DB
F9DA
F9D4
F285
EBF0
F786
0292
0234
0C02
1251
0D3D
115F
1197
05BC
0345
F8BB
E7C5
E911
F133
EFF1
F710
0468
0268
095B
0EB3
0B30
0895
078F
FCB7
F719
FEDE
FDED
FB56
0342
FD5A
FD1D
050E
FF9A
FB65
FE15
F60A
EFDC
00E7
01EC
FFC7
1030
1133
0BA9
12CA
08DA
FF5B
FBEF
F15B
E962
F1B6
F3D9
F784
0353
05E4
09EA
1019
0986
04D4
02FD
FE38
F723
FD09
FFC5
FBA6
00B7
04BF
014E
057B
0101
FA8A
F7A8
F5B2
F0D3
FC70
042E
03DE
0A44
0F4D
09F7
0E10
0B98
FEC1
F9C1
F13C
EB70
ED56
F49F
FB1D
FCC8
05DC
0B5E
0859
0AF7
0B73
05EE
00DC
FF84
FB04
FF99
01CF
FD2F
FBDB
FD74
FD1F
F9E4
FA53
FB85
FAA5
FAE5
FF42
06C5
0729
0BA2
0BAE
03C4
01CA
FFBE
FC86
F9B3
F340
F2A8
F499
F6C5
024F
07EB
03F3
09E1
0AB4
057B
074F
09C5
0179
FFC3
FBED
F912
FD24
F8C9
F6B2
FD94
F77B
F6B0
FFA8
02A0
0199
026C
0338
0040
0579
0BED
09DF
0709
090B
0401
FB36
FB8E
F97C
F303
F0EA
F4F5
F8C3
FE55
056F
0DDC
0E93
0CBC
07E4
0832
00DB
FC5E
F916
F25C
F227
FAAB
F945
FFAF
0423
0485
02F3
01BC
FFB1
FD7E
FB7C
FDA5
0192
075B
09F4
0AEE
0F52
0936
FEA9
FD93
F8DD
EE53
EF2F
F560
F216
0041
095E
09F2
0F17
1194
093F
07EE
FEDE
F77B
F5A0
F0E5
EE5A
FB3F
F88A
FDA3
09D0
094E
017C
0681
043A
FA89
F8CE
FC7C
FBC3
FF05
0472
07AA
0897
0B68
0456
FF7B
FD6A
F50D
F416
F60E
F54B
00C5
07DA
0444
0CAD
153B
0A76
0464
0870
F77F
ED16
F0FF
F2CA
F316
FB87
0226
015B
0DAA
1061
0483
05C1
00C9
F4E8
F7D1
FD78
FA55
0440
0D02
00B0
0816
1103
FD14
FBF6
FE2A
EDE3
F02F
FA0D
F15A
FE14
0D30
0419
0B34
195F
05B1
FD29
045D
F301
ED04
F85E
F64D
F976
07F9
0905
0CDE
11D7
0941
011D
000B
F55F
F22D
FB40
F17A
F70F
0CEB
0281
003B
1494
091E
FB1F
0483
FA08
ECE2
F82C
FA94
F8CB
06B2
0A18
0A5D
0FF4
0795
0289
01C7
F006
EE74
F8F1
ED08
EF12
07F5
0846
048F
1228
1451
07A2
0A81
0854
F8A0
F712
FA4C
F1FC
F6DE
FD81
FE5F
0305
05BE
021D
0513
FF98
FB2B
009E
FC45
F7E6
028E
0491
0217
0809
063E
006E
FDF1
FBA7
FB67
F83C
F7D1
FCC6
F9F6
0172
0BBF
073B
0724
0D82
08DA
01B3
00E5
FA71
F54C
F301
F271
F356
FDF4
FE64
03CA
0601
0685
0CC6
0C20
00E8
00FE
009A
F960
F6C7
019B
FC4E
F8AE
0242
0296
0033
06A7
0658
FC1B
FDDB
0185
F949
FBF4
04FF
02AA
01ED
0311
05EF
077E
0086
FA14
F9E3
F484
EFB9
FBB9
FFAD
FD82
043D
0705
0B30
0A5E
0C3B
081F
FF50
FFA9
F9F5
F652
FFA8
011B
FC17
FD8E
02DB
0407
02F9
003A
FF2C
FAF0
F3E9
F886
FD55
0104
0868
0DD4
0931
09D4
08D1
0013
F9AB
F750
F103
EE6F
F48F
FC25
FFF9
06BF
0AE7
0C20
098E
0545
0279
FD68
FA3F
F989
FB92
FD4A
FCC2
0336
04C7
05C9
0860
003E
FACD
FD68
F8A4
F617
00B4
07E7
0636
0AA7
0930
097D
0A8B
FF41
F4F4
F39C
EB07
EA9F
F43C
F99E
FF1A
0CC1
0A74
08BD
1261
0A26
0359
0627
FB6C
F57B
FBAF
F9AE
F993
FFB5
024F
FCF6
02C8
03C6
FC0C
0186
FEBE
FC24
075F
0AB6
08B7
0ED2
06DD
FF71
06D2
FAD1
EBA3
F442
EEC1
E515
F977
FE4F
010C
0F39
0F1F
06EF
0E46
115F
0910
0512
FE5B
F23C
F402
F73C
F641
F9CB
0019
FBF5
FD5C
07CA
019A
01C5
06DF
FB5E
FB0A
08DF
04CA
042B
08EB
0583
FD19
FE39
F7F2
F97D
F1FA
F1E6
F670
FC83
0285
0ADB
10C4
1230
0CAF
0FB2
0A3D
FC31
F92F
F1F9
E7C7
F163
F57E
F983
FB70
019B
01E1
07BE
083F
05C0
083C
06C6
FBCE
052F
056E
FFF6
01E4
02B4
FBB7
FC03
F9DA
F464
F535
F51A
F7FF
FF46
029F
07EB
103C
0E3D
0FEA
105B
0A47
FF86
F865
F35D
EB85
EDC2
FA31
F8F5
F71E
040D
06EB
0301
09E4
0A62
04F3
0303
0165
0323
03ED
03B8
04AD
FF4E
FA07
F860
F89A
F47C
F196
FB02
FAD3
FBF8
0480
0BA3
0C94
0B28
0FE7
10A5
0313
FFCE
FBEE
EF58
ED62
F329
F30A
F6C6
FEC5
06D1
0B12
0A44
0CD9
0C4C
023B
0333
0395
FA04
FE1E
005D
FD40
FDF0
FF60
FFE7
FC2F
F449
F5DD
F989
F57C
FAFD
034F
05D2
0BEE
11C3
1087
0DFB
0555
FD59
F240
E99B
E7E4
EAD1
EC93
F601
0174
0B75
1387
16F1
198B
0FDD
079E
0609
FC78
F5D9
F9E8
F4EF
F604
FB4C
FC84
FF98
035E
F6CB
F9FD
FF20
FA90
FBFA
047D
0392
0B26
0CF5
0944
0C43
0CD4
FF59
F85F
F16D
EA61
E939
EE34
F592
011F
08B4
0CDA
1018
165B
1341
0EE6
08F1
017E
FA97
F5D6
F6A0
F082
F815
F9B6
F750
0001
028D
00F3
06E1
0284
01E8
03F2
03D7
037D
06F4
045B
011B
FF8C
FCC5
F63D
F35D
F0C3
F335
F061
F8A9
0709
0B6A
0C7D
1149
1953
119E
0A98
0C75
FD37
EEF1
F249
E8D4
E86B
F5A7
FDB1
FEDD
0932
0EB4
0B98
0E1F
0B73
00C8
0180
FA92
F950
FFFF
FD50
F99C
FF82
F972
F2EE
F692
F967
F08E
FAA0
02A4
0488
0E81
1789
1626
123C
1294
0A69
FBA3
F8EB
EEF1
E91A
E43C
E7F7
F60C
01C6
0359
0936
1357
0F44
094C
0C01
021A
FCA8
FCA3
F724
F5BF
FFFC
FF25
F9FD
00E8
FFA6
FB6A
FDC8
FF3A
F9D6
FF66
0338
02DA
0856
0B14
080B
08F3
0539
FF4B
F964
F830
F150
F291
F8A9
F72D
FFFB
0D35
0818
09C1
1022
054E
02D4
0407
FABE
F9DB
F89B
F442
F990
00F6
001F
FC3A
031E
0418
FEB7
FFA2
0083
FED0
FCC7
FFEA
FEFA
0020
06EB
0140
0345
056E
01C9
05C6
02DA
F97C
FF7F
FB57
F676
FA72
0041
F94B
FEB7
03AD
09A3
0DF2
11FB
0F8E
03FF
FCA6
F84E
EDCE
F08D
F0E2
EDA3
F5AC
FC87
03A6
1055
11AB
0C54
0C4F
05AC
F927
0295
01B4
F59E
FD86
032F
FCDE
049F
0761
FE78
FA67
F947
F596
F70B
FEDE
FE90
03EF
0938
0B50
10A5
0EF3
069A
FDD9
FA3C
EE4F
EBBC
F66F
F3D7
F5EB
034E
091C
0936
0E2E
08C2
0575
073F
FE07
F911
00C6
FD68
FD71
FDBA
FAC5
FC95
FCA9
F6CA
F4B5
FC2B
FBA1
FD34
04F4
0AA2
0B1C
0F72
12CA
1131
0B09
012F
F64A
F1AE
EAE1
E7DA
EFF0
F38A
FBDC
07BA
0A32
0B68
1494
0DA7
0735
09E5
FD9C
F6E2
FC01
F64A
F574
FFD2
FC4E
FB21
016F
FDFD
FD59
0294
015F
FB8D
046C
0A9A
08B7
1051
10F2
0878
0556
FE8B
F10D
ED5A
ECFA
EA05
F3EC
FE24
0091
08FE
11DC
0E41
126A
10F0
01A2
00AD
FD4A
F03C
F6DF
FDDA
F5FF
FE87
015D
F954
0490
04E8
FD2A
01E4
FE4D
F6DF
FE56
079D
05B6
0980
0F52
05F9
051A
0500
F40D
F2DB
F44A
EA50
EE90
FE23
FECB
0400
0EA2
0907
0B30
1374
0218
FAD9
FE14
EE97
F007
FA02
F8AC
FCAA
0787
05D0
06B4
1131
078E
0432
05A6
FD58
FC04
0531
01B2
004A
0371
FECD
FA71
FCAA
F7D7
F392
F908
F193
F701
019A
052C
080D
0A68
0ADF
07E9
068D
04AC
FAA2
FC54
F837
F07D
F99B
FDA0
FC9F
016D
04FD
02E6
036A
061D
0386
0222
FEBE
FEA8
FE57
04FF
07ED
01A0
0562
03AB
FBD6
FF20
FD36
F979
FDBD
FA10
F9B6
FFC1
0643
01ED
0789
051F
012F
FECC
FBB2
F8FE
F9F0
F542
F322
FBEC
00A6
FFD4
04C5
0730
05A3
0B3C
05D9
0302
02B8
FE60
FBB8
FCF9
0254
034C
02AD
0A92
0414
02CB
0815
FCC1
F7F7
F4CA
F350
F478
FB42
FDBE
00A0
04F1
0651
0717
04C8
019C
FCED
F6B2
F46C
F313
F8CA
FF39
0186
0417
0C41
0AF5
07D4
06E8
00F0
FB1E
FB5B
F842
F99A
01D0
0438
033F
0718
069C
00FF
FFC3
FCF6
F94C
F824
F7F3
FE5A
01BE
0669
0D6D
0A6F
0517
05AF
FF53
F7CA
F3EF
F17B
F0D1
F6BB
FE9F
046B
0A5C
0C5E
0AD2
0367
02E3
FF8E
F8D2
F906
F7E6
FB3F
FF3A
02DD
05BB
0AB8
076D
030C
039A
0089
F743
F895
F9AB
F83F
FF73
0A5E
084A
08F3
0BD1
03F9
F9F5
FBD3
F431
E9A0
F298
F8B2
FC45
08B5
10A5
0F7A
1069
0A6A
02DB
020D
F95B
F0D8
F03A
EF4B
F5DD
0091
0217
0946
0FEC
0961
02FF
0498
FC8B
F5C0
F6AA
F920
FD93
033D
0886
0783
0B5E
0A00
009F
FCF1
F7E6
F3BC
EF2C
F410
FF43
0648
0A2A
0903
0D87
0B82
0379
05AB
F928
F036
F56E
F0CE
F7F4
FF24
03C7
0469
0779
0901
05FB
02C1
0162
FDD4
FAE9
F362
01C0
064B
02D8
0811
022F
FF2A
FD69
F92E
FF1E
F4D5
F32C
FC9C
FEA9
FFD0
0C0C
1023
05AC
0B00
0DDE
FD21
FCF9
FD72
F1F1
EBAF
F5F5
FA5C
FB29
08B9
073D
08DC
0EE5
0C14
0ABE
052E
FA59
F7C9
F809
F836
FB54
024C
FAF5
F9AB
042C
FE62
FA4F
043C
016C
F6F8
FE86
02C5
FFE5
076E
084B
051D
08D8
0460
003A
FD9A
F4EC
F3C7
F3FB
F827
FD4F
0132
0601
093E
0F28
0F79
0D11
0913
039F
FC76
F6EB
F775
F322
F43A
F4F8
F2DD
FC30
0479
03EC
07EB
0721
04BE
0656
01D0
00D8
02A4
FF42
FBF7
00A1
FF64
FE0D
FD5A
FBB7
F5CA
F9B2
FB57
F9F1
FF8A
0917
05E5
045F
1038
0FEB
0A27
0B30
045A
FBFF
F9AA
F486
EFB7
EFAE
F4E6
F817
015E
0341
08FD
0E9F
0751
0151
0518
FBF4
F57C
FB3A
FB40
FA79
00F8
0613
04C0
012C
0270
006C
FB42
F7F4
F9A6
F90E
02FD
032F
08BC
111C
0E6B
0E5B
0BA4
FF2A
F9FC
F725
E7D9
EAF2
F618
F7A2
F9DE
066D
0CE7
0BE6
0B02
06A4
01CE
FDF0
F9D7
FA43
FA08
FFDA
0417
0450
0685
083F
063A
FCB5
F831
F6E5
F3B3
F240
FC26
029F
067E
0B26
1242
1402
1150
0505
FC16
F8DF
EC98
ECA9
F579
F36F
FB74
030B
041F
095B
1011
07BB
03BC
025F
FD3E
FAB2
00F7
0369
0486
025D
FF14
FE2A
0168
FC95
F963
F6CB
F4EC
F567
FAAC
0234
0934
1221
12B6
09A0
0DCD
087F
FF4B
F845
F216
E6AE
EBF6
F193
F1C2
FF1B
0939
0502
100E
0D7C
097E
0C2C
0506
FE71
FDA6
FE34
FD05
FB3E
FDED
FDEA
FCB8
FAC8
F837
FD04
FC8C
FA99
FDA3
0A44
0C26
0AD4
16A2
0C44
054D
09FA
F6A4
E9FB
EF6A
E958
E6A9
F118
F7FD
00DD
0DE2
0E91
1296
1693
0C29
0983
0E48
FAAD
F304
FC40
F5FF
EE4A
FBB3
FE1F
F650
FE97
02E6
F815
0184
027F
FCB8
06D7
0F06
0941
0DBD
0F7E
0263
060C
FD64
EB5A
F171
F036
E629
F393
03BB
0181
0B38
1719
0FCD
0F6F
1698
07F9
FFE1
F950
EFCE
EB0A
EE2F
F129
F535
FD6D
FFE2
02D3
0BEE
0A2E
06E5
092A
01DE
01BE
06BF
0493
02B7
07BE
013A
FC88
FDC2
F539
F1C5
F256
EE9A
F17C
FF63
0983
0BD1
133E
1709
1221
0CA8
0AF1
FEE1
F319
EBFC
E511
E76B
F5FC
FB59
FD72
0735
0D03
0B58
0D9C
0A39
0471
FCFD
F8EB
F97B
FE95
01CD
03A8
FDF6
FF3F
FB5E
F7F8
FBFB
F9F4
F471
FBC4
021B
0673
0EF0
13B4
0CB9
0A16
0739
FF8E
F817
F5A5
EE6D
EC85
F31E
FB3D
FE5B
0444
087E
0B7E
05CD
0694
02BA
0047
FD98
FE53
FF89
0164
0109
049F
FD1D
FBAC
FB48
FDA3
F797
F9C7
FED5
FF64
FFBE
08FE
0D68
0A73
0724
07F3
02AB
FB27
FB1D
FAEC
F17D
F2BB
F6FF
F97B
FD1D
014D
0784
092C
07C0
085C
0A8E
0266
013E
02BD
FE1A
FAF4
008F
FE39
FAFF
FB15
FF1D
FC08
F830
FDE8
FCB4
FC9A
0222
03EE
0768
0B9A
08AD
05A8
08C8
00C8
FD20
F9BC
EF83
EE5F
F3EE
F210
FD60
0428
05F3
0A8B
0C33
084E
0D73
0727
031A
01E6
FA74
F7F2
FB6E
FC80
FBBB
FD08
0088
FC89
F9B6
04AB
06CA
FD4B
FF13
0471
036D
0627
0913
08F9
04B0
00FF
FA9C
F50F
F1F6
F34A
F284
EF16
F988
07EC
092F
0949
1058
1116
0973
09E8
0927
FD69
F32C
F2C5
F5FF
EFC1
FA26
00AA
FCE4
03B9
0996
0652
0488
04AC
009D
FC17
FE5C
03F1
06C1
0224
FEDB
069A
FD5E
F4CC
FB6C
F6BF
F27A
F699
FCE7
01E8
05CA
0B71
0A63
0C0D
0E99
08A1
FDB4
F861
F4EB
F095
F176
FA58
FB6C
FE5C
0288
03C5
08E1
0D4E
0D30
04F7
FD7A
FFF6
FD78
FC6F
0060
FFCA
FC2F
FBF1
00DE
0102
0169
FEEE
FBD2
F8AB
F4FC
FE96
0535
051C
0C12
09FD
0948
073E
0559
FEB1
F80A
F559
F324
F113
F8C0
FE87
FE50
FFE3
08AA
0890
03F3
01BF
020E
FEBF
FFE6
01C8
02B7
033D
069E
0864
04CC
FFE1
02B0
FAAE
F087
F2DB
F8A0
F8A1
FCF0
039B
07AB
0850
0BD1
0E67
067F
02E9
0248
F84C
F338
F704
F0DA
F268
FDB3
FF5F
FF1B
0B42
0785
051D
0A94
03F0
0579
0625
02D4
00E4
FF46
FCBD
F875
F994
F8AE
F19D
F682
FB11
FB35
0325
0815
042A
0896
103C
0AA7
086C
0B5E
0204
004A
FA9B
F001
F0EE
F1B8
EE23
F3B6
FBCB
0294
0857
0A5A
0C5B
154B
1322
0C00
0CCA
0218
F37E
F27C
F211
ED4E
EDFD
F376
F762
FE4E
07E8
0BBF
0AAE
0E42
0CDB
078E
072D
06E5
00E0
FED0
FBF2
F5EC
FA46
F8BC
F402
F9FD
F32A
F6CF
0332
0182
02DD
0A86
0565
07F0
0F5A
09AF
0531
0232
FB28
F2C0
F4D0
F7E2
FA35
FCEB
00D7
054F
0BCE
0BE7
0880
0B84
04FF
FB4C
003E
F826
F2D6
FB93
F8C1
F371
FAE1
FBA0
F40B
FB94
00D8
FE78
07AF
0BC4
0BD7
0F3B
0D3A
0B25
0B4F
03FC
FBAC
FBE9
F38F
ECBE
F4E1
F7C9
F6A3
010A
04FF
FE80
05CB
0913
06F7
08B4
0952
0364
0085
0516
FF30
FEF4
02D9
F5C8
F683
FD73
F2F8
FB8D
0191
F819
FCC9
0427
02A1
0949
1015
0A15
0944
0A63
003B
F769
F7D6
ED92
ED05
F915
FB6C
FDD7
0D03
0B36
0416
0DBE
0DB2
0350
056F
FC31
ED36
F7E6
FD25
F878
00C0
030B
FAD8
002A
00EA
FCB4
02BD
FDD9
F3B1
0037
029E
0159
0EF3
0EBC
03CC
05A4
0191
F280
F688
F391
E7F5
EEA0
FA71
024B
05CF
12A5
140A
103C
130F
08CB
0241
007A
F3A0
EEC2
F73D
F1FA
F684
025D
FF4B
FF22
0759
0117
FF89
0418
0089
FD59
019D
0942
05F2
06D5
0AAA
03A2
FC41
FB62
F628
F1D2
EFAC
F2EF
F8F2
014F
0808
114C
1351
1076
1031
09D9
FCC3
FB7C
F567
EBC5
EF16
F884
F873
0008
0448
05BE
0706
095B
0538
00D8
FEE7
FFD0
0084
0233
0748
060F
03F8
03CB
FB03
F6EE
F509
F161
EF04
F2C8
F71B
0498
0CDC
0DBA
14A8
14FC
0C38
0B6D
038F
F76F
F0A5
EE86
EAB3
F022
FACC
FC0A
FF9B
0955
07BF
07B6
0A25
0943
035B
017B
FFE7
FDFE
031A
01B4
014C
01D8
FB38
F6A4
FA0F
F486
F207
F9FC
FB11
FBC3
09B7
0CE1
0C73
1438
0F7C
06FD
0245
FB00
F5EF
EE62
E9D6
F209
F399
F998
030E
066D
083B
0E86
0ABB
0711
05C8
01E7
FB46
F96E
00FE
FF35
FB73
0105
02C6
F9D0
F936
003A
F98A
F678
FB90
00CA
FF3A
0819
0E57
0E81
0D64
0C4B
03BE
FDED
F665
F39D
EE89
EE24
F512
FE51
03A4
0733
0FF3
1091
0782
05C5
0303
FDB2
F713
F82C
F7DD
FB5B
FEBC
0188
03A0
0567
001E
02EE
FCBA
F7F3
FCE7
F8CB
FA04
067B
068F
07DF
1046
0F98
048C
02DA
FE5C
F63F
F2A9
F424
F486
F991
0166
02D9
08CC
10AF
03AC
0427
0C9E
FA2C
F4D8
FF4A
F54D
F647
0332
FCDB
F977
0820
0019
FBC4
03A5
FBD3
F8C5
0061
F9DA
02FD
0FA3
093A
0950
15D1
08F1
FB89
057F
F99D
E7A2
F4E9
F195
EC54
0049
063E
FFE5
0EB4
1215
0505
08BC
01D8
F4B7
F9BD
F382
EF92
005E
004E
FB64
0AE7
0A9C
FD89
04E7
020B
F502
FC7E
FCB8
FABF
07E7
0D89
06C8
0AC9
0B8E
FEE0
FAAA
F82A
EE72
F17B
F795
F202
FE18
09DF
0789
0A49
14A8
09CC
0723
026B
F682
F67F
F5B5
ED8B
F96D
FD4C
FBF6
FFCD
0A03
05F3
05E7
0A9D
0732
0284
04CC
0341
002E
FDDF
0179
FEE9
F7C9
FAD5
00DC
FC22
FB3E
02F9
02E9
0075
0156
013E
028D
003F
0069
0622
020F
FF4D
02D9
FBEC
F4B0
FD08
F987
F083
F880
042A
FDF5
0505
0FBE
0ED4
0F95
0E20
060E
0298
FA41
F3D7
F37D
F1D3
ED67
F8D5
0254
023A
0C98
13B5
07E1
0642
07BF
F61C
F767
FCF6
F518
F4EA
FD2F
FF06
01DC
06D0
04DA
0227
FEAD
F9E3
FAB8
FDE4
0008
FECC
03B0
05EA
091F
0E9A
09A4
02B6
0439
F9D7
F020
F855
FCD5
F654
FB21
0024
0202
091C
07AB
044F
0442
FFBD
FBAA
FD80
FD93
FDBB
FCB7
FC78
FDC0
FC49
008A
005B
FEEF
FD88
FE18
FEA3
0666
04A1
04C2
0518
0584
04B6
0466
FCAD
FA84
FA81
F2BE
F80D
FF3F
FFFF
005F
0415
0410
06B9
089F
040F
0380
0270
F9BC
FE23
FFA6
01EA
0357
FFF3
FCF2
FEFC
FBC9
F9D3
F83B
FAC1
F7D4
FDAC
02E4
06FD
08E9
0CF3
0AF6
0DB0
09E0
FC02
FCD1
F95E
EB52
F3B6
FE05
F833
002A
086B
0030
0575
0FF6
0015
0269
0410
FAB8
FC3C
01CE
FF66
03F1
03DB
FD46
FF76
05DF
FA60
F7B4
FE4A
F4C8
F555
007C
FCED
04BC
1050
0C6A
0827
0F75
01BF
F8D8
F5AD
ED4C
EBE0
F7B9
F71E
FC1E
09D7
0E1B
093F
1483
0D25
FEA7
0533
FAF0
EFCF
FCD7
FC3D
F84B
FCEF
FF05
FB22
FF00
048C
FA08
FF08
FC03
F92D
05B7
08D3
0885
0E8F
10DE
09D3
02B5
05E0
F2B3
EBA7
EE06
E52B
EBF6
FD0F
FE67
04D6
13E7
1115
1116
188A
0B45
03AB
0259
F292
F00B
F931
F479
F381
F90F
FDD5
FBB4
027F
0164
FE6F
0477
0636
FEC4
07A3
0D51
0787
07BF
0953
FDFA
FE5E
FC0C
EF87
F288
F3F9
EE43
FA95
0358
0757
0E7D
0F2C
1143
100C
0D01
075C
029D
F6EB
EF96
F248
EF64
F0CC
F8DC
F990
FE36
034F
0A40
0607
0686
0840
028F
FF30
0509
043C
0377
FF44
FFF4
FDAD
FAA9
F5A9
F938
F920
F3F3
F900
042D
053F
080C
0FC3
0EDE
0950
0D21
09E3
FDF3
F70B
F203
EB9A
ED24
F673
F93D
FA8A
014C
06F8
031F
0632
085B
0452
011B
0192
04BE
043D
0303
06AD
01A8
FC08
F964
F86C
F566
F053
F48F
FBCF
0375
0821
0CF4
0EE0
0DE5
10FC
0DD3
0207
FD66
F50F
EA76
EC64
F1C6
F497
F991
FD52
00FA
0826
0B8E
0C28
0C5E
0C13
0534
0361
04FF
FFBC
FFF1
FDAA
FD41
FA79
FBCC
F75E
F25F
F6C6
F962
F89D
0344
02E4
0682
0D2E
0EF4
1014
1494
08E0
0078
FB17
ED0E
E4C7
EFC7
EF60
F221
F94B
01AC
0DEA
1313
0D25
0FE0
08D1
FFB4
017F
00BB
FBD6
FBF6
0011
FA1C
F9A7
01EB
FB02
F2DF
F900
FCE3
F4C5
018A
082E
096A
1112
1238
0BB4
0FFD
0544
F509
EF5B
EA16
E2DA
EC27
F0D0
F5C6
08CB
0E10
11AC
1890
15BE
0F03
0D0E
0507
FCFC
F610
F67A
F174
F2D5
FA8C
F9A4
FF49
FFA3
F816
FE4A
0369
0092
01AF
086B
075A
0AA4
11A7
0BC9
076C
01A1
F232
ED9F
ECD2
E65E
F1E6
F8D5
F811
076E
14F1
0E06
1221
17BF
0FE0
05F3
0230
F917
F15F
F10C
F2B6
F48A
F8D2
FC6B
0189
0278
0215
0A6B
0B39
01E7
00B4
FF64
FFC3
0162
092E
033F
FC24
FD0F
F768
F2DE
F8E7
F755
FDD8
FB56
FE12
0A02
0D6C
0C9C
11AA
0E61
02E6
009B
FE49
F69A
F320
F48F
EDC8
F0DF
FD08
0321
00B0
0552
0DA2
0899
07DB
0650
FE99
FD13
FCF1
FB39
FC8E
0170
FFB5
FE0B
00DE
FF6B
0422
03BC
FE7E
FCE0
FAFD
F8A9
01A3
057B
05C8
05B0
0C32
041E
02EB
0353
FB86
F4DF
F43E
F215
F191
F8C8
0307
026B
0882
1132
0A56
06D3
0508
FE5F
FE33
FCD8
F601
F84E
FC5A
F8F1
FD78
0510
06F7
028F
0560
FF7C
FC40
0338
FEEB
FB6F
08D2
07A8
010F
0616
0352
FAD3
0078
FCA7
F186
F3A5
FACE
F3BA
FE72
06E0
08F6
0964
0B30
05E7
0723
02D4
FD37
00BC
FAE6
F4F4
F95E
FB63
FB08
FD57
FFAA
FE46
FE2C
04E2
04F1
0050
0487
04EF
059B
0973
0D27
046A
061F
0560
FFC4
F79E
F3C1
F35C
F3B8
ED9E
F422
FF57
01FD
0843
0CE5
0D0C
0F92
0DB3
05DA
FDEA
F8E3
F59B
F37E
F251
F797
FC42
FEF4
060E
0DE6
0C02
05F9
051E
00A3
FC7F
FE47
FE35
FE8E
0247
048C
00D8
FEC2
0214
FA95
F014
F662
F5B9
F537
01B8
058D
06C4
11EE
0F5D
0E10
0F0E
0447
FAFA
F739
ED23
E945
F223
F545
F6A1
0568
0CEB
0894
1362
0DE1
01B5
075D
0465
F7D3
0104
02CA
F386
FACA
FD9E
F4E2
FD4B
FE25
F124
FDF0
FE90
FA5D
074F
0DD0
0762
0E77
0F75
05B8
076A
07E4
F63A
FA3A
F36A
E9A8
EEEC
F6BD
F7AD
02D3
0902
085A
0B28
0FD8
072E
0868
07C7
FC75
FB42
FFD3
F802
FA86
FC96
FB29
FB9F
008C
FA45
FB29
0147
F85D
FBDC
0971
0386
08A3
1068
0807
0844
090A
FCF8
F67E
F57C
EF0F
EEA3
F487
F9BC
004D
091F
0DB7
0A44
0D62
0A6B
0265
FFBA
F70B
F215
F7BF
F926
F8EC
FD22
0595
0456
0409
08C7
0189
01EE
0522
FF60
01D9
084D
041A
0637
05DE
0387
FEDA
F82B
F14E
F03E
ECEC
EDAB
F354
FBAB
0227
0731
0BF3
1156
11B6
0EBF
0B29
04BA
FF6A
FAD8
F6C9
F95A
FBE1
F97A
FED1
FF67
F96B
FE7F
0083
FF80
FB84
F95C
FC5B
FF4B
0371
0E4B
0B4D
09DE
0BDD
0328
FA58
F893
F79E
F09B
F04B
F8EF
FF74
04FC
0AB6
0FC4
0CB5
0A3C
087E
0163
FA59
F64C
F1E8
F03D
F573
FA62
FAA8
FE9C
0081
0651
0730
03A9
06BC
0375
0023
0510
0729
0989
06A5
0661
01C4
F98A
F4D0
F76F
F2FB
F24C
FA07
FF42
014B
0BC5
0CC8
0B03
0C0C
0727
0175
FCD2
F985
F76F
F025
F2CC
F49E
F4F5
FC83
0214
0238
0853
0775
0492
0688
03BE
030A
080C
0705
0459
0881
0404
0101
FFE7
F753
F0C8
F4C4
F252
F1C7
FBFC
0140
0346
0A00
0F12
11D8
0F58
0A1D
041D
FCA1
F5A5
EFE6
F0DD
F296
F9C6
FD36
013F
028A
082F
0420
FD1C
0067
FDFC
FC66
FD63
FF6E
01FB
0323
09E3
0800
0515
01E9
FBD3
FC50
F970
F75A
FD6A
00BE
046F
0807
0B7C
0DF8
0A69
07AC
002F
F526
F5A4
F471
ED2A
F69D
FC37
FC81
042F
0C40
0C2A
0BE0
070C
0309
017F
FC50
F712
F96E
FBB6
FABE
0427
FFA2
FD8C
0681
FC11
F681
FE23
F9DD
F5DD
FEC2
03B4
052E
123A
1426
0B24
11C4
060F
F833
FB73
F0C8
E618
F066
F2FD
F566
0A6F
0F5A
07A7
131B
0E7A
FE28
0500
F973
EAFE
F525
F6B6
F49C
0449
07C4
038B
0A62
04E3
FB2A
0360
F974
F4BD
FA89
F33F
FF0D
1002
0C6E
0958
0F5A
0631
FA1A
FF4C
F672
F03C
F3CC
F75D
FE6E
0806
0C9D
0DC4
0D60
0A2F
04EB
0238
F758
F0A6
F47E
EE75
EFA9
FE26
FFCC
FDEC
0809
0C75
0758
0B75
0A4A
044F
00C4
00D3
FEC9
FF61
FCFC
FB75
F9A9
FBA6
FBA8
FE88
FCF9
FD91
0002
FEB3
FFAF
087A
083A
0500
0323
0451
030F
00A2
00AE
FAFA
F638
F9BC
F6CA
F914
FEEE
01B5
0020
0562
0B91
0D99
0C9C
07C4
0509
FCE3
F731
FAB6
F722
F762
FAF9
F76C
FC62
0497
049B
0731
0527
01A1
021D
FDE1
F8CE
FE7F
018C
F9A9
03EA
08F5
0424
049B
0299
FBC9
FA3B
F7EE
F5F2
F780
FED1
FFEA
033D
0B25
0DC6
0F2F
0A4E
057C
0163
FA96
EEE2
EF63
F4F4
F317
F880
07C0
029B
0B8A
114D
055F
052B
01B7
F4B0
F3D2
F9F6
FC11
FEC4
024F
04B8
0837
01BD
FE2D
01D0
FB4E
F33A
F852
FCC3
FE00
0627
0EA0
0DA5
0F8E
1159
0959
FEAE
FAC4
F3FF
ECF5
EECF
F513
FB1E
FA82
0394
08BB
0714
01A3
017D
00A5
FA54
FC86
0306
FF30
0572
0B1A
076F
08F9
077F
FDB8
FA1B
F50C
F28F
F456
F9FE
FAEF
0377
08A4
07D2
1070
1617
0882
0423
02F9
F439
EE88
F162
F3B3
F4CF
FB8C
026A
0111
0A0D
0C9F
0456
0723
0439
FD46
00B2
00DD
00A8
0705
0664
FC6E
00AA
FFD0
F758
F761
F790
F1C8
F7C6
FFEF
0056
0A78
11D4
1102
0FC7
113C
03E7
FE56
FAF6
ECF4
E9D8
F59B
EDE3
F3A4
025E
FF69
037C
0FBC
06CE
05D9
0EE0
025D
00E5
0944
02B1
FFA7
0123
F41F
F4AE
FB86
F449
F401
FFBF
F9C6
FA30
091B
0ACF
0BD0
1357
0F03
07F1
0634
FC20
F096
F24F
E9C4
E664
F200
F866
F6C8
0581
0D24
08DB
0E5A
10FD
06A9
09C5
0442
FB26
F935
006D
FD0B
FDA9
FAF1
FC58
FB98
FB10
FA76
FDFA
FF32
FD8C
0062
096E
0CEB
0C4E
11F4
0AD9
FD44
FD79
F7EE
EE94
EECC
EE5C
F01F
F84A
00E1
09E6
0FB2
0D79
0EAA
0E77
06B0
03FF
0403
F71D
F52D
FAC8
F838
F37D
FE02
0125
FCD0
FF36
06D1
0498
0108
0308
0453
0164
0762
08C4
049F
04AE
FF48
FD4A
F8F6
F359
F66E
F4FC
EE80
F837
0347
049B
0AEA
1254
0D45
07C5
0A6E
086B
FF03
F966
F875
F436
F128
F9D6
FCA2
FB82
03D8
037A
019F
0285
01ED
0060
044D
012B
0509
0987
008A
01A9
059B
FB14
F594
F885
F702
F0D1
F3F0
F9E7
007D
0841
0B39
0A6D
0DED
0BED
03CE
0387
FDDC
F276
F0D5
F2EB
F44A
FF76
0306
04D0
039B
055B
03B4
0261
02E7
0019
0143
FC32
0292
0AD4
0349
02AA
03C2
FB7A
F4E2
F6D9
EFEB
EC3F
F596
FD6D
02D1
1043
1171
12BF
144D
0EAA
06D9
0100
F73D
F1EA
ECD3
E948
F29F
FB96
FF61
FFA2
09FF
109B
070B
09A7
0CB2
FEF3
FC90
02FA
FC9B
00A1
0517
009B
FD78
FCE5
F70B
F897
F6FA
F762
FA8F
FDA4
0206
07AD
0FDD
0C26
0C48
0D17
068D
FDD0
FA2A
F116
EBEC
EE63
F04F
F5B5
01A0
077E
09AE
166C
136A
078E
0C56
074F
F646
FC78
F719
EF18
F993
FCD1
F666
023D
0744
FFF1
01F9
0349
FD53
FF28
FEEB
FE78
0912
0B44
02D5
0AE6
0ADC
F8E5
F611
F95E
E9DD
EAC2
FA0B
F917
FB21
1008
10A6
0EBF
1416
1085
088E
021A
F674
F587
EFF0
EE06
F7CD
FDF5
F95E
0033
05D0
03A3
01C7
064E
0243
FD8D
0132
FF4A
00B0
0672
077C
000D
FDEB
005C
FB15
F5A2
F846
F948
FA0D
F9B4
FEA3
07F3
08BE
087B
0D08
0AA2
043A
064D
FEFF
F9FB
FC45
F8AC
F57E
FBF0
FD85
FEE0
005D
007A
010E
03D6
025B
FDD4
FAC5
FD95
00E9
003B
0200
03B3
0475
0246
0827
0390
FE49
FADD
FC58
F87E
F64A
FE15
027C
021E
0467
09FB
08D8
06C9
07EF
02E3
FAF7
F917
FB21
F3E1
F484
FEB0
0020
FBDF
07D2
09A2
06AD
050B
02E2
FC2E
FE05
FF60
FBBF
FEE4
006D
FEBE
0439
FFFC
FFBB
0615
FB8F
F4D3
FD95
FC3F
F939
00F9
0785
06C4
08F3
0E32
0A95
040C
029D
F7DC
F1AB
F31D
EFDF
F0FE
FAE8
FD77
055E
0DF4
0D1C
0BD6
0D4F
0593
0295
0100
F737
F73B
FBBE
F90B
FB32
FEAF
FCDE
FC51
FD8F
FCEC
FD6F
FFC1
0482
FF33
04CB
0BB7
0AB8
08A7
0ADC
0856
0105
FAAA
F418
F15D
F0AC
F069
F637
FE6B
0335
0AA5
0AEE
0BAE
0DDE
058F
00EF
FFC8
FD1D
F60E
F8E9
FCD4
FB5A
FC29
FF0A
0001
0185
019B
0215
FFC8
00CA
02A9
0749
0668
0ABF
0906
01AC
0311
0074
F7AA
F402
F08F
F043
F2E9
FBB8
0436
0893
0EB9
1020
09E6
1023
0AF9
FFF6
FD60
F5B2
EE8F
F61C
F4BA
F56B
0045
0278
0087
0B1F
0BCE
043D
042F
0288
F9B5
F9AF
010E
FFE8
0195
04C1
FFF0
0221
01BF
FAEB
F85C
F755
EFED
F4CE
0012
0135
0772
1331
0D8E
0D88
105D
0613
FF8E
F5B2
EDD5
EAEF
F23B
F8A2
FD84
0541
070B
09AE
0E97
09FE
05F2
02B0
F95E
F656
FF7B
FE82
F9E7
0484
FEE8
F8F2
02C3
FF3E
F7F3
FCBC
F9E3
F5FB
041B
092D
06DC
104A
0BD9
039B
0A1A
016C
F5D9
FCF7
F3F8
E832
F966
0145
F7EC
03BE
0D7D
03FB
06C1
0925
015E
022B
0093
FB8F
FD5E
00E0
008A
FB52
FC2B
FB92
F9C0
FEE2
F8F6
FB09
02D2
FEC4
01B0
0C6E
0872
08C2
0F60
0611
0058
02D1
F971
F460
F14A
F0BF
F24A
F6C1
FF69
0447
08B6
09AB
0ADF
0A8D
07AC
0469
FDE1
FA4B
F861
F990
FF22
FEA6
FD0A
05C9
01F6
FFB2
0080
FE1F
FC40
FC6E
FB72
02B2
069F
0AE3
0B3B
09C3
07D5
FE2D
F607
F146
EBC1
EB29
F1FA
F836
FE80
085B
1095
1242
1143
113C
0949
00F5
FBBF
F51A
F2CF
F10F
F3D9
F859
FD84
0358
06EE
042A
06C5
066F
05AA
02AB
FE04
0039
03DB
FFF5
03D4
073E
0286
FE3C
FB31
F227
F6DA
F4CB
EEEF
F7A2
008D
0437
0D22
13E7
13F8
0D97
09E2
0035
FA1F
F5CB
F197
ED86
F109
F6ED
FB80
033F
076B
0AAE
0CEC
068B
0486
0580
FBF5
FE59
0340
0283
03AA
0588
03CB
002A
FD8B
F928
F6DC
F27B
EFCE
F989
FC3E
FF21
0D15
0A3E
0924
0F8B
09B3
02D8
FEDE
F725
F27D
F156
F1D4
FAC3
FBC0
00DF
0AA0
0B0A
0A0D
097C
04D9
FFBB
FFE0
FF07
FB19
FF53
FEAD
FD90
FEC7
0484
0303
FD94
FE10
FDD5
F4DE
F8E3
FD24
F9E9
0132
0845
0479
0DD1
0D40
03C6
04F3
FBA9
F26C
F74E
F115
EFE3
0191
017E
018E
1157
102D
0648
0AE7
05D5
F58F
FE81
FC54
EE47
FC00
04A5
F97F
036C
082E
FD34
FB30
FE94
F2CE
F576
FC17
FAD4
08A9
0F17
0719
13AE
165C
03AC
02E6
0395
ECE1
EC09
F3BA
EA3C
F409
07CD
05D5
0834
14AF
0FEF
0987
09D9
FE81
F825
F8C4
F395
FE03
04BB
FD80
FFB8
0970
FE7E
F925
FE89
F633
ED8A
FB09
F787
F518
0AFE
0D95
09E2
1159
113E
0712
00BB
FBB6
F6BC
F251
EEF2
F5E7
FD39
027A
0907
1098
0F32
0EA7
098E
02F1
FD6E
F95A
F86D
F42D
F0B0
FC94
F8AD
F574
049D
0408
FD7D
0423
0122
FBB2
FFB2
FF74
FCB7
0876
0A3F
012C
0559
0413
FBAA
FB69
F8C7
F5AF
F66E
FD29
FA5E
0230
0E11
0757
0A7D
1070
0786
0759
066B
F92F
F9AF
FBC5
EF6A
F171
007F
F5C2
F98C
09B3
03BE
041E
0A52
048E
FF57
030C
FFCB
F973
FC4F
0145
FC3C
FF38
FD68
FFDB
0193
FFB8
FD4F
FF4B
FA7F
F78F
FA86
0000
0079
0569
0E16
0C61
0A9E
09B0
08C8
FDB7
FD04
FC97
F075
F32F
FE62
FB5C
FC8E
05B5
08C2
08E5
07FF
07D3
FDC0
FAD4
F888
F89F
FAFC
F71D
F910
FFD0
019C
06D3
0A8E
05AC
0168
FEE7
F8AC
FE3C
0354
00F7
0187
0741
068F
0685
02AF
FE02
FD1F
F45E
F19B
F6DB
FA35
FDF5
0585
0803
0C9B
10DD
0CE8
0643
04BF
FD05
F5E4
F4FA
F846
F675
F7B5
FD2A
FCA6
01DF
0607
FD43
00AD
0151
FAAA
010D
0604
050A
0B4E
08B5
03EF
05F5
FDA7
F759
F945
F0CB
E98D
F655
FDBA
FF5A
0A99
0C7F
0B53
1330
0E40
05F5
0372
F97D
F0C6
F18E
F32A
F524
FDA4
FECE
FF12
0D0E
0D12
04E0
091B
0269
F6FE
FC3D
05D3
FDA2
00F9
062F
F9BF
FCE1
0515
F958
FC48
FCEF
F1B5
F8CC
03ED
0502
09EC
0D05
0863
0B06
0B2C
FF46
FCF9
F993
F058
ED4D
F66D
F9B5
F9D8
0402
018A
01CC
0D85
0971
0128
0A66
0529
01B1
0749
097C
02EA
0055
FDB2
F414
F2FA
F5BC
F462
F6CA
F87B
FD78
07A6
081D
0C51
1374
0CEE
03B2
0642
0067
F147
F5CC
F39A
E932
F2CF
0232
FEE2
00EC
099A
0807
06C4
0AFD
097A
05BC
038F
FBAF
FF1D
FF02
F9F6
002B
FFF1
F0E5
FB9F
00EC
F548
FC98
06B8
FA56
0148
0DF0
0A02
069B
0A6C
0C2A
0126
FBCF
F9B2
F27A
E9FC
E960
F160
F923
FEDB
083D
0B5E
0D5C
105F
0FE9
0B9C
02BA
02D0
FB35
F290
F9EB
00B5
F99E
FBB6
0219
FF7E
FD3E
FFE6
FD55
FC46
FBCD
0062
009E
070E
1044
0D7E
0919
0900
01EE
F9CB
F57C
EE58
E926
EBB1
F37C
FDEB
0343
0859
1344
113B
0927
0CC8
0630
FBFF
FEA5
FDE9
F7E1
FDC3
034C
FF6E
FCD7
00A3
FA0F
F33B
F834
F889
F7F4
FA0C
0454
0A6F
0A97
11A0
11D6
0B88
05D3
02E8
FA34
ED18
EE7E
F25B
EC54
F684
03FA
03FA
07FA
134D
105D
0BAC
0B52
06C0
030E
F477
F789
FD8C
F253
F439
FF5F
FA69
F7DA
FC60
FE13
FAAB
FD81
0209
0150
05ED
1024
0EF5
0A29
0BB6
0D04
FD56
F609
F3A0
ECE5
E91A
EC84
F952
FE9C
0469
0E99
132C
10F1
18DC
1696
0797
00B8
F806
EF5E
ED29
EF37
F2E8
F2D9
F422
FD95
0089
0166
06C9
0797
01A1
0393
0A0D
0ACC
0BEB
0E25
052E
FFA0
FD7E
F392
EEC6
EC8E
EC3E
F186
FBDD
0545
0D84
11C1
1423
185F
1808
027A
FF1D
0119
0050
FFC0
015B
FE69
F9C5
F996
F77F
FB84
FE66
F6CC
F7A1
01C8
006C
05C3
12D1
0C1C
0661
0AEE
0968
FEC3
FDE2
F793
F255
F496
F1F3
F3DD
0064
028A
05CE
0670
093A
0962
069E
0045
FF58
032B
FEAF
FB85
FEAC
0029
02B1
FBF9
FD92
00B6
FA88
F639
FAAE
007B
0339
05AF
0B9A
0A74
0C6B
0917
0042
FD03
FBE2
F35D
EFE7
F1EF
F3F7
F94E
021B
05A6
0FB0
0F4B
07B1
089C
0951
FCF9
FED8
FD17
F9AA
FAC3
FB59
FC0D
053F
0100
FE78
FE60
FBD9
F9B9
FB06
FA63
0270
03F9
0757
0AE6
0E8F
0A2A
02DA
FD4E
FB38
F3C8
EE77
EFD6
F842
F6BB
FB32
0716
1048
1375
1110
0BDD
0654
FF7E
F976
F595
F2B9
F629
F79A
FA14
0172
026A
01B1
021C
FE2E
FE6A
0314
FF26
0060
04C5
0358
0821
092D
059D
048D
00AA
F61E
F20A
F2AE
EFCB
F1DA
F90E
FFAA
08CA
10E9
1651
16BE
0D82
065E
01B9
F97C
F216
F2BF
F382
F21B
F1B3
00A1
059C
019F
0A2D
0DCF
0398
0384
FF90
FB46
011A
044B
0158
07DD
0430
FAA2
FA60
F94A
F360
F4F9
F1F2
F4D2
FD3C
06A2
0AA9
1317
1440
0C5B
0C12
0C30
FEED
F9D1
F943
F223
F03E
F550
F686
FCAC
05EC
043D
04C4
07C2
0666
0315
04BA
0168
0525
0672
FF6B
0133
0199
F485
F672
FAEB
F555
F534
FB96
F9D8
FE0A
09C2
0CA7
0A4E
0E50
0B25
03F0
0677
040F
FAB3
F5EA
F5AB
F1DE
F64D
FC99
006D
04C4
02A9
03E5
0B48
035D
FFDF
04A2
017D
FC26
FA7B
F977
F5D7
FDDF
FC8A
F900
0199
FE97
0122
051A
01B9
06B1
07ED
02F7
0398
0976
0375
FD3F
03A7
FB87
F59A
F5EF
F115
F061
F5C0
FBCD
FBB4
07D4
0FB6
0E97
1025
10B7
09C7
05E1
FE11
FBBB
F95A
EF7B
EFFD
FD2A
F6A6
F883
0784
02BC
FCAA
074B
00B8
FAEF
03C2
0523
02A1
09E9
0E75
06C4
0190
FEAA
FAC2
F722
F12B
F593
FB0A
FBF2
0714
0E6A
0BD2
0ABB
0874
FFEA
F5DE
F3AD
F2B0
F14D
F5E4
F9F6
042C
043D
01D7
0D8D
09FA
FEFC
04F1
05EE
F6AF
F797
0258
03C9
0964
141C
08C9
FEF7
FC5A
F77D
F158
F079
F4DC
F48C
F41C
FED8
07DF
0AEA
15A0
18BB
0E2E
0188
0278
F2A6
EA49
F160
F230
F902
FEC5
0171
0437
041C
0393
0756
0A5C
0152
FE92
0006
FDEB
0142
06E6
049A
01C4
01E2
02BB
FA9B
F9DF
F8EE
F86C
FA9E
FFC9
0325
0177
05FF
099E
0698
077A
0894
0540
FE97
F90F
F4FF
F2C7
F8D1
F861
FA4E
FEE9
FF27
050F
099D
0650
07E7
053D
FDE9
FBD4
FF7B
FAFB
FA45
017C
002A
FE50
05A7
061E
FE56
FE61
FE7E
FC04
016B
05EC
0754
0361
05F6
04BB
09CD
07E4
F9E3
F04D
F20E
ED52
F10F
FB65
FF8B
0454
0A4F
0791
14FF
14BF
09D9
0647
FE08
EFB0
F4E8
FAAD
F6BF
F94D
FDA9
FABA
0086
0705
0323
023C
FCB1
F9C5
FAD0
FDFA
02D9
079E
0C06
0AAB
07A2
0739
FE6B
F99E
F5E2
EEBB
F1E3
F8D9
FCF2
04A4
0AD9
08F6
0A7B
0E48
07EC
FF5B
FC77
F7DC
F2E9
F34F
F4A1
F8D3
FB85
FCAA
00FC
031A
0818
0752
03D8
03DB
FFEB
FF5E
036E
0142
07A3
0AAF
F93D
F894
007C
F8AA
FAE4
FEAD
F94A
F9F4
FD31
FEF7
056F
0D67
0A84
085B
078D
0616
02B7
FB51
F2EA
F911
F784
F3A2
FFDC
05BD
FCD3
0204
090E
0586
FEF1
04BC
0117
FA2C
0091
0481
FF52
0639
05CD
FD9B
FDD6
0061
FC3E
FC5E
F85C
F79A
FDBC
FE09
FD42
0B71
0B6D
06CC
0BBC
0950
0081
FECF
F9B0
F5E6
F65A
F926
FC46
FD31
0234
065D
0227
0523
0B5D
067B
0154
01EE
063A
0047
FE80
0102
FC2C
F7D2
FA6D
FA9A
F909
FC1B
FC11
FC75
0049
029E
043E
0819
0BA7
0D39
09C6
0091
009F
FBD7
EF61
F52D
F48D
F26D
F806
FF49
FDE5
080F
0D8D
0D5A
0F92
0BCF
FF3F
FE9C
FCB1
FB9B
F941
F847
F9BA
FEF3
FE05
FE76
02B6
FDDD
F9E1
F896
F72A
FDAA
FFE1
0309
0AF5
0C1E
0AD5
03B9
FF77
FC7B
F63F
EFB3
F23E
F729
F955
FA5A
04FF
0FCD
0F52
10FE
132E
0972
03DE
FDEB
F68A
F3EE
F800
F6F4
FC12
FEB8
FEF7
0282
02A8
FCF3
0348
FF0B
F7AC
FF48
0637
FFE7
0AB9
13B2
0968
0023
01F5
F912
F076
F36E
F379
F04C
F333
FBE3
028E
0D55
171A
14AC
1004
0A6D
0497
FFE4
F407
F20B
FBC0
F67C
F499
0448
05B1
FBBB
0471
05B0
FDA1
FF85
FDFB
F759
FD42
03C7
0AFC
1030
0FD2
0681
00F5
FB7E
F0E3
F4CB
F750
EE7F
F78C
0056
FC5B
08EA
18C9
101C
0C81
0E4A
FC0A
F017
F562
F3B0
F509
FA29
FAF2
FC54
015E
FE2D
03F4
08D5
03F1
FFDD
00C3
FC1A
025F
0BDA
08B6
07DE
095A
FECA
F6AB
FE17
F54F
F481
F914
F7EC
F6CD
04EA
01F9
0423
0FA6
0DF9
0608
0CBF
0247
F848
F993
F668
F59E
F7C3
EFB5
F299
FD05
F886
014A
108F
06CB
08BF
0D53
0370
0303
0B82
FF76
F762
FF0B
FCA2
F306
FAD0
FEBE
FE42
FD47
FE2F
FDBD
031B
05D7
0866
08F8
0CED
06D5
0D79
0443
F800
FC73
F07D
E603
F2F1
F64A
F42A
02B9
0AA5
0732
0D45
1254
0AEC
06C1
0284
01FA
FE26
F627
F8E5
FED6
F7C7
F764
04AF
FC8D
F2E9
FF8F
FF0B
FBC1
055E
0BB5
062B
08F2
1121
0EE0
0127
05A6
FEFD
F025
EA88
EB06
F0B4
F223
FAE6
0CAC
1025
1033
144B
105C
02EA
FCD8
FF9F
F5DE
F0EE
F81E
FB35
F55E
FC58
082A
0269
FF46
0BCC
FC87
F31D
FD9C
01A1
FFA5
0B36
0E12
0638
0493
FF99
F5A5
F82B
F4CC
F098
F94A
F756
F64A
0402
0C48
0E41
12F1
16D8
0AAD
0411
041A
F0F3
ED54
F79B
F7AB
FAB9
0052
FD74
005E
FF87
FE6B
0619
0683
FA2A
FC9E
FD92
FACF
0573
0DCD
05C4
04F7
04EA
FD09
F391
F668
F4D8
F2F0
F584
FDA2
0907
0E1B
0A48
0F98
0F4F
0874
07F7
0542
F6C4
EE63
F387
F008
F78F
0057
0526
03BA
0396
0953
0DD9
0704
020B
FFF1
FAA3
F3A1
FC7F
0443
00A3
02FE
0421
FB74
00EF
FBE7
F613
FCDC
F776
F8D8
07CC
085F
0947
102D
086E
0856
0EAB
FD8F
F28F
F880
F31C
E6EE
F231
0101
0037
02B5
0825
0AAB
0D03
0746
069C
05F0
FE61
F99E
007D
0266
FA00
020C
0213
F353
F4AA
FEC7
F543
F69E
017C
0068
0430
0A47
0919
0FC6
0B9E
01E4
0554
FD40
F1E3
F701
F559
E9BA
F72A
02AD
FAC8
00B5
0ECD
03FB
02D0
0F73
0A23
00BD
0A81
0763
FAB6
FE46
FA6A
F353
F825
F519
F635
FDCB
FA7B
0274
0CBC
0664
0348
0B6B
0682
FFA9
09E2
030C
F75E
FF15
F8D2
F11C
F751
F7AD
FA8E
FA93
0041
0218
0579
0D46
0AAF
0FF0
1190
05E9
0484
FD4C
EC7B
F337
F30F
EE26
F6BD
FDF5
F622
0035
09C7
08F2
0EC4
13A3
06A8
0420
077B
0559
013B
0257
FA2A
F158
F559
F54C
F1C6
F511
FCCB
025E
0265
08B0
0F37
1027
0DD7
0C47
0B55
0294
FD24
F3C3
EB84
EE4B
F402
F51D
F98E
00D3
04CB
012E
0B57
13D4
0BF6
03C1
0498
0108
FEFC
FE2A
024A
FF70
FC01
FAEA
FA42
F6C0
F7D5
F8D4
F9BA
FC8E
051C
0B7B
0C5D
1011
1737
0BAC
0396
0429
F992
EB9B
EDE3
F078
EE05
F6B8
FE6B
022B
08A1
0CE0
0CE8
0859
0474
01F1
F962
F81F
FF95
FFB1
FD1F
005C
07BC
03B0
FAD7
FDF4
FFD9
F67A
F6D5
FFFB
00E9
0985
0FFE
0C0E
0BB7
0BAC
0118
F775
F3F7
ED60
EDFA
F10A
F838
FFFB
0020
0570
0DD3
0B26
0AF4
06B0
FF21
FD6E
FAAF
FAF6
FE98
0022
FF27
019D
FD04
FBDC
FC62
F999
F6A3
FA23
FD78
0083
0794
0F6E
0D56
0ACF
1198
09F2
00C0
FADE
F60C
EBCE
F281
F315
F19F
FDD7
02D0
FF64
085D
0AE7
073D
0A59
07CE
01EF
0230
FDC7
F7D7
F98C
FB0E
FE24
0192
01B3
FACE
FBCF
FC7A
F96B
01FD
07A4
02AB
051E
096E
02EB
06C0
0F0C
0286
FD97
02B3
F8D3
F174
F5D0
F402
F672
FAC2
FEDC
0653
0978
02DD
11A1
11B9
0821
0E7A
01A1
EC64
F1A9
F6B2
F11E
F696
02A6
00AC
FA53
046A
0934
09D7
0A3B
0AA6
0819
FE3E
FB7C
00CB
FFA2
FC05
01EF
024C
F331
F76C
F7F2
EC85
F88E
0447
03C5
0767
0BC4
1097
0F1C
110C
0F48
00A2
F4D3
ECEC
F3AE
ECAB
F233
FFFB
FD18
FBCB
0745
0B0E
04FD
099D
0D0D
FE75
FF67
0172
0080
FF2E
0132
049F
FA77
F726
F995
F495
F10C
F15D
FDE1
FFF7
0048
0CC5
1391
0B41
0E9F
134E
009A
F6F9
FBB9
F0D5
EF68
F8F9
FB07
FA5D
FE35
043A
01DB
0654
0A53
0A1B
FFDB
FA10
FF9F
0048
FC2B
03AC
0519
FFCB
FBF5
FEB1
FC60
F511
F875
FA97
F3BD
FE41
0464
021B
0AFB
1161
0D2C
076E
0445
FDB4
F724
F1C7
F398
F5E2
F711
F9D7
00A9
05EA
0AFA
0A7C
0C12
0544
0034
FD98
FEC0
0056
059F
043B
FD97
FF10
0113
F695
F708
FD92
F843
F89F
0155
0041
02E7
0F0D
1148
0AC1
0F12
0AAF
FC63
F5B6
F2A5
EBD6
EC16
F16D
F3F2
F6D4
04D6
0D3F
142A
177A
150B
0D76
0508
F894
F8BA
F80A
F8E9
FCA0
FAA7
F602
F9A6
009A
02C4
0394
023A
FDC7
F98E
F99D
FD2E
0425
0BDA
1456
1220
089B
003C
FE69
F72C
EF75
EEB1
EE65
EA37
F7A1
04D1
02C2
0CB0
1883
0D71
0A32
0EF5
FC04
F008
F945
F473
F3F0
FBE2
FE47
FF29
0361
0288
0995
06F6
FF5D
FFA7
FD1D
FAC6
042C
0A73
05BC
03C1
01CE
FBB5
FBE9
FA40
F50B
F4C2
F5C9
F7EA
FD0A
07CA
0EEA
110A
0E2D
0C50
0A40
FF5E
F578
F75F
F19A
E9E6
F3AA
0000
FA2B
0047
0896
039F
04E9
0661
03F9
0346
FF69
FF82
0626
04CF
029D
07E3
FFFB
FA8D
FDCD
F871
F615
FE4C
FA7F
F6D8
FE27
0463
0662
0D5F
1140
0920
04E0
0187
F718
F530
FABF
F684
FA0A
FF09
F923
FDFA
08C0
006C
03EE
0E6C
FED8
01CE
09C8
FE91
FE2E
0679
FC37
F79B
FD7A
F70E
F6D2
0561
0110
FD07
07E2
FDE9
FB39
075A
FDAE
FE1C
077D
FC98
F8C5
02F2
0201
0076
0C4E
0380
FA9F
FFD8
F945
F9EA
06D3
023D
FFDB
0D8F
0718
FD08
090B
FAAE
EF11
FBB9
F2DB
EA68
02F2
016E
F99B
094F
0BEF
FF10
0567
0162
FB06
FF32
FF44
FB19
0281
09D3
0457
0403
09BD
FEDA
FC5C
FF9A
F216
F734
FF6D
F990
FFCA
0FE5
0C34
076D
103C
06E4
FBE6
F9EA
F2A3
F273
F3C2
F3A9
FE92
0438
05C5
06F6
0BDA
0758
0182
01ED
FA50
F9AE
FDC6
FDCB
FBEC
0449
0591
00BB
01E2
011B
F8D2
F933
FA45
F896
FF19
0479
056E
0B3A
0F17
08A1
08A2
041E
F8E2
F6A4
F1AE
F4A0
FA93
FF05
00B5
033B
040D
0AD3
0994
0749
075F
0072
F7E8
FADD
FD04
FD55
FD1F
0085
0233
FD91
FE31
0100
0299
FBB2
F781
F97B
FDAD
013D
060A
0B16
0C42
0C4F
0687
0014
FE92
F49D
ECAA
EEFA
F3C3
F7A6
FCA1
035C
0DA7
161E
11D9
0A8F
1305
0353
F792
FAB7
F432
F10F
F5BE
F60C
F87E
0224
FF97
02B7
030D
FB8C
FEBC
FF91
FB7C
071C
0B05
04A7
0B45
0BD0
02A6
FD30
FBD0
F4B9
ED15
EE2E
EF5D
F50A
FAD1
0228
1468
1A36
1573
1662
0C7A
FE33
FE05
FA43
EF2F
F238
F518
EFE7
F65C
053C
070D
075A
0AD0
0544
00DD
FEFF
FCB4
FE2B
0449
FEDB
05F6
09C7
FFDA
FE44
FBF9
F662
F5F9
F1AC
F717
F93A
FB51
0932
0FD1
1067
16AF
1078
075D
02E2
FEB6
F505
EE38
EFC6
F1FA
EFFD
F577
0270
09D8
0A38
0C7D
0BEA
0711
00E9
0277
0260
0144
02F7
02D0
0105
FA16
F7BB
FD8C
F855
F63F
F943
F82C
FB49
0156
0B41
0EBF
0E8B
10A5
076A
0447
062B
FC5E
F1A6
F0DE
F575
EE67
EE3D
F92F
FE43
01BD
0327
0AA8
0CE4
051B
0EF1
05F6
03C6
0B29
0623
FE56
FC89
FD3A
F82E
F849
F785
F2DD
F7E5
F335
FCF2
06B3
0634
0DC0
0E63
0F2D
09CF
0897
0394
F7E3
F5CF
ECA7
EA33
EE7A
F390
F9CF
FD01
0445
088C
0D8B
1219
0F00
07FF
0494
FDE5
02FB
01DB
FCE7
FAD9
FA61
F72B
F652
F86D
F7B1
F7CB
FB75
FD9D
0169
09C1
10B4
12AD
120B
1335
0E48
039F
FAF5
EF97
E819
E67E
E726
F2C3
FB93
FB5D
047B
1281
0CBD
0EBF
0FF6
031C
FC80
04A9
FF14
FBD3
FE9F
FD7B
FCC3
FA4D
F739
0003
FB17
F6FD
FB03
FCA6
FDD6
0874
1556
10E2
11A0
13CF
0453
F66A
F501
F04A
E793
E961
EE84
EEA7
F5F3
02FE
1425
1A12
18D6
1628
0C72
FEBB
FBB5
FEE6
FB31
F784
FCC4
FB30
F694
F692
FA75
FB23
FC8F
FE5B
FE30
FC93
FF1A
0555
10BE
161F
139E
0FA1
0448
F4EC
F166
F163
EC66
EEDF
F389
F59C
FCD3
0468
0F59
14EB
13E0
12C2
0E75
03F7
FE9D
FA20
F619
F46A
F6CD
F79D
F519
F77B
FD34
0436
04DD
03B3
03C6
FBA4
FB30
056C
08C4
0752
0CF6
0871
FE84
FBA9
0441
FB74
F0CA
F695
F815
EE1F
F494
067B
0955
07FC
0ED7
0E7F
0BB6
07F2
05B4
FE67
F6FD
F2FC
F26A
EE9C
F97C
00FF
FC93
0065
0FE5
08CE
02B2
09A9
02F7
FA0C
040A
0301
0142
FEBD
FD00
FDD8
FB82
FB53
019F
FA78
F39F
F69D
FD15
006E
0561
0CCA
0A99
0746
0E9C
0D80
FFFC
F977
FB65
EDE3
EA54
F39E
F8AA
F786
FF37
0061
05CC
0E6E
124F
0E37
081E
047E
0111
FBBE
FB52
FC1B
F8FE
FB95
F7B3
FA46
FDBA
FADF
F8B1
FB9C
0049
02A6
04BA
0874
0A7A
0B8F
0671
04DA
0319
FB76
F8DA
F0CE
EF70
F325
F7DC
FB5E
0302
0A8A
0D33
0CF9
0E26
0BF3
0986
031C
FBA4
F9C3
F5DF
F2F1
F971
FE2D
F8C0
FFF5
0596
FB2E
0126
0BB4
0335
FC76
0870
07E1
0344
0B55
0500
FBE0
FCB8
F3F3
F38A
F1D7
F113
FAB6
FFD0
FCBF
0C73
13DE
0BB0
0E09
0D2D
0858
032C
038A
FA37
F105
F573
F762
F270
FCA1
023A
FEA0
FE44
0594
03FB
0117
05DE
0793
05F9
05A2
0718
032A
0140
FAD4
FAD9
F802
F08D
F02C
F7C9
F568
FF94
09E2
0923
0B6E
1210
0D14
02E0
03B9
02BC
F5B0
F2D0
F7E1
F42D
F6D7
FF28
0092
07A1
07E4
01F0
0300
053C
0027
FD1F
FDAF
FDD8
0457
009B
FDE5
0328
035C
FC1A
F969
FD25
FA3B
F4FB
F842
FF35
017E
063F
09A8
0A15
0EA3
0B4C
0384
056D
FF9F
F2FE
EF8E
F03F
F4A3
F77D
FDD5
036E
0663
098D
05F8
0879
0921
020C
0116
FD42
FC68
FC6F
FA0D
FC74
026A
07BC
00B5
FFA1
FF23
F932
F3F8
F8EE
FE61
01D0
07C3
0CDB
0F25
120C
0D40
05D3
FC5D
F2BE
EF5E
EA6B
EC4C
F65B
FA06
000C
0C3E
1086
12E5
114E
0B7B
057B
FBD6
F3E6
F4C7
F7EA
F437
FEE1
03DA
FDFD
FF81
0545
FEAD
F9E7
FBB6
F984
F9B7
0482
0B90
12A3
178B
124E
075B
FD87
F447
F269
EF0C
E8F9
EC82
F3A7
F8C1
03A0
138E
159D
1167
170A
0D33
01F1
FCF5
F4B8
EF01
F4ED
F4B2
F8F5
FDE2
FF68
0073
FF96
0055
01C3
FFB8
FDCB
0307
05FB
042D
0C68
1211
08EF
0031
FE46
F880
F34C
F03F
F0AB
F252
F64D
02D1
07B8
0E50
145F
0EB2
0C7B
0A00
FEFE
FB71
F490
F34C
F648
F5F3
F43E
FACE
FF2C
FB44
FF31
04F7
0339
0813
09F9
059D
097A
0B03
04D3
FF25
019A
F99F
F584
FA26
F170
F15D
F6CB
F5F7
FBA6
05BA
098D
0D25
1207
0D66
07DF
1156
0538
FE11
FD97
F1A4
EFC0
F3B6
F271
FA21
04E6
FE27
03BA
0CBD
0665
0471
04E2
0022
0286
FB75
FAE5
FCB9
F9EB
FB2B
FBAF
0042
FF83
FF85
FE20
FB8D
02A3
0985
08E8
0852
0910
090B
00EB
05E9
017E
F5A2
F50E
F177
F118
F3F2
FD2F
012B
047D
085D
0881
04E7
078C
07DB
047E
00ED
006F
FC70
FBB3
FA8E
F899
FCC3
FDFB
FD79
01B8
FDB1
F638
F882
FDC1
FC57
064E
0C94
06E5
0AF0
0CAC
FFD1
0161
FC00
F42D
F595
F01A
F497
0519
05F5
0ABF
0AF6
05EF
025E
0127
02DC
FF16
FF7E
FBA9
F562
F907
FCD8
FD46
0001
0503
02E6
FBEF
FF65
FDE5
F7CB
FF32
0A65
0C8E
10FA
11CA
0AEA
FD8C
F9D1
FB43
F47D
F2F2
F4A8
F195
F601
FD2B
FFE0
08C4
0D17
0C46
06CE
09A1
06C4
02FD
FFA8
F884
F460
F7A2
FA9F
FADB
FF68
FC4C
00CC
05D9
045A
0377
073E
0591
0445
0243
021B
FFA8
FF32
FCB6
F8B0
FCAE
FDA7
F9D5
F891
F92D
F8E0
FCD7
03C1
08B6
0CB9
0AA6
0C36
0E22
0766
03B0
FA61
F150
F0A2
EE55
F2A8
FA32
FFFB
FE98
019A
0761
0AC4
0412
0A59
08FC
FF0F
FC49
027B
FB93
FAE1
FF18
FB47
FE93
02A8
FD09
000E
0018
FA5E
FF9C
0487
027C
04AA
0944
0507
047E
0B45
FEA7
F850
F5D2
F1A3
EECF
F401
F950
FF59
03A4
09C1
082D
0E1F
12CD
07BE
03D7
0005
F84B
FA08
FD5D
F594
FABD
00FE
FCA0
0092
012E
FB1B
FE3E
FE87
FAB7
00DE
069D
0487
0A5E
08EB
03F0
067F
007C
FAE9
F737
F469
F3DF
F420
F8D4
FF68
0509
0CF5
0D06
0E10
0D9F
0761
0278
FC6B
F8D3
F4E0
F49A
F50B
F92F
01D4
FE9D
FCF2
0BB1
039D
FD4C
FFBD
FC76
FDED
0534
0469
03E7
0B54
0900
FEE9
0045
FDF2
F58E
F3C6
F06A
F63F
FE64
FEF8
0461
106A
0F65
0969
0CB2
099A
FF08
008A
F95E
F283
F6FB
F478
F532
FD64
0191
FD94
0207
0488
0122
05F0
FFD7
0583
0793
01E9
05E0
0CE9
01FD
0031
F89A
F23D
F610
F38B
F453
FD85
FCAB
075F
0CCA
0C36
0C96
13EA
07B1
0283
0709
F471
EE3D
F24A
EDF1
F28F
F7FA
017F
039B
0941
0873
0648
085A
0462
04C7
0346
007F
0934
0634
00CF
015E
FD28
F778
F0D8
F62D
F53F
EE85
F765
FE80
0132
0C76
13E7
170A
11DF
0D68
05D0
FE4A
F298
EE05
E939
EB52
F418
FBD3
01CB
0D38
10E9
0EF8
0ACB
088E
065F
0071
FBA1
FF9A
FD88
F88D
FB72
0081
FDF5
F91D
FA27
FADA
F4F2
F8B7
FCEE
0052
0533
0BEA
0B25
0CA3
0F90
0A07
FFB1
FC6C
F2F1
EAEB
EC25
EF24
F605
FEBA
00DD
09D1
10DA
1061
10B8
0CF8
0720
049A
F9CF
F399
F5EA
F6BC
F68F
FEE7
0327
FEA8
0122
024F
FA36
F923
02EC
0021
FD89
051D
030D
0128
0C88
0E88
05A0
016A
F8E8
F121
F0D0
EB49
F2E7
001A
F6DD
008D
121A
0AEE
0BE3
1D09
0DD6
01FC
09F3
FCB1
F443
FCD4
FB34
F3F7
FA40
FC69
FB88
FE13
FD21
02BB
0307
F9E1
FF11
06F0
006F
029F
1464
0EEB
FDFB
0767
0281
EBB4
F58C
FC0B
F0C7
F733
FC7A
FB56
04A0
0E2B
0A55
125A
0DCD
0772
09C7
FA68
F662
FD54
F384
ED6C
F796
FC2E
F29C
0334
097B
0265
07E7
0784
FF25
05F3
07FA
03C6
0365
08D4
FBBC
F819
FE27
F48A
F3AE
F8C1
F602
F736
FBBB
0003
06F9
10E1
0DAF
108E
1308
0B3E
03C4
FC49
ED32
ECB5
EBC6
EA70
F237
0144
01A1
00C7
0C9A
0851
0840
0C58
07AF
02D9
07F7
02C4
0092
FE49
FEFD
FA60
FB4D
F5BF
F59A
F34E
EA6A
F06B
FEA1
02FF
0AD3
1932
16E8
1024
165C
086E
F740
F8B4
EF19
E821
EBEF
F099
007A
FED5
0497
0DAC
03F2
004C
075F
FFF7
FFA6
06E8
055E
00DD
00EE
0682
0713
01FB
FEFB
FA94
ECC0
E79C
F189
FDAD
FF1E
105C
1C70
103F
0D41
1509
07D0
FC7B
FB59
F04E
E26D
E3A7
EDAE
F3F7
FED0
100C
122B
1030
13B8
1083
023E
FB65
FF2B
FE7A
F8B9
FDCD
04BF
FB7F
F571
FF26
FC31
F9A0
029B
F558
F28C
FDCD
FFC6
0D0C
16C4
13BF
127E
0AAB
FD1D
FD1A
FB77
F24D
EDF2
ECD6
EE08
F90D
0122
03F3
0B2C
1128
0932
0A8E
0D12
FC65
FC8C
063A
F774
F4E2
0430
FBE8
F2AF
FBE3
FE8B
000C
FF08
FEFF
FE15
FCDB
F9D4
06A8
1092
0990
0EC5
0BF5
F661
FA05
FFB6
F1FF
EE9B
F959
F5C5
EF2C
0234
11DF
1175
0AAF
0AEA
0E49
03E7
FA11
01AB
FC82
EA9F
F00B
FCFD
F3C7
FB50
0BEB
FF94
F9CC
0685
02BD
FC75
0862
0508
FE9B
0442
09E0
0825
0028
0046
FFE1
F67F
F295
F64A
F759
F4ED
F99C
0590
0789
0AC5
14AE
1077
074A
0DA8
0864
F562
F598
F5F6
EBB6
F44D
F9F0
F7E3
FF15
00AC
FA9C
0A8D
0CE5
059B
0D03
0A83
FD54
04AF
0439
FAB5
01DF
FFCB
F28F
FA32
FD8E
F5C5
FFA8
FED9
F87B
03B4
05F7
FF74
0BCC
0E2F
04F2
0616
0A99
FD1E
F870
F5C9
EF94
F299
F65C
F1FF
0071
060F
FF17
0BBD
1359
05C6
0FE3
108A
F8FD
FC8E
FFBF
F11D
F72A
FFAF
F5F1
F5E2
02E8
01A7
FCB7
02F7
FDFD
01B9
07C4
06C8
082D
0F8D
0A7C
037C
01EB
F92E
F212
F1A9
EAC3
E88C
F7CC
FC7C
FF7A
126A
14BE
0EB7
14C0
113B
0953
0390
FC8B
F44D
F288
F011
F3F7
F96E
FC29
FF32
FFEA
FDB8
FD90
FFC7
0454
060C
088F
0B26
0BD2
0C70
0C3E
01DE
FA6D
F9CE
F141
E800
ED33
F143
F85D
FEDB
0659
0D99
15B4
13C5
0F18
07ED
0323
00B9
F714
EFE8
F141
F2F6
F435
FB74
0353
0A5D
07A7
041D
0644
052D
FF79
FE77
0046
013E
0372
0449
06AA
07F0
00C7
F8AF
F6A2
F277
EC6F
F187
F741
00A8
05C0
0BDA
149F
132D
1156
0A01
00F2
0228
F3B6
EB6E
F121
F22A
F6D3
FC06
0229
0A09
0B50
04F4
0518
066A
FF40
FD42
0060
0046
0422
0691
FEE6
012B
01CB
F6D5
F8FF
F69A
F285
F8E9
F68E
0022
0964
0BAE
0F09
1145
0D0C
0998
0356
FB51
F437
EFF5
EDB3
F047
F654
F8E3
04C9
0CF8
0EE0
0C07
0E60
05C1
01B1
00E5
FD68
FA10
FE38
F75F
F4EB
FDC6
007F
FEA6
0294
FFF6
F885
FB5A
FB08
FE25
05C0
09FB
0D56
0C9B
0821
07EE
02F5
FA88
F82F
F4F1
EDE3
EF97
F82E
F89D
FE05
06F5
0984
0BD2
1140
0A8C
0902
044A
FE2C
FE16
FE02
F80D
F724
FA84
FABC
F7FA
0035
0012
FDB2
FF32
FAEC
FE72
0673
06C3
05C6
0B2E
09B4
0054
0702
02D0
F782
F969
F104
EBD3
F77F
F622
FF4A
0A40
0D85
0C2D
1185
1090
09CA
03F6
FB87
F511
F4CD
F29E
F742
F957
FB49
FEFE
03D1
09BA
00FB
0725
05D9
FDA3
0206
0523
FED7
01BE
0973
FFD2
F955
FBF7
F623
F418
EE8D
ECED
FC68
FBE4
0336
103C
11E1
0E6A
1219
13E7
073B
0494
0245
EDD2
EB90
F264
F367
F633
01B2
0454
0180
0775
0468
049E
0519
FFA7
031C
0369
FEFE
0847
05DC
FFC4
007C
0405
F740
F0E2
F0FF
ED74
EFE3
0098
0466
0880
0C83
11A1
119A
0796
0B06
0392
F379
F136
F5B3
F5AC
F796
02CA
053B
0230
0502
04F5
011D
00C9
FACA
FA5B
FC98
012A
0120
047E
01FC
001F
03C3
0067
FBC6
015D
FC25
ED89
F631
FF09
FCA8
05FC
12DE
06E5
07A9
0DD8
040C
FBE0
FCD2
F576
F096
EFC2
F443
F7F1
FFC5
08AA
1009
10B0
0CFC
0612
FB17
F761
FDDD
FD1F
04A7
00F6
FB5A
F9DE
FBEF
FF08
0630
08CE
FE17
F456
F6CA
F572
FDC3
0FAF
0AE4
08AD
1085
0BAC
FF2C
0188
FED8
F6EC
F54B
EFBC
EC84
F247
F9BC
055A
0F01
0F8C
0E0B
0E6B
085E
00C4
035C
FE24
F6FA
F9D3
F769
F6BD
FBA6
0190
0963
03BC
FC95
FC7B
FABE
F939
0273
05A0
0747
0BBE
0915
04D0
0278
0772
006C
F1F7
F2DA
F0FC
ECF9
FADD
02CF
09A2
0DEB
0D26
0F3B
0AB4
0081
FF51
FDD4
EFF8
F07D
F997
F944
0094
029D
03C9
02FF
02F6
0040
00EB
FF76
FFF0
FFFB
03CB
067D
0767
023C
0220
FFDA
F8D3
F671
F59E
F33A
F7B8
FBF9
02BB
094C
0DB3
11C4
0C17
0341
000E
FD37
F7D2
F48B
F34C
ECED
F42E
0254
002F
05DB
064E
FECC
0452
0801
0436
05FC
056E
FF8A
FFD1
02C0
FC12
FE53
01F2
F672
F79E
FD8A
FA6D
FF34
05C4
FE70
00A5
054B
FE10
026E
068F
FCD5
FD85
0825
FD51
0361
0A20
FB0A
013F
022A
F086
FBC0
00F7
F12E
FFCD
0C17
FD61
03DF
0AFF
FBD9
FE90
09E0
FEA8
FD81
04E7
F9A7
FA7B
0A2D
02B1
FF75
06D8
FDD8
F6E7
FECA
FD32
0084
0952
07B5
0434
06CE
04D5
FCB7
F9F4
F73E
F80C
FCA7
FBFB
FBEE
07FB
067E
03EE
0AA8
0BAC
01B7
FC6C
FAB4
F806
F8A0
FB12
FB35
006E
0416
022E
00E1
03DE
00D1
FDF0
F9A1
F842
0001
041D
0190
0B04
110B
0616
03B1
0167
FB31
F7BD
F564
F20F
F958
FC40
011D
03C4
0998
0CCF
0A5C
01ED
FFCA
0233
F9A5
FA58
F9A4
F6F6
F6CA
F9EC
FCC5
0210
0186
FF6C
0187
FF05
FC0C
FFF1
01FD
0225
071F
05E3
0450
0A7C
04F9
FDA6
FDE0
FC8A
F482
F6A6
F65A
F8A4
FF6F
0665
054A
0DEA
0C23
04A7
06E8
03F0
F95C
F6D5
F7AC
F4C2
F9CA
FA44
FB8D
06EE
080B
019F
06F7
0345
FE4E
024E
01A4
0013
054A
0305
FF18
04CE
FDD8
FBF9
FACC
F6F3
F6A0
F807
F7D4
0251
07D2
0646
0D32
10EF
0BC1
0636
06FF
FF4A
F5A0
F257
F35A
EF3D
F444
FAD6
021A
099D
0D1B
0E38
0BAC
0575
0562
03FD
F8B0
FD5B
002A
F695
F4AD
FF23
FD64
FCF7
0573
05B5
FB25
FCAB
FED9
FDAC
FD7E
03D1
06DB
064D
0B22
0A8F
03A9
FE1F
FA36
F453
F057
ED16
F81F
FD1A
F9AB
0559
140E
0C3C
0D38
1034
03CC
FED1
01F0
FA20
FC59
FB71
F5FC
FA0F
FA91
F9EA
0529
04EB
FEF3
FC51
FF50
FC17
FF16
07AE
0392
FF7C
0AA4
0232
FD1C
01BC
FE05
F4AD
F7C6
F764
F42D
FC47
0081
026F
0D52
0B4E
0732
0FB1
0776
FFFC
03FD
FC96
F544
FAED
F65E
F329
FBBF
FB26
FCB0
077C
011E
03FA
0976
00F3
0368
0736
0085
00A6
0606
0154
F6B6
FF0B
FD53
F447
F8EF
F914
F64E
F98F
FF1F
06A5
0F2F
0FD0
1060
128D
0C61
039D
FE0D
F157
EE97
EF43
EF08
F0F2
FD3C
02C8
FE30
082F
09DE
0760
0AD8
0510
0192
01E6
04DA
064B
05E3
0969
01A9
FBD5
F644
F258
F0F3
ECA1
F3E2
F936
FE9D
0A02
0B77
115E
1196
0C19
0BCE
02AF
FAFA
F351
ECE4
F0DF
F538
F4A7
FBCC
013B
02BB
0734
09F7
078D
07B7
05A0
02A6
0481
07B8
083B
0564
0257
FDC8
F49C
F1F3
F09C
ECDA
F323
F875
F849
0657
1556
1260
109F
165F
0E13
00F2
F814
EB42
E678
EDA2
F0A1
F2D9
FF96
076A
0542
088E
0F30
0A32
0AA3
0A22
0537
020A
0139
FFBB
FEC6
FD43
FC1D
FD92
F93D
EF32
F199
EE58
F282
FF45
0AE6
0E7C
11CE
128F
10CB
1099
10A2
0B42
FF57
EEE4
E595
E648
E8FA
F026
015C
FEFA
FB68
092C
123A
0E88
148E
0F34
0102
FC27
FEAD
F981
F99B
0086
003D
FAD8
FB85
FA2B
FBB5
FB30
FA51
FBC7
FD93
0192
049A
0B4C
0DE7
0C60
0EB5
07B9
FE2F
F750
EF4D
EA60
EBBB
F5B5
FBAD
FDA6
08DF
0D39
0D08
170C
16A2
098F
0257
FEED
F958
F3C4
F509
FB24
FA1E
F0E5
F45C
0027
0266
FEF9
04C9
025E
FC28
02A2
094C
0716
092F
0A06
0191
FF47
FB74
F72E
F705
F3EF
F1CE
F43A
F7DF
FB35
0A93
104F
089E
130B
17D0
090B
0902
066B
F894
F188
F793
F555
EE44
F5DB
FA66
F6DC
FE08
05D2
033F
0281
0257
0638
0580
06D1
0D5A
0681
FD95
FA48
FC0D
FB35
F637
F852
FA32
F13B
F84A
043B
0672
0D48
13DC
0EF6
08D0
0B55
0892
FFA4
F3AB
F55E
F3DE
EB09
F2D3
F9FD
FA9D
FFD6
0372
0AD7
0A30
0672
0970
0608
01C3
060E
0441
F6DA
0198
FE31
F307
FBCC
FD34
F855
FCC9
F996
FB4E
0656
0868
0801
1085
1118
0764
0688
055C
FCBD
F86A
EF20
EACE
EE09
F213
F5D8
006C
08D7
0A10
0D4E
0F36
0B38
09A1
05A2
0145
FE1E
F770
F5DB
F6BF
FBA3
FD1E
FBDE
FE00
FE22
FB7B
FB02
014D
08E7
0A4B
08B5
112C
0CBF
0974
076D
0016
F4DE
EF6E
EB0D
EC4A
EEC4
FB28
0294
02BC
0A93
161D
0D97
095A
0F1F
064B
F766
FABC
F5D2
F5F0
F613
FD06
FE04
FF87
0457
03A1
FF60
FEBF
FF3A
0280
FECC
03B0
02CD
034C
07D1
0B5A
0921
FC41
FBC8
FBD3
EF14
EDAF
F529
FBE5
FA07
03BB
0EE7
0D84
0D50
0993
08AD
032C
FE19
FA6F
F412
F5E0
FEA3
F6F7
FA40
04FA
0766
FF5D
FCA0
0139
FD75
FA5D
FF79
0267
0594
09B0
0E6D
0A11
0796
0492
FB76
F702
EDF9
EB94
EEAD
F081
FBA4
055A
055E
10A2
1624
0D8F
0BB1
0E8A
027F
F919
F3DA
EC0D
F0C9
F76B
F94E
02B5
069F
03DF
0613
04AD
FFF0
0229
FF64
FC2D
0285
0444
FFE6
0544
062D
0503
02BA
FC1A
F9A4
F242
F044
F172
F615
0299
0880
0C9E
137E
0F02
11B2
0EB6
FF81
FBF9
F323
E674
ECB6
F109
F3C1
04A6
0973
060A
0AB6
1063
0914
042D
0337
FBF2
F975
0126
FE81
FFFA
0A8D
0432
FC26
FBFC
F95E
F1CB
EF56
F73C
FAD3
016B
09EC
1177
16B4
10D0
0E70
0F35
FA69
F09F
F2DA
E9CD
E810
F92C
FA21
F7CA
068E
0BE0
07F8
0D56
0F95
0676
00E1
0405
0276
FCA5
FB29
FC7B
0170
FE14
F863
FEE3
F88F
F080
FCCC
033E
FCBA
0996
0D36
040E
07A5
10AE
010F
0338
0332
F6B4
F083
EF13
F144
F4FC
F641
F94A
04AB
0B2C
0791
1378
1274
0626
0D3B
06A8
F7AE
FA2F
F5A4
F553
F6C1
FA47
FA7F
F92E
FED7
0106
0018
0673
0665
04D6
0777
0491
02D7
04A2
04A1
FF58
FD53
F4B2
F13E
EFA9
F30C
F5AF
FB6B
029B
05DF
09C4
0C97
08B0
0F50
0B03
FE92
FF51
FE72
F920
FB1C
FF20
FD48
FAE4
FEFD
FACF
FBCB
0447
FECC
FBB4
025E
FF94
01EE
0864
098B
08A6
0981
018E
FC08
F987
F5C8
F196
F153
F298
FA36
000B
09F0
0FE8
0E51
0F73
0AA5
0298
FE49
F177
F157
F67A
F7B3
0233
0A15
0638
03FD
0648
04F0
030A
03AB
01A2
FADE
F887
FD5B
0036
FE2F
0104
06B6
01A5
FB04
FDD4
F818
EBAC
F1B0
FDA7
0223
0AF2
12B3
097C
0852
0C36
0DD7
08A0
011A
FAED
EDB7
E64B
EED8
F835
00A7
025F
0540
02D3
02A3
0A97
0B7E
0285
0602
033D
FAA2
FBF9
0569
02C3
FF46
0215
FFE6
F971
F531
F799
F812
F72A
FFDF
0650
033F
09F6
0987
035A
0840
0BDA
FEC3
F656
F56D
EFCC
F0B3
FCDC
0161
07A2
0A01
08D4
086C
0E05
05AF
0537
0266
FBD7
F355
F269
F3D2
FB9E
FCC3
FD3B
FCCA
03B7
FE02
FF57
0C75
0637
FCB0
050F
0106
FBDB
062C
0A17
0192
029C
FCFB
F7BF
F1EB
EF02
F5CA
F71E
F7B0
0509
0D47
0E19
11E1
17D8
0F9D
06F9
04EA
FA58
EA7D
EEB5
F65F
EEDC
F251
0407
00EF
01C0
0BC1
0A93
0479
0533
0141
FD5C
FB72
00DA
017E
00D0
FE9B
02CF
0160
FB2E
F9D7
FD8D
F6C8
F642
0123
01F5
FE08
08FE
0CF0
06F2
08EB
0CA6
00F1
F87F
FAEC
F359
F17A
FBB3
FB29
016B
04BD
FEDF
0936
0901
0297
0A7D
0264
FC4F
00B3
005B
FA46
0167
027A
F8B3
0005
FFAF
F7CE
FED8
FE29
FAB6
FFFA
00DB
038E
05C4
0EEA
065D
0596
0A9D
FEC1
F6C5
F611
F21A
F6DA
FA8F
F8D3
036F
0580
03DF
0855
10B3
05B6
04B0
0201
FF53
FEC6
FE0C
FA28
F8EE
FA80
FD65
F67A
FDCF
0128
FB63
F9E9
FFB8
010B
0398
0AA9
0D70
09C2
0CC3
050A
006B
FE96
F96A
F321
F509
F3BD
F9DD
FB29
FF6C
0737
0CE2
07C7
091E
097B
0366
FE0C
FD6E
F890
FAC6
F939
F68A
FA4E
0292
FF9B
FC43
FD6D
FE21
F9C4
FDE6
02EC
06CD
0C4C
08E7
0AD7
0E85
04F6
FCA7
FDBA
F74C
F275
F500
F114
F6B9
FE21
00B3
0692
0CE7
10A7
0D98
06BF
063B
0109
FBE2
F707
F50A
F333
F292
FC13
FC2F
FFC0
0391
FE15
FF4F
0380
002F
040D
080F
065F
051C
0B0A
074E
01C7
01FC
FB60
F700
F78C
F1F2
F2C5
F70F
FC85
0265
0AC8
137D
0F61
0DD2
0A99
02F1
04A9
FAAC
F21A
F077
EEDC
F06B
F6C4
0150
064C
076C
0DF9
0AB2
0743
06D7
0185
FFDA
FEA8
FD5E
FB16
FE17
FE3B
FDB0
FD44
FA1E
FE5C
FDEE
F90E
FD93
02D7
0374
07AB
0C7A
0D20
086F
08F9
0869
FD8D
F8D6
F252
ECC2
EE84
EFAF
F63E
017B
0A44
0BE6
0DDF
0A7D
0930
0873
FEBB
FA80
FD30
F9E6
FA0A
FA31
0044
FBD4
FC23
05C6
FFCB
FC38
FFDB
FB98
01F6
02D2
046F
0647
08A6
046B
08CA
07C0
F8C5
FC63
F4BC
E7A3
F72B
F898
F936
031E
028F
013A
0406
0C9A
0B66
08E3
0540
01A1
FFA3
FD56
FDE4
FDCF
FBB0
FB18
FC3A
03F1
FE70
00C0
05C9
FC9C
002F
0371
FF66
FCB9
0250
03C1
FE9F
02AF
0109
FD1D
FE10
F399
FA7A
FCDE
F230
FBDC
0392
012F
0B89
1602
0EA3
0B2C
0AAB
0058
F967
F3B1
F346
F0DA
F504
FF93
FDF0
0312
0642
033F
057E
019C
011C
03A1
0191
FF9C
082D
0986
053D
0648
01DE
F7DF
F805
F057
F054
FC7D
F913
FD01
0876
07CF
0882
0FB1
0C91
04CE
027A
FBE9
F30A
F241
F94E
F801
F6C3
FBFC
01FA
FE36
00B9
04A3
038B
0076
02DB
0382
0652
0B55
127A
0E26
097D
FED0
F5A6
F01D
EBB4
E85E
F4CC
F48C
F9CD
08D9
0D41
0883
1359
15A8
06DA
FFA4
FC8B
E89E
ED3E
F57B
F7B0
FD84
04F7
0183
FEE1
00AA
0A67
06BB
05DB
022E
FBB2
FA42
0119
0EFF
1225
0BC6
03F3
FCE7
ED73
E72F
F23E
F4D0
F591
01DF
068E
FF24
08F7
14A9
11D7
0BAA
0C31
020D
F2BB
ED25
F63B
F7E5
F6B7
FE38
012E
FA31
FF5D
04E4
04CE
08B7
0CDB
0341
FBD7
0235
0A03
0881
05FC
030B
FD71
F2EA
F2B2
F646
FABB
FD58
FD52
FDDB
FE81
0535
0C62
106E
0DF5
0A5A
081B
0389
FC74
F3DE
F846
F766
EEA3
F621
00D9
F7E5
0030
075F
08F2
0BE2
093E
0660
0BC3
0502
FD52
FFA3
FD1D
F332
FB3C
FB8C
F6D3
0513
04B7
F466
F890
FFA3
F6FA
FB89
0A94
05B6
042F
1214
0C23
0406
06DB
FB25
F3CB
F24A
E9B9
EE78
FCC5
F5B2
0187
126C
05F7
0D76
1EFC
06AB
0596
0FD8
F30E
EBA9
F854
F44A
EF3A
FF44
F8AC
F987
0436
FE86
FF50
0866
FA68
00D0
0DF3
01C4
0452
1432
FE48
F6B5
0C27
FB6C
E9A1
F9BF
F355
E834
F978
00B2
0256
1228
0F98
0A73
17C4
0F5A
049A
0A3F
F7D5
EC0E
FAD2
F000
EBFA
0105
FCB7
F20B
0687
03E4
FA39
0ACF
085F
0042
0C0B
059A
0001
0B4B
0A17
FDE0
FD31
FD84
F3A0
F5A9
F8E2
EF48
F88D
0460
0189
0DB0
1731
0A5F
0D3B
1010
0316
029D
FCFB
EEAE
F1FC
F397
EBB5
FB85
0389
014B
020E
094C
0971
07DA
052F
0A7B
043B
02D5
04A3
00FE
0060
00CE
F4ED
F31D
F7EC
F38F
F44F
FB66
FF33
0907
0C99
0A54
0F41
0FAE
0866
029D
0022
F86A
F077
EEDC
EF14
EFF0
F826
FDCA
FFDA
0805
0F51
085A
0CB2
0A44
07A7
035C
03E4
FFFA
FE20
F9BE
F82D
FBAC
FA9E
F64A
FC9F
F9DF
F47E
FD43
00FF
FFD0
0605
08D9
07C1
0F34
1081
0487
FFF4
FBE4
F6A0
EC2F
ED01
F3CC
F736
F970
03D3
09F2
0D92
0AF3
0A23
0D94
03FF
FF71
004C
F86D
F7E5
FA23
FA85
00F5
0488
FEE7
FA63
FA44
FB7B
FD42
FBF4
FEFD
05B0
0325
06FF
0FCE
0CF3
06CE
0364
FB73
F2BD
EFF8
EDCE
F1AD
F76D
FC37
0507
0C31
1363
12D7
0DD4
0AB6
0400
FB55
F720
EFCB
F2BA
F841
F954
FED7
09F0
0A65
0814
04C1
034C
0246
FE87
FD19
FE8D
0351
0348
05DD
0914
0246
FCA1
FA9F
F789
EF5B
F199
F580
F81E
FFDB
0A96
0FA7
1264
113C
10D5
0594
0109
FEBC
F668
EE16
F5B0
F749
F301
FA1D
02FF
FF2B
FEEB
0988
0B2F
0322
054C
0263
FE4B
04ED
052F
02E4
0456
F896
FA44
FDA0
F3F0
F88F
FA2C
F91C
FC4B
061E
08B4
0AA4
0BB5
0CFD
0486
0620
0293
F866
F467
F458
F6F3
F816
F7DD
FDD5
FCA1
FD43
0499
0C4E
09A8
060F
056C
FA63
FCFF
055E
FF2D
FCC2
FE4C
FD13
F659
FBF6
FD18
FC93
01A0
F97C
01DB
047D
033C
0C94
06D4
0758
0825
07CF
0278
FC1F
F9ED
EF1E
F393
F707
F165
FD44
FF22
03FB
0A0F
0F6C
10E3
0DD9
08CA
FAF9
F815
F85D
F283
F871
FC7B
FC6B
FD8E
0080
0303
00B4
0477
FE02
FEA2
03EB
00B2
07F3
08CD
08BF
0B94
05AB
FD19
F92D
F770
EFE6
EB83
F49E
F850
FEF5
09CF
1027
13CC
0ECA
0EE4
06B2
FA09
F9B2
F82F
F3C9
F467
F946
FC05
FEE6
01F9
049D
03FF
FB9B
F85F
FE1D
FEDC
02A0
05DD
0975
0AA7
0411
0802
03D9
FAB5
FFAB
FB7A
ECB4
F036
F72C
F7E8
FFDE
10AA
1129
0549
08EA
08D4
FE88
FED3
0134
FA72
F1E3
F52A
F911
F5D2
0155
0B39
0A23
073E
0489
00D5
F6D5
F6DB
0088
01BD
0539
0AEB
0494
FFB8
0257
FE8A
FC1E
FB7D
F3A8
EF37
F262
F538
026A
0F8B
0FBD
1184
1594
0EA0
07F5
0050
F965
EFE3
EDF2
F3F2
F4A5
F479
FA55
0068
010B
08AE
0EC7
0985
0908
05ED
FD49
FD77
02CA
056E
00D2
FC91
FBA4
FDBA
FFDF
FF83
FB7A
F545
F751
FA81
FAB7
03CE
07E2
0B20
0DEB
0E62
0E73
058E
FD6D
F845
F062
EBF6
EC8F
F2FB
FBFC
FDD5
029E
09A2
1155
109C
0B0C
0454
FD05
009D
FC68
FAC7
0372
FF70
F7F7
00CE
03BA
FC7F
F9CB
FD2B
F7F8
F7D9
027F
04C6
07EE
0E92
0E71
09D1
064D
FDDE
FA0F
F5E9
ECD3
EAFE
F2BD
F730
FCD2
071C
0C9B
0D59
0EB3
0F0D
0743
01E3
00E3
FCA8
F741
F8FF
F88B
F6DA
FE69
0267
F977
FD2C
0465
FD4F
03B7
093B
031A
06B9
0861
00EB
0781
0559
FD02
FDD5
FAEA
EFC5
F448
F6F6
F3C6
004F
FB8C
FACF
071C
0ADE
02AE
1087
10B6
07D5
0ACC
0516
F65C
F7C4
F581
EE74
F4DE
F97C
F7FE
0299
072A
0347
093B
02BD
FDD8
0327
0241
FF73
06A3
0487
FE6A
03D8
0678
FE31
0278
FB91
F091
F9B5
FA02
F5AF
038B
0CD7
053D
0ABB
102A
0A13
039E
F925
F09E
F15E
EF60
EF6F
FA79
02CF
017F
05F9
0D84
0A99
0715
0975
003D
FA72
02E4
01A3
FE7B
0593
06F3
FB6F
004E
02A3
F891
F752
F4F6
F64A
FE74
FB92
0926
100D
0A26
0DA1
0A34
00D0
FFDE
F659
EE76
F2F6
F5B3
FABF
013E
03A8
0B9F
09E6
02E2
067A
0A30
FBC1
FB39
FFE6
FFBB
FC60
FF59
FF94
01C9
0515
FE22
FA18
FADC
F4D5
F261
F9CE
FDE9
0366
08A6
0A38
11F4
1425
056E
03AB
03A6
F835
F382
F65D
F64B
F9B3
FCE1
FF7C
05A6
07EF
0595
04A9
04F5
FDF0
FF33
FC25
F69B
FE76
FC30
F7A3
020D
02E3
FEF1
01B6
F9F4
FB42
FDAC
F71F
FF50
05A2
01BF
05BA
0E2E
0D3A
0801
073D
03EF
F9FE
F782
F64E
F0A7
F286
FA73
FD83
044A
098C
0B6C
0D49
0934
02F0
02DF
FE0A
F516
F61C
F72F
F56C
FEBC
055A
027B
04A8
04D4
0002
0191
00D3
012A
FF11
FBF0
FC16
FE80
0382
029A
03AD
056E
FBF2
FA63
F742
F68F
FBD1
010D
FE44
053B
0C19
0896
08C8
0F54
080E
0158
FD0A
F1F1
F091
F54D
F582
FDCD
0863
0385
045A
0954
0726
008B
02AD
FF44
FB43
FF31
FE23
FB86
032E
0800
056A
0563
0084
F927
F4A7
F761
F44F
FB7D
0438
0252
058B
0B34
064A
0B83
0E0E
FFE6
FA7F
F601
F0ED
F588
FEA6
FEC8
0164
0878
055B
0818
0675
0420
0518
FE2A
FB67
FCE3
FA08
FBAC
01B4
0558
FC31
FFD4
03E1
F880
F8F6
FCDE
FC4A
FD68
019D
00CC
FFD6
097B
0797
08DA
0978
F839
F6FE
F283
F073
F73D
FBC5
F93B
03F9
0BFC
06A1
0C43
1242
0840
06B5
FB9B
FAD8
FEAE
F80A
F9DE
FF4A
F9DE
FA86
0236
03FF
FD2C
018B
FED0
FABD
FBDE
0164
00A2
0282
0A13
08DA
FFFA
FF7C
F930
F675
F2AA
F255
FB94
FDB2
FE50
0684
0B79
0A3D
0882
1044
095E
017B
011B
F81A
F3FF
F660
F7D3
FBBD
FE0E
00AC
02E2
FF76
FCE1
0026
FEAA
FFFD
054B
062B
08CC
0958
07E2
09F8
010C
F8EA
FA1F
F65A
EDDD
F362
F59B
F68A
0088
09E0
0E1B
1013
15CC
0D28
FEBA
024A
F949
ECD4
F35E
F8D3
F43F
FEE2
FFDC
FEE0
0A56
020D
025C
0798
00AE
02DB
0AE3
FD9D
FF95
089C
067A
FF9A
04C6
FF54
F901
EE80
EC25
F4D6
FA5E
02F4
0DF4
0F3E
0944
0D6B
0D21
0691
09A0
0069
ECAC
E777
F058
EF3F
F8CA
03ED
0183
02FB
08CD
032C
090A
0C07
01D4
FF4F
FE24
F7B0
FED3
0A66
06CB
06D5
04ED
FB93
F6B2
F81E
F50B
F1EB
F84C
FE6F
05D5
07E3
0A2D
10BA
0C61
0A3C
0EF4
046E
F304
F019
EF1B
EEB4
F544
FD12
01DE
FED9
FEF1
0578
0BC3
0BDE
04E3
FE80
FA51
F9E5
0174
0563
04C4
001F
FBE5
FB47
FA27
FDD8
FE32
00BD
FD5E
F8EE
FE67
0298
097B
11D4
0B80
0D72
0F16
FF17
F827
F63B
EE9F
EC44
F015
F32E
F78E
FDB1
0461
0D41
1357
124C
1136
098F
00A6
0006
FD5E
F8D6
F87B
F7DE
F479
F24B
F5EC
02FF
0030
FC78
00E6
FE7D
FF4C
0878
0E1B
0CB8
0B74
053C
02EC
FF9C
F92F
FC89
F647
EC28
F437
F64F
F6BE
0347
0D0B
097F
093B
11C9
0FBD
06EB
04E5
037C
FC48
F589
F820
F3F9
EE24
F5A2
F729
FC36
007B
012D
0255
0272
04A1
0E41
089B
0964
0C04
09A8
01F3
0304
FCD2
F6AE
F49C
F136
EC70
F262
F4D8
FE06
05AA
0E5C
1085
1133
16A6
1043
091E
05D5
F84A
F101
ED0B
E79C
EC9F
F98D
0246
FFF3
097D
08DC
071C
0A35
049F
061D
09AA
0153
0022
01C0
FF13
FB1F
FDB7
F85C
F749
F566
F308
F85E
FD41
04CD
0FF4
110C
12C6
10AA
0A02
0878
02E2
F6F9
EC74
E4DC
E9B1
ECAE
F1D6
0049
0B62
0A4B
0F86
11BE
0F7D
07FC
0A09
053B
0020
FFA0
FE02
F90D
F84A
FC6E
F729
F426
FB48
F72E
F23B
F80B
0151
08E5
0979
0BD2
103C
0FE0
085D
0791
FF9A
F4C9
EF80
ED07
E63B
F05A
F9F3
FE3D
0674
0E46
0D80
0BC6
0E99
0D1F
0568
0006
FE39
F9A8
F9EF
FC1E
00D8
02CE
FE10
FD18
FCE7
F9CC
F533
FC88
FFA8
FF2F
043E
041A
0989
0EB5
091B
0320
FCDA
F449
F091
EBA2
EC2A
F84D
00C2
FFCF
0E32
17E1
1050
0ECA
0FD7
05B5
FE6F
FABD
F4B2
F32A
F4E1
F7BF
FDE8
03FC
0655
05C3
0275
FDC1
FCE2
FD2E
F927
FF6C
0884
0776
0712
109B
0A41
FF38
0223
F7A7
EAB7
EBF7
ECEA
F044
FD3C
00C3
082A
14CF
1325
106A
1222
0653
FE02
FCC2
F3D3
ECC9
F8F1
FBF6
F868
04E9
074A
FEA6
0575
0625
000A
006E
FF6D
F748
FF39
0528
042A
096F
092B
FCD6
01BE
FECF
F1A4
F47C
F326
EF1D
F9D5
0248
05DE
1247
11DC
0908
0E75
0B68
0208
FFF0
F5A5
ED74
F5D6
F802
F389
FCA5
025C
F8D3
FECF
0B3B
0903
0431
0792
042B
003C
053B
03B1
03EB
066C
F783
F703
F983
ECA6
F43F
FC2E
F78B
FE7D
0A57
0870
085B
13DE
0D0B
04B6
0C04
01F5
F9D1
F9D8
F4E5
F44D
F059
F15C
FCEB
FE66
FE4C
08D3
0A78
0477
0A8E
0A27
00F3
02AD
0820
FB37
F5EC
0230
FABF
F577
FDC6
FC08
F674
F9DE
FBA1
FFC2
03D7
0B45
0B38
0C1F
0D0E
0B72
0882
FECC
FAF2
F8BC
EDB0
EFD4
F619
F356
FA34
042A
0970
0D43
0F92
0DF3
05A3
03E6
013B
F9B6
F851
FB96
FA17
FABD
FC4F
FF7F
FF9D
FDCF
F71D
F569
F866
FDD4
05D9
0BA4
07DD
0F1B
121E
08C2
0905
0463
F6E7
EF7F
ECEA
EB23
EE0E
FA29
0621
02FC
0B9D
10EB
080A
05B3
094A
FC81
FEC2
026B
FCCC
FDB9
0075
FE6F
F8DB
F872
FF3C
FCA8
F72C
F749
0145
FED6
FD6C
09C6
0D38
04EA
0D08
096B
FE7E
F742
FBD2
F506
EE6D
F95E
FF62
F648
0159
0576
03F0
0D2C
12F2
102A
072C
F910
F544
F904
F369
FF80
03B8
F63F
FA01
06FD
FC50
FBA0
0EA9
0621
F994
01E0
FF70
FFA0
0B77
0EDC
085B
FE39
0087
0081
F511
F0D2
F87D
F3AC
EFA7
FB7E
04EA
03EA
062D
148A
0C56
0AFE
1193
047C
FA0E
FF30
F57E
EF1C
F7CB
FC6C
F4DB
F83D
02B2
0F0F
101B
0A1D
0BDD
0751
F2EE
FBA0
09A9
F99E
F945
050C
F5B5
F615
0493
0126
FB4D
FEAC
F951
F775
FDD9
0412
0694
0575
044C
0903
065D
03A0
04BF
FFBB
F3D4
F00E
F859
F364
F1CF
041C
0528
FF61
0FE8
11A5
028C
0BDF
070D
F6C9
FEE5
FC56
F764
FC65
FB29
F3FB
0099
01BD
FAAF
FF55
FFC2
FAD4
06F2
0692
0422
0C60
0BB4
FE06
053D
02AA
F557
FA4C
F40A
EAEC
F4E6
FA4E
FA8C
03FA
0C4E
0772
0B48
0FD0
046B
0773
0293
F734
FEF9
FACA
F6EC
FF1B
FF4C
F908
012E
0382
FAE1
02D7
07D2
FB6A
FCF3
0413
02DA
020B
0CCB
0A10
FE28
0397
FCC9
F767
F923
F41E
F497
F68E
F301
0015
0C50
07ED
0950
13F2
09B3
0615
085A
FC61
F6B8
F9F9
F492
F4EF
FBCF
01CF
FC1C
01E5
0933
0337
01F8
00A0
02C6
03A5
0239
094B
0AA7
09E4
03C0
FE16
FE0C
F75A
F522
F617
F23E
F61C
FF09
056A
0C66
1203
0A17
0706
0649
00E2
FB3B
F892
F204
F75D
F3BF
F260
FCEE
0454
0242
00EA
0392
03B1
0596
042D
07A7
07E0
0798
05D9
046B
FF69
FEA8
F816
F623
F816
F32C
F691
F917
FD14
0630
0734
052B
0E10
0DD9
0930
037F
02A2
FE6D
F32A
F1FD
F656
F3FF
F481
FB53
024A
07B1
0869
0953
0D28
0B04
FE84
FDAD
FEBD
FD73
FEC3
FA44
F814
01E2
00D8
F76C
FF87
FE22
F7BD
F7C3
F8D6
FBD2
0539
0C73
11DF
1678
15A6
0DC9
0220
FAAC
F195
EC44
EC46
ECE6
F1F2
F9BF
007B
0863
109A
0FC3
0FDD
0B56
FFCB
FDB5
FECF
F36F
F408
F898
F987
02E3
035A
045B
078D
FBDA
FA0B
FBBC
F724
FFBE
0890
05FD
081A
120B
0A37
0554
0AB7
FECA
F34A
F147
EBA3
EDB0
F753
FF77
09B9
0F1C
0C38
0DD0
0D60
03E2
0560
0133
EF6F
EEBF
F33D
F2A0
FA85
09BB
0769
0010
0BFB
05B7
FDA5
0571
0191
0098
0399
00A3
0066
05FF
FF34
FB96
FF78
F364
F247
F9A9
ED75
F919
0740
0220
0C71
1322
0932
08A1
0C98
03B5
01F1
007C
F0A3
F2D4
FAD1
F702
008B
05B1
FEB3
FF44
0205
FD5E
0074
0791
FBE9
0277
0587
FE0F
02F9
04FC
00B6
FE97
0423
FEB4
F5FF
FD6F
F95A
F8FD
0248
FF30
0413
011A
01E3
0417
023D
050C
03E1
0064
F767
F949
FBF8
F642
FDA0
0554
0261
FEA2
073C
0CAC
FD9F
09FD
0886
FACE
FDEB
FF47
F54C
F72E
021B
FF3D
F880
01FE
018F
FD75
FBD3
FC37
0336
FB33
FC36
0758
025E
0497
0EF0
0831
FD2B
F9EF
F3EB
ED6F
F16F
FC7B
FF54
0132
099E
100B
0C20
0647
0BB0
0700
F64D
FC50
039F
F811
F7B7
0611
02DE
FB08
029A
035A
F5C6
F75C
F847
F4E3
FE09
0573
07B8
0B22
09A9
0E60
0FDE
02A5
FE97
F79B
E666
E5EC
F2C8
F7D1
00E6
0B92
0CB8
0C3F
0D4A
0A45
0B01
041F
FF17
FD9F
F433
F54E
FE1C
F828
FEB3
08F6
017F
FF33
00A3
F477
F68E
FF13
FF49
02D7
0804
04CA
0B8D
1102
0AB0
0665
FFE2
F1CD
E808
E7AC
EDD7
FB17
064C
0A0F
1145
0AF3
0513
0E86
11A4
0710
02F4
FB08
E7CC
E38F
F5E4
F9A1
FBA5
05BF
061F
076A
007C
0279
0756
FFBF
00BD
0670
FF8A
FED9
0B73
093E
FFF8
0387
0238
F999
EF88
F0E4
F48A
F554
FDB3
09A8
06F3
03F0
0D80
0C22
0873
0B01
069F
F6EB
ED46
EDC1
F20C
F582
FDA8
09AF
01F4
F9EA
050E
0A69
0047
07D0
0961
0029
F9C0
07DA
06B9
FCB6
005B
025A
F7F9
F538
FB94
FE34
FBA7
F86A
FD55
015A
0571
0B27
0CC0
0B3B
08CA
09B7
00A3
F990
FA14
F50D
EC12
F435
F58A
FABB
00A5
0123
05CD
0FF3
0C33
0938
0BD8
0106
FC5F
05F5
FD14
F3A9
FFBD
FB0E
F4A8
FFB9
0086
F7DA
00CB
FFC0
F80B
03CF
07A3
05BB
0F74
0D03
013B
0A05
068E
F4B3
FE59
F887
E38E
F17B
F663
F472
0572
0AFE
06E6
0F5C
148E
09B2
0C99
0A9E
FDCF
FB66
F5AD
EAD1
F6BA
FBEC
F209
F935
05BE
F8F4
FB42
0AE9
FF35
FD7A
0E45
0533
06C4
14F9
0946
031C
0738
FB79
F185
F07B
EBA3
F092
F989
F3FF
FEAA
138E
0D9D
0B3C
1628
1085
0744
09BE
FD76
F0A5
F1CA
F23E
F193
F77F
FD1F
FBBF
FCF4
005C
FFC9
02A6
011D
0078
07DE
056E
045F
100B
0DEE
02BC
FE3E
FB9A
F269
F000
F3A3
F261
F440
FF01
0597
0D1C
14E1
14E9
1065
0E25
0A93
FF52
F3E6
F22F
F099
EFE7
F4FA
F6BB
0181
06A6
FE1B
0104
0799
018D
0119
0552
0635
09A3
0BC1
07C3
081B
047E
FA23
F77C
F354
EF7B
F000
EEFB
F176
00C7
0ADB
0D19
129B
168D
1358
07CC
05CF
048F
F59D
F095
F43E
F359
F61E
FBD5
FE71
01EE
01E1
FFD3
05DD
0489
043A
0247
FDE7
02E5
09C2
057F
05CF
0788
FCF6
F68E
F6EA
F63B
F3B4
EF65
F641
0297
FFF1
080A
12DC
0EC0
0A7B
0CFF
0553
FA65
F7BA
F5E9
EDEE
EFB8
F82D
FB4D
FCC5
03AF
0814
08B8
07A8
077E
06BC
0549
FD4C
0368
0334
FB0F
FF80
0472
FA0B
F95F
015D
FB30
F5EE
FBED
F565
FA57
029E
0524
07E4
1286
1044
096C
0429
FE0E
F6FA
F65A
F13B
F0EF
F5B9
F79A
F820
0696
0CDC
07D2
0EA0
0C1F
011D
08CE
01A7
F461
FF3B
FBA5
F253
FEF2
FEB4
FB0E
0705
040F
FF6A
052E
002A
FE5E
FED2
0515
080F
0904
093C
0168
0078
0077
FAEA
F8FF
F420
F469
F67E
F4AE
FA7D
0602
0CA1
0A28
0FE0
11FC
074A
0198
014C
F40C
F44B
FA7E
F67F
F55B
FE44
0254
FFCA
070F
0828
0300
0139
01CD
0322
018E
044D
082B
03A1
FFCA
FBDB
FC30
F5A7
F1F9
F3A5
F9B4
FC91
FFE7
07B3
089B
0C5F
1068
087B
0803
01C0
FC6D
F3E9
EF13
F8B6
F7E8
FA0F
00B7
0077
0328
041F
0B3E
0288
0520
04DD
FB21
FE2F
0024
FEBA
FD69
FD36
0275
FB41
FB48
FEE6
FDEB
F6CF
FAF1
00DE
FFD3
07B4
0E61
081B
0729
08A6
0328
F9EC
F88E
F749
EF7E
F43B
FA0A
F662
FB11
06B7
0646
0715
0D7C
0FA5
0650
FD9E
FAD4
FA43
FCD6
FC31
0272
FE19
FB12
0428
0044
FC3F
FE34
F926
F7B2
F7CF
02B1
09D3
0E72
0B52
08CB
0B03
FFCA
FE08
FF19
F21F
EFB1
F353
ECF0
F76F
0614
0AB3
0862
11FB
1253
08BF
031E
FE66
F53A
F563
FC99
FE12
FDFD
027D
0240
00CE
FEEB
00C1
0195
F99D
FA07
0424
00E4
03C7
0999
FDF2
00E5
0A61
07D6
029B
0135
F573
E90C
EDA5
F5A4
005A
072E
0723
086C
0769
088A
1225
0FEF
047C
006C
F875
E9E4
EDEB
F8C9
F93D
0005
02E6
02DC
0477
06D7
05D1
00F6
FE40
FECA
0049
FFBA
01E8
0921
09F2
066E
0853
FAC6
F03B
F0C2
EA19
E8AF
FAF6
00BD
031C
0BCC
10A4
0A70
1658
1C49
0AF4
FF8B
FA75
EF02
EA32
F4C0
FF11
FBFE
F9A0
FECD
01D8
00C4
01B2
07B5
0546
FB00
FC8E
0563
0579
0996
09CD
FE28
FC36
FD05
F011
F24E
F6D7
F29E
F34D
01E2
060C
0DE9
1299
0D92
1513
0FD2
FFC7
060F
FB26
E9BA
F41D
F289
E9BB
F661
02C5
FA41
005D
138D
0F81
0B39
0FB9
0835
FE62
FE34
FF50
F6D9
F636
F9CE
F4BB
F62D
FCCB
FD73
FA3A
FA63
FFE9
0113
0487
0941
0CFF
0EBA
0A5E
0D57
0CD1
00A9
F95B
F4FC
EA70
EABE
F083
F74E
F84F
00A8
094B
0A63
0F8C
1367
0B43
01E9
0353
FFF9
F8BB
F5BE
FB0C
FD47
F8AF
FC32
0474
FD59
000D
0279
F7E3
FA2D
051B
FFD9
00C5
0CFB
0DAA
0720
0AC1
0942
0038
F55A
F26A
F288
ECC2
F25D
FD77
008E
0A09
0DFA
0C30
0DA9
0D5A
09BA
FE3E
FA14
F6B3
F190
F35D
FF0E
01E0
01DC
05B3
08D5
FE77
0188
FEF6
FC41
FEB1
FCD5
FF15
FF94
03E2
0887
01FE
02D7
02CF
F9A7
F213
F708
FB09
FA11
FE33
09FB
0C6C
0CF7
0C51
0C78
0923
FFD6
FAB2
F3C8
EE8E
F450
F785
F7B3
00F8
05A2
FDA7
FE16
0599
0289
FA79
FFD9
00F3
0285
07B2
0CEA
0DB1
0C85
0737
0009
FD74
F748
EFFA
F2EA
F0C7
F634
0010
0048
0530
12B4
0AB7
0161
0BCC
066A
F8F6
F33F
F4B3
F58D
F49B
FABE
040B
01F9
032C
07CB
01DD
0689
0720
002C
FA00
0206
FF40
FB38
02D4
078A
00BE
FE95
FD47
FC28
F9C0
F3E1
F935
FDEA
FDA2
0106
05EB
0BD5
0D65
0F9A
0BAF
019F
FDB1
F60D
EEB9
F537
FB7E
FAD3
FF89
0933
05CF
0719
0C77
0797
0248
FE3E
F77D
F6DD
FA2D
FC7F
FF69
FF9F
0207
0215
FF38
FD0E
FD7E
FB82
F9E6
FD03
028A
0402
063F
0B0A
0EE6
0856
09A9
054B
FA02
F4F1
F4CC
F505
F86A
FF11
02EF
0272
077D
06B0
05ED
08C4
03DF
FEF0
F7DA
F82C
F863
F80A
FE31
03F3
055D
00D9
FE13
03D7
FCB7
F821
0164
FC36
F7A3
03BC
0071
005B
13AD
0E86
0316
0BB8
018B
F315
FB9D
F859
F6A8
FDE4
FAAB
F99D
035D
0203
0403
0CCD
0258
FEDC
00F0
FABD
F746
FFEA
FCA1
F871
04E7
012F
FAB1
0689
057C
FBAF
FFB1
FE43
FC02
FFDC
FFD0
015F
09BD
03C4
005C
0945
FD38
F7E2
02CF
F6E9
F57D
FF08
FAB1
F7EF
055B
07E6
05BA
0D81
0849
01A6
FF2C
F7C8
FAEB
F9D4
F558
FD95
00F8
FF11
0467
0FDE
059E
FF95
055F
FC74
FB89
FFB3
013F
00CB
01A6
0352
FD39
001C
0335
FB1C
FB86
F764
F693
FD3F
FB94
02D3
0F18
0DC0
074B
101F
0587
FC5F
FEF9
F1F5
F378
F80E
F723
FAC0
039D
048A
0062
08B7
06CA
FAF6
035C
FE6C
FCE6
0398
0316
FE47
0452
0013
FC1B
FF41
0421
F99D
F8CD
F6D4
F76D
FA18
02B5
05B5
0C96
0B21
0C9F
0924
0374
FD4B
F7CC
ED4A
EC52
F4FA
F446
FFC8
0C51
077C
0ACA
0DC5
0498
04E3
062B
F9C8
F8AE
FE34
F8AD
FACD
040A
023F
FCFC
FE23
FFA4
FBE9
FAEB
FDD5
FFEB
0120
037A
099B
06CD
072A
0BD2
0805
FD05
F79E
EEDF
E6BC
EC08
F92F
01D9
0A1E
09DA
0799
08BE
07EC
0D33
0F09
0580
0062
FA53
F1CB
F57E
FE59
0202
FA1F
FB9F
FFF3
FC15
FAA4
FE16
0266
013E
02E2
07F5
0407
064F
1021
0AF7
033B
01F8
FF12
F578
F1B8
F3DD
F7B6
FD0D
FC96
0056
0523
01D0
0516
0F27
0C10
0425
FFEC
FABC
F061
F496
FE5A
FE5B
FBA3
02A7
03AF
02BA
055D
0695
0439
05DF
FD79
FCB2
0473
08D4
0780
071A
010C
FADF
F91C
F86B
F300
F0C2
F2FD
F152
F9CF
06D0
0A16
0DEA
1850
108C
099F
09C4
0217
F6F5
F12C
EA5E
F009
F0C9
F634
FC79
06AF
019B
0761
11F2
0431
0567
0EC3
FCF1
01D5
0567
FAEA
FB46
FD6F
FAD6
FABF
FB81
F6CC
F7CE
FC7B
F8EB
FF6B
0AA5
07E1
0C2A
0D72
0513
0449
0736
0044
F6A0
F8BA
F4A7
EE2C
F58F
FB0F
FB34
00F0
0303
03A4
0BF4
0E7B
0E06
0E65
0382
0382
0203
F722
F60D
F9F4
F4AA
F1C8
F7EF
F803
FACF
00E7
012C
06EB
08BF
07D9
0A4F
0D97
0D53
093B
077F
0206
F49F
F104
EC70
EC4E
F085
F4FB
FBC9
04C8
0D58
0EF7
1192
1338
0FDA
0A22
0215
012D
FEAD
F360
F465
F8B6
F795
F91D
FE37
FC4C
F940
FE52
FA8B
FFEF
083D
090F
0A00
0CCB
0FA4
0C62
FF32
0024
F82A
EEC7
E8A0
E9E1
F54E
FE22
0182
0F8F
1953
1420
0E94
112B
0612
FC55
FD78
F4D8
EC69
F2B7
F46D
F6FA
F8A3
014D
0082
FCBD
0090
0437
FD99
0253
07AD
0B7F
0DFC
0924
09BE
05B3
FB1C
F71C
F68A
EC29
EC45
F3E7
F43C
FE0A
0AF0
0D61
1359
19FD
0F1D
07E4
0625
0276
F810
F068
EDE6
F046
F2B4
F596
FE91
064A
04CA
FF4C
0234
05A0
01A0
0358
05CC
02E3
0771
072E
054D
05A5
01E8
FD03
F667
F55C
F32E
F43F
F62D
FBDB
0877
09DE
0B3E
0FDF
0819
08C6
06BD
FDC9
F9BD
F488
EB4C
ECF7
F6CF
F630
0124
0C62
0526
0677
0E90
0692
02F9
0908
044C
FD55
0382
FF79
F75C
004A
FF9E
FB49
FE51
FC8C
FB16
F7E7
F3BA
FE83
06FD
0738
0778
1110
0AF8
04F8
07E5
FF0B
F81F
F653
ECB4
EC1E
F2AE
F858
0035
0880
0AAB
0FC5
12DD
0ECE
0B20
07A6
FC0F
F7B1
F9E0
F80D
ECF8
F929
03F1
F897
029F
0AC8
FAB2
FBD7
02E3
FB43
FD53
097F
06E6
0389
0AF5
08D6
0696
037F
FC5F
F899
EEA3
E9D7
F3B0
FA1F
F736
02DE
0C10
0AAA
0CCF
141D
0A02
04CC
045C
FA81
F598
F8F1
F849
F7D9
FD29
FF63
FF52
041F
012D
FDD9
0402
00F1
0455
066D
02D3
0282
0B51
0466
FE6C
04A3
F6FA
EE44
F600
EF20
F23D
FED7
FD50
0274
1110
12A2
0CA9
1198
0D51
011B
FEFB
F2B5
EFF4
F316
F581
F738
0015
FFAC
FCD0
05F9
0575
04AE
0D00
0562
FF4E
04B1
00EB
FE92
0492
01A7
F715
F884
FBA0
F414
F494
F6EC
FCE4
FE4B
FF8B
0A66
0DB7
0B73
0EFA
0C66
040E
054B
0359
F66A
F16A
F46A
F2FE
F03F
F51E
0031
FFD9
0144
0D17
09F5
0763
06E4
0279
FF79
FD01
FEE9
0123
0044
0542
034F
FD57
F49D
F685
F909
F33E
F921
0223
03F9
07AD
0C78
0D2D
08AD
0EAB
0D75
FBBB
F49D
F649
EB57
EB2A
F9F2
FE2D
0181
0B41
0768
02E0
02B0
0375
013B
02D8
04DC
0645
02BA
FF1E
0009
048C
029A
FEC6
FB91
F53C
EA61
ECD7
1EB0
1181
E3A3
A457
8C9E
902B
A403
D072
0847
43F1
6C18
6B82
6865
5748
0EF7
D9CD
D6D2
C1C7
C942
FA4D
06FE
0A52
29CD
2048
FCBB
FAB5
E51E
CC84
D545
03BA
2716
3AC8
4619
46AA
26AA
0706
EF45
D72F
AF0F
9FDC
B313
D2B1
01E6
2FBE
3E80
2FEA
1CA4
FB59
D980
D424
CE85
CA60
E07B
0AE7
3EA6
55F7
5257
4D4B
25FD
EE63
DC43
DF25
CDA7
CE08
E7C1
FE0D
1B35
3708
39A6
23E0
06F1
E1A7
C126
BDD9
D15B
D74A
E387
1233
3655
38F2
3494
2E22
03EA
DC00
CB18
CC0D
C856
BC84
C590
E895
1E21
5C33
744A
7FFF
7FFF
48BA
F29F
CF83
A312
8000
8000
8D3E
BB53
F04E
2967
6E5D
7FFF
7007
3BFD
0BBD
C68B
94A2
9F61
B767
D996
1ABB
324E
36B5
4553
34FA
F943
CE26
C6A5
B4F8
A2F3
D2BE
13CD
343C
5746
71C3
6826
3EE3
07F2
E5CA
D0F1
C669
DECD
F324
FFF4
13B4
126E
FF99
FB1F
F6E1
D7A6
B4BC
B969
CEE1
DA87
FCF1
34C8
42AC
38EC
3737
2720
10C4
F9F0
E4D4
DF20
E481
EDF5
F942
0B07
126B
0BD3
03A4
FF51
02A3
0127
F704
06E4
1B3F
24B0
2234
1B9E
1160
F57B
E1A1
DC78
DBA7
E02C
E0F0
EB37
FE46
16C9
15E9
1692
1484
FAA7
E4B7
E256
E34D
EC45
0132
10D3
11AC
221D
2112
14C8
09A4
FAE4
F144
E9A2
EBAF
0439
0FDA
11DF
199B
234D
1382
FE3A
FB6B
E9B4
C8A2
DD94
F421
F128
0AD8
22B5
1454
0811
0FE4
0792
EB1A
DEA2
D606
B7E6
B945
E995
2079
553B
7056
7FFF
7FFF
3BD7
F787
C537
8463
8000
8000
9016
AD0D
FBAE
5542
78C9
7FFF
7FFF
5157
EFA9
BC72
990F
8B59
B635
F77F
207A
3C2D
480F
3DFF
2727
FDC7
C7EA
9C66
8ADA
9E3B
D8F9
19A9
52BA
7FFF
6FA8
4268
3250
1088
D21F
C3C6
CDAC
C9E1
E990
1552
2959
37F2
1FE1
F0B5
DC95
C5E1
A59F
ACE2
BDC5
D936
15CA
425D
53C8
669D
55A8
1B6D
0049
FF91
D81C
C2F8
E467
EF0E
EEF0
0CA0
1A7B
0E63
0005
E9BD
DC12
F83F
F90E
FD68
149D
22FA
2B75
338D
222D
212C
0874
DBF3
C4CA
D43A
D327
D972
F811
1280
13DE
1066
0C98
06AE
F9F6
E8B9
E56F
F8B4
05BC
06AF
1146
2745
1F84
1270
0282
EB4C
F21C
ED07
DF61
FF1C
0D27
03C3
13E6
264D
1F03
0DE2
F711
E529
DAC1
D9DF
DAB5
F276
0806
0AC3
149C
2B1B
20B3
05A4
F47E
E980
D6C6
BF2D
AF22
CD0A
13B3
4427
6272
7FFF
7FFF
654B
08B9
CEEA
8000
8000
8000
8000
8839
D1EB
38A0
7FFF
7FFF
7FFF
7C1C
20C9
BEB7
8000
8000
8CA6
CE21
1D14
49AA
592E
6B49
54D3
0B61
D0E7
B8BB
8C84
8000
B2DD
FA26
3615
6CEA
7FFF
7EAE
40CC
08C6
E1A2
BFDD
BA5A
D075
E6BC
0395
1F78
270E
17D3
0A09
F7ED
C0B2
9E5B
ADDD
B333
C6F5
06F3
3FF7
590A
601A
4DDC
2A7A
06E6
ECB0
DFD9
E5F3
E3C0
EC72
FA39
06A9
1204
16EA
FC16
EC6D
E9FE
E1A8
F188
1682
2FDF
38E5
39E6
355B
1D28
042F
E587
C8A8
BC4E
B50D
C0E8
EB02
08A8
1D8A
28C8
195D
0C2F
F848
DADC
D4B9
DF49
E880
023B
303B
41FC
445A
40EA
23EF
FA5B
E579
D052
C3D7
D04C
E2E9
FA7E
2530
3889
3F44
3CFE
1632
ED14
D651
BD1D
B931
D0FA
DCA5
F487
237A
377A
3369
33BB
1A4C
E327
CDC8
CF97
C403
BF6B
C021
CCD9
14F6
5ED6
7FFF
7FFF
7FFF
7039
04A4
C98B
8012
8000
8000
8000
8000
C1D4
2D77
7FFF
7FFF
7FFF
7A09
249D
C4BA
8000
8000
9140
BAC7
0929
3E61
592D
6D3C
5695
16BC
D4A1
AC26
85BE
8000
B286
021C
3E16
6DB5
7FFF
7FFF
4083
0A72
E4CF
BE59
B81E
D3F3
E6E6
00C2
2576
3462
2DDA
16AA
E8ED
ADAC
877B
8BF9
A519
C1AF
0248
4201
50E8
56AF
6650
5524
1C61
F017
DEE5
CF9D
CE96
F15A
0A62
0EFF
134D
0F90
F820
EE10
E625
D818
DCE6
0985
30D6
3930
4625
5A00
37A9
0874
F928
E15C
B434
9FB9
AF14
C879
EB44
117A
258E
23B8
103A
F90C
E91A
E0EA
E287
E1FE
ED8A
11C2
3904
45D7
42E4
4508
27BE
EBB7
CF42
DA05
D8E4
D372
EC4D
1405
1FCD
2B10
3597
2623
042A
E49C
CA98
C483
CEB6
E3B4
EF0A
0630
2CEC
2DCD
21C1
248C
0CB9
E580
D190
C4DB
C454
C49B
D65B
0C8A
42E9
5A56
76D1
7FFF
6572
0E06
CE07
9A32
8000
8000
92CB
B3AF
ED8C
2662
565D
7FFF
7FFF
6FBA
24BB
D62F
9769
86BC
945B
BBE8
00DC
2D13
3792
4431
427F
17F9
E935
C7C1
B47C
BD15
D0DC
F5ED
2546
47E8
5BB3
5D56
4368
1A0D
EC24
C7F4
BA1D
CBB1
E6AE
006B
1C90
226B
1B00
1115
0756
EC02
CA97
B85F
B281
C479
EBEA
0FCE
3189
44A8
3E44
263A
1793
0991
FAF8
F5A5
ECBD
EE55
FA12
FDE3
02B1
0AF9
FDF8
EDE2
ED83
F1BA
EFBE
03ED
0F94
1653
2D3A
32F2
2BDA
1E7A
09F4
EC1D
D05B
CE01
DBD0
E304
ECB9
F36F
FEE1
0BD1
07AF
03F6
F393
ED26
EE22
F393
0B5C
2372
274C
20E5
188E
13A0
03A7
F667
E96E
DE92
DC94
E348
FC94
1D28
27B4
2713
2043
133F
0813
EF73
DD89
DFD0
DBA7
E077
F8AB
10C9
1FBC
1148
01CF
FD0F
EFE2
DEDA
C81E
C19E
DC75
0B85
43E9
737C
7FFF
7FFF
4456
FCF4
CC0C
8000
8000
8000
8000
896A
E360
5497
7FFF
7FFF
7FFF
7190
2048
BEE9
8834
8DA4
A187
C35F
092B
2C56
4280
5859
31A4
FB80
E142
AF06
82E2
97AD
D275
0DE0
411C
7784
7FFF
6A6C
3552
0FDD
E216
B67E
A3C0
B52E
D198
F944
24BB
3069
27E1
2089
F743
C957
CE65
C49E
B5DB
CF8F
0368
2836
3A4A
45AD
4839
31FC
0849
F389
F0E8
DF31
D20D
E554
08A5
12E7
1C05
1897
01D2
F4BC
EC9A
CEE8
E7DA
14B2
049D
0215
2D3A
32E6
15AA
1050
0AEF
ECEB
D8BA
DA6E
E6D7
F1C9
FAD4
01E2
0EFD
0960
FF5A
EF98
E0B6
E1BA
EE4B
F288
024D
2DA9
3D74
2686
3089
34E1
022A
DF1C
E19B
D714
CC91
E020
FE09
0F01
14DD
21F5
2489
1453
0264
EE2C
DB7C
DEA6
F12B
F4C8
F7BE
1BE5
28C1
0EF4
0AE1
136D
F222
C9F3
D217
DCB4
C9D9
B8EA
D266
09BA
4199
7771
7FFF
7FFF
7FFF
2D51
DF5B
9979
8000
8000
8000
8000
9DCE
FE73
5B31
7FFF
7FFF
7FFF
5D97
0EE7
9EE2
8000
808D
A324
E5D3
3877
53B7
535D
55A8
2978
E49E
C2F5
A655
862C
9ED1
D8FF
1C84
6520
7FFF
7FFF
6C77
1CE5
E0FF
CEA4
B23D
B470
DFB6
EFCA
00F6
2A44
2635
0FDD
08AD
DD00
AD07
ADB1
B3B1
C0B6
F3A7
2167
3D17
51C1
4E90
3940
19B7
F39C
DE68
E520
F352
F5DC
0AE7
1538
0CA2
0B47
09B8
EA8B
DD8E
DD39
DB44
F838
204E
3C3B
486D
36FD
2096
04C0
EBD3
DF0F
C994
C002
C6B6
E074
0622
22A1
34C3
26AE
FEC4
E5D4
D1C4
C537
CD27
DE26
F858
19EB
4337
5858
5C5E
47C3
185C
E24E
CEFB
C3B1
C64A
DB55
E6F7
02F6
2FB2
3419
3E60
375A
FFEE
D782
CC5A
C065
C801
E0E4
F9FB
11BF
2A08
37BE
3102
2078
F527
C48A
B35E
AEA7
A5EE
B803
F265
40C4
7F18
7FFF
7FFF
7FFF
4E08
DC43
95E3
8000
8000
8000
8000
977C
FE05
6FC5
7FFF
7FFF
7FFF
5245
ED6C
8EE4
8000
84AD
A603
E89A
2FE2
4188
4F7D
6033
33E1
DDA4
A414
8B62
8000
97BC
E8E2
34F0
700B
7FFF
7FFF
7722
3992
F20E
B436
9483
A786
C039
DEFE
1190
3A96
368D
269C
186A
EE70
B217
980D
A3DD
BE92
DE80
1501
4485
5AB1
4EDB
3604
20C6
00DA
E0CA
D501
CC2E
E16C
FF9E
0F40
248D
3A23
2212
FE0B
F06A
E508
CC95
D841
FD3B
130C
295B
3A5D
3836
2E83
18A8
ED0E
D4B9
D72B
D0CA
D435
E157
01B5
1B3E
0CA1
0BD2
1552
EF46
CF7E
D2E4
DDC4
E1C6
FC66
218E
3ACE
466E
42CC
2F38
15CC
FB8C
DB0D
C50F
C916
DF49
F64E
02E3
218C
3AD9
20D1
0D85
12A1
FB25
D5ED
D690
E991
EBF4
FBDD
203B
21F5
12B1
1389
0044
E179
DA02
D132
B734
B441
CDAA
FFA7
2895
5F11
7FFF
7FFF
7FFF
5612
08F4
BC9A
8000
8000
8000
8000
B15A
EEA8
249A
6B57
7FFF
7FFF
632A
2B48
D0B7
9CE5
9BC7
B2DC
E409
1224
3025
3EBA
25D2
10A9
01B2
D069
AE8D
B4E7
B9E3
CF89
175A
50D6
628C
7575
6BD8
2C00
FD90
E45A
C653
BDB9
CA31
DA79
FA2E
129C
18F5
17D9
0E6E
EE30
DDCB
D206
C697
D8D4
EE02
F348
2038
42F1
2CFC
263A
208A
F791
EA77
EE3B
F3D6
0310
078F
05C8
14B8
1CD9
0DC4
FCA5
EE2D
DBA4
E1B2
F0D1
FDA8
17A0
29C7
1016
14F1
1E91
05F7
F52B
F09D
DE23
DDFD
EE49
0377
154B
1EF2
0806
F6F8
FB56
E391
C75B
CF04
D919
E7F3
09D4
25C6
4489
4CF7
2DF6
1EEA
16EC
F97A
DCA3
DBCD
E41E
DD6A
F24A
0F10
17A6
2727
129F
F841
FD73
F155
D4A9
D57A
E6DE
FE03
0B13
1C3A
32A8
2D6F
0FDD
F03F
EA59
DC3C
B5FB
AC22
B5E9
D5DC
1F4C
59F0
7FFF
7FFF
7FFF
4CFB
0930
D54D
8000
8000
8000
8000
857E
D7A0
45E0
7FFF
7FFF
7FFF
6EE7
1FBB
B7E6
8002
8BFD
AC90
E05E
2370
3D43
50CB
54A2
27AC
F179
CECA
A3E5
8000
8F6A
DCCD
1799
443A
7FFF
7FFF
704A
3EBC
16C5
DEF9
AA99
A6BF
BEB6
D54F
F973
17E7
1B58
14CD
182F
F878
C90A
C2BE
C667
B756
D398
2012
43B6
3D95
4832
41D8
1D88
F31F
EA75
E9F1
D729
D563
F5D8
0A81
1957
28E2
1E2B
0A66
FD09
EB89
DC7C
EB69
0B5F
1009
0A18
2D85
3322
0C73
0022
FBDF
E242
CC58
D2AF
E8F3
F239
FD3C
10C4
17E7
0C97
FF5A
EF79
E4B9
D8F1
DDA2
E9F6
FAEA
25F1
3986
35C0
3B0D
32AF
0E20
EE3F
E459
E200
D299
DE9A
FCB0
05E2
1542
2308
1659
0E9D
FBC5
E329
E398
E136
EA80
FB78
0217
18AB
2920
1CD5
1575
0C44
E5A0
CC1C
C65A
BE6F
A272
AA2E
E585
311F
7501
7FFF
7FFF
7FFF
5793
FAE8
AE00
8000
8000
8000
8000
8000
DDFB
5AC0
7FFF
7FFF
7FFF
70BF
1157
A0E1
8000
8000
9B68
D42D
2D99
56C1
63ED
76FA
465B
E6F0
B2B2
8000
8000
86B8
CE67
0ADC
5DD0
7FFF
7FFF
7FFF
4FAD
0AD8
CFBC
AA79
ABAE
C24C
DE24
F6DA
1974
2765
14D9
0A9E
E762
A979
9E83
AAD2
B148
EFD4
365D
41FF
52B0
60E5
4958
290F
02D6
DDFF
CEFA
CC61
E246
FE72
173B
1B5B
16A0
098E
F5BA
E98E
E641
E577
F5A7
1CDE
27E5
36AF
4BE9
2542
0055
EE80
DA38
BCFE
B3FC
CAB0
DE96
F987
28A8
3B79
38C3
17BD
F36A
D04B
BB6B
C1A5
CA7C
DC8A
127E
3654
4EF1
6015
5F98
3418
FAE9
D242
C4AA
C75A
D1FD
F1AD
0FC0
1E61
260F
35C8
2E16
060A
E258
C393
B024
C152
DC92
FC1E
253A
4281
424A
3626
30E6
1398
D40C
B11B
B45C
AE48
ADBE
C540
F576
2846
51B2
727A
7FFF
7FFF
6183
01E0
C977
9F6B
8000
8000
941E
B519
DC40
1E46
5E3A
7FFF
7FFF
5219
1592
DC94
9DAD
9131
B6B9
DBB1
0D0B
306B
3E31
4160
29B2
F8EF
CEFA
B805
A9C7
A83A
D239
1293
3AE4
5DBD
7849
7063
4821
0CCF
DB41
C5D5
B4A6
C052
E37C
0705
2679
26BB
1488
09E2
FB49
D192
B7CA
BF57
C126
C603
F351
2F7F
49D8
4F75
4509
264F
04AA
EEB3
E01E
DF66
E685
EBFB
F52F
10A1
21A1
1FB8
1158
F98D
ED13
ECE1
E6D3
F8BD
1513
1B54
2331
34AA
2BDD
12E2
FBFC
DF2D
C5DE
CD43
D36C
E0F5
FD22
0AE0
1036
1D9D
1AF0
0C92
F247
E223
D216
D72C
EDEF
0327
1B42
359A
305B
23F7
2938
16C5
F4AB
E6BF
E270
D8D5
ED32
091D
10AA
18DA
21F3
10CC
02CE
F886
E6D8
DCF2
E32B
E12F
F32C
13B9
132E
171B
21AD
0987
F812
F792
DD2A
BDAF
B652
B8E3
E2CC
30C4
57FD
7BD5
7FFF
7FFF
3262
F9BC
B94E
8000
8000
8000
83BA
BFA7
FE03
4DC0
7FFF
7FFF
778E
491B
F4B4
AA43
A32F
A0F3
ABD6
FC62
22FC
27A1
4BBB
4D41
16B9
EDB5
C4C5
A0EA
997B
A873
DC34
2CF2
57B8
6817
737A
536C
2167
0E3E
ED03
CC1D
DB7E
DE25
C98B
F5FC
1CC8
0568
FF48
0388
DA93
C096
C601
D66C
E89B
0086
1C3B
3981
42FA
38DA
2D30
1805
EDD4
DC3B
DD77
DB70
F871
1461
0057
067D
1F24
02AF
E722
EFF5
F501
E7A1
FE62
1E65
269D
2B48
27D4
1DE8
1246
FB3D
E05D
D401
C900
C993
E487
FBFE
1B6E
2DD8
192E
0890
0EBF
F647
D127
D3F2
E6D0
EA1C
F42A
1EB4
39D0
31DE
2B6E
1D1A
09E9
EF58
DD84
E3A9
E3A0
F178
0B7D
0E48
1F8E
2B9C
0D37
F755
F8A4
E11F
C2D0
CB20
EEF7
00EF
09FE
228C
3327
2707
16EE
01EB
F273
D5A2
ACB3
9A4A
B27E
EDD8
3E5E
6F29
7FFF
7FFF
7FFF
209C
EC57
97BB
8000
8000
8000
8000
AC1E
1D82
7FFF
7FFF
7FFF
7FFF
402B
D57A
8000
8000
8064
BC79
12F0
53DF
66D1
7657
5D39
0FAE
D5EA
B175
8000
8000
9D53
EE86
20BB
6C1B
7FFF
7FFF
6097
2C25
E945
B461
AB34
B4E0
D3BD
F7A8
1515
239A
269C
2123
037C
CDFC
A744
A0D8
A6D8
B831
F7F6
42D7
58D5
5C6E
63C7
3EA3
0921
EFD2
D7E9
C39C
D655
DF12
F20B
0E97
22A7
1DB9
13E7
0AB9
F996
E873
E498
03A9
1E77
22ED
2FD5
3E31
21A7
F9F0
F1ED
D7C9
B689
BFA4
CC59
D02A
F2BC
205D
28EA
281B
278A
FD58
E559
DEA5
D59F
E2D6
F71B
0BFF
311A
3617
3560
3D5F
1BEF
EC5A
E032
D8C0
C787
D9BA
0162
03DF
15E6
3D80
34B2
1E48
10D6
E983
C32E
C3B2
C9A4
D933
FB27
0D2D
1CA4
3028
26B4
211D
1097
D78D
C511
C28D
98E0
A858
F6A7
31DB
62A4
7FFF
7FFF
7FFF
503E
0054
9C94
8000
8000
8000
8000
8AD5
F4BD
768B
7FFF
7FFF
7FFF
594E
E0CB
80FC
8000
8000
B067
F21C
2727
47F7
6DAB
7522
4B81
FF84
BB70
8000
8000
8861
E839
20EC
5B56
7FFF
7FFF
6328
3A07
00A3
C3E4
AA85
B202
C839
F4C0
219F
2D79
29D2
1AD8
FEF6
D190
A7CD
995A
A244
B7DF
ED53
33A5
4F1F
5087
55EC
4644
1FFA
0584
EE6A
D7ED
CE51
DD75
F650
1683
2764
16F2
F7B8
DEA4
DF1D
D962
E383
0C7F
2AA1
3342
3AF4
539E
4A66
1499
F145
CE66
AB31
A7F2
B886
D546
FD09
17F0
26C9
2E3A
2608
0B29
E18E
C7FC
C4FF
CE2A
E2F1
1096
3DA5
4B8D
4EC1
4CC0
3311
0087
CED6
BA83
B8FA
C31D
E7D5
12EC
3553
40E7
3F32
3152
1416
F021
C9B5
B106
B88A
CAAB
DF19
0EF1
4025
4575
3601
2A1E
0FDF
E8B7
C972
B7EB
BA86
C575
CBCE
E30E
1EF4
5304
6218
6AA4
7B15
5A2A
0E5C
D2EC
B735
97E8
8787
9EF9
CDBC
EB80
08F4
3981
565E
5A38
4F4A
2269
ED2A
BFED
A5B8
AF92
DC2B
1675
39BB
3C9E
2C07
1C7C
05A5
D8A9
CDC5
CCE7
BBDD
C518
FBB5
2896
4263
55B5
5798
2EAA
0B74
F54B
DC25
D097
DD6E
EED9
FF94
1BF3
2A69
1D33
FE35
E68C
DF5E
BD97
AF29
CBEF
D7C0
E799
1F69
4936
4968
3E1F
2F2F
07D3
E94F
E9B4
EB4C
E654
EF23
FD4F
08A7
0B90
1ABC
1B4E
FB2B
E4FB
ECCD
EB8B
EDBC
0FB1
1EFE
251B
2FCA
2C00
1CBB
0CA0
EFFA
D51E
BCF3
C65D
DCC8
EF53
FA18
1321
21F1
1212
0A1C
0F68
F265
D768
E29E
F209
FA56
0DD7
1B4F
1BDC
1A43
1766
1427
0056
F5E6
F182
E075
E93E
0ACD
1636
118D
1E2B
1FF9
0BE7
F934
F231
EE7C
DDAB
D6F9
E8BF
FD25
05A5
08F7
0F3E
06B6
FC60
F502
DAB6
C7C9
DFF0
FBDC
1CF0
56DD
7FFF
7D33
520B
1F9F
E3CB
9700
8000
8000
8000
87E8
C576
3997
7FFF
7FFF
7FFF
7FFF
227C
DB79
A205
897C
A7B0
CB1D
EBAA
1DD6
3DF5
3B3B
3248
197B
E81C
BB55
9B74
9C08
D0B6
0B06
2A58
617C
7FFF
5674
2920
1BC6
EB6C
C084
C18A
CA94
E244
07AD
17E0
22A8
2C27
1479
E650
CDE8
BF8B
BA32
BEDE
D4AC
0749
33FE
2E30
3EA0
5087
2BEE
FDC6
F926
EB76
DB66
E35A
F933
0D3A
1E87
18E4
0562
FD12
EB3E
CEF5
D1CA
EC6D
0273
19EB
28D9
30AB
40C2
2A04
0625
0A5D
E9F1
C0CF
C4F9
D894
E62A
FAEB
13D3
1CEA
18B8
0E40
F29C
E6A4
E703
D8BB
DCB7
FA31
1C57
315F
3428
3A28
3893
14B2
ED6D
DB53
D573
C91F
CB54
F323
1119
18C6
2D4D
3349
2107
0C23
F2AB
E19D
DC2E
D538
D500
EC84
0EEC
1DD4
18F7
23FD
1C55
F8EC
E9D5
DBA5
C821
C2CD
AF20
B907
0A62
51A1
78D8
7FFF
7FFF
7FFF
21B4
D92F
8000
8000
8000
8000
8000
A597
0FDA
7FFF
7FFF
7FFF
7FFF
5B43
DD44
8000
8000
8000
9ED6
0443
467E
5CBE
750E
6880
1F5E
E0D8
B2E3
87C4
8000
9421
E247
2C2D
652F
7FFF
7FFF
5E57
1EBB
ED2B
9FB3
9657
BF54
D91E
F172
236E
35FD
27C9
236E
12E2
D456
9F66
8D82
9269
A42E
E3A8
2D8E
599E
65FD
6690
55AA
23F7
FE20
F538
D06B
CB73
EBDC
0304
0944
1F23
1D06
02F5
E87A
E18E
D9F2
D7D1
F813
10CA
2940
3D97
49BE
4326
159C
F7A7
E9C6
BB8B
B3F4
CDE5
D47C
D70D
04C4
2008
1B70
191C
0AA9
DDB6
CBCC
D5E0
E21A
08A5
3252
3A32
4BE3
4D6F
3B1F
2562
F49B
C575
C038
B7D5
BDCA
F998
1EF0
16CA
2FAB
44F4
26BB
0E50
F83D
CE26
B8E9
BF6E
D23F
F5CD
1612
1F73
1F73
232F
1BC2
03E5
E61A
CD95
CBF0
CAC4
C72B
DD6C
10CD
2E1D
50E2
75CC
7FFF
7FFF
5351
F8A1
B4B8
8000
8000
8000
91C3
AC31
DB7C
3843
7FFF
7FFF
7FFF
6511
16C4
B981
8000
8845
B170
CE0C
F99E
2542
3D29
3FE3
3B28
1BEA
E405
BC4B
A6FB
AB41
E600
202A
3BC4
59E7
7169
5A4B
285E
0099
E75D
C53E
B448
D289
FEB7
1398
1BD9
2122
1A21
04DD
E6A7
CACD
B5A7
AAD6
AF00
D0D5
0452
327D
4477
3E70
3BC6
317A
0C9E
F92B
FF4E
F5DA
E847
F515
0DAC
1451
0D69
FC84
EEF5
E141
D4CB
D8C9
F345
174E
2A00
3084
41B7
49F8
2B06
03F4
F162
DA63
BD6C
BAA1
CFAE
ECFE
009F
0A74
1559
1945
05DB
EB2D
DF48
DD54
D6BE
E4D0
05F2
2BC0
4594
446D
3BE1
2A1B
0D9B
E10B
CD61
CF12
C628
CBA5
F95E
18C3
2AF0
3C6D
3A1E
1E75
06CE
F07A
DB36
D352
DA95
E055
EBEC
10FA
27F4
24DB
10EB
03B3
F646
D4A4
C346
D16F
BC6B
C01E
0209
4339
63AE
7FFF
7FFF
6CA3
1507
DDB3
9B4B
8000
8000
8000
9236
C863
2917
73BB
7FFF
7FFF
7FFF
38EF
E742
AC32
8C6D
89BA
AC6F
F70E
239E
3996
4FA6
37B1
FD06
E3EF
CA39
AA44
A703
CBC6
F694
23BB
5F91
7FFF
71A3
433F
1338
DFFB
B9CD
B810
C80A
D4BE
EF34
16CD
3114
2FED
3005
1528
DEEC
BD0B
BD7F
B29F
B882
EC51
1763
2872
4062
47BA
3611
14D7
FA7B
E855
E103
EB2D
F1C2
FF19
0B52
1AC3
1C5A
082A
F8C6
F755
D423
C9FE
F690
0DC0
065A
22F7
4393
2BFE
26A7
213A
FDDA
E38E
D8EA
C166
D236
F3ED
F8EA
FC36
1039
0978
0420
F55A
E26B
EE7D
EFEF
E482
0F66
2EFD
241A
26A9
2D71
176A
FAF1
F250
E791
DD1C
E2F6
E203
F030
15F2
21A9
1820
1C3A
155C
03E8
F153
E1AB
E992
F85A
EBBB
F848
1B15
16D6
FEDC
0497
FA0D
E08E
DB54
D091
BC32
D7BC
FC38
2AB0
68EC
7FFF
7FFF
7CD4
30BE
EEA9
977B
8000
8000
8000
8000
A3EA
0F29
7207
7FFF
7FFF
7FFF
468C
EF3E
A963
8762
A51E
BEA5
F492
2C2D
4255
41B8
367E
195F
EB2B
B7DE
9554
8E37
B984
F296
2496
6893
7FFF
784E
488E
205B
ECDA
BF81
B4EC
BFE2
D95A
F6BD
09D4
2170
2CAA
17D2
F1D4
D9D1
C390
B060
B4EE
D5C5
0415
2AE8
41BB
4FCD
4DC0
2AB1
FB04
E875
E87F
DE2B
E381
FCF3
0D90
1A86
1B71
1824
1160
F53F
D50F
C827
E3E4
F4ED
03F7
2DD0
3EA1
2CC6
2643
13C1
FE26
E6C7
C9E8
BFED
D095
E521
001C
1C5D
305D
26D3
0604
EB4B
D7A8
C90F
C9FB
D2BC
F539
221F
3037
4394
5AB4
43E5
1EA7
FEFE
DE43
C809
C2C6
C9DA
E3BA
0442
196F
31D3
3C6D
2A8F
0E24
F00C
D21F
CB2F
D3D5
D90A
FA64
1CD2
1953
2861
3657
16F1
F2A3
DD5D
BD78
AD75
AF5B
ACCD
BB89
03BF
54BD
7FFF
7FFF
7FFF
7FFF
3C04
D907
8000
8000
8000
8000
8000
8632
FFA0
7FFF
7FFF
7FFF
7FFF
5418
DC56
8000
8000
8000
A696
F5FE
3B10
5A9D
71B4
72BE
3C1C
DB57
9B7D
8000
8000
9294
F16E
31A3
7378
7FFF
7FFF
71A0
3F9E
FA86
A776
8AE6
A5D0
C310
E7DC
1AC0
2FCC
2D95
2023
0ACB
E685
B0AA
8952
968A
ACCA
DEC3
3469
54E4
5493
66E0
4B63
18F6
0A2F
F2F1
C0E5
BCB6
E456
FAEC
1365
2D84
284A
0F9F
F8F6
E758
EE34
E6E5
EB22
04F0
16BA
1D42
3CDF
34E9
1261
05FB
EC1F
BE9F
C57C
DD24
D7AC
E876
13A7
23E8
1B97
1015
01AC
E038
C75D
C99A
E03E
F495
112D
2F44
43EE
4C7C
4CEB
2BE2
FD63
E1FB
CECB
BE31
D11D
FC88
0E7A
06D6
1DFC
32FE
2418
0623
FA7B
E02C
C401
CA50
EBEC
006E
1B13
2878
2185
1AF5
1BBB
FA3F
D459
CBEE
C287
B37F
BB44
E56C
13FA
3A5C
5B1A
7E08
7FFF
7CD9
35D6
FAE3
B402
8000
8000
8000
992C
BFFA
F4D7
3816
7450
7FFF
71EC
3F65
12EC
B91A
8929
ACD6
CCE7
EC2B
1E1C
3045
37A1
2F45
0E30
F254
D79F
B895
AED8
C6EB
F0AD
1FF0
4A2D
5B30
64FC
5A16
1F86
F045
E38D
C539
B717
D8BC
FC1B
0C05
14E6
1927
1155
FF0E
ECCE
D453
C88F
C958
CA24
E93F
143C
29FC
36BF
3205
217B
10FD
F67B
E98D
F5DC
FBC1
FA24
009E
11F5
141A
0C1C
0B19
FE77
ED94
E765
DE65
E9A8
1505
1FA6
228D
31A3
2839
0A3D
00D2
F179
DCE8
D3C2
D72F
E3BB
02D9
0858
109B
197E
FDBD
EDFF
F26E
D43B
D19D
EE6C
F4CF
04D6
34D8
450A
3163
2E99
2077
FCA3
EBE4
E38B
D7FE
D69B
E13A
FEDD
1AC1
27A2
2CF8
2690
0113
E460
F057
DEC0
CD92
F0A9
01C0
F768
1A95
364D
1BC7
08FF
F9D0
D2F6
C032
B43B
B325
D5E7
134C
4FDB
7FFF
7FFF
7FFF
608A
FF7B
A084
8000
8000
8000
8000
A6F3
E966
4C42
7FFF
7FFF
7FFF
670A
FE77
A700
9645
9AD0
A7C3
E17C
1DD1
3642
4D7A
54BE
3C10
F9A3
A1A3
8366
9093
8C63
BF5C
27AF
57E9
7715
7FFF
7F77
3F54
14BE
D80F
A5EE
AFB0
C30F
C941
EDA4
1556
1E71
1A1D
10E1
01F5
E52B
BB39
B3F5
DF7D
E9C7
FA35
38A8
4F37
3F44
43EF
2A7C
0118
F75B
DA27
C061
DEF0
EFAA
F9DD
10A3
17F8
11F2
0601
F27E
F4F2
06A8
F6BC
FC6B
203A
1A13
0334
0DC5
1429
FDB5
EF46
DFB9
E3A6
F2F2
F273
FC26
1214
231F
14A6
F974
FE7D
ED1A
D0F9
D05A
D658
F86E
0D95
1A20
4079
43CF
28EC
1C6D
069B
EE42
D7EF
D789
DFF6
F643
0F7F
1189
18EB
2D4A
12F4
EDCD
ED41
E6EC
CC1B
C9D7
E61B
0497
1599
27EE
375C
3594
203D
FC2B
E428
D7A1
BF5A
ADF7
ABE0
B999
F45D
3203
6366
7FFF
7FFF
7FFF
4350
06E0
B977
8000
8000
8000
8000
83B7
E9E9
50A4
7FFF
7FFF
7FFF
5DDD
07D5
AD9F
8000
86F5
B4FB
F240
30E9
5C45
680B
4CC5
1DAC
F17B
C2EF
9276
8008
A2EA
D69F
03B4
48A6
7FFF
7FFF
6995
3615
0065
D03E
B45E
BF98
DA30
F28C
0E34
1B4E
163B
110D
FEEC
D39B
B8A0
B537
AA46
BAC8
FDB1
3179
4A46
5CCD
5719
3665
0BF3
E6BA
DAF5
D1C2
CC28
E58F
FE7A
115C
258C
27F0
104D
FEA3
F13C
DC5A
E2A7
0191
1553
2102
3EC8
4672
2A5C
1375
F092
CD4D
BD1D
B661
C36B
DD93
F6DC
1833
3414
3375
2308
1058
E123
BA4C
C4AE
C99E
DA99
158D
2CDF
344D
4F58
4D9F
2A08
0FF4
F0C6
CAD2
C6A5
D1BB
E80D
0C8D
23CF
2C02
34C5
2900
0575
ED16
D141
B0DE
BDDD
D6D2
E785
18D7
39F1
3069
34D0
3076
017F
E884
CEC2
A6C1
8D36
9021
C98C
213E
6BFA
7FFF
7FFF
7FFF
71BE
19E2
CB73
8000
8000
8000
8000
8000
E463
5C3D
7FFF
7FFF
7FFF
7FFF
11D1
992B
8000
8000
9037
DFCF
2E82
57AE
67BA
73AC
4B95
05A5
C560
8000
8000
8000
B1F5
1118
7019
7FFF
7FFF
7FFF
4FCC
1EAB
E5E4
AF3D
9203
A3DC
C5D9
FC17
2847
3D0D
2D41
0F72
DCD7
B525
A5C1
A1F0
A740
D239
0EBB
42B8
5D45
704D
6353
3429
03E5
ED04
D6AF
C4C9
C1B3
D482
F99F
1CA5
254F
2111
1346
F65E
DFB9
E498
003B
19EF
1CC1
1DC0
2B2A
2F15
197E
0D8A
FBB5
C954
B449
C540
D802
F7B1
11D3
1C0A
19A2
1969
03CF
E4D3
DF36
D971
CAA8
DD46
02CE
2801
3A96
3C89
446D
36FF
0A4B
E9BB
E055
D61A
CB4B
E41E
0C01
1D41
2BF8
2961
1AF5
0CEF
F366
D18D
C709
D1FE
DF24
E448
03BA
3379
3F94
29D0
26DC
1604
EA8A
CA22
CB16
C831
BE4C
C3EA
E4A6
0D73
4126
6278
77C5
7FFF
6617
15E0
D421
AEB0
8EEE
80D3
9418
B853
E10D
0C7C
3B7D
6EBC
775D
5079
28DC
F422
B827
9EE5
ADA5
D321
0662
2E40
3B0B
3A79
2679
0543
D921
BE38
C1C6
C53C
CD99
F4CE
23F0
475D
5C45
6103
4BA6
1005
E5F2
D20F
CAAB
D744
F645
0301
0A48
12EC
0E43
FCC9
F132
E037
C63C
B7A7
C947
E568
00E3
27CC
3E63
3D07
36C7
2C25
0DB0
EFB7
E875
E4EB
E71F
FE50
0CE1
0DF3
052E
FCBF
FF26
F779
EA15
F25F
F1E7
EF6F
1711
341C
3A1B
3AB5
201A
F659
E438
DD5F
D15F
CDD0
DACD
E2BD
F6EB
1BE4
2C09
2F73
194F
EF10
E335
E191
D131
E1D6
FF49
05F4
1703
33D7
329A
2A42
1F2B
F0E6
D79D
E9B9
E4A2
DD6B
FB97
0EFE
17F2
2933
2A94
21E9
0A8D
DDE9
CA59
D328
D34D
DD45
FF45
0FBF
1739
2E60
2ACA
15EE
0CE5
EFAF
C0D1
C85B
C238
B31E
E65F
2CA2
4F27
7F7A
7FFF
7FFF
37FA
EC04
A9BB
8000
8000
8000
8D1A
C1D8
0FA7
6576
7FFF
7FFF
7FFF
3AC9
D11D
9ED8
9AB1
92BE
B1B2
00AF
27D4
36A5
4E65
5277
2FB9
F754
BDC7
9D05
97D9
A67D
D8FE
1BB7
4F83
7123
6DF3
459C
2992
0E3E
D5B4
CA2A
E388
DC02
DFC7
0A80
1C38
1203
05DB
F9DD
DE42
C055
B5D9
C341
DB61
F5B6
1933
394B
43CC
496A
3B07
1434
00DE
040A
E32D
CF32
F480
FF2E
EEFD
061B
14FF
F812
E950
EF34
F054
F9E9
099F
2034
2A61
267B
24DE
192F
1111
FE59
E678
CEAE
CD2F
E449
E71F
EC34
110C
1D2D
0B5C
FBF2
0303
F7C6
DB6F
E8DA
FB4F
F557
1049
2327
2CD6
2B04
1810
0767
F28F
E7C8
E529
D9EA
F45D
0B79
1376
1E11
2524
2A5F
1708
EC37
E842
E0B5
C444
CC9E
ECAD
FA99
02B5
1A81
2CE9
1EFC
170E
02A3
E385
DCEA
C9DA
AD28
ABD8
D317
224A
5DBA
7FFF
7FFF
7FFF
56E4
0761
C8D5
8000
8000
8000
8000
8000
CEC5
5693
7FFF
7FFF
7FFF
7FFF
227C
B0C4
8000
8000
80E2
C8B6
2B1D
55D4
655B
7B3F
4D93
00A1
D0D2
9F09
8000
8000
BDB2
F3B2
3B4D
7FFF
7FFF
7FFF
5BE9
1C26
D6CE
B45B
AA13
C73A
E581
054B
2AD7
2B7D
0D0A
0816
E848
AECF
9CAE
A483
968A
C918
2531
4E3A
61CC
78C3
5324
1FC6
0900
F3DA
DD37
D59A
D6EB
ED60
0311
0FF4
2464
18E8
E965
DE0B
DE90
D01F
F29A
2383
25BA
3BB1
53A4
4070
25E7
12EA
E4FF
AEC4
A941
B4E4
C2F0
E4C4
0BB3
254E
30CE
2272
19AE
04A9
D02B
B78E
CBC5
DC22
044E
3B32
477A
42FD
4C26
30B1
0995
F19D
CCC8
A811
AF3D
D58D
01BC
214D
4167
4D7F
3D15
1D5B
0A43
EB01
BE4F
A9C9
B6E6
CAFB
F42B
2871
3ABC
3759
3515
1E12
F5D3
E4BA
D358
B442
AFF0
BA88
CDFF
00D2
424D
7A8A
7FFF
7FFF
7FFF
4120
E3A9
9ECF
8000
8000
8000
8C6C
B9D8
048C
5CE4
7FFF
7FFF
7FFF
4E16
E792
8EF4
8000
9B04
B2E5
EE72
3967
4A15
4233
5001
3A6A
FA0B
BCE4
946E
8197
9EF7
E401
25D5
5F13
7FFF
7838
4FFE
294C
0B03
D8CA
ACBA
BD33
E011
F1A0
0D2F
3446
359A
0FBE
F50B
E2FB
B8D2
A045
A01B
AE4F
DADB
159F
4136
5866
5FFC
4E97
1FE6
FD97
FC93
EF96
D806
DE53
FB37
FF6B
0602
1897
1AD8
FBB4
E2F3
E6C5
E6DD
F590
1416
1DD8
294F
385A
2AFB
1BE5
1009
F5FD
CBAD
C0FC
C91B
D4A2
E414
F6C2
10E3
1E2E
0C97
06E1
066D
EF34
DC90
E4DE
EFBD
094D
2465
2653
285A
2D31
13F6
FE21
F5E0
E766
DFD6
E06A
EBEA
0B86
198B
1C8A
3031
2222
01A3
F5A7
E4EF
D895
DB26
E6B5
E8BA
FA2F
16CE
140E
12AC
1F00
0261
E6EF
E6C3
DA58
C81D
C69C
DFDD
0C01
3523
5808
7FFF
7FFF
5AE7
1169
D442
A40E
8000
8000
8F79
A168
DAB6
20B7
5B76
7FFF
7FFF
669E
21B7
DE0A
AED8
95C1
A282
C53E
EDD9
1CA9
3D94
4529
397D
126D
E222
C4EB
B351
BC81
D482
F18F
1AF1
4CF0
6281
5ABF
420F
1E3F
E8F2
D4E5
DB72
DCAC
F181
FF5F
FE54
0D99
1B0B
0C4C
F820
DEBD
C47F
B484
BEF6
E0DE
0AC5
1B50
2B6B
3F8B
3A33
29CD
12AF
FB9A
EDD9
E9E8
ECED
00DE
0E9D
0460
F7FF
FC77
F8BB
EB79
E618
E1F7
E98A
08AD
16B8
2719
45A6
3DD6
1810
1155
0690
DD6D
CC48
CB34
CC21
DE0C
FC39
0EDB
2081
2692
088C
F3A6
F07D
E2D0
D3A8
E596
FF56
13F8
282E
2BF7
3380
3242
06C8
E886
E77D
E17C
CAF2
CFF2
F6E2
0BC5
1991
308C
30B6
275A
11CC
EEA3
E612
DBC0
CAE8
D36A
EE95
0542
17E3
1A82
1A21
1CDD
0432
E6A3
D7F4
C683
B1DD
C690
15C8
5730
7AA0
7FFF
7FFF
57EA
08A4
BF9C
8000
8000
8000
8000
8D31
ED83
551A
7FFF
7FFF
7FFF
7FFF
11D1
ADA2
8497
8000
8000
C1BE
1CCD
3E4C
42D6
5674
4AAE
10A4
DA92
B427
987B
9A38
C11D
03CB
48B9
7934
7FFF
61B3
354A
0BBC
D78C
B0CD
B870
D5F1
DC52
F535
235A
2F07
1842
1188
0317
D998
B21E
AF68
BFF8
D955
0630
2834
455B
4EAA
319F
1856
091A
FD58
EC89
E11D
E8F1
FEA2
0DB3
09A6
11F2
2008
FBFE
DA22
F068
E981
E004
069A
1FA7
2454
2D47
2709
139E
FE90
F5C5
D3BF
D075
EA48
E2B3
ECA7
0A14
12BD
1863
0A87
F6EE
EB75
DB20
CE99
E3FB
05E7
1574
2902
418D
391A
31ED
2064
F9A4
E3ED
CD5C
C37E
CFB6
EC21
07D6
1AAC
255B
2F12
23C5
0E07
F6CF
DFCD
D359
CF82
DEB2
0359
0DDD
1D61
2E34
185B
0BEC
05A7
DE78
C9A5
BC23
9C8C
9DDE
EA5A
3F47
7E88
7FFF
7FFF
7FFF
541D
F35A
9BD6
8000
8000
8000
8000
8000
EDB4
7FFF
7FFF
7FFF
7FFF
7CC4
F634
95B8
8000
8000
93CB
E9A5
3B97
5D92
6B12
6FE1
3E5C
EED6
B541
8266
8000
8000
DACF
21FB
708F
7FFF
7FFF
642F
3B4D
FF6C
A5A2
948B
A301
AD7C
E133
1BED
40BD
52C6
2CD7
003D
D1F2
9B73
8E1A
A530
AF0C
D6E8
27DB
532B
58B0
76DA
62C6
12BC
EBC0
E437
C201
C543
EBCD
00F0
14B9
3408
3792
1FD9
F79D
D6A4
BBCC
BFA1
DE4D
1A99
316C
3D1E
5933
4942
1DEA
1606
F5B9
B58E
953F
B354
C963
E173
1779
31C9
268B
1607
FC63
E9A4
D380
C021
BC8E
D1FC
087C
4225
63AF
7131
68F6
3F2E
FED5
D4A4
CD8A
B43B
A295
CCDA
F789
1725
3E47
4DE3
4312
197B
F24D
DED5
C88D
C08D
C848
D181
00F5
31A1
3A8E
39E5
3586
0BEF
D74D
C57A
C945
C621
C239
D535
EBE6
0A56
384D
64C4
728F
723C
64C4
2BA5
EA6B
CAFB
A12A
8000
8A8D
BB86
C7A2
E3CA
35AB
661F
5E77
6607
5A61
18F9
D31B
AB19
A5F9
B2E0
D24C
06E9
2BB4
2BCA
27EA
1CBB
FCC5
E542
E340
C8E3
C480
F843
180A
1BCD
4754
66C4
41B7
0E04
0487
EBB2
BEA3
C434
E9E5
FA91
066C
21C4
27BE
1A74
07A6
F629
D9E7
C21E
C6D9
C757
C7E5
F8DF
25E2
220B
267E
4108
276A
F8DF
F87E
0312
F17B
EF3D
0502
1130
08A6
0AD5
0E90
0065
F260
EFA2
E910
DDBE
F7F4
1353
189C
2DCC
3C4D
255F
0BA1
0488
F6DA
DB38
D802
DF4F
DC8D
E8A3
F7F3
007E
03F4
FA4F
F260
ED58
E9E8
F30A
0160
04AD
1AF2
27F3
2C63
2A71
2383
0FD3
F850
E6F4
EAA7
E487
EA77
F5FE
FCF2
0672
199D
1A23
13CA
0D94
FA80
E6DC
F02B
FB6F
FCD5
FD39
F7B6
F79C
FCB4
F9E8
F5AA
E738
DA05
C917
C70D
E7D2
29FA
55A7
657B
7FFF
7FFF
549D
0214
C928
8157
8000
8000
8000
9F5E
E8FB
3FCC
7FFF
7FFF
7FFF
6DAF
1ABD
CC1F
9FBA
A13B
B28E
E278
18D8
16F6
15E9
392F
2CD1
EA89
CAC8
AB1F
852C
A160
EE2D
2B6A
5CDC
7D78
7797
5A43
3E91
10ED
D8FC
B8AF
B9AF
C7A4
D3FE
F6FA
23A8
1C47
FE60
0794
FFB5
CC96
C0AF
D2F7
D5D4
ECF5
1EE1
36DF
3E4A
43DE
2626
074B
FFB0
E86D
D190
D661
E92E
0431
1903
1E49
291B
1ABD
ED02
E2F1
EF18
E3CD
D689
074A
1978
08D2
2A0B
2EB6
16FB
171A
F75C
E389
E040
E2D5
E3FA
EB65
0B0C
21E1
15C3
034E
0311
F642
D101
C6A7
E799
E757
EBBB
1AA5
3927
3EAE
4158
2D48
0F8D
F883
E6B4
D6EB
D943
EF2D
EE19
ED98
10A4
259B
171D
077B
FCD6
FAFE
E4D0
DA30
F452
0290
FE23
1017
284B
23C0
10DC
0677
F591
DD05
CCE1
B7C4
A366
BACD
F287
2C0D
6945
7FFF
7FFF
7FFF
4063
064D
AE9D
8000
8000
8000
8000
8000
F90A
5F54
7FFF
7FFF
7FFF
6DB5
098A
A413
8000
85CB
AA65
ED56
383D
57DF
5B67
4ECB
2362
EB9B
B8BC
8C30
8000
9C60
DC18
1394
5DEB
7FFF
7FFF
6E3A
41C6
0B28
BFED
A465
AD01
C062
DE6A
0152
1596
1F22
1BA4
035A
E73B
CB48
AE1F
ACF6
BC50
E678
2A49
4E33
5383
5CB4
43CA
08E7
EF7C
F03E
D9F7
D05C
E9CF
F19A
0484
20F4
203F
1B9C
0B22
EFD6
E18C
E990
F6FF
0BAF
22D0
2118
206F
250A
025B
F731
EB8D
C34D
C092
E37D
EA42
0583
2063
1E5F
1D00
0CB8
F379
DF3A
C788
BEFC
CD23
F487
1EF2
39CA
591C
4A6E
3219
2B60
06C8
E015
DE2D
C80C
C2E3
F227
0A9E
1C30
3962
273A
0B09
F8A9
E4D4
D100
C803
CA9F
DAE9
FDEE
20D9
3726
485D
326C
0B0A
F775
D91D
C264
C52E
BEC9
B885
C4E8
E862
2C0B
730B
7FFF
7FFF
7FFF
71D4
06DA
CE2B
8869
8000
8000
8000
8000
CB77
29C3
71B2
7FFF
7FFF
78CF
2DBA
D49C
8FA3
92B3
AEFC
D2E7
1A50
3E6D
32FD
3C26
3BB3
0941
CE07
A0F9
8098
87EF
C3F2
143A
5BE4
7FFF
7FFF
6800
39CC
14E1
E9E4
C1B3
B824
C23F
D8B3
FB3D
24D5
361F
19C2
F692
DE95
BFAF
A32A
A9EE
C75F
E230
0E41
3AE7
5851
5CE6
447E
1F71
F85D
E41E
D7C8
CA4D
DE33
02C2
0DA2
1F28
2F3F
27C7
03E8
DD22
D2B4
DA27
E276
FD6F
23C9
3737
36BB
345E
2735
1B3F
F9A3
CFB6
B270
BC7A
D132
E301
08E1
2BCD
2BDD
18FF
0541
F9F7
DF0E
C40E
BC58
CE61
F616
134C
3411
5FD6
574E
399C
2711
00D3
E343
D5F2
C1B3
CDB8
F2E2
FE30
1491
31AB
33F0
175F
FF20
EE9A
E116
D308
D0A8
DDEB
FEB6
142B
1CDD
32E2
3775
1481
F238
E0D2
CC45
BA46
B2E0
B537
DBD4
0F0D
48DB
753B
7FFF
7FFF
6511
0B57
D4CB
9942
8000
8000
873F
A993
D70C
1EED
6C4E
7FFF
7FFF
69EE
29F6
D6D6
939E
8E3D
A133
C76C
0CBE
3286
4799
4926
278D
FB6F
D451
B610
A9B5
AEFD
C74F
FF21
2FE4
59E8
7FFF
7FFF
4BAD
17CD
E936
BF55
B570
CB80
DB5F
F36A
10AE
1606
177B
1CC7
03EA
E0AC
CFFE
BA33
B4DF
D64B
F79E
1C1D
425D
42EA
393A
315C
0CB0
F03F
E97A
D91D
D523
F172
F747
FFD8
1F9B
19CB
0A3C
1352
0388
EB04
F570
FACB
EFA9
0AB3
292F
15F7
16BF
21E5
FB9C
F1E9
F51C
EB4C
E3B8
E99B
EA84
FE0E
1181
FDF1
0844
0B52
DDBB
DC71
F4B3
E7A8
FEB2
1CDD
06E0
1347
2B2C
1CF3
078B
0CD1
01E4
E100
EB9D
FEF0
FBD7
0B9A
0460
0802
19DF
FC47
F480
013C
E1BD
E277
019E
0387
0BF4
24D9
18A0
0178
1706
09A5
D958
D667
D64B
B57D
AD3A
D9CB
16D4
486C
59E6
7FFF
7FFF
544D
0A46
E4A9
943A
8000
8000
82D3
9B90
E2F5
2FA3
694C
7FFF
7FFF
4991
FD90
CE2C
9ED7
96C7
BAE1
F021
2898
322D
3F42
5D35
36F8
EEA4
CDF8
A0DD
8000
9446
D18A
075D
48DE
7CD3
7C5B
63CD
4BD4
10ED
D76F
CA78
CACC
C7D1
D4EE
FDE9
24BA
1856
03CD
0B64
EE87
B32F
AEFB
C5C9
CE5A
E54C
202B
3E89
4991
59CF
45CF
1EC9
078C
DF4A
BF5E
C638
DEB8
F5B6
FE93
14BF
32FC
246C
FDE6
056D
FC25
DEBA
E5BA
0FCC
1D41
17D5
2534
231D
1006
079A
EAF4
D7AE
D063
CDAC
D501
ED5A
1191
2623
1EF2
1920
1437
FEFF
D959
CDD3
E519
DF0E
E0CE
12A6
2FB5
3032
2F9B
29B0
1BF6
00C4
E7D8
DD82
DFCB
F5DA
FDB1
010C
266D
27EC
0F5A
090B
0088
E5D3
D044
CB66
E22D
EF75
FD80
1757
2B50
2AE8
1B14
11B9
0476
E64A
CBF3
B655
A149
A82C
D714
2132
6D25
7FFF
7FFF
7FFF
626A
0AC0
AE7C
8000
8000
8000
8000
8000
E18C
5CA4
7FFF
7FFF
7FFF
7BB0
0836
95C6
8000
8000
98F6
E319
3EC5
71E0
6E53
6FC8
4F00
F9D0
B7C6
8A5B
8000
8000
BAF0
08C0
5587
7FFF
7FFF
7A75
4AF3
1312
CF00
ACE5
AD12
BDEC
E18D
0124
2147
3464
14BF
F784
E9CD
B6B1
9590
A638
AF3E
C7CD
1EED
535E
6672
78F6
5B2E
20C4
095E
EAFE
D2FD
D3D2
DABE
D6F8
F6D6
0FC8
1A39
245D
0F5E
E98E
F078
ED83
F792
22AC
35AC
1E3F
2A8B
298F
0B5A
FC3E
EB1A
B884
B15B
C2CE
CE4F
F4C3
1CB9
19F8
1EF8
159F
059E
F1A6
E351
CFFA
D580
ED7F
07C8
3343
4FF3
3C38
31A4
2569
02B9
EA41
DF1B
D213
D0C5
E98E
0697
2306
384A
30A5
0F97
FA06
EB3F
D47F
C143
C679
D831
F1A5
0B16
35FB
4B79
33B8
1510
051A
E705
D065
C825
BE5F
B536
B76F
E900
2E6C
667E
7FFF
7FFF
7FFF
4F0A
FEE2
C5D9
86F2
8000
8000
8000
AC74
FA44
44A1
6FEC
7FFF
7FFF
4F80
00DB
C44E
9129
8C09
B49C
E9B5
29C3
4EC8
438A
3589
2AD0
FB43
C495
A378
96F8
A192
CB7E
0CA6
5497
7C6D
7A42
53AE
31B4
0AA7
E081
CA9B
D81E
DBD1
E69D
0D25
24DC
2304
0D67
ED85
D407
BB4F
A91A
AC6D
C7E3
F09F
1661
39C5
5660
5C5D
4363
19F9
FE98
EAB1
D68D
D501
EC96
03BD
04CB
0AC9
1CF0
11AA
FC11
ECDF
E82B
E07F
E682
0201
2171
384D
43B0
34BD
1242
0277
F383
C94E
BE83
D03C
D447
DEE2
0876
2E3C
326B
1BBE
07B9
F751
DCE1
C86D
D717
E6D4
EEC7
0F20
3114
3F67
4530
3285
0947
E93A
DEB3
D80D
D428
EA3A
062C
0CB9
1F90
3B43
3452
163A
F29E
D71D
CCB4
C24C
D4A6
FB3E
04C0
0FCD
2EEA
33A4
25C8
1514
FA07
CE5B
ADBF
A820
B858
DE5C
2CEA
5DFB
7FFF
7FFF
7FFF
3468
E0A3
9407
8000
8000
8000
97D4
D292
1EDA
7688
7FFF
7FFF
7FFF
3EE0
D397
8000
8000
8F72
B2A3
FAA2
32FB
4771
50FF
4CD4
2B9E
F301
BC53
97E8
890B
AA22
E98B
2542
5585
77DA
74BD
4C49
1F71
FD81
DD38
B72F
B88E
DD9B
F26D
0A59
2489
22E2
11C7
FDE3
E392
C93C
BC80
BB16
C34A
ECE2
2278
3EFA
4BC2
509D
374D
1621
020A
F2A9
EC03
DDC7
D0C1
EAE1
06B5
FDE6
031B
03CB
F0B6
EAE6
F69A
FCA1
1986
2A75
165C
1A87
3698
1C8B
0AB7
03F8
DE59
CED7
D52D
D49F
F136
0721
0198
06A9
1BB6
0D15
EEEA
E82B
E018
D237
F18A
0600
1C90
4413
310D
163C
2B5D
113E
E49E
DB06
D65C
CFAC
E48F
0911
1BB0
294C
3690
1768
15ED
11AD
DC4C
CDB8
CFBF
C706
DF60
F7D5
16FB
38AD
2E8D
1BAA
140C
0368
E08C
C5DF
CD3C
C643
B45E
E263
14F5
5002
7FFF
7FFF
7FFF
6F7C
00BE
C059
8C43
8000
8000
8000
99AF
E0A5
38FC
7889
7FFF
7FFF
6CA3
01F7
C356
92EC
8000
A3DC
D62B
1754
4C23
569C
526B
4526
0D0B
D003
A97E
9C3C
968B
B656
F7E3
2D6A
67CF
7FFF
69D8
4486
10A5
D204
B8E5
CC20
DA44
E99F
09FB
2962
2FE9
2236
0D4B
F207
C66E
9EA4
92FC
AB0D
D09C
012B
2E2A
544F
6180
53DB
316C
1019
FEB2
E373
D056
E531
F404
ECB7
044D
2140
1673
0148
F233
E621
E61F
E97B
06A5
2137
329C
39F9
332E
2675
0E64
EDEF
D4C6
BF4C
C1C4
D02B
D52E
F541
1A09
184F
12B5
19F1
00AB
E040
DB5E
DC4D
E584
084D
24C8
31C6
3D98
3C28
232A
0F6C
FC12
DD61
CB15
C96B
D9DD
FB57
11D1
2A93
3F60
3017
0F4E
04A1
F304
C99C
C587
D266
D23E
ED2B
1435
1C73
2337
270E
08AE
FAC8
F001
CF13
AF06
9F98
BC02
0FDD
5D19
7FFF
7FFF
7FFF
6D82
0FD2
C9B9
8000
8000
8000
8000
8000
CF27
5812
7FFF
7FFF
7FFF
7FFF
29C7
B03B
8000
8000
8000
A57A
0F57
3DB2
6672
7FFF
5DA9
12F3
DC02
96F3
8000
8000
AEF1
F144
4BA3
7FFF
7FFF
7FFF
4D36
102C
CE6E
A03C
A966
BD10
C9CF
F36A
2817
3D62
3AD9
27B9
F8DA
B816
9C2B
9B54
A835
D275
0B71
2050
43F9
674E
5DA9
3893
14B2
F487
DCDF
C802
E06E
03C5
02D4
0B4D
1BB7
0E56
F0E5
E6E5
D5D9
D74F
E7AE
1190
2EB4
468A
506A
3F3A
1C8D
143C
FA4C
CB0B
B1D6
BF3D
C93A
D758
0A06
2763
194D
0A47
FB43
E6CE
D2B8
CF2E
DC84
E9C9
09DD
3378
4C39
684A
5A99
2A44
FCF5
D665
BFE3
B707
B9A0
DEAC
0117
1321
2CFE
4CA5
44CB
1E12
F3B8
DD40
BE4E
B6D8
D5F2
EC2D
0386
2768
3038
3787
36C7
12A4
DA25
C6CA
C417
B73E
C25E
E1AD
EFD4
0B87
3960
697A
7BC5
7C12
60B8
1EB9
D81E
ACD5
8D08
82B1
9820
B55B
D0AE
FF52
44FA
6E73
6B82
5BBD
3D0A
FBBA
B98E
A0F4
B4B8
C253
E395
21F3
3866
38F1
2718
0AF5
F402
D40F
C172
C89C
D895
00C9
214E
344C
5726
62EE
37E6
093F
EEC8
D207
B8C1
CD42
FA0D
1056
1FDE
2A6D
2076
1193
F728
DA3A
CC40
B557
ACCC
C93D
E842
1362
3C93
3BA5
3457
3528
1314
EB3F
F14E
F3AF
E297
F718
132A
199C
1C47
17F6
01CC
F05C
E553
DA9C
E13E
EB05
FCD7
18B1
32A4
4189
4094
25BA
0554
E8D3
DE7D
CB3D
C745
DBD2
EB6F
F95A
12AF
22D1
1735
03F9
F3E1
DB9A
D4FD
E0F2
F271
0893
1B95
2C73
39F8
3213
213A
0A4C
EB07
D011
CFFF
D929
DE31
F6C8
1616
2236
2EB5
3645
247B
090B
F91C
DB59
D1E8
DFF8
EC0B
F9B5
06A9
0EE6
1181
0BC9
FF87
F81F
EB20
CD77
C04F
C694
DD31
0955
4717
6C05
7FFF
7FFF
60A3
1350
D624
87DD
8000
8000
8000
958E
D34D
30F1
7F6D
7FFF
7FFF
7874
33F7
DA26
9747
91A7
AE47
C785
F670
1FD2
31F1
42E2
4220
1945
EB4D
BE8B
914E
9187
CE4A
0863
2E84
6269
7883
5AE6
3A04
1B7D
F70B
D739
BA1C
B529
D911
F295
065B
2141
27B5
10A8
001B
E470
D043
CE10
C445
C622
FD68
1B1A
2137
3726
3E0D
2792
1235
02D5
F9D8
F9FA
ED63
EAB9
0D30
14EC
03C8
01A2
FA3A
E42D
E3E6
EA35
F18E
13F0
1E80
091C
2308
3538
105F
054B
05D4
E12E
D308
E152
E271
0108
10AA
023F
0A04
112A
EF6B
D96B
DB7A
DAB8
DAD4
F47E
08A9
2D65
4AB0
3722
2EF5
39C5
0579
DB45
D286
D2BC
CC8E
DD73
0002
1508
2025
2D44
1E9F
2040
06D6
E1CC
DC3D
DE9A
E176
F159
FAC5
1A6E
29C0
1868
0F3E
0A28
ED50
CBE2
B4D0
BAA8
AA96
B70A
0F19
5C85
7FFF
7FFF
7FFF
7FFF
2301
D188
8000
8000
8000
8000
8000
B224
32BE
7FFF
7FFF
7FFF
7FFF
4086
C50C
8493
8000
8000
B10A
1ABE
507A
523A
61CB
5467
0820
C664
AAA0
8000
8000
B3BA
F5C7
36D0
7FFF
7FFF
7FFF
5546
2779
D5F4
9167
95C8
B9D0
C2F6
E567
2874
4065
28F9
249F
0F12
CDA5
A8AC
A8BD
A5B5
BB4F
FF46
3BE7
5049
65B8
60AE
2BFA
F954
E699
DF40
CBB3
D03B
FB80
027D
0737
2FCC
3F4D
11E7
F897
ED60
CB94
C45B
F800
137C
1D15
3450
3D04
2407
1CA8
06BE
E981
C554
BAFF
CAC3
E1DB
F076
1E59
2D14
0E0D
09C9
031E
D1B3
C406
D287
D263
E560
234A
4B26
4F24
5096
455C
2357
00EF
DE91
D7AE
C34B
B9E1
DD1F
028B
11F2
3C3A
4730
18ED
008D
FC27
D5B0
C7AF
DDB5
DE60
E266
0F66
2F18
2C63
3099
1858
EA44
D0F8
C61A
C3A3
C723
B71F
B6DF
EBCD
3A4F
7ABF
7FFF
7FFF
7FFF
554F
FAD0
AF51
8000
8000
8000
8000
8973
E5F5
5287
7FFF
7FFF
7FFF
64BF
1197
BEB5
806B
89CF
9BB9
CA0B
20F5
3F9C
3EE9
4D45
3955
F7FA
C072
A53D
87CE
8B0D
CF7F
2732
6218
7FFF
7FFF
70D1
2D95
03DA
DC86
B712
BA8C
BE8C
D2C0
02A6
1C28
3346
20CC
00CD
E9D9
BC24
975F
B7B9
D2C4
DE82
FC07
2E92
4A4B
4C69
4417
2B59
0380
F50D
DF32
E50B
FCEC
0027
061A
10FF
16A2
15D3
F295
E4F4
DE05
DEF2
E4AB
0A5B
35CA
38A1
265D
2A3C
1544
0658
F3CC
D091
CECC
CD7B
CECD
F76E
16BC
22F6
14A5
FC08
EF49
E040
D07B
D511
E057
F42C
08F5
2C00
51B3
5913
4026
2A85
06CC
E898
D16C
C784
CF82
F10E
FE51
0575
27FE
347B
1B62
0138
F149
E9F1
D3A4
CE78
F123
0483
03CA
1DF1
2C6D
1FA5
0E23
FB37
DF76
CC63
C71B
C0A4
C0CA
E327
0B24
2A57
58FE
76EA
7FFF
7D1E
3BF2
FA7A
BBFB
8000
8000
8AE9
9F14
B9BB
F6ED
35E2
5AAF
7FFF
7FFF
4D47
1317
D335
9622
A00B
C695
E5F0
1070
2E0F
3712
2767
09AD
F001
D1F9
AD05
B1F2
D6A9
F513
1276
4588
6621
5E55
557D
3B34
FBE3
D193
C6E2
B69F
C994
FCEB
1040
1690
1E01
1492
094C
F53B
D842
C99C
BEF0
B9E5
E272
1882
29CB
3D0D
457C
2142
0460
0372
E8C6
DCFE
F165
F3BC
F70C
143A
1EF7
21C4
170C
003D
EAB7
ED47
D985
E02F
FDD2
0423
13C6
3721
34CD
29EC
22FA
FB56
D52B
DC62
D544
CC1B
F186
0BF7
08AC
1671
1812
08DC
F7BF
D879
C457
DA5B
E2B9
F5A1
16F9
2B78
34E6
3AA1
3160
24ED
12FD
EE62
CC24
D3C5
E326
DC75
F6F9
1D1E
1F52
1C48
18A9
0A3B
0111
EB08
D528
E2CA
F987
FF75
0B2F
1A4C
1927
111C
0288
EAD1
E064
CA6E
A305
BD96
F6E1
2386
4EB9
7FFF
7FFF
76EC
307D
FEEC
B60D
8000
8000
8000
8396
B73F
0932
66BA
7FFF
7FFF
7FFF
3A11
F160
B585
9240
A7A9
CFD2
FBAD
1476
3060
42C7
3CB6
15FC
E684
C1E6
A11F
8425
ACF9
FC9C
2DE5
529B
7266
6EEB
5304
2639
F879
DB10
CC62
BEA7
CE3D
F3B5
060C
07A2
1127
0FB6
F929
E335
D0E0
CA81
DA50
E5EF
FB66
2E3D
412A
30C2
2E84
2521
0BBC
F267
E424
DFBC
E74E
ECB1
FB53
19B3
1CFC
079C
F6FC
F1FD
EBFE
EEF8
F0BE
0577
1F03
22F5
1E22
2A1F
1C5A
01F9
ED48
DB7B
D975
E1F2
DDBD
F1C5
1049
19DD
1205
1E65
0FF3
E7C3
CCD3
D82D
DA5F
E6CA
FCFB
148C
30EA
3CA3
3276
301B
1A08
FBC0
D9A6
CF3A
DDBA
E54F
EEFB
0F3C
20CE
1F37
1933
0A74
FCC2
E7C6
CDF5
D3B8
E9E8
F499
05CD
229D
30D2
278E
1F51
0CB4
EDA0
D751
B766
9334
92EC
C61F
1116
6943
7FFF
7FFF
7FFF
7246
0D47
BE22
8000
8000
8000
8000
8000
D30F
6658
7FFF
7FFF
7FFF
7FFF
15E1
A2C5
8000
8000
8000
CD22
3AA0
70C2
7FFF
7FFF
4F25
ECF2
B010
8000
8000
8000
B5B8
F89B
56E4
7FFF
7FFF
7FFF
6973
1728
B92A
96E5
9820
B188
D1F8
F734
2172
3954
2373
1971
F339
A8FC
8A52
9A5E
A316
D398
2BEC
5C51
627E
7FFF
6AEE
26D3
0862
DF30
AE99
AFD5
C953
E3E0
07A2
24F1
2FC2
2876
0E1C
F10F
EE9F
D89B
D3A1
0CC1
2E2F
258E
5025
4694
09F2
FE9D
EF63
B947
B263
C42B
BE76
DD8E
18B5
344D
3B4E
2D9A
136C
F168
C5EC
BE99
C94E
CE64
E567
1554
47E0
5FF6
598C
4B83
1BE7
E7FD
D87D
BBA3
CA86
E4B8
E8FD
0CC1
217F
3596
3D87
0D92
FDE6
E203
B366
C04C
DBFD
E951
FE6A
243E
472B
389D
2F62
2704
EDED
D55F
C150
ACAF
CB49
D279
D27A
E6D9
0898
4CD2
6CDD
6E44
7FFF
7BBC
19E9
E7F4
C6F9
8F86
8000
8000
9B4C
A871
EB18
3DEC
6A54
7FFF
7C0E
388A
FBD5
CF13
B80C
B17C
C1DC
F727
1CEC
1E04
2F8B
3C38
195E
E021
D106
C751
A48A
BA2E
F810
1E60
40B0
667A
6C4F
49CA
28B3
04BF
E144
D476
E473
DC6F
DF62
0713
12B0
FAF7
F8CD
FB9E
E1A5
BE5F
C290
D663
DE9F
E917
1904
374F
35CD
3A1C
2C3D
0EEF
01B2
F84A
E5B3
E9BA
FE90
0318
F469
0D7C
1A57
048B
F198
FD99
FE39
EE1A
FC69
2384
28F7
1C47
1C15
1E19
F895
EA8B
E554
D0AE
D772
EDF8
E90B
F381
10EE
18F6
09E8
0509
0275
EA03
D0A1
D7E8
EF31
FB38
044B
2A1E
32FF
2954
29B2
1C94
FFB3
F350
E4FC
E57C
EEB2
0525
1A34
1311
0FA7
22BD
1148
ECFD
EF9B
E67B
CECA
D86F
013C
0420
0426
2012
198E
02A7
0969
FDA0
DAB3
CB24
BA61
B3B0
DCB1
23C3
5889
791E
7FFF
7FFF
3F57
F22C
B957
8262
8000
8000
9295
BE40
FF9D
5DE0
7FFF
7FFF
7FFF
5A15
FF9C
A89B
9420
92B4
9B68
EBA8
306F
3CD2
4B17
461E
1974
F326
C9DC
9C61
9557
A6A0
D4AE
2105
549B
70FF
7FFF
597D
1681
0530
E0BD
B146
BEDA
DBEC
DA50
02A3
33D2
28B1
1B9B
118D
E3E1
C58F
BF68
B46E
C1C5
EB3A
0E66
3533
52A0
4DA0
4DAA
25DD
E838
E6CB
EA1E
C7BC
D809
F89D
F526
0337
1FDD
0FD0
0526
00AE
E3D0
E5C7
0497
08D6
08F1
2C61
29F1
1F32
2931
0E88
FC1D
EE31
C21E
C624
E198
E29F
EBF4
14FA
1714
0356
107A
07BC
EF87
FC84
EBC6
E001
0D1D
1A14
0DE0
27EC
25F4
0DCB
0191
F439
EE4E
F01A
E499
ED6B
0341
0E12
0A21
1E85
248B
0749
F6CF
EDFC
DB4E
EC24
EAED
E1A9
0B6E
237B
12C3
173C
1B87
01CE
E77C
DA60
D3BA
C152
BAF3
D0C4
1445
519D
64B6
7FFF
7FFF
5FDD
0792
D3E8
8000
8000
8000
8000
8F2F
E764
374D
7501
7FFF
7FFF
6214
058C
C331
8000
8000
A9E6
E345
2FBA
4DB2
52CE
6076
4024
0611
D225
A405
8738
8C5A
B2F6
F165
3E32
79EC
7D14
6877
4E07
1038
CD34
BC3F
C90B
CFF3
E119
0879
2AC8
2371
1171
0BE7
F06F
C113
A99D
ABC2
B7A5
D9D0
1363
3D60
54DA
63A4
4566
1813
0C91
FAE2
D160
D7AE
ED57
ECA9
EE67
0D1D
20B2
12A9
F7DB
EEAE
EC5D
DF30
ED48
14D9
2E3A
34DA
3972
30A7
0FD8
FDCE
E8B9
BE6F
B8E2
CD7D
CAE5
E10B
1B44
3097
2C2D
2596
1970
F886
DA63
CECF
D9B7
E664
F3C1
1561
3AEC
3AEC
38E7
2E56
043B
E46C
DBC4
CAF9
CCE9
EF37
03E0
1527
38CB
4665
2DD3
0CC4
F2BA
CEAF
BBA4
BB0E
D1E5
E859
FB13
176A
3BDE
395D
2F1B
1D92
EFD0
CCA5
C813
C19C
B8C5
BE93
CEE1
05E5
5D07
7FFF
7FFF
7FFF
7FFF
02D2
C754
8000
8000
8000
8000
8000
B0F6
2A78
7FFF
7FFF
7FFF
7FFF
29E4
CC0C
8000
8000
99C2
AF3B
0C23
5528
5740
717C
6B45
0F9D
C8AA
A20E
8000
8000
ABFC
F088
3664
7827
7FFF
7FFF
5FC1
1750
DB78
B82B
AB78
CA87
E6B4
F2A9
2024
4127
23F2
1918
03CA
B3F2
8000
8753
9FB3
C0C5
0158
3A69
5555
61E7
65F1
57E0
2B75
F147
D537
C5ED
C97D
EBE9
0E6C
0F8D
1336
1453
FA5F
E834
EF7F
DFB5
D126
FFFB
2A96
35E9
451A
511F
383E
1188
F675
DDC7
B89E
A782
AC3D
C84C
F7E7
1EA3
31EB
28A4
19BB
FF0F
E05C
D499
DD7F
DD89
E493
029E
32BE
4D0D
473A
3DD6
2A1A
F37D
CF20
D103
D62F
DD9C
F158
0B2C
1DE0
3205
3790
249D
1104
F192
C4EB
BC03
CEB0
DBF6
EAB2
04BA
2680
2CB4
1E4C
1EBE
0F26
ECCC
D4AF
C846
CB6A
CA49
D3FC
F7E7
2A8E
5AAD
71CA
7F0C
7AE9
3896
DF4B
B023
89B5
8000
8DB6
A41D
CDC4
0D14
4444
7775
7FFF
7E31
3B34
F06C
A9E8
8678
9903
B0F9
DFB7
236F
4183
3712
3BD1
32D8
F896
C6BF
BF30
BA84
BA55
DD59
1AA4
40A2
54D4
651F
55C0
2DD6
0164
DD1C
C5D3
C3BF
E354
FC33
0914
20D6
228E
073A
F76F
F37B
D99A
B8DF
B27D
C45A
DDD4
032E
3066
4C46
42D8
2EFD
1C5A
0607
FE85
F85B
EAE3
E332
E666
F633
00F3
08C2
0C94
0140
E7A8
F236
03EE
0442
173C
1BD2
23FC
2887
21E4
2434
0C7A
E447
D613
CDB4
D337
E253
F4C2
F5C1
00A9
0B3B
0CB8
0C45
01BF
EA02
E10E
E999
F9A3
129D
2286
1CB5
17CB
1621
120C
0171
F8AC
EE86
DBE9
E219
FD45
10DE
20AD
26F9
1D28
0FDF
08A0
FB72
E412
D438
DCA0
E0CA
EE32
0BA0
2269
1598
05C5
0525
FFA2
EF4B
E45D
D06E
C360
C8D8
E995
2A77
61A9
7917
7FFF
71FC
2B86
F043
B421
8000
8000
8000
94DA
B928
137C
7252
7FFF
7FFF
7FFF
473D
E398
A970
8917
8D69
B3CF
EDDD
20FD
3CE8
4DE8
43BE
242A
028C
C90F
9251
8D59
AE5E
EBB1
2543
54FF
7FFF
799E
3D9C
1F7A
04C8
CAB5
B0F0
C671
D162
E533
142E
2E3C
316C
2CA1
0B62
DEA2
C6F7
B1C8
A3AE
B05F
E453
145A
2BCE
3FD7
58B9
58BD
25DC
FDCA
FD6A
E834
CA84
E516
023D
FD55
0A5E
15E1
FE72
FA12
F3EE
DA7C
EE30
FE78
00CE
0E76
2228
331E
2DC9
1AE5
14B4
08A8
E526
C7F5
D7C5
E61E
D8F4
ED77
1358
0FF0
FE04
04F5
FB1C
EDAC
F093
F0D5
F582
1A4C
24E1
170B
2662
2A13
0CD0
F301
E58B
EA22
E693
DC1E
F523
1120
100D
1407
22D4
1CB7
061A
F67B
EA11
DF8C
E273
E6A7
ECB6
0C30
1EEB
0FFB
0E3A
126F
02B6
E922
E229
DCAA
C191
AD22
CCD4
1C93
5A49
7160
7FFF
7FFF
6C8F
07B2
D477
8000
8000
8000
8000
8000
CD22
3A01
7FFF
7FFF
7FFF
7FFF
3088
D60B
8000
8000
8171
BA5A
0FE5
4343
52E1
6235
5146
10D4
D903
B9E4
8BE3
8000
B4D0
F38D
3A50
7FFF
7FFF
7FFF
56DD
11A3
D219
B7CE
B191
BF3D
DB0C
F690
199F
2C9F
2255
116D
0399
CE98
A1B7
A4CE
AE60
BF14
FF19
3401
4756
6237
5730
28F7
1411
F866
D819
E191
ED0D
EC48
01D7
1308
0EDF
16CE
0940
ECCE
E493
DABF
DEE7
06CF
2CEB
32E4
3F13
3953
17BE
0B86
F7D9
D01F
C115
C169
BCB9
DDEE
0CD7
1913
27B9
1EAF
FEAC
E9BD
DABF
D0EC
D564
E96F
0157
2608
4D3C
51B9
4C50
3B28
03C3
DDF8
CEF5
BAB6
C668
DEE0
F05D
11BA
373D
4479
42C7
2D67
FED5
D2DB
C502
BEA2
C558
E439
FB52
13D8
308F
2F8C
2991
21A1
F303
C418
C0C5
B963
B409
C292
DEED
1E87
6764
7FFF
7FFF
7FFF
7526
F5C2
B9AA
8000
8000
8000
8000
8451
D251
40E4
7FFF
7FFF
7FFF
708B
14D2
BF8F
8000
8000
9DF5
C106
0A00
35F1
46F9
6388
5692
07B3
C5A1
A1E9
8000
8000
C6AB
0EFC
48BD
7A1D
7FFF
7FFF
4C4F
0668
D2C3
AF53
B05C
C470
DF69
0C7A
2D39
2F5C
25E7
1955
F89A
C079
91A5
96E8
ADDD
C5B1
024C
3C30
4D94
4EF7
52E5
4489
1E93
F6C8
D5BA
CD37
DBF7
F1C5
0925
1C66
27ED
13F8
F04A
EBBB
EAB6
D27A
D603
F8BA
18D4
309A
3B2B
4E73
3BD0
10D0
FC79
E3E8
CCD4
CA35
C31E
CF90
F36E
14F4
15A1
15B1
15EE
F41F
D2FA
D62B
E0E9
EB66
F34D
14B8
3C7A
46B2
40CE
3C29
21C3
F188
D206
CAE2
CB2E
D8E8
F1BD
0157
1C88
3AE2
2891
18DC
19A1
F8A3
D557
D47E
DFBC
ECDF
F0AB
0527
2340
1E51
0C91
0B7D
FB99
DCF9
CB56
BA0D
B6F7
DD0A
1156
426F
6C03
7FFF
7FFF
5305
044D
CD14
81CB
8000
8000
8715
9DFD
DBEA
4280
7FFF
7FFF
7FFF
7FFF
2EAC
DA9F
9A8E
8000
9189
C37B
FB78
28EC
4106
3BBD
23BC
FAD4
DBDD
C476
AF37
ADAC
D5B9
0615
331C
6BAC
7FFF
6B25
374D
066E
DC04
BEBC
B9A7
C419
D2B6
EFD7
1313
2236
245C
1FB4
031A
E46D
D58B
CAEC
D2E8
DCE5
EE78
1A74
36BE
384A
35AD
1CA1
F85D
E78B
EBD8
F225
F94C
02C0
03B2
0269
1338
14AA
005B
EFA0
E8CD
E10B
E7EA
0733
204D
225A
23C2
18E4
1270
1037
F494
EB77
DD9B
D76C
E8B7
F7A8
0F42
215D
1900
013F
F339
EAFE
D9A7
CA8E
D88B
EDDC
04B9
26B3
41AC
4AED
3A8C
1258
001C
F39F
D875
CB60
D644
E075
F573
0EC4
26E7
2F82
2DDE
0CA7
F19B
F492
E109
CBF2
E293
F777
03D3
22B0
2E23
2A73
1DBF
F3E8
D614
D571
C636
B8CD
BDE9
CD2C
F302
30DB
6607
7FFF
7FFF
7FFF
3860
F916
C9D3
8000
8000
8000
8240
A00F
EEB3
45D4
7FFF
7FFF
7FFF
542A
0A6F
B805
9C7B
A81A
C56A
E9F4
15A0
3467
4538
3DED
20FF
F662
D11D
A36C
8563
A60F
E87E
1925
429B
72EA
